Order;GroupID;CenterSize;kG;ClassSizes;Rank;Nilpotent;Solvable;DerivedLength;FittingDerivedLength;FittingSize;PrimeDivisors;CommutingProb;Ratio
1;1.1;1;1;[1];1;true;true;0;0;1;[  ];1.;1.
2;2.1;2;2;[1,1];1;true;true;1;1;2;[2];1.;1.
3;3.1;3;3;[1,1,1];1;true;true;1;1;3;[3];1.;1.
4;4.1;4;4;[1,1,1,1];1;true;true;1;1;4;[2];1.;1.
4;4.2;4;4;[1,1,1,1];1;true;true;1;1;4;[2];1.;1.
5;5.1;5;5;[1,1,1,1,1];1;true;true;1;1;5;[5];1.;1.
6;6.1;1;3;[1,2,3];3;false;true;2;1;3;[2,3];0.5;2.
6;6.2;6;6;[1,1,1,1,1,1];1;true;true;1;1;6;[2,3];1.;1.
7;7.1;7;7;[1,1,1,1,1,1,1];1;true;true;1;1;7;[7];1.;1.
8;8.1;8;8;[1,1,1,1,1,1,1,1];1;true;true;1;1;8;[2];1.;1.
8;8.2;8;8;[1,1,1,1,1,1,1,1];1;true;true;1;1;8;[2];1.;1.
8;8.3;2;5;[1,1,2,2,2];2;true;true;2;2;8;[2];0.625;1.6000000000000001
8;8.4;2;5;[1,1,2,2,2];2;true;true;2;2;8;[2];0.625;1.6000000000000001
8;8.5;8;8;[1,1,1,1,1,1,1,1];1;true;true;1;1;8;[2];1.;1.
9;9.1;9;9;[1,1,1,1,1,1,1,1,1];1;true;true;1;1;9;[3];1.;1.
9;9.2;9;9;[1,1,1,1,1,1,1,1,1];1;true;true;1;1;9;[3];1.;1.
10;10.1;1;4;[1,2,2,5];3;false;true;2;1;5;[2,5];0.40000000000000002;2.5
10;10.2;10;10;[1,1,1,1,1,1,1,1,1,1];1;true;true;1;1;10;[2,5];1.;1.
11;11.1;11;11;[1,1,1,1,1,1,1,1,1,1,1];1;true;true;1;1;11;[11];1.;1.
12;12.1;2;6;[1,1,2,2,3,3];3;false;true;2;1;6;[2,3];0.5;2.
12;12.2;12;12;[1,1,1,1,1,1,1,1,1,1,1,1];1;true;true;1;1;12;[2,3];1.;1.
12;12.3;1;4;[1,3,4,4];3;false;true;2;1;4;[2,3];0.33333333333333331;3.
12;12.4;2;6;[1,1,2,2,3,3];3;false;true;2;1;6;[2,3];0.5;2.
12;12.5;12;12;[1,1,1,1,1,1,1,1,1,1,1,1];1;true;true;1;1;12;[2,3];1.;1.
13;13.1;13;13;[1,1,1,1,1,1,1,1,1,1,1,1,1];1;true;true;1;1;13;[13];1.;1.
14;14.1;1;5;[1,2,2,2,7];3;false;true;2;1;7;[2,7];0.35714285714285715;2.7999999999999998
14;14.2;14;14;[1,1,1,1,1,1,1,1,1,1,1,1,1,1];1;true;true;1;1;14;[2,7];1.;1.
15;15.1;15;15;[1,1,1,1,1,1,1,1,1,1,1,1,1,1,1];1;true;true;1;1;15;[3,5];1.;1.
16;16.1;16;16;[1,1,1,1,1,1,1,1,1,1,1,1,1,1,1,1];1;true;true;1;1;16;[2];1.;1.
16;16.2;16;16;[1,1,1,1,1,1,1,1,1,1,1,1,1,1,1,1];1;true;true;1;1;16;[2];1.;1.
16;16.3;4;10;[1,1,1,1,2,2,2,2,2,2];2;true;true;2;2;16;[2];0.625;1.6000000000000001
16;16.4;4;10;[1,1,1,1,2,2,2,2,2,2];2;true;true;2;2;16;[2];0.625;1.6000000000000001
16;16.5;16;16;[1,1,1,1,1,1,1,1,1,1,1,1,1,1,1,1];1;true;true;1;1;16;[2];1.;1.
16;16.6;4;10;[1,1,1,1,2,2,2,2,2,2];2;true;true;2;2;16;[2];0.625;1.6000000000000001
16;16.7;2;7;[1,1,2,2,2,4,4];3;true;true;2;2;16;[2];0.4375;2.2857142857142856
16;16.8;2;7;[1,1,2,2,2,4,4];3;true;true;2;2;16;[2];0.4375;2.2857142857142856
16;16.9;2;7;[1,1,2,2,2,4,4];3;true;true;2;2;16;[2];0.4375;2.2857142857142856
16;16.10;16;16;[1,1,1,1,1,1,1,1,1,1,1,1,1,1,1,1];1;true;true;1;1;16;[2];1.;1.
16;16.11;4;10;[1,1,1,1,2,2,2,2,2,2];2;true;true;2;2;16;[2];0.625;1.6000000000000001
16;16.12;4;10;[1,1,1,1,2,2,2,2,2,2];2;true;true;2;2;16;[2];0.625;1.6000000000000001
16;16.13;4;10;[1,1,1,1,2,2,2,2,2,2];2;true;true;2;2;16;[2];0.625;1.6000000000000001
16;16.14;16;16;[1,1,1,1,1,1,1,1,1,1,1,1,1,1,1,1];1;true;true;1;1;16;[2];1.;1.
17;17.1;17;17;[1,1,1,1,1,1,1,1,1,1,1,1,1,1,1,1,1];1;true;true;1;1;17;[17];1.;1.
18;18.1;1;6;[1,2,2,2,2,9];3;false;true;2;1;9;[2,3];0.33333333333333331;3.
18;18.2;18;18;[1,1,1,1,1,1,1,1,1,1,1,1,1,1,1,1,1,1];1;true;true;1;1;18;[2,3];1.;1.
18;18.3;3;9;[1,1,1,2,2,2,3,3,3];3;false;true;2;1;9;[2,3];0.5;2.
18;18.4;1;6;[1,2,2,2,2,9];3;false;true;2;1;9;[2,3];0.33333333333333331;3.
18;18.5;18;18;[1,1,1,1,1,1,1,1,1,1,1,1,1,1,1,1,1,1];1;true;true;1;1;18;[2,3];1.;1.
19;19.1;19;19;[1,1,1,1,1,1,1,1,1,1,1,1,1,1,1,1,1,1,1];1;true;true;1;1;19;[19];1.;1.
20;20.1;2;8;[1,1,2,2,2,2,5,5];3;false;true;2;1;10;[2,5];0.40000000000000002;2.5
20;20.2;20;20;[1,1,1,1,1,1,1,1,1,1,1,1,1,1,1,1,1,1,1,1];1;true;true;1;1;20;[2,5];1.;1.
20;20.3;1;5;[1,4,5,5,5];3;false;true;2;1;5;[2,5];0.25;4.
20;20.4;2;8;[1,1,2,2,2,2,5,5];3;false;true;2;1;10;[2,5];0.40000000000000002;2.5
20;20.5;20;20;[1,1,1,1,1,1,1,1,1,1,1,1,1,1,1,1,1,1,1,1];1;true;true;1;1;20;[2,5];1.;1.
21;21.1;1;5;[1,3,3,7,7];3;false;true;2;1;7;[3,7];0.23809523809523808;4.2000000000000002
21;21.2;21;21;[1,1,1,1,1,1,1,1,1,1,1,1,1,1,1,1,1,1,1,1,1];1;true;true;1;1;21;[3,7];1.;1.
22;22.1;1;7;[1,2,2,2,2,2,11];3;false;true;2;1;11;[2,11];0.31818181818181818;3.1428571428571428
22;22.2;22;22;[1,1,1,1,1,1,1,1,1,1,1,1,1,1,1,1,1,1,1,1,1,1];1;true;true;1;1;22;[2,11];1.;1.
23;23.1;23;23;[1,1,1,1,1,1,1,1,1,1,1,1,1,1,1,1,1,1,1,1,1,1,1];1;true;true;1;1;23;[23];1.;1.
24;24.1;4;12;[1,1,1,1,2,2,2,2,3,3,3,3];3;false;true;2;1;12;[2,3];0.5;2.
24;24.2;24;24;[1,1,1,1,1,1,1,1,1,1,1,1,1,1,1,1,1,1,1,1,1,1,1,1];1;true;true;1;1;24;[2,3];1.;1.
24;24.3;2;7;[1,1,4,4,4,4,6];3;false;true;3;2;8;[2,3];0.29166666666666669;3.4285714285714284
24;24.4;2;9;[1,1,2,2,2,2,2,6,6];3;false;true;2;1;12;[2,3];0.375;2.6666666666666665
24;24.5;4;12;[1,1,1,1,2,2,2,2,3,3,3,3];3;false;true;2;1;12;[2,3];0.5;2.
24;24.6;2;9;[1,1,2,2,2,2,2,6,6];3;false;true;2;1;12;[2,3];0.375;2.6666666666666665
24;24.7;4;12;[1,1,1,1,2,2,2,2,3,3,3,3];3;false;true;2;1;12;[2,3];0.5;2.
24;24.8;2;9;[1,1,2,2,2,2,2,6,6];3;false;true;2;1;12;[2,3];0.375;2.6666666666666665
24;24.9;24;24;[1,1,1,1,1,1,1,1,1,1,1,1,1,1,1,1,1,1,1,1,1,1,1,1];1;true;true;1;1;24;[2,3];1.;1.
24;24.10;6;15;[1,1,1,1,1,1,2,2,2,2,2,2,2,2,2];2;true;true;2;2;24;[2,3];0.625;1.6000000000000001
24;24.11;6;15;[1,1,1,1,1,1,2,2,2,2,2,2,2,2,2];2;true;true;2;2;24;[2,3];0.625;1.6000000000000001
24;24.12;1;5;[1,3,6,6,8];4;false;true;3;1;4;[2,3];0.20833333333333334;4.7999999999999998
24;24.13;2;8;[1,1,3,3,4,4,4,4];3;false;true;2;1;8;[2,3];0.33333333333333331;3.
24;24.14;4;12;[1,1,1,1,2,2,2,2,3,3,3,3];3;false;true;2;1;12;[2,3];0.5;2.
24;24.15;24;24;[1,1,1,1,1,1,1,1,1,1,1,1,1,1,1,1,1,1,1,1,1,1,1,1];1;true;true;1;1;24;[2,3];1.;1.
25;25.1;25;25;[1,1,1,1,1,1,1,1,1,1,1,1,1,1,1,1,1,1,1,1,1,1,1,1,1];1;true;true;1;1;25;[5];1.;1.
25;25.2;25;25;[1,1,1,1,1,1,1,1,1,1,1,1,1,1,1,1,1,1,1,1,1,1,1,1,1];1;true;true;1;1;25;[5];1.;1.
26;26.1;1;8;[1,2,2,2,2,2,2,13];3;false;true;2;1;13;[2,13];0.30769230769230771;3.25
26;26.2;26;26;[1,1,1,1,1,1,1,1,1,1,1,1,1,1,1,1,1,1,1,1,1,1,1,1,1,1];1;true;true;1;1;26;[2,13];1.;1.
27;27.1;27;27;[1,1,1,1,1,1,1,1,1,1,1,1,1,1,1,1,1,1,1,1,1,1,1,1,1,1,1];1;true;true;1;1;27;[3];1.;1.
27;27.2;27;27;[1,1,1,1,1,1,1,1,1,1,1,1,1,1,1,1,1,1,1,1,1,1,1,1,1,1,1];1;true;true;1;1;27;[3];1.;1.
27;27.3;3;11;[1,1,1,3,3,3,3,3,3,3,3];2;true;true;2;2;27;[3];0.40740740740740738;2.4545454545454546
27;27.4;3;11;[1,1,1,3,3,3,3,3,3,3,3];2;true;true;2;2;27;[3];0.40740740740740738;2.4545454545454546
27;27.5;27;27;[1,1,1,1,1,1,1,1,1,1,1,1,1,1,1,1,1,1,1,1,1,1,1,1,1,1,1];1;true;true;1;1;27;[3];1.;1.
28;28.1;2;10;[1,1,2,2,2,2,2,2,7,7];3;false;true;2;1;14;[2,7];0.35714285714285715;2.7999999999999998
28;28.2;28;28;[1,1,1,1,1,1,1,1,1,1,1,1,1,1,1,1,1,1,1,1,1,1,1,1,1,1,1,1];1;true;true;1;1;28;[2,7];1.;1.
28;28.3;2;10;[1,1,2,2,2,2,2,2,7,7];3;false;true;2;1;14;[2,7];0.35714285714285715;2.7999999999999998
28;28.4;28;28;[1,1,1,1,1,1,1,1,1,1,1,1,1,1,1,1,1,1,1,1,1,1,1,1,1,1,1,1];1;true;true;1;1;28;[2,7];1.;1.
29;29.1;29;29;[1,1,1,1,1,1,1,1,1,1,1,1,1,1,1,1,1,1,1,1,1,1,1,1,1,1,1,1,1];1;true;true;1;1;29;[29];1.;1.
30;30.1;5;15;[1,1,1,1,1,2,2,2,2,2,3,3,3,3,3];3;false;true;2;1;15;[2,3,5];0.5;2.
30;30.2;3;12;[1,1,1,2,2,2,2,2,2,5,5,5];3;false;true;2;1;15;[2,3,5];0.40000000000000002;2.5
30;30.3;1;9;[1,2,2,2,2,2,2,2,15];3;false;true;2;1;15;[2,3,5];0.29999999999999999;3.3333333333333335
30;30.4;30;30;[1,1,1,1,1,1,1,1,1,1,1,1,1,1,1,1,1,1,1,1,1,1,1,1,1,1,1,1,1,1];1;true;true;1;1;30;[2,3,5];1.;1.
31;31.1;31;31;[1,1,1,1,1,1,1,1,1,1,1,1,1,1,1,1,1,1,1,1,1,1,1,1,1,1,1,1,1,1,1];1;true;true;1;1;31;[31];1.;1.
32;32.1;32;32;[1,1,1,1,1,1,1,1,1,1,1,1,1,1,1,1,1,1,1,1,1,1,1,1,1,1,1,1,1,1,1,1];1;true;true;1;1;32;[2];1.;1.
32;32.2;8;20;[1,1,1,1,1,1,1,1,2,2,2,2,2,2,2,2,2,2,2,2];2;true;true;2;2;32;[2];0.625;1.6000000000000001
32;32.3;32;32;[1,1,1,1,1,1,1,1,1,1,1,1,1,1,1,1,1,1,1,1,1,1,1,1,1,1,1,1,1,1,1,1];1;true;true;1;1;32;[2];1.;1.
32;32.4;8;20;[1,1,1,1,1,1,1,1,2,2,2,2,2,2,2,2,2,2,2,2];2;true;true;2;2;32;[2];0.625;1.6000000000000001
32;32.5;8;20;[1,1,1,1,1,1,1,1,2,2,2,2,2,2,2,2,2,2,2,2];2;true;true;2;2;32;[2];0.625;1.6000000000000001
32;32.6;2;11;[1,1,2,2,2,4,4,4,4,4,4];3;true;true;2;2;32;[2];0.34375;2.9090909090909092
32;32.7;2;11;[1,1,2,2,2,4,4,4,4,4,4];3;true;true;2;2;32;[2];0.34375;2.9090909090909092
32;32.8;2;11;[1,1,2,2,2,4,4,4,4,4,4];3;true;true;2;2;32;[2];0.34375;2.9090909090909092
32;32.9;4;14;[1,1,1,1,2,2,2,2,2,2,4,4,4,4];3;true;true;2;2;32;[2];0.4375;2.2857142857142856
32;32.10;4;14;[1,1,1,1,2,2,2,2,2,2,4,4,4,4];3;true;true;2;2;32;[2];0.4375;2.2857142857142856
32;32.11;4;14;[1,1,1,1,2,2,2,2,2,2,4,4,4,4];3;true;true;2;2;32;[2];0.4375;2.2857142857142856
32;32.12;8;20;[1,1,1,1,1,1,1,1,2,2,2,2,2,2,2,2,2,2,2,2];2;true;true;2;2;32;[2];0.625;1.6000000000000001
32;32.13;4;14;[1,1,1,1,2,2,2,2,2,2,4,4,4,4];3;true;true;2;2;32;[2];0.4375;2.2857142857142856
32;32.14;4;14;[1,1,1,1,2,2,2,2,2,2,4,4,4,4];3;true;true;2;2;32;[2];0.4375;2.2857142857142856
32;32.15;4;14;[1,1,1,1,2,2,2,2,2,2,4,4,4,4];3;true;true;2;2;32;[2];0.4375;2.2857142857142856
32;32.16;32;32;[1,1,1,1,1,1,1,1,1,1,1,1,1,1,1,1,1,1,1,1,1,1,1,1,1,1,1,1,1,1,1,1];1;true;true;1;1;32;[2];1.;1.
32;32.17;8;20;[1,1,1,1,1,1,1,1,2,2,2,2,2,2,2,2,2,2,2,2];2;true;true;2;2;32;[2];0.625;1.6000000000000001
32;32.18;2;11;[1,1,2,2,2,2,2,2,2,8,8];3;true;true;2;2;32;[2];0.34375;2.9090909090909092
32;32.19;2;11;[1,1,2,2,2,2,2,2,2,8,8];3;true;true;2;2;32;[2];0.34375;2.9090909090909092
32;32.20;2;11;[1,1,2,2,2,2,2,2,2,8,8];3;true;true;2;2;32;[2];0.34375;2.9090909090909092
32;32.21;32;32;[1,1,1,1,1,1,1,1,1,1,1,1,1,1,1,1,1,1,1,1,1,1,1,1,1,1,1,1,1,1,1,1];1;true;true;1;1;32;[2];1.;1.
32;32.22;8;20;[1,1,1,1,1,1,1,1,2,2,2,2,2,2,2,2,2,2,2,2];2;true;true;2;2;32;[2];0.625;1.6000000000000001
32;32.23;8;20;[1,1,1,1,1,1,1,1,2,2,2,2,2,2,2,2,2,2,2,2];2;true;true;2;2;32;[2];0.625;1.6000000000000001
32;32.24;8;20;[1,1,1,1,1,1,1,1,2,2,2,2,2,2,2,2,2,2,2,2];2;true;true;2;2;32;[2];0.625;1.6000000000000001
32;32.25;8;20;[1,1,1,1,1,1,1,1,2,2,2,2,2,2,2,2,2,2,2,2];2;true;true;2;2;32;[2];0.625;1.6000000000000001
32;32.26;8;20;[1,1,1,1,1,1,1,1,2,2,2,2,2,2,2,2,2,2,2,2];2;true;true;2;2;32;[2];0.625;1.6000000000000001
32;32.27;4;14;[1,1,1,1,2,2,2,2,2,2,4,4,4,4];3;true;true;2;2;32;[2];0.4375;2.2857142857142856
32;32.28;4;14;[1,1,1,1,2,2,2,2,2,2,4,4,4,4];3;true;true;2;2;32;[2];0.4375;2.2857142857142856
32;32.29;4;14;[1,1,1,1,2,2,2,2,2,2,4,4,4,4];3;true;true;2;2;32;[2];0.4375;2.2857142857142856
32;32.30;4;14;[1,1,1,1,2,2,2,2,2,2,4,4,4,4];3;true;true;2;2;32;[2];0.4375;2.2857142857142856
32;32.31;4;14;[1,1,1,1,2,2,2,2,2,2,4,4,4,4];3;true;true;2;2;32;[2];0.4375;2.2857142857142856
32;32.32;4;14;[1,1,1,1,2,2,2,2,2,2,4,4,4,4];3;true;true;2;2;32;[2];0.4375;2.2857142857142856
32;32.33;4;14;[1,1,1,1,2,2,2,2,2,2,4,4,4,4];3;true;true;2;2;32;[2];0.4375;2.2857142857142856
32;32.34;4;14;[1,1,1,1,2,2,2,2,2,2,4,4,4,4];3;true;true;2;2;32;[2];0.4375;2.2857142857142856
32;32.35;4;14;[1,1,1,1,2,2,2,2,2,2,4,4,4,4];3;true;true;2;2;32;[2];0.4375;2.2857142857142856
32;32.36;32;32;[1,1,1,1,1,1,1,1,1,1,1,1,1,1,1,1,1,1,1,1,1,1,1,1,1,1,1,1,1,1,1,1];1;true;true;1;1;32;[2];1.;1.
32;32.37;8;20;[1,1,1,1,1,1,1,1,2,2,2,2,2,2,2,2,2,2,2,2];2;true;true;2;2;32;[2];0.625;1.6000000000000001
32;32.38;8;20;[1,1,1,1,1,1,1,1,2,2,2,2,2,2,2,2,2,2,2,2];2;true;true;2;2;32;[2];0.625;1.6000000000000001
32;32.39;4;14;[1,1,1,1,2,2,2,2,2,2,4,4,4,4];3;true;true;2;2;32;[2];0.4375;2.2857142857142856
32;32.40;4;14;[1,1,1,1,2,2,2,2,2,2,4,4,4,4];3;true;true;2;2;32;[2];0.4375;2.2857142857142856
32;32.41;4;14;[1,1,1,1,2,2,2,2,2,2,4,4,4,4];3;true;true;2;2;32;[2];0.4375;2.2857142857142856
32;32.42;4;14;[1,1,1,1,2,2,2,2,2,2,4,4,4,4];3;true;true;2;2;32;[2];0.4375;2.2857142857142856
32;32.43;2;11;[1,1,2,2,2,4,4,4,4,4,4];3;true;true;2;2;32;[2];0.34375;2.9090909090909092
32;32.44;2;11;[1,1,2,2,2,4,4,4,4,4,4];3;true;true;2;2;32;[2];0.34375;2.9090909090909092
32;32.45;32;32;[1,1,1,1,1,1,1,1,1,1,1,1,1,1,1,1,1,1,1,1,1,1,1,1,1,1,1,1,1,1,1,1];1;true;true;1;1;32;[2];1.;1.
32;32.46;8;20;[1,1,1,1,1,1,1,1,2,2,2,2,2,2,2,2,2,2,2,2];2;true;true;2;2;32;[2];0.625;1.6000000000000001
32;32.47;8;20;[1,1,1,1,1,1,1,1,2,2,2,2,2,2,2,2,2,2,2,2];2;true;true;2;2;32;[2];0.625;1.6000000000000001
32;32.48;8;20;[1,1,1,1,1,1,1,1,2,2,2,2,2,2,2,2,2,2,2,2];2;true;true;2;2;32;[2];0.625;1.6000000000000001
32;32.49;2;17;[1,1,2,2,2,2,2,2,2,2,2,2,2,2,2,2,2];2;true;true;2;2;32;[2];0.53125;1.8823529411764706
32;32.50;2;17;[1,1,2,2,2,2,2,2,2,2,2,2,2,2,2,2,2];2;true;true;2;2;32;[2];0.53125;1.8823529411764706
32;32.51;32;32;[1,1,1,1,1,1,1,1,1,1,1,1,1,1,1,1,1,1,1,1,1,1,1,1,1,1,1,1,1,1,1,1];1;true;true;1;1;32;[2];1.;1.
33;33.1;33;33;[1,1,1,1,1,1,1,1,1,1,1,1,1,1,1,1,1,1,1,1,1,1,1,1,1,1,1,1,1,1,1,1,1];1;true;true;1;1;33;[3,11];1.;1.
34;34.1;1;10;[1,2,2,2,2,2,2,2,2,17];3;false;true;2;1;17;[2,17];0.29411764705882354;3.3999999999999999
34;34.2;34;34;[1,1,1,1,1,1,1,1,1,1,1,1,1,1,1,1,1,1,1,1,1,1,1,1,1,1,1,1,1,1,1,1,1,1];1;true;true;1;1;34;[2,17];1.;1.
35;35.1;35;35;[1,1,1,1,1,1,1,1,1,1,1,1,1,1,1,1,1,1,1,1,1,1,1,1,1,1,1,1,1,1,1,1,1,1,1];1;true;true;1;1;35;[5,7];1.;1.
36;36.1;2;12;[1,1,2,2,2,2,2,2,2,2,9,9];3;false;true;2;1;18;[2,3];0.33333333333333331;3.
36;36.2;36;36;[1,1,1,1,1,1,1,1,1,1,1,1,1,1,1,1,1,1,1,1,1,1,1,1,1,1,1,1,1,1,1,1,1,1,1,1];1;true;true;1;1;36;[2,3];1.;1.
36;36.3;3;12;[1,1,1,3,3,3,4,4,4,4,4,4];3;false;true;2;1;12;[2,3];0.33333333333333331;3.
36;36.4;2;12;[1,1,2,2,2,2,2,2,2,2,9,9];3;false;true;2;1;18;[2,3];0.33333333333333331;3.
36;36.5;36;36;[1,1,1,1,1,1,1,1,1,1,1,1,1,1,1,1,1,1,1,1,1,1,1,1,1,1,1,1,1,1,1,1,1,1,1,1];1;true;true;1;1;36;[2,3];1.;1.
36;36.6;6;18;[1,1,1,1,1,1,2,2,2,2,2,2,3,3,3,3,3,3];3;false;true;2;1;18;[2,3];0.5;2.
36;36.7;2;12;[1,1,2,2,2,2,2,2,2,2,9,9];3;false;true;2;1;18;[2,3];0.33333333333333331;3.
36;36.8;36;36;[1,1,1,1,1,1,1,1,1,1,1,1,1,1,1,1,1,1,1,1,1,1,1,1,1,1,1,1,1,1,1,1,1,1,1,1];1;true;true;1;1;36;[2,3];1.;1.
36;36.9;1;6;[1,4,4,9,9,9];3;false;true;2;1;9;[2,3];0.16666666666666666;6.
36;36.10;1;9;[1,2,2,3,3,4,6,6,9];6;false;true;2;1;9;[2,3];0.25;4.
36;36.11;3;12;[1,1,1,3,3,3,4,4,4,4,4,4];3;false;true;2;1;12;[2,3];0.33333333333333331;3.
36;36.12;6;18;[1,1,1,1,1,1,2,2,2,2,2,2,3,3,3,3,3,3];3;false;true;2;1;18;[2,3];0.5;2.
36;36.13;2;12;[1,1,2,2,2,2,2,2,2,2,9,9];3;false;true;2;1;18;[2,3];0.33333333333333331;3.
36;36.14;36;36;[1,1,1,1,1,1,1,1,1,1,1,1,1,1,1,1,1,1,1,1,1,1,1,1,1,1,1,1,1,1,1,1,1,1,1,1];1;true;true;1;1;36;[2,3];1.;1.
37;37.1;37;37;[1,1,1,1,1,1,1,1,1,1,1,1,1,1,1,1,1,1,1,1,1,1,1,1,1,1,1,1,1,1,1,1,1,1,1,1,1];1;true;true;1;1;37;[37];1.;1.
38;38.1;1;11;[1,2,2,2,2,2,2,2,2,2,19];3;false;true;2;1;19;[2,19];0.28947368421052633;3.4545454545454546
38;38.2;38;38;[1,1,1,1,1,1,1,1,1,1,1,1,1,1,1,1,1,1,1,1,1,1,1,1,1,1,1,1,1,1,1,1,1,1,1,1,1,1];1;true;true;1;1;38;[2,19];1.;1.
39;39.1;1;7;[1,3,3,3,3,13,13];3;false;true;2;1;13;[3,13];0.17948717948717949;5.5714285714285712
39;39.2;39;39;[1,1,1,1,1,1,1,1,1,1,1,1,1,1,1,1,1,1,1,1,1,1,1,1,1,1,1,1,1,1,1,1,1,1,1,1,1,1,1];1;true;true;1;1;39;[3,13];1.;1.
40;40.1;4;16;[1,1,1,1,2,2,2,2,2,2,2,2,5,5,5,5];3;false;true;2;1;20;[2,5];0.40000000000000002;2.5
40;40.2;40;40;[1,1,1,1,1,1,1,1,1,1,1,1,1,1,1,1,1,1,1,1,1,1,1,1,1,1,1,1,1,1,1,1,1,1,1,1,1,1,1,1];1;true;true;1;1;40;[2,5];1.;1.
40;40.3;2;10;[1,1,4,4,5,5,5,5,5,5];3;false;true;2;1;10;[2,5];0.25;4.
40;40.4;2;13;[1,1,2,2,2,2,2,2,2,2,2,10,10];3;false;true;2;1;20;[2,5];0.32500000000000001;3.0769230769230771
40;40.5;4;16;[1,1,1,1,2,2,2,2,2,2,2,2,5,5,5,5];3;false;true;2;1;20;[2,5];0.40000000000000002;2.5
40;40.6;2;13;[1,1,2,2,2,2,2,2,2,2,2,10,10];3;false;true;2;1;20;[2,5];0.32500000000000001;3.0769230769230771
40;40.7;4;16;[1,1,1,1,2,2,2,2,2,2,2,2,5,5,5,5];3;false;true;2;1;20;[2,5];0.40000000000000002;2.5
40;40.8;2;13;[1,1,2,2,2,2,2,2,2,2,2,10,10];3;false;true;2;1;20;[2,5];0.32500000000000001;3.0769230769230771
40;40.9;40;40;[1,1,1,1,1,1,1,1,1,1,1,1,1,1,1,1,1,1,1,1,1,1,1,1,1,1,1,1,1,1,1,1,1,1,1,1,1,1,1,1];1;true;true;1;1;40;[2,5];1.;1.
40;40.10;10;25;[1,1,1,1,1,1,1,1,1,1,2,2,2,2,2,2,2,2,2,2,2,2,2,2,2];2;true;true;2;2;40;[2,5];0.625;1.6000000000000001
40;40.11;10;25;[1,1,1,1,1,1,1,1,1,1,2,2,2,2,2,2,2,2,2,2,2,2,2,2,2];2;true;true;2;2;40;[2,5];0.625;1.6000000000000001
40;40.12;2;10;[1,1,4,4,5,5,5,5,5,5];3;false;true;2;1;10;[2,5];0.25;4.
40;40.13;4;16;[1,1,1,1,2,2,2,2,2,2,2,2,5,5,5,5];3;false;true;2;1;20;[2,5];0.40000000000000002;2.5
40;40.14;40;40;[1,1,1,1,1,1,1,1,1,1,1,1,1,1,1,1,1,1,1,1,1,1,1,1,1,1,1,1,1,1,1,1,1,1,1,1,1,1,1,1];1;true;true;1;1;40;[2,5];1.;1.
41;41.1;41;41;[1,1,1,1,1,1,1,1,1,1,1,1,1,1,1,1,1,1,1,1,1,1,1,1,1,1,1,1,1,1,1,1,1,1,1,1,1,1,1,1,1];1;true;true;1;1;41;[41];1.;1.
42;42.1;1;7;[1,6,7,7,7,7,7];3;false;true;2;1;7;[2,3,7];0.16666666666666666;6.
42;42.2;2;10;[1,1,3,3,3,3,7,7,7,7];3;false;true;2;1;14;[2,3,7];0.23809523809523808;4.2000000000000002
42;42.3;7;21;[1,1,1,1,1,1,1,2,2,2,2,2,2,2,3,3,3,3,3,3,3];3;false;true;2;1;21;[2,3,7];0.5;2.
42;42.4;3;15;[1,1,1,2,2,2,2,2,2,2,2,2,7,7,7];3;false;true;2;1;21;[2,3,7];0.35714285714285715;2.7999999999999998
42;42.5;1;12;[1,2,2,2,2,2,2,2,2,2,2,21];3;false;true;2;1;21;[2,3,7];0.2857142857142857;3.5
42;42.6;42;42;[1,1,1,1,1,1,1,1,1,1,1,1,1,1,1,1,1,1,1,1,1,1,1,1,1,1,1,1,1,1,1,1,1,1,1,1,1,1,1,1,1,1];1;true;true;1;1;42;[2,3,7];1.;1.
43;43.1;43;43;[1,1,1,1,1,1,1,1,1,1,1,1,1,1,1,1,1,1,1,1,1,1,1,1,1,1,1,1,1,1,1,1,1,1,1,1,1,1,1,1,1,1,1];1;true;true;1;1;43;[43];1.;1.
44;44.1;2;14;[1,1,2,2,2,2,2,2,2,2,2,2,11,11];3;false;true;2;1;22;[2,11];0.31818181818181818;3.1428571428571428
44;44.2;44;44;[1,1,1,1,1,1,1,1,1,1,1,1,1,1,1,1,1,1,1,1,1,1,1,1,1,1,1,1,1,1,1,1,1,1,1,1,1,1,1,1,1,1,1,1];1;true;true;1;1;44;[2,11];1.;1.
44;44.3;2;14;[1,1,2,2,2,2,2,2,2,2,2,2,11,11];3;false;true;2;1;22;[2,11];0.31818181818181818;3.1428571428571428
44;44.4;44;44;[1,1,1,1,1,1,1,1,1,1,1,1,1,1,1,1,1,1,1,1,1,1,1,1,1,1,1,1,1,1,1,1,1,1,1,1,1,1,1,1,1,1,1,1];1;true;true;1;1;44;[2,11];1.;1.
45;45.1;45;45;[1,1,1,1,1,1,1,1,1,1,1,1,1,1,1,1,1,1,1,1,1,1,1,1,1,1,1,1,1,1,1,1,1,1,1,1,1,1,1,1,1,1,1,1,1];1;true;true;1;1;45;[3,5];1.;1.
45;45.2;45;45;[1,1,1,1,1,1,1,1,1,1,1,1,1,1,1,1,1,1,1,1,1,1,1,1,1,1,1,1,1,1,1,1,1,1,1,1,1,1,1,1,1,1,1,1,1];1;true;true;1;1;45;[3,5];1.;1.
46;46.1;1;13;[1,2,2,2,2,2,2,2,2,2,2,2,23];3;false;true;2;1;23;[2,23];0.28260869565217389;3.5384615384615383
46;46.2;46;46;[1,1,1,1,1,1,1,1,1,1,1,1,1,1,1,1,1,1,1,1,1,1,1,1,1,1,1,1,1,1,1,1,1,1,1,1,1,1,1,1,1,1,1,1,1,1];1;true;true;1;1;46;[2,23];1.;1.
47;47.1;47;47;[1,1,1,1,1,1,1,1,1,1,1,1,1,1,1,1,1,1,1,1,1,1,1,1,1,1,1,1,1,1,1,1,1,1,1,1,1,1,1,1,1,1,1,1,1,1,1];1;true;true;1;1;47;[47];1.;1.
48;48.1;8;24;[1,1,1,1,1,1,1,1,2,2,2,2,2,2,2,2,3,3,3,3,3,3,3,3];3;false;true;2;1;24;[2,3];0.5;2.
48;48.2;48;48;[1,1,1,1,1,1,1,1,1,1,1,1,1,1,1,1,1,1,1,1,1,1,1,1,1,1,1,1,1,1,1,1,1,1,1,1,1,1,1,1,1,1,1,1,1,1,1,1];1;true;true;1;1;48;[2,3];1.;1.
48;48.3;1;8;[1,3,3,3,3,3,16,16];3;false;true;2;1;16;[2,3];0.16666666666666666;6.
48;48.4;8;24;[1,1,1,1,1,1,1,1,2,2,2,2,2,2,2,2,3,3,3,3,3,3,3,3];3;false;true;2;1;24;[2,3];0.5;2.
48;48.5;4;18;[1,1,1,1,2,2,2,2,2,2,2,2,2,2,6,6,6,6];3;false;true;2;1;24;[2,3];0.375;2.6666666666666665
48;48.6;2;15;[1,1,2,2,2,2,2,2,2,2,2,2,2,12,12];3;false;true;2;1;24;[2,3];0.3125;3.2000000000000002
48;48.7;2;15;[1,1,2,2,2,2,2,2,2,2,2,2,2,12,12];3;false;true;2;1;24;[2,3];0.3125;3.2000000000000002
48;48.8;2;15;[1,1,2,2,2,2,2,2,2,2,2,2,2,12,12];3;false;true;2;1;24;[2,3];0.3125;3.2000000000000002
48;48.9;8;24;[1,1,1,1,1,1,1,1,2,2,2,2,2,2,2,2,3,3,3,3,3,3,3,3];3;false;true;2;1;24;[2,3];0.5;2.
48;48.10;4;18;[1,1,1,1,2,2,2,2,2,2,2,2,2,2,6,6,6,6];3;false;true;2;1;24;[2,3];0.375;2.6666666666666665
48;48.11;8;24;[1,1,1,1,1,1,1,1,2,2,2,2,2,2,2,2,3,3,3,3,3,3,3,3];3;false;true;2;1;24;[2,3];0.5;2.
48;48.12;4;18;[1,1,1,1,2,2,2,2,2,2,2,2,2,2,6,6,6,6];3;false;true;2;1;24;[2,3];0.375;2.6666666666666665
48;48.13;4;18;[1,1,1,1,2,2,2,2,2,2,2,2,2,2,6,6,6,6];3;false;true;2;1;24;[2,3];0.375;2.6666666666666665
48;48.14;4;18;[1,1,1,1,2,2,2,2,2,2,2,2,2,2,6,6,6,6];3;false;true;2;1;24;[2,3];0.375;2.6666666666666665
48;48.15;2;12;[1,1,2,2,2,4,4,4,4,6,6,12];5;false;true;2;2;24;[2,3];0.25;4.
48;48.16;2;12;[1,1,2,2,2,4,4,4,4,6,6,12];5;false;true;2;2;24;[2,3];0.25;4.
48;48.17;2;12;[1,1,2,2,2,4,4,4,4,6,6,12];5;false;true;2;2;24;[2,3];0.25;4.
48;48.18;2;12;[1,1,2,2,2,4,4,4,4,6,6,12];5;false;true;2;2;24;[2,3];0.25;4.
48;48.19;4;18;[1,1,1,1,2,2,2,2,2,2,2,2,2,2,6,6,6,6];3;false;true;2;1;24;[2,3];0.375;2.6666666666666665
48;48.20;48;48;[1,1,1,1,1,1,1,1,1,1,1,1,1,1,1,1,1,1,1,1,1,1,1,1,1,1,1,1,1,1,1,1,1,1,1,1,1,1,1,1,1,1,1,1,1,1,1,1];1;true;true;1;1;48;[2,3];1.;1.
48;48.21;12;30;[1,1,1,1,1,1,1,1,1,1,1,1,2,2,2,2,2,2,2,2,2,2,2,2,2,2,2,2,2,2];2;true;true;2;2;48;[2,3];0.625;1.6000000000000001
48;48.22;12;30;[1,1,1,1,1,1,1,1,1,1,1,1,2,2,2,2,2,2,2,2,2,2,2,2,2,2,2,2,2,2];2;true;true;2;2;48;[2,3];0.625;1.6000000000000001
48;48.23;48;48;[1,1,1,1,1,1,1,1,1,1,1,1,1,1,1,1,1,1,1,1,1,1,1,1,1,1,1,1,1,1,1,1,1,1,1,1,1,1,1,1,1,1,1,1,1,1,1,1];1;true;true;1;1;48;[2,3];1.;1.
48;48.24;12;30;[1,1,1,1,1,1,1,1,1,1,1,1,2,2,2,2,2,2,2,2,2,2,2,2,2,2,2,2,2,2];2;true;true;2;2;48;[2,3];0.625;1.6000000000000001
48;48.25;6;21;[1,1,1,1,1,1,2,2,2,2,2,2,2,2,2,4,4,4,4,4,4];3;true;true;2;2;48;[2,3];0.4375;2.2857142857142856
48;48.26;6;21;[1,1,1,1,1,1,2,2,2,2,2,2,2,2,2,4,4,4,4,4,4];3;true;true;2;2;48;[2,3];0.4375;2.2857142857142856
48;48.27;6;21;[1,1,1,1,1,1,2,2,2,2,2,2,2,2,2,4,4,4,4,4,4];3;true;true;2;2;48;[2,3];0.4375;2.2857142857142856
48;48.28;2;8;[1,1,6,6,6,8,8,12];4;false;true;4;2;8;[2,3];0.16666666666666666;6.
48;48.29;2;8;[1,1,6,6,6,8,8,12];4;false;true;4;2;8;[2,3];0.16666666666666666;6.
48;48.30;2;10;[1,1,3,3,6,6,6,6,8,8];4;false;true;3;1;8;[2,3];0.20833333333333334;4.7999999999999998
48;48.31;4;16;[1,1,1,1,3,3,3,3,4,4,4,4,4,4,4,4];3;false;true;2;1;16;[2,3];0.33333333333333331;3.
48;48.32;4;14;[1,1,1,1,4,4,4,4,4,4,4,4,6,6];3;false;true;3;2;16;[2,3];0.29166666666666669;3.4285714285714284
48;48.33;4;14;[1,1,1,1,4,4,4,4,4,4,4,4,6,6];3;false;true;3;2;16;[2,3];0.29166666666666669;3.4285714285714284
48;48.34;4;18;[1,1,1,1,2,2,2,2,2,2,2,2,2,2,6,6,6,6];3;false;true;2;1;24;[2,3];0.375;2.6666666666666665
48;48.35;8;24;[1,1,1,1,1,1,1,1,2,2,2,2,2,2,2,2,3,3,3,3,3,3,3,3];3;false;true;2;1;24;[2,3];0.5;2.
48;48.36;4;18;[1,1,1,1,2,2,2,2,2,2,2,2,2,2,6,6,6,6];3;false;true;2;1;24;[2,3];0.375;2.6666666666666665
48;48.37;4;18;[1,1,1,1,2,2,2,2,2,2,2,2,2,2,6,6,6,6];3;false;true;2;1;24;[2,3];0.375;2.6666666666666665
48;48.38;2;15;[1,1,2,2,2,2,2,3,3,4,4,4,6,6,6];5;false;true;2;2;24;[2,3];0.3125;3.2000000000000002
48;48.39;2;15;[1,1,2,2,2,2,2,3,3,4,4,4,6,6,6];5;false;true;2;2;24;[2,3];0.3125;3.2000000000000002
48;48.40;2;15;[1,1,2,2,2,2,2,3,3,4,4,4,6,6,6];5;false;true;2;2;24;[2,3];0.3125;3.2000000000000002
48;48.41;2;15;[1,1,2,2,2,2,2,3,3,4,4,4,6,6,6];5;false;true;2;2;24;[2,3];0.3125;3.2000000000000002
48;48.42;8;24;[1,1,1,1,1,1,1,1,2,2,2,2,2,2,2,2,3,3,3,3,3,3,3,3];3;false;true;2;1;24;[2,3];0.5;2.
48;48.43;4;18;[1,1,1,1,2,2,2,2,2,2,2,2,2,2,6,6,6,6];3;false;true;2;1;24;[2,3];0.375;2.6666666666666665
48;48.44;48;48;[1,1,1,1,1,1,1,1,1,1,1,1,1,1,1,1,1,1,1,1,1,1,1,1,1,1,1,1,1,1,1,1,1,1,1,1,1,1,1,1,1,1,1,1,1,1,1,1];1;true;true;1;1;48;[2,3];1.;1.
48;48.45;12;30;[1,1,1,1,1,1,1,1,1,1,1,1,2,2,2,2,2,2,2,2,2,2,2,2,2,2,2,2,2,2];2;true;true;2;2;48;[2,3];0.625;1.6000000000000001
48;48.46;12;30;[1,1,1,1,1,1,1,1,1,1,1,1,2,2,2,2,2,2,2,2,2,2,2,2,2,2,2,2,2,2];2;true;true;2;2;48;[2,3];0.625;1.6000000000000001
48;48.47;12;30;[1,1,1,1,1,1,1,1,1,1,1,1,2,2,2,2,2,2,2,2,2,2,2,2,2,2,2,2,2,2];2;true;true;2;2;48;[2,3];0.625;1.6000000000000001
48;48.48;2;10;[1,1,3,3,6,6,6,6,8,8];4;false;true;3;1;8;[2,3];0.20833333333333334;4.7999999999999998
48;48.49;4;16;[1,1,1,1,3,3,3,3,4,4,4,4,4,4,4,4];3;false;true;2;1;16;[2,3];0.33333333333333331;3.
48;48.50;1;8;[1,3,3,3,3,3,16,16];3;false;true;2;1;16;[2,3];0.16666666666666666;6.
48;48.51;8;24;[1,1,1,1,1,1,1,1,2,2,2,2,2,2,2,2,3,3,3,3,3,3,3,3];3;false;true;2;1;24;[2,3];0.5;2.
48;48.52;48;48;[1,1,1,1,1,1,1,1,1,1,1,1,1,1,1,1,1,1,1,1,1,1,1,1,1,1,1,1,1,1,1,1,1,1,1,1,1,1,1,1,1,1,1,1,1,1,1,1];1;true;true;1;1;48;[2,3];1.;1.
49;49.1;49;49;[1,1,1,1,1,1,1,1,1,1,1,1,1,1,1,1,1,1,1,1,1,1,1,1,1,1,1,1,1,1,1,1,1,1,1,1,1,1,1,1,1,1,1,1,1,1,1,1,1];1;true;true;1;1;49;[7];1.;1.
49;49.2;49;49;[1,1,1,1,1,1,1,1,1,1,1,1,1,1,1,1,1,1,1,1,1,1,1,1,1,1,1,1,1,1,1,1,1,1,1,1,1,1,1,1,1,1,1,1,1,1,1,1,1];1;true;true;1;1;49;[7];1.;1.
50;50.1;1;14;[1,2,2,2,2,2,2,2,2,2,2,2,2,25];3;false;true;2;1;25;[2,5];0.28000000000000003;3.5714285714285712
50;50.2;50;50;[1,1,1,1,1,1,1,1,1,1,1,1,1,1,1,1,1,1,1,1,1,1,1,1,1,1,1,1,1,1,1,1,1,1,1,1,1,1,1,1,1,1,1,1,1,1,1,1,1,1];1;true;true;1;1;50;[2,5];1.;1.
50;50.3;5;20;[1,1,1,1,1,2,2,2,2,2,2,2,2,2,2,5,5,5,5,5];3;false;true;2;1;25;[2,5];0.40000000000000002;2.5
50;50.4;1;14;[1,2,2,2,2,2,2,2,2,2,2,2,2,25];3;false;true;2;1;25;[2,5];0.28000000000000003;3.5714285714285712
50;50.5;50;50;[1,1,1,1,1,1,1,1,1,1,1,1,1,1,1,1,1,1,1,1,1,1,1,1,1,1,1,1,1,1,1,1,1,1,1,1,1,1,1,1,1,1,1,1,1,1,1,1,1,1];1;true;true;1;1;50;[2,5];1.;1.
51;51.1;51;51;[1,1,1,1,1,1,1,1,1,1,1,1,1,1,1,1,1,1,1,1,1,1,1,1,1,1,1,1,1,1,1,1,1,1,1,1,1,1,1,1,1,1,1,1,1,1,1,1,1,1,1];1;true;true;1;1;51;[3,17];1.;1.
52;52.1;2;16;[1,1,2,2,2,2,2,2,2,2,2,2,2,2,13,13];3;false;true;2;1;26;[2,13];0.30769230769230771;3.25
52;52.2;52;52;[1,1,1,1,1,1,1,1,1,1,1,1,1,1,1,1,1,1,1,1,1,1,1,1,1,1,1,1,1,1,1,1,1,1,1,1,1,1,1,1,1,1,1,1,1,1,1,1,1,1,1,1];1;true;true;1;1;52;[2,13];1.;1.
52;52.3;1;7;[1,4,4,4,13,13,13];3;false;true;2;1;13;[2,13];0.13461538461538461;7.4285714285714288
52;52.4;2;16;[1,1,2,2,2,2,2,2,2,2,2,2,2,2,13,13];3;false;true;2;1;26;[2,13];0.30769230769230771;3.25
52;52.5;52;52;[1,1,1,1,1,1,1,1,1,1,1,1,1,1,1,1,1,1,1,1,1,1,1,1,1,1,1,1,1,1,1,1,1,1,1,1,1,1,1,1,1,1,1,1,1,1,1,1,1,1,1,1];1;true;true;1;1;52;[2,13];1.;1.
53;53.1;53;53;[1,1,1,1,1,1,1,1,1,1,1,1,1,1,1,1,1,1,1,1,1,1,1,1,1,1,1,1,1,1,1,1,1,1,1,1,1,1,1,1,1,1,1,1,1,1,1,1,1,1,1,1,1];1;true;true;1;1;53;[53];1.;1.
54;54.1;1;15;[1,2,2,2,2,2,2,2,2,2,2,2,2,2,27];3;false;true;2;1;27;[2,3];0.27777777777777779;3.6000000000000001
54;54.2;54;54;[1,1,1,1,1,1,1,1,1,1,1,1,1,1,1,1,1,1,1,1,1,1,1,1,1,1,1,1,1,1,1,1,1,1,1,1,1,1,1,1,1,1,1,1,1,1,1,1,1,1,1,1,1,1];1;true;true;1;1;54;[2,3];1.;1.
54;54.3;3;18;[1,1,1,2,2,2,2,2,2,2,2,2,2,2,2,9,9,9];3;false;true;2;1;27;[2,3];0.33333333333333331;3.
54;54.4;9;27;[1,1,1,1,1,1,1,1,1,2,2,2,2,2,2,2,2,2,3,3,3,3,3,3,3,3,3];3;false;true;2;1;27;[2,3];0.5;2.
54;54.5;1;10;[1,2,3,3,6,6,6,9,9,9];5;false;true;2;2;27;[2,3];0.18518518518518517;5.4000000000000004
54;54.6;1;10;[1,2,3,3,6,6,6,9,9,9];5;false;true;2;2;27;[2,3];0.18518518518518517;5.4000000000000004
54;54.7;1;15;[1,2,2,2,2,2,2,2,2,2,2,2,2,2,27];3;false;true;2;1;27;[2,3];0.27777777777777779;3.6000000000000001
54;54.8;3;10;[1,1,1,6,6,6,6,9,9,9];3;false;true;3;2;27;[2,3];0.18518518518518517;5.4000000000000004
54;54.9;54;54;[1,1,1,1,1,1,1,1,1,1,1,1,1,1,1,1,1,1,1,1,1,1,1,1,1,1,1,1,1,1,1,1,1,1,1,1,1,1,1,1,1,1,1,1,1,1,1,1,1,1,1,1,1,1];1;true;true;1;1;54;[2,3];1.;1.
54;54.10;6;22;[1,1,1,1,1,1,3,3,3,3,3,3,3,3,3,3,3,3,3,3,3,3];2;true;true;2;2;54;[2,3];0.40740740740740738;2.4545454545454546
54;54.11;6;22;[1,1,1,1,1,1,3,3,3,3,3,3,3,3,3,3,3,3,3,3,3,3];2;true;true;2;2;54;[2,3];0.40740740740740738;2.4545454545454546
54;54.12;9;27;[1,1,1,1,1,1,1,1,1,2,2,2,2,2,2,2,2,2,3,3,3,3,3,3,3,3,3];3;false;true;2;1;27;[2,3];0.5;2.
54;54.13;3;18;[1,1,1,2,2,2,2,2,2,2,2,2,2,2,2,9,9,9];3;false;true;2;1;27;[2,3];0.33333333333333331;3.
54;54.14;1;15;[1,2,2,2,2,2,2,2,2,2,2,2,2,2,27];3;false;true;2;1;27;[2,3];0.27777777777777779;3.6000000000000001
54;54.15;54;54;[1,1,1,1,1,1,1,1,1,1,1,1,1,1,1,1,1,1,1,1,1,1,1,1,1,1,1,1,1,1,1,1,1,1,1,1,1,1,1,1,1,1,1,1,1,1,1,1,1,1,1,1,1,1];1;true;true;1;1;54;[2,3];1.;1.
55;55.1;1;7;[1,5,5,11,11,11,11];3;false;true;2;1;11;[5,11];0.12727272727272726;7.8571428571428568
55;55.2;55;55;[1,1,1,1,1,1,1,1,1,1,1,1,1,1,1,1,1,1,1,1,1,1,1,1,1,1,1,1,1,1,1,1,1,1,1,1,1,1,1,1,1,1,1,1,1,1,1,1,1,1,1,1,1,1,1];1;true;true;1;1;55;[5,11];1.;1.
56;56.1;4;20;[1,1,1,1,2,2,2,2,2,2,2,2,2,2,2,2,7,7,7,7];3;false;true;2;1;28;[2,7];0.35714285714285715;2.7999999999999998
56;56.2;56;56;[1,1,1,1,1,1,1,1,1,1,1,1,1,1,1,1,1,1,1,1,1,1,1,1,1,1,1,1,1,1,1,1,1,1,1,1,1,1,1,1,1,1,1,1,1,1,1,1,1,1,1,1,1,1,1,1];1;true;true;1;1;56;[2,7];1.;1.
56;56.3;2;17;[1,1,2,2,2,2,2,2,2,2,2,2,2,2,2,14,14];3;false;true;2;1;28;[2,7];0.30357142857142855;3.2941176470588234
56;56.4;4;20;[1,1,1,1,2,2,2,2,2,2,2,2,2,2,2,2,7,7,7,7];3;false;true;2;1;28;[2,7];0.35714285714285715;2.7999999999999998
56;56.5;2;17;[1,1,2,2,2,2,2,2,2,2,2,2,2,2,2,14,14];3;false;true;2;1;28;[2,7];0.30357142857142855;3.2941176470588234
56;56.6;4;20;[1,1,1,1,2,2,2,2,2,2,2,2,2,2,2,2,7,7,7,7];3;false;true;2;1;28;[2,7];0.35714285714285715;2.7999999999999998
56;56.7;2;17;[1,1,2,2,2,2,2,2,2,2,2,2,2,2,2,14,14];3;false;true;2;1;28;[2,7];0.30357142857142855;3.2941176470588234
56;56.8;56;56;[1,1,1,1,1,1,1,1,1,1,1,1,1,1,1,1,1,1,1,1,1,1,1,1,1,1,1,1,1,1,1,1,1,1,1,1,1,1,1,1,1,1,1,1,1,1,1,1,1,1,1,1,1,1,1,1];1;true;true;1;1;56;[2,7];1.;1.
56;56.9;14;35;[1,1,1,1,1,1,1,1,1,1,1,1,1,1,2,2,2,2,2,2,2,2,2,2,2,2,2,2,2,2,2,2,2,2,2];2;true;true;2;2;56;[2,7];0.625;1.6000000000000001
56;56.10;14;35;[1,1,1,1,1,1,1,1,1,1,1,1,1,1,2,2,2,2,2,2,2,2,2,2,2,2,2,2,2,2,2,2,2,2,2];2;true;true;2;2;56;[2,7];0.625;1.6000000000000001
56;56.11;1;8;[1,7,8,8,8,8,8,8];3;false;true;2;1;8;[2,7];0.14285714285714285;7.
56;56.12;4;20;[1,1,1,1,2,2,2,2,2,2,2,2,2,2,2,2,7,7,7,7];3;false;true;2;1;28;[2,7];0.35714285714285715;2.7999999999999998
56;56.13;56;56;[1,1,1,1,1,1,1,1,1,1,1,1,1,1,1,1,1,1,1,1,1,1,1,1,1,1,1,1,1,1,1,1,1,1,1,1,1,1,1,1,1,1,1,1,1,1,1,1,1,1,1,1,1,1,1,1];1;true;true;1;1;56;[2,7];1.;1.
57;57.1;1;9;[1,3,3,3,3,3,3,19,19];3;false;true;2;1;19;[3,19];0.15789473684210525;6.333333333333333
57;57.2;57;57;[1,1,1,1,1,1,1,1,1,1,1,1,1,1,1,1,1,1,1,1,1,1,1,1,1,1,1,1,1,1,1,1,1,1,1,1,1,1,1,1,1,1,1,1,1,1,1,1,1,1,1,1,1,1,1,1,1];1;true;true;1;1;57;[3,19];1.;1.
58;58.1;1;16;[1,2,2,2,2,2,2,2,2,2,2,2,2,2,2,29];3;false;true;2;1;29;[2,29];0.27586206896551724;3.625
58;58.2;58;58;[1,1,1,1,1,1,1,1,1,1,1,1,1,1,1,1,1,1,1,1,1,1,1,1,1,1,1,1,1,1,1,1,1,1,1,1,1,1,1,1,1,1,1,1,1,1,1,1,1,1,1,1,1,1,1,1,1,1];1;true;true;1;1;58;[2,29];1.;1.
59;59.1;59;59;[1,1,1,1,1,1,1,1,1,1,1,1,1,1,1,1,1,1,1,1,1,1,1,1,1,1,1,1,1,1,1,1,1,1,1,1,1,1,1,1,1,1,1,1,1,1,1,1,1,1,1,1,1,1,1,1,1,1,1];1;true;true;1;1;59;[59];1.;1.
60;60.1;10;30;[1,1,1,1,1,1,1,1,1,1,2,2,2,2,2,2,2,2,2,2,3,3,3,3,3,3,3,3,3,3];3;false;true;2;1;30;[2,3,5];0.5;2.
60;60.2;6;24;[1,1,1,1,1,1,2,2,2,2,2,2,2,2,2,2,2,2,5,5,5,5,5,5];3;false;true;2;1;30;[2,3,5];0.40000000000000002;2.5
60;60.3;2;18;[1,1,2,2,2,2,2,2,2,2,2,2,2,2,2,2,15,15];3;false;true;2;1;30;[2,3,5];0.29999999999999999;3.3333333333333335
60;60.4;60;60;[1,1,1,1,1,1,1,1,1,1,1,1,1,1,1,1,1,1,1,1,1,1,1,1,1,1,1,1,1,1,1,1,1,1,1,1,1,1,1,1,1,1,1,1,1,1,1,1,1,1,1,1,1,1,1,1,1,1,1,1];1;true;true;1;1;60;[2,3,5];1.;1.
60;60.5;1;5;[1,12,12,15,20];4;false;false;0;0;1;[2,3,5];0.083333333333333329;12.
60;60.6;3;15;[1,1,1,4,4,4,5,5,5,5,5,5,5,5,5];3;false;true;2;1;15;[2,3,5];0.25;4.
60;60.7;1;9;[1,2,4,4,4,5,10,15,15];6;false;true;2;1;15;[2,3,5];0.14999999999999999;6.666666666666667
60;60.8;1;12;[1,2,2,2,3,4,4,5,6,6,10,15];8;false;true;2;1;15;[2,3,5];0.20000000000000001;5.
60;60.9;5;20;[1,1,1,1,1,3,3,3,3,3,4,4,4,4,4,4,4,4,4,4];3;false;true;2;1;20;[2,3,5];0.33333333333333331;3.
60;60.10;6;24;[1,1,1,1,1,1,2,2,2,2,2,2,2,2,2,2,2,2,5,5,5,5,5,5];3;false;true;2;1;30;[2,3,5];0.40000000000000002;2.5
60;60.11;10;30;[1,1,1,1,1,1,1,1,1,1,2,2,2,2,2,2,2,2,2,2,3,3,3,3,3,3,3,3,3,3];3;false;true;2;1;30;[2,3,5];0.5;2.
60;60.12;2;18;[1,1,2,2,2,2,2,2,2,2,2,2,2,2,2,2,15,15];3;false;true;2;1;30;[2,3,5];0.29999999999999999;3.3333333333333335
60;60.13;60;60;[1,1,1,1,1,1,1,1,1,1,1,1,1,1,1,1,1,1,1,1,1,1,1,1,1,1,1,1,1,1,1,1,1,1,1,1,1,1,1,1,1,1,1,1,1,1,1,1,1,1,1,1,1,1,1,1,1,1,1,1];1;true;true;1;1;60;[2,3,5];1.;1.
61;61.1;61;61;[1,1,1,1,1,1,1,1,1,1,1,1,1,1,1,1,1,1,1,1,1,1,1,1,1,1,1,1,1,1,1,1,1,1,1,1,1,1,1,1,1,1,1,1,1,1,1,1,1,1,1,1,1,1,1,1,1,1,1,1,1];1;true;true;1;1;61;[61];1.;1.
62;62.1;1;17;[1,2,2,2,2,2,2,2,2,2,2,2,2,2,2,2,31];3;false;true;2;1;31;[2,31];0.27419354838709675;3.6470588235294117
62;62.2;62;62;[1,1,1,1,1,1,1,1,1,1,1,1,1,1,1,1,1,1,1,1,1,1,1,1,1,1,1,1,1,1,1,1,1,1,1,1,1,1,1,1,1,1,1,1,1,1,1,1,1,1,1,1,1,1,1,1,1,1,1,1,1,1];1;true;true;1;1;62;[2,31];1.;1.
63;63.1;3;15;[1,1,1,3,3,3,3,3,3,7,7,7,7,7,7];3;false;true;2;1;21;[3,7];0.23809523809523808;4.2000000000000002
63;63.2;63;63;[1,1,1,1,1,1,1,1,1,1,1,1,1,1,1,1,1,1,1,1,1,1,1,1,1,1,1,1,1,1,1,1,1,1,1,1,1,1,1,1,1,1,1,1,1,1,1,1,1,1,1,1,1,1,1,1,1,1,1,1,1,1,1];1;true;true;1;1;63;[3,7];1.;1.
63;63.3;3;15;[1,1,1,3,3,3,3,3,3,7,7,7,7,7,7];3;false;true;2;1;21;[3,7];0.23809523809523808;4.2000000000000002
63;63.4;63;63;[1,1,1,1,1,1,1,1,1,1,1,1,1,1,1,1,1,1,1,1,1,1,1,1,1,1,1,1,1,1,1,1,1,1,1,1,1,1,1,1,1,1,1,1,1,1,1,1,1,1,1,1,1,1,1,1,1,1,1,1,1,1,1];1;true;true;1;1;63;[3,7];1.;1.
64;64.1;64;64;[1,1,1,1,1,1,1,1,1,1,1,1,1,1,1,1,1,1,1,1,1,1,1,1,1,1,1,1,1,1,1,1,1,1,1,1,1,1,1,1,1,1,1,1,1,1,1,1,1,1,1,1,1,1,1,1,1,1,1,1,1,1,1,1];1;true;true;1;1;64;[2];1.;1.
64;64.2;64;64;[1,1,1,1,1,1,1,1,1,1,1,1,1,1,1,1,1,1,1,1,1,1,1,1,1,1,1,1,1,1,1,1,1,1,1,1,1,1,1,1,1,1,1,1,1,1,1,1,1,1,1,1,1,1,1,1,1,1,1,1,1,1,1,1];1;true;true;1;1;64;[2];1.;1.
64;64.3;16;40;[1,1,1,1,1,1,1,1,1,1,1,1,1,1,1,1,2,2,2,2,2,2,2,2,2,2,2,2,2,2,2,2,2,2,2,2,2,2,2,2];2;true;true;2;2;64;[2];0.625;1.6000000000000001
64;64.4;4;22;[1,1,1,1,2,2,2,2,2,2,4,4,4,4,4,4,4,4,4,4,4,4];3;true;true;2;2;64;[2];0.34375;2.9090909090909092
64;64.5;4;22;[1,1,1,1,2,2,2,2,2,2,4,4,4,4,4,4,4,4,4,4,4,4];3;true;true;2;2;64;[2];0.34375;2.9090909090909092
64;64.6;8;28;[1,1,1,1,1,1,1,1,2,2,2,2,2,2,2,2,2,2,2,2,4,4,4,4,4,4,4,4];3;true;true;2;2;64;[2];0.4375;2.2857142857142856
64;64.7;8;28;[1,1,1,1,1,1,1,1,2,2,2,2,2,2,2,2,2,2,2,2,4,4,4,4,4,4,4,4];3;true;true;2;2;64;[2];0.4375;2.2857142857142856
64;64.8;4;19;[1,1,1,1,2,2,2,2,4,4,4,4,4,4,4,4,4,8,8];4;true;true;2;2;64;[2];0.296875;3.3684210526315788
64;64.9;4;19;[1,1,1,1,2,2,2,2,4,4,4,4,4,4,4,4,4,8,8];4;true;true;2;2;64;[2];0.296875;3.3684210526315788
64;64.10;4;19;[1,1,1,1,2,2,2,2,4,4,4,4,4,4,4,4,4,8,8];4;true;true;2;2;64;[2];0.296875;3.3684210526315788
64;64.11;4;19;[1,1,1,1,2,2,2,2,4,4,4,4,4,4,4,4,4,8,8];4;true;true;2;2;64;[2];0.296875;3.3684210526315788
64;64.12;4;19;[1,1,1,1,2,2,2,2,4,4,4,4,4,4,4,4,4,8,8];4;true;true;2;2;64;[2];0.296875;3.3684210526315788
64;64.13;4;19;[1,1,1,1,2,2,2,2,4,4,4,4,4,4,4,4,4,8,8];4;true;true;2;2;64;[2];0.296875;3.3684210526315788
64;64.14;4;19;[1,1,1,1,2,2,2,2,4,4,4,4,4,4,4,4,4,8,8];4;true;true;2;2;64;[2];0.296875;3.3684210526315788
64;64.15;8;28;[1,1,1,1,1,1,1,1,2,2,2,2,2,2,2,2,2,2,2,2,4,4,4,4,4,4,4,4];3;true;true;2;2;64;[2];0.4375;2.2857142857142856
64;64.16;8;28;[1,1,1,1,1,1,1,1,2,2,2,2,2,2,2,2,2,2,2,2,4,4,4,4,4,4,4,4];3;true;true;2;2;64;[2];0.4375;2.2857142857142856
64;64.17;16;40;[1,1,1,1,1,1,1,1,1,1,1,1,1,1,1,1,2,2,2,2,2,2,2,2,2,2,2,2,2,2,2,2,2,2,2,2,2,2,2,2];2;true;true;2;2;64;[2];0.625;1.6000000000000001
64;64.18;4;22;[1,1,1,1,2,2,2,2,2,2,4,4,4,4,4,4,4,4,4,4,4,4];3;true;true;2;2;64;[2];0.34375;2.9090909090909092
64;64.19;4;22;[1,1,1,1,2,2,2,2,2,2,4,4,4,4,4,4,4,4,4,4,4,4];3;true;true;2;2;64;[2];0.34375;2.9090909090909092
64;64.20;8;28;[1,1,1,1,1,1,1,1,2,2,2,2,2,2,2,2,2,2,2,2,4,4,4,4,4,4,4,4];3;true;true;2;2;64;[2];0.4375;2.2857142857142856
64;64.21;8;28;[1,1,1,1,1,1,1,1,2,2,2,2,2,2,2,2,2,2,2,2,4,4,4,4,4,4,4,4];3;true;true;2;2;64;[2];0.4375;2.2857142857142856
64;64.22;8;28;[1,1,1,1,1,1,1,1,2,2,2,2,2,2,2,2,2,2,2,2,4,4,4,4,4,4,4,4];3;true;true;2;2;64;[2];0.4375;2.2857142857142856
64;64.23;4;22;[1,1,1,1,2,2,2,2,2,2,4,4,4,4,4,4,4,4,4,4,4,4];3;true;true;2;2;64;[2];0.34375;2.9090909090909092
64;64.24;4;22;[1,1,1,1,2,2,2,2,2,2,4,4,4,4,4,4,4,4,4,4,4,4];3;true;true;2;2;64;[2];0.34375;2.9090909090909092
64;64.25;4;22;[1,1,1,1,2,2,2,2,2,2,4,4,4,4,4,4,4,4,4,4,4,4];3;true;true;2;2;64;[2];0.34375;2.9090909090909092
64;64.26;64;64;[1,1,1,1,1,1,1,1,1,1,1,1,1,1,1,1,1,1,1,1,1,1,1,1,1,1,1,1,1,1,1,1,1,1,1,1,1,1,1,1,1,1,1,1,1,1,1,1,1,1,1,1,1,1,1,1,1,1,1,1,1,1,1,1];1;true;true;1;1;64;[2];1.;1.
64;64.27;16;40;[1,1,1,1,1,1,1,1,1,1,1,1,1,1,1,1,2,2,2,2,2,2,2,2,2,2,2,2,2,2,2,2,2,2,2,2,2,2,2,2];2;true;true;2;2;64;[2];0.625;1.6000000000000001
64;64.28;4;22;[1,1,1,1,2,2,2,2,2,2,4,4,4,4,4,4,4,4,4,4,4,4];3;true;true;2;2;64;[2];0.34375;2.9090909090909092
64;64.29;16;40;[1,1,1,1,1,1,1,1,1,1,1,1,1,1,1,1,2,2,2,2,2,2,2,2,2,2,2,2,2,2,2,2,2,2,2,2,2,2,2,2];2;true;true;2;2;64;[2];0.625;1.6000000000000001
64;64.30;4;22;[1,1,1,1,2,2,2,2,2,2,4,4,4,4,4,4,4,4,4,4,4,4];3;true;true;2;2;64;[2];0.34375;2.9090909090909092
64;64.31;8;28;[1,1,1,1,1,1,1,1,2,2,2,2,2,2,2,2,2,2,2,2,4,4,4,4,4,4,4,4];3;true;true;2;2;64;[2];0.4375;2.2857142857142856
64;64.32;2;13;[1,1,2,4,4,4,4,4,8,8,8,8,8];4;true;true;2;2;64;[2];0.203125;4.9230769230769234
64;64.33;2;13;[1,1,2,4,4,4,4,4,8,8,8,8,8];4;true;true;2;2;64;[2];0.203125;4.9230769230769234
64;64.34;2;13;[1,1,2,4,4,4,4,4,8,8,8,8,8];4;true;true;2;2;64;[2];0.203125;4.9230769230769234
64;64.35;2;13;[1,1,2,4,4,4,4,4,8,8,8,8,8];4;true;true;2;2;64;[2];0.203125;4.9230769230769234
64;64.36;2;13;[1,1,2,4,4,4,4,4,8,8,8,8,8];4;true;true;2;2;64;[2];0.203125;4.9230769230769234
64;64.37;2;13;[1,1,2,4,4,4,4,4,8,8,8,8,8];4;true;true;2;2;64;[2];0.203125;4.9230769230769234
64;64.38;4;22;[1,1,1,1,2,2,2,2,2,2,2,2,2,2,2,2,2,2,8,8,8,8];3;true;true;2;2;64;[2];0.34375;2.9090909090909092
64;64.39;4;22;[1,1,1,1,2,2,2,2,2,2,2,2,2,2,2,2,2,2,8,8,8,8];3;true;true;2;2;64;[2];0.34375;2.9090909090909092
64;64.40;4;22;[1,1,1,1,2,2,2,2,2,2,2,2,2,2,2,2,2,2,8,8,8,8];3;true;true;2;2;64;[2];0.34375;2.9090909090909092
64;64.41;2;16;[1,1,2,2,2,2,2,4,4,4,4,4,8,8,8,8];4;true;true;2;2;64;[2];0.25;4.
64;64.42;2;16;[1,1,2,2,2,2,2,4,4,4,4,4,8,8,8,8];4;true;true;2;2;64;[2];0.25;4.
64;64.43;2;16;[1,1,2,2,2,2,2,4,4,4,4,4,8,8,8,8];4;true;true;2;2;64;[2];0.25;4.
64;64.44;16;40;[1,1,1,1,1,1,1,1,1,1,1,1,1,1,1,1,2,2,2,2,2,2,2,2,2,2,2,2,2,2,2,2,2,2,2,2,2,2,2,2];2;true;true;2;2;64;[2];0.625;1.6000000000000001
64;64.45;8;28;[1,1,1,1,1,1,1,1,2,2,2,2,2,2,2,2,2,2,2,2,4,4,4,4,4,4,4,4];3;true;true;2;2;64;[2];0.4375;2.2857142857142856
64;64.46;2;16;[1,1,2,2,2,2,2,4,4,4,4,4,8,8,8,8];4;true;true;2;2;64;[2];0.25;4.
64;64.47;4;22;[1,1,1,1,2,2,2,2,2,2,2,2,2,2,2,2,2,2,8,8,8,8];3;true;true;2;2;64;[2];0.34375;2.9090909090909092
64;64.48;4;22;[1,1,1,1,2,2,2,2,2,2,2,2,2,2,2,2,2,2,8,8,8,8];3;true;true;2;2;64;[2];0.34375;2.9090909090909092
64;64.49;4;22;[1,1,1,1,2,2,2,2,2,2,2,2,2,2,2,2,2,2,8,8,8,8];3;true;true;2;2;64;[2];0.34375;2.9090909090909092
64;64.50;64;64;[1,1,1,1,1,1,1,1,1,1,1,1,1,1,1,1,1,1,1,1,1,1,1,1,1,1,1,1,1,1,1,1,1,1,1,1,1,1,1,1,1,1,1,1,1,1,1,1,1,1,1,1,1,1,1,1,1,1,1,1,1,1,1,1];1;true;true;1;1;64;[2];1.;1.
64;64.51;16;40;[1,1,1,1,1,1,1,1,1,1,1,1,1,1,1,1,2,2,2,2,2,2,2,2,2,2,2,2,2,2,2,2,2,2,2,2,2,2,2,2];2;true;true;2;2;64;[2];0.625;1.6000000000000001
64;64.52;2;19;[1,1,2,2,2,2,2,2,2,2,2,2,2,2,2,2,2,16,16];3;true;true;2;2;64;[2];0.296875;3.3684210526315788
64;64.53;2;19;[1,1,2,2,2,2,2,2,2,2,2,2,2,2,2,2,2,16,16];3;true;true;2;2;64;[2];0.296875;3.3684210526315788
64;64.54;2;19;[1,1,2,2,2,2,2,2,2,2,2,2,2,2,2,2,2,16,16];3;true;true;2;2;64;[2];0.296875;3.3684210526315788
64;64.55;64;64;[1,1,1,1,1,1,1,1,1,1,1,1,1,1,1,1,1,1,1,1,1,1,1,1,1,1,1,1,1,1,1,1,1,1,1,1,1,1,1,1,1,1,1,1,1,1,1,1,1,1,1,1,1,1,1,1,1,1,1,1,1,1,1,1];1;true;true;1;1;64;[2];1.;1.
64;64.56;16;40;[1,1,1,1,1,1,1,1,1,1,1,1,1,1,1,1,2,2,2,2,2,2,2,2,2,2,2,2,2,2,2,2,2,2,2,2,2,2,2,2];2;true;true;2;2;64;[2];0.625;1.6000000000000001
64;64.57;16;40;[1,1,1,1,1,1,1,1,1,1,1,1,1,1,1,1,2,2,2,2,2,2,2,2,2,2,2,2,2,2,2,2,2,2,2,2,2,2,2,2];2;true;true;2;2;64;[2];0.625;1.6000000000000001
64;64.58;16;40;[1,1,1,1,1,1,1,1,1,1,1,1,1,1,1,1,2,2,2,2,2,2,2,2,2,2,2,2,2,2,2,2,2,2,2,2,2,2,2,2];2;true;true;2;2;64;[2];0.625;1.6000000000000001
64;64.59;16;40;[1,1,1,1,1,1,1,1,1,1,1,1,1,1,1,1,2,2,2,2,2,2,2,2,2,2,2,2,2,2,2,2,2,2,2,2,2,2,2,2];2;true;true;2;2;64;[2];0.625;1.6000000000000001
64;64.60;8;28;[1,1,1,1,1,1,1,1,2,2,2,2,2,2,2,2,2,2,2,2,4,4,4,4,4,4,4,4];3;true;true;2;2;64;[2];0.4375;2.2857142857142856
64;64.61;8;28;[1,1,1,1,1,1,1,1,2,2,2,2,2,2,2,2,2,2,2,2,4,4,4,4,4,4,4,4];3;true;true;2;2;64;[2];0.4375;2.2857142857142856
64;64.62;8;28;[1,1,1,1,1,1,1,1,2,2,2,2,2,2,2,2,2,2,2,2,4,4,4,4,4,4,4,4];3;true;true;2;2;64;[2];0.4375;2.2857142857142856
64;64.63;8;28;[1,1,1,1,1,1,1,1,2,2,2,2,2,2,2,2,2,2,2,2,4,4,4,4,4,4,4,4];3;true;true;2;2;64;[2];0.4375;2.2857142857142856
64;64.64;8;28;[1,1,1,1,1,1,1,1,2,2,2,2,2,2,2,2,2,2,2,2,4,4,4,4,4,4,4,4];3;true;true;2;2;64;[2];0.4375;2.2857142857142856
64;64.65;8;28;[1,1,1,1,1,1,1,1,2,2,2,2,2,2,2,2,2,2,2,2,4,4,4,4,4,4,4,4];3;true;true;2;2;64;[2];0.4375;2.2857142857142856
64;64.66;8;28;[1,1,1,1,1,1,1,1,2,2,2,2,2,2,2,2,2,2,2,2,4,4,4,4,4,4,4,4];3;true;true;2;2;64;[2];0.4375;2.2857142857142856
64;64.67;8;28;[1,1,1,1,1,1,1,1,2,2,2,2,2,2,2,2,2,2,2,2,4,4,4,4,4,4,4,4];3;true;true;2;2;64;[2];0.4375;2.2857142857142856
64;64.68;8;28;[1,1,1,1,1,1,1,1,2,2,2,2,2,2,2,2,2,2,2,2,4,4,4,4,4,4,4,4];3;true;true;2;2;64;[2];0.4375;2.2857142857142856
64;64.69;8;28;[1,1,1,1,1,1,1,1,2,2,2,2,2,2,2,2,2,2,2,2,4,4,4,4,4,4,4,4];3;true;true;2;2;64;[2];0.4375;2.2857142857142856
64;64.70;8;28;[1,1,1,1,1,1,1,1,2,2,2,2,2,2,2,2,2,2,2,2,4,4,4,4,4,4,4,4];3;true;true;2;2;64;[2];0.4375;2.2857142857142856
64;64.71;8;28;[1,1,1,1,1,1,1,1,2,2,2,2,2,2,2,2,2,2,2,2,4,4,4,4,4,4,4,4];3;true;true;2;2;64;[2];0.4375;2.2857142857142856
64;64.72;8;28;[1,1,1,1,1,1,1,1,2,2,2,2,2,2,2,2,2,2,2,2,4,4,4,4,4,4,4,4];3;true;true;2;2;64;[2];0.4375;2.2857142857142856
64;64.73;8;22;[1,1,1,1,1,1,1,1,4,4,4,4,4,4,4,4,4,4,4,4,4,4];2;true;true;2;2;64;[2];0.34375;2.9090909090909092
64;64.74;8;22;[1,1,1,1,1,1,1,1,4,4,4,4,4,4,4,4,4,4,4,4,4,4];2;true;true;2;2;64;[2];0.34375;2.9090909090909092
64;64.75;8;22;[1,1,1,1,1,1,1,1,4,4,4,4,4,4,4,4,4,4,4,4,4,4];2;true;true;2;2;64;[2];0.34375;2.9090909090909092
64;64.76;8;22;[1,1,1,1,1,1,1,1,4,4,4,4,4,4,4,4,4,4,4,4,4,4];2;true;true;2;2;64;[2];0.34375;2.9090909090909092
64;64.77;8;22;[1,1,1,1,1,1,1,1,4,4,4,4,4,4,4,4,4,4,4,4,4,4];2;true;true;2;2;64;[2];0.34375;2.9090909090909092
64;64.78;8;22;[1,1,1,1,1,1,1,1,4,4,4,4,4,4,4,4,4,4,4,4,4,4];2;true;true;2;2;64;[2];0.34375;2.9090909090909092
64;64.79;8;22;[1,1,1,1,1,1,1,1,4,4,4,4,4,4,4,4,4,4,4,4,4,4];2;true;true;2;2;64;[2];0.34375;2.9090909090909092
64;64.80;8;22;[1,1,1,1,1,1,1,1,4,4,4,4,4,4,4,4,4,4,4,4,4,4];2;true;true;2;2;64;[2];0.34375;2.9090909090909092
64;64.81;8;22;[1,1,1,1,1,1,1,1,4,4,4,4,4,4,4,4,4,4,4,4,4,4];2;true;true;2;2;64;[2];0.34375;2.9090909090909092
64;64.82;8;22;[1,1,1,1,1,1,1,1,4,4,4,4,4,4,4,4,4,4,4,4,4,4];2;true;true;2;2;64;[2];0.34375;2.9090909090909092
64;64.83;64;64;[1,1,1,1,1,1,1,1,1,1,1,1,1,1,1,1,1,1,1,1,1,1,1,1,1,1,1,1,1,1,1,1,1,1,1,1,1,1,1,1,1,1,1,1,1,1,1,1,1,1,1,1,1,1,1,1,1,1,1,1,1,1,1,1];1;true;true;1;1;64;[2];1.;1.
64;64.84;16;40;[1,1,1,1,1,1,1,1,1,1,1,1,1,1,1,1,2,2,2,2,2,2,2,2,2,2,2,2,2,2,2,2,2,2,2,2,2,2,2,2];2;true;true;2;2;64;[2];0.625;1.6000000000000001
64;64.85;16;40;[1,1,1,1,1,1,1,1,1,1,1,1,1,1,1,1,2,2,2,2,2,2,2,2,2,2,2,2,2,2,2,2,2,2,2,2,2,2,2,2];2;true;true;2;2;64;[2];0.625;1.6000000000000001
64;64.86;16;40;[1,1,1,1,1,1,1,1,1,1,1,1,1,1,1,1,2,2,2,2,2,2,2,2,2,2,2,2,2,2,2,2,2,2,2,2,2,2,2,2];2;true;true;2;2;64;[2];0.625;1.6000000000000001
64;64.87;16;40;[1,1,1,1,1,1,1,1,1,1,1,1,1,1,1,1,2,2,2,2,2,2,2,2,2,2,2,2,2,2,2,2,2,2,2,2,2,2,2,2];2;true;true;2;2;64;[2];0.625;1.6000000000000001
64;64.88;8;28;[1,1,1,1,1,1,1,1,2,2,2,2,2,2,2,2,2,2,2,2,4,4,4,4,4,4,4,4];3;true;true;2;2;64;[2];0.4375;2.2857142857142856
64;64.89;8;28;[1,1,1,1,1,1,1,1,2,2,2,2,2,2,2,2,2,2,2,2,4,4,4,4,4,4,4,4];3;true;true;2;2;64;[2];0.4375;2.2857142857142856
64;64.90;4;22;[1,1,1,1,2,2,2,2,2,2,4,4,4,4,4,4,4,4,4,4,4,4];3;true;true;2;2;64;[2];0.34375;2.9090909090909092
64;64.91;4;22;[1,1,1,1,2,2,2,2,2,2,4,4,4,4,4,4,4,4,4,4,4,4];3;true;true;2;2;64;[2];0.34375;2.9090909090909092
64;64.92;4;22;[1,1,1,1,2,2,2,2,2,2,4,4,4,4,4,4,4,4,4,4,4,4];3;true;true;2;2;64;[2];0.34375;2.9090909090909092
64;64.93;4;22;[1,1,1,1,2,2,2,2,2,2,4,4,4,4,4,4,4,4,4,4,4,4];3;true;true;2;2;64;[2];0.34375;2.9090909090909092
64;64.94;4;22;[1,1,1,1,2,2,2,2,2,2,4,4,4,4,4,4,4,4,4,4,4,4];3;true;true;2;2;64;[2];0.34375;2.9090909090909092
64;64.95;8;28;[1,1,1,1,1,1,1,1,2,2,2,2,2,2,2,2,2,2,2,2,4,4,4,4,4,4,4,4];3;true;true;2;2;64;[2];0.4375;2.2857142857142856
64;64.96;8;28;[1,1,1,1,1,1,1,1,2,2,2,2,2,2,2,2,2,2,2,2,4,4,4,4,4,4,4,4];3;true;true;2;2;64;[2];0.4375;2.2857142857142856
64;64.97;8;28;[1,1,1,1,1,1,1,1,2,2,2,2,2,2,2,2,2,2,2,2,4,4,4,4,4,4,4,4];3;true;true;2;2;64;[2];0.4375;2.2857142857142856
64;64.98;4;22;[1,1,1,1,2,2,2,2,2,2,4,4,4,4,4,4,4,4,4,4,4,4];3;true;true;2;2;64;[2];0.34375;2.9090909090909092
64;64.99;4;22;[1,1,1,1,2,2,2,2,2,2,4,4,4,4,4,4,4,4,4,4,4,4];3;true;true;2;2;64;[2];0.34375;2.9090909090909092
64;64.100;4;22;[1,1,1,1,2,2,2,2,2,2,4,4,4,4,4,4,4,4,4,4,4,4];3;true;true;2;2;64;[2];0.34375;2.9090909090909092
64;64.101;8;28;[1,1,1,1,1,1,1,1,2,2,2,2,2,2,2,2,2,2,2,2,4,4,4,4,4,4,4,4];3;true;true;2;2;64;[2];0.4375;2.2857142857142856
64;64.102;4;22;[1,1,1,1,2,2,2,2,2,2,4,4,4,4,4,4,4,4,4,4,4,4];3;true;true;2;2;64;[2];0.34375;2.9090909090909092
64;64.103;16;40;[1,1,1,1,1,1,1,1,1,1,1,1,1,1,1,1,2,2,2,2,2,2,2,2,2,2,2,2,2,2,2,2,2,2,2,2,2,2,2,2];2;true;true;2;2;64;[2];0.625;1.6000000000000001
64;64.104;8;28;[1,1,1,1,1,1,1,1,2,2,2,2,2,2,2,2,2,2,2,2,4,4,4,4,4,4,4,4];3;true;true;2;2;64;[2];0.4375;2.2857142857142856
64;64.105;8;28;[1,1,1,1,1,1,1,1,2,2,2,2,2,2,2,2,2,2,2,2,4,4,4,4,4,4,4,4];3;true;true;2;2;64;[2];0.4375;2.2857142857142856
64;64.106;8;28;[1,1,1,1,1,1,1,1,2,2,2,2,2,2,2,2,2,2,2,2,4,4,4,4,4,4,4,4];3;true;true;2;2;64;[2];0.4375;2.2857142857142856
64;64.107;8;28;[1,1,1,1,1,1,1,1,2,2,2,2,2,2,2,2,2,2,2,2,4,4,4,4,4,4,4,4];3;true;true;2;2;64;[2];0.4375;2.2857142857142856
64;64.108;8;28;[1,1,1,1,1,1,1,1,2,2,2,2,2,2,2,2,2,2,2,2,4,4,4,4,4,4,4,4];3;true;true;2;2;64;[2];0.4375;2.2857142857142856
64;64.109;4;22;[1,1,1,1,2,2,2,2,2,2,4,4,4,4,4,4,4,4,4,4,4,4];3;true;true;2;2;64;[2];0.34375;2.9090909090909092
64;64.110;8;28;[1,1,1,1,1,1,1,1,2,2,2,2,2,2,2,2,2,2,2,2,4,4,4,4,4,4,4,4];3;true;true;2;2;64;[2];0.4375;2.2857142857142856
64;64.111;4;22;[1,1,1,1,2,2,2,2,2,2,4,4,4,4,4,4,4,4,4,4,4,4];3;true;true;2;2;64;[2];0.34375;2.9090909090909092
64;64.112;16;40;[1,1,1,1,1,1,1,1,1,1,1,1,1,1,1,1,2,2,2,2,2,2,2,2,2,2,2,2,2,2,2,2,2,2,2,2,2,2,2,2];2;true;true;2;2;64;[2];0.625;1.6000000000000001
64;64.113;8;28;[1,1,1,1,1,1,1,1,2,2,2,2,2,2,2,2,2,2,2,2,4,4,4,4,4,4,4,4];3;true;true;2;2;64;[2];0.4375;2.2857142857142856
64;64.114;8;28;[1,1,1,1,1,1,1,1,2,2,2,2,2,2,2,2,2,2,2,2,4,4,4,4,4,4,4,4];3;true;true;2;2;64;[2];0.4375;2.2857142857142856
64;64.115;16;40;[1,1,1,1,1,1,1,1,1,1,1,1,1,1,1,1,2,2,2,2,2,2,2,2,2,2,2,2,2,2,2,2,2,2,2,2,2,2,2,2];2;true;true;2;2;64;[2];0.625;1.6000000000000001
64;64.116;8;28;[1,1,1,1,1,1,1,1,2,2,2,2,2,2,2,2,2,2,2,2,4,4,4,4,4,4,4,4];3;true;true;2;2;64;[2];0.4375;2.2857142857142856
64;64.117;8;28;[1,1,1,1,1,1,1,1,2,2,2,2,2,2,2,2,2,2,2,2,4,4,4,4,4,4,4,4];3;true;true;2;2;64;[2];0.4375;2.2857142857142856
64;64.118;8;28;[1,1,1,1,1,1,1,1,2,2,2,2,2,2,2,2,2,2,2,2,4,4,4,4,4,4,4,4];3;true;true;2;2;64;[2];0.4375;2.2857142857142856
64;64.119;8;28;[1,1,1,1,1,1,1,1,2,2,2,2,2,2,2,2,2,2,2,2,4,4,4,4,4,4,4,4];3;true;true;2;2;64;[2];0.4375;2.2857142857142856
64;64.120;8;28;[1,1,1,1,1,1,1,1,2,2,2,2,2,2,2,2,2,2,2,2,4,4,4,4,4,4,4,4];3;true;true;2;2;64;[2];0.4375;2.2857142857142856
64;64.121;4;22;[1,1,1,1,2,2,2,2,2,2,4,4,4,4,4,4,4,4,4,4,4,4];3;true;true;2;2;64;[2];0.34375;2.9090909090909092
64;64.122;4;22;[1,1,1,1,2,2,2,2,2,2,4,4,4,4,4,4,4,4,4,4,4,4];3;true;true;2;2;64;[2];0.34375;2.9090909090909092
64;64.123;4;22;[1,1,1,1,2,2,2,2,2,2,4,4,4,4,4,4,4,4,4,4,4,4];3;true;true;2;2;64;[2];0.34375;2.9090909090909092
64;64.124;8;28;[1,1,1,1,1,1,1,1,2,2,2,2,2,2,2,2,2,2,2,2,4,4,4,4,4,4,4,4];3;true;true;2;2;64;[2];0.4375;2.2857142857142856
64;64.125;4;22;[1,1,1,1,2,2,2,2,2,2,4,4,4,4,4,4,4,4,4,4,4,4];3;true;true;2;2;64;[2];0.34375;2.9090909090909092
64;64.126;16;40;[1,1,1,1,1,1,1,1,1,1,1,1,1,1,1,1,2,2,2,2,2,2,2,2,2,2,2,2,2,2,2,2,2,2,2,2,2,2,2,2];2;true;true;2;2;64;[2];0.625;1.6000000000000001
64;64.127;8;28;[1,1,1,1,1,1,1,1,2,2,2,2,2,2,2,2,2,2,2,2,4,4,4,4,4,4,4,4];3;true;true;2;2;64;[2];0.4375;2.2857142857142856
64;64.128;4;19;[1,1,1,1,2,2,2,2,4,4,4,4,4,4,4,4,4,8,8];4;true;true;2;2;64;[2];0.296875;3.3684210526315788
64;64.129;4;19;[1,1,1,1,2,2,2,2,4,4,4,4,4,4,4,4,4,8,8];4;true;true;2;2;64;[2];0.296875;3.3684210526315788
64;64.130;4;19;[1,1,1,1,2,2,2,2,4,4,4,4,4,4,4,4,4,8,8];4;true;true;2;2;64;[2];0.296875;3.3684210526315788
64;64.131;4;19;[1,1,1,1,2,2,2,2,4,4,4,4,4,4,4,4,4,8,8];4;true;true;2;2;64;[2];0.296875;3.3684210526315788
64;64.132;4;19;[1,1,1,1,2,2,2,2,4,4,4,4,4,4,4,4,4,8,8];4;true;true;2;2;64;[2];0.296875;3.3684210526315788
64;64.133;4;19;[1,1,1,1,2,2,2,2,4,4,4,4,4,4,4,4,4,8,8];4;true;true;2;2;64;[2];0.296875;3.3684210526315788
64;64.134;2;16;[1,1,2,2,2,4,4,4,4,4,4,4,4,8,8,8];4;true;true;2;2;64;[2];0.25;4.
64;64.135;2;16;[1,1,2,2,2,4,4,4,4,4,4,4,4,8,8,8];4;true;true;2;2;64;[2];0.25;4.
64;64.136;2;16;[1,1,2,2,2,4,4,4,4,4,4,4,4,8,8,8];4;true;true;2;2;64;[2];0.25;4.
64;64.137;2;16;[1,1,2,2,2,4,4,4,4,4,4,4,4,8,8,8];4;true;true;2;2;64;[2];0.25;4.
64;64.138;2;16;[1,1,2,2,2,4,4,4,4,4,4,4,4,8,8,8];4;true;true;2;2;64;[2];0.25;4.
64;64.139;2;16;[1,1,2,2,2,4,4,4,4,4,4,4,4,8,8,8];4;true;true;2;2;64;[2];0.25;4.
64;64.140;4;19;[1,1,1,1,2,2,2,2,4,4,4,4,4,4,4,4,4,8,8];4;true;true;2;2;64;[2];0.296875;3.3684210526315788
64;64.141;4;19;[1,1,1,1,2,2,2,2,4,4,4,4,4,4,4,4,4,8,8];4;true;true;2;2;64;[2];0.296875;3.3684210526315788
64;64.142;4;19;[1,1,1,1,2,2,2,2,4,4,4,4,4,4,4,4,4,8,8];4;true;true;2;2;64;[2];0.296875;3.3684210526315788
64;64.143;4;19;[1,1,1,1,2,2,2,2,4,4,4,4,4,4,4,4,4,8,8];4;true;true;2;2;64;[2];0.296875;3.3684210526315788
64;64.144;4;19;[1,1,1,1,2,2,2,2,4,4,4,4,4,4,4,4,4,8,8];4;true;true;2;2;64;[2];0.296875;3.3684210526315788
64;64.145;4;19;[1,1,1,1,2,2,2,2,4,4,4,4,4,4,4,4,4,8,8];4;true;true;2;2;64;[2];0.296875;3.3684210526315788
64;64.146;4;22;[1,1,1,1,2,2,2,2,2,2,2,2,2,2,2,2,2,2,8,8,8,8];3;true;true;2;2;64;[2];0.34375;2.9090909090909092
64;64.147;4;22;[1,1,1,1,2,2,2,2,2,2,2,2,2,2,2,2,2,2,8,8,8,8];3;true;true;2;2;64;[2];0.34375;2.9090909090909092
64;64.148;4;22;[1,1,1,1,2,2,2,2,2,2,2,2,2,2,2,2,2,2,8,8,8,8];3;true;true;2;2;64;[2];0.34375;2.9090909090909092
64;64.149;4;16;[1,1,1,1,2,2,4,4,4,4,4,4,8,8,8,8];4;true;true;2;2;64;[2];0.25;4.
64;64.150;4;16;[1,1,1,1,2,2,4,4,4,4,4,4,8,8,8,8];4;true;true;2;2;64;[2];0.25;4.
64;64.151;4;16;[1,1,1,1,2,2,4,4,4,4,4,4,8,8,8,8];4;true;true;2;2;64;[2];0.25;4.
64;64.152;2;16;[1,1,2,2,2,2,2,4,4,4,4,4,8,8,8,8];4;true;true;2;2;64;[2];0.25;4.
64;64.153;2;16;[1,1,2,2,2,2,2,4,4,4,4,4,8,8,8,8];4;true;true;2;2;64;[2];0.25;4.
64;64.154;2;16;[1,1,2,2,2,2,2,4,4,4,4,4,8,8,8,8];4;true;true;2;2;64;[2];0.25;4.
64;64.155;4;19;[1,1,1,1,2,2,2,2,4,4,4,4,4,4,4,4,4,8,8];4;true;true;2;2;64;[2];0.296875;3.3684210526315788
64;64.156;4;19;[1,1,1,1,2,2,2,2,4,4,4,4,4,4,4,4,4,8,8];4;true;true;2;2;64;[2];0.296875;3.3684210526315788
64;64.157;4;19;[1,1,1,1,2,2,2,2,4,4,4,4,4,4,4,4,4,8,8];4;true;true;2;2;64;[2];0.296875;3.3684210526315788
64;64.158;4;19;[1,1,1,1,2,2,2,2,4,4,4,4,4,4,4,4,4,8,8];4;true;true;2;2;64;[2];0.296875;3.3684210526315788
64;64.159;4;19;[1,1,1,1,2,2,2,2,4,4,4,4,4,4,4,4,4,8,8];4;true;true;2;2;64;[2];0.296875;3.3684210526315788
64;64.160;4;19;[1,1,1,1,2,2,2,2,4,4,4,4,4,4,4,4,4,8,8];4;true;true;2;2;64;[2];0.296875;3.3684210526315788
64;64.161;4;19;[1,1,1,1,2,2,2,2,4,4,4,4,4,4,4,4,4,8,8];4;true;true;2;2;64;[2];0.296875;3.3684210526315788
64;64.162;4;19;[1,1,1,1,2,2,2,2,4,4,4,4,4,4,4,4,4,8,8];4;true;true;2;2;64;[2];0.296875;3.3684210526315788
64;64.163;4;19;[1,1,1,1,2,2,2,2,4,4,4,4,4,4,4,4,4,8,8];4;true;true;2;2;64;[2];0.296875;3.3684210526315788
64;64.164;4;19;[1,1,1,1,2,2,2,2,4,4,4,4,4,4,4,4,4,8,8];4;true;true;2;2;64;[2];0.296875;3.3684210526315788
64;64.165;4;19;[1,1,1,1,2,2,2,2,4,4,4,4,4,4,4,4,4,8,8];4;true;true;2;2;64;[2];0.296875;3.3684210526315788
64;64.166;4;19;[1,1,1,1,2,2,2,2,4,4,4,4,4,4,4,4,4,8,8];4;true;true;2;2;64;[2];0.296875;3.3684210526315788
64;64.167;4;22;[1,1,1,1,2,2,2,2,2,2,2,2,2,2,2,2,2,2,8,8,8,8];3;true;true;2;2;64;[2];0.34375;2.9090909090909092
64;64.168;4;22;[1,1,1,1,2,2,2,2,2,2,2,2,2,2,2,2,2,2,8,8,8,8];3;true;true;2;2;64;[2];0.34375;2.9090909090909092
64;64.169;4;22;[1,1,1,1,2,2,2,2,2,2,2,2,2,2,2,2,2,2,8,8,8,8];3;true;true;2;2;64;[2];0.34375;2.9090909090909092
64;64.170;4;16;[1,1,1,1,2,2,4,4,4,4,4,4,8,8,8,8];4;true;true;2;2;64;[2];0.25;4.
64;64.171;4;16;[1,1,1,1,2,2,4,4,4,4,4,4,8,8,8,8];4;true;true;2;2;64;[2];0.25;4.
64;64.172;4;16;[1,1,1,1,2,2,4,4,4,4,4,4,8,8,8,8];4;true;true;2;2;64;[2];0.25;4.
64;64.173;4;22;[1,1,1,1,2,2,2,2,2,2,2,2,2,2,2,2,2,2,8,8,8,8];3;true;true;2;2;64;[2];0.34375;2.9090909090909092
64;64.174;4;22;[1,1,1,1,2,2,2,2,2,2,2,2,2,2,2,2,2,2,8,8,8,8];3;true;true;2;2;64;[2];0.34375;2.9090909090909092
64;64.175;4;22;[1,1,1,1,2,2,2,2,2,2,2,2,2,2,2,2,2,2,8,8,8,8];3;true;true;2;2;64;[2];0.34375;2.9090909090909092
64;64.176;4;22;[1,1,1,1,2,2,2,2,2,2,2,2,2,2,2,2,2,2,8,8,8,8];3;true;true;2;2;64;[2];0.34375;2.9090909090909092
64;64.177;4;16;[1,1,1,1,2,2,4,4,4,4,4,4,8,8,8,8];4;true;true;2;2;64;[2];0.25;4.
64;64.178;4;16;[1,1,1,1,2,2,4,4,4,4,4,4,8,8,8,8];4;true;true;2;2;64;[2];0.25;4.
64;64.179;4;22;[1,1,1,1,2,2,2,2,2,2,2,2,2,2,2,2,2,2,8,8,8,8];3;true;true;2;2;64;[2];0.34375;2.9090909090909092
64;64.180;4;22;[1,1,1,1,2,2,2,2,2,2,2,2,2,2,2,2,2,2,8,8,8,8];3;true;true;2;2;64;[2];0.34375;2.9090909090909092
64;64.181;4;22;[1,1,1,1,2,2,2,2,2,2,2,2,2,2,2,2,2,2,8,8,8,8];3;true;true;2;2;64;[2];0.34375;2.9090909090909092
64;64.182;4;16;[1,1,1,1,2,2,4,4,4,4,4,4,8,8,8,8];4;true;true;2;2;64;[2];0.25;4.
64;64.183;64;64;[1,1,1,1,1,1,1,1,1,1,1,1,1,1,1,1,1,1,1,1,1,1,1,1,1,1,1,1,1,1,1,1,1,1,1,1,1,1,1,1,1,1,1,1,1,1,1,1,1,1,1,1,1,1,1,1,1,1,1,1,1,1,1,1];1;true;true;1;1;64;[2];1.;1.
64;64.184;16;40;[1,1,1,1,1,1,1,1,1,1,1,1,1,1,1,1,2,2,2,2,2,2,2,2,2,2,2,2,2,2,2,2,2,2,2,2,2,2,2,2];2;true;true;2;2;64;[2];0.625;1.6000000000000001
64;64.185;16;40;[1,1,1,1,1,1,1,1,1,1,1,1,1,1,1,1,2,2,2,2,2,2,2,2,2,2,2,2,2,2,2,2,2,2,2,2,2,2,2,2];2;true;true;2;2;64;[2];0.625;1.6000000000000001
64;64.186;4;22;[1,1,1,1,2,2,2,2,2,2,2,2,2,2,2,2,2,2,8,8,8,8];3;true;true;2;2;64;[2];0.34375;2.9090909090909092
64;64.187;4;22;[1,1,1,1,2,2,2,2,2,2,2,2,2,2,2,2,2,2,8,8,8,8];3;true;true;2;2;64;[2];0.34375;2.9090909090909092
64;64.188;4;22;[1,1,1,1,2,2,2,2,2,2,2,2,2,2,2,2,2,2,8,8,8,8];3;true;true;2;2;64;[2];0.34375;2.9090909090909092
64;64.189;4;22;[1,1,1,1,2,2,2,2,2,2,2,2,2,2,2,2,2,2,8,8,8,8];3;true;true;2;2;64;[2];0.34375;2.9090909090909092
64;64.190;2;16;[1,1,2,2,2,2,2,4,4,4,4,4,8,8,8,8];4;true;true;2;2;64;[2];0.25;4.
64;64.191;2;16;[1,1,2,2,2,2,2,4,4,4,4,4,8,8,8,8];4;true;true;2;2;64;[2];0.25;4.
64;64.192;64;64;[1,1,1,1,1,1,1,1,1,1,1,1,1,1,1,1,1,1,1,1,1,1,1,1,1,1,1,1,1,1,1,1,1,1,1,1,1,1,1,1,1,1,1,1,1,1,1,1,1,1,1,1,1,1,1,1,1,1,1,1,1,1,1,1];1;true;true;1;1;64;[2];1.;1.
64;64.193;16;40;[1,1,1,1,1,1,1,1,1,1,1,1,1,1,1,1,2,2,2,2,2,2,2,2,2,2,2,2,2,2,2,2,2,2,2,2,2,2,2,2];2;true;true;2;2;64;[2];0.625;1.6000000000000001
64;64.194;16;40;[1,1,1,1,1,1,1,1,1,1,1,1,1,1,1,1,2,2,2,2,2,2,2,2,2,2,2,2,2,2,2,2,2,2,2,2,2,2,2,2];2;true;true;2;2;64;[2];0.625;1.6000000000000001
64;64.195;16;40;[1,1,1,1,1,1,1,1,1,1,1,1,1,1,1,1,2,2,2,2,2,2,2,2,2,2,2,2,2,2,2,2,2,2,2,2,2,2,2,2];2;true;true;2;2;64;[2];0.625;1.6000000000000001
64;64.196;16;40;[1,1,1,1,1,1,1,1,1,1,1,1,1,1,1,1,2,2,2,2,2,2,2,2,2,2,2,2,2,2,2,2,2,2,2,2,2,2,2,2];2;true;true;2;2;64;[2];0.625;1.6000000000000001
64;64.197;16;40;[1,1,1,1,1,1,1,1,1,1,1,1,1,1,1,1,2,2,2,2,2,2,2,2,2,2,2,2,2,2,2,2,2,2,2,2,2,2,2,2];2;true;true;2;2;64;[2];0.625;1.6000000000000001
64;64.198;16;40;[1,1,1,1,1,1,1,1,1,1,1,1,1,1,1,1,2,2,2,2,2,2,2,2,2,2,2,2,2,2,2,2,2,2,2,2,2,2,2,2];2;true;true;2;2;64;[2];0.625;1.6000000000000001
64;64.199;4;34;[1,1,1,1,2,2,2,2,2,2,2,2,2,2,2,2,2,2,2,2,2,2,2,2,2,2,2,2,2,2,2,2,2,2];2;true;true;2;2;64;[2];0.53125;1.8823529411764706
64;64.200;4;34;[1,1,1,1,2,2,2,2,2,2,2,2,2,2,2,2,2,2,2,2,2,2,2,2,2,2,2,2,2,2,2,2,2,2];2;true;true;2;2;64;[2];0.53125;1.8823529411764706
64;64.201;4;34;[1,1,1,1,2,2,2,2,2,2,2,2,2,2,2,2,2,2,2,2,2,2,2,2,2,2,2,2,2,2,2,2,2,2];2;true;true;2;2;64;[2];0.53125;1.8823529411764706
64;64.202;8;28;[1,1,1,1,1,1,1,1,2,2,2,2,2,2,2,2,2,2,2,2,4,4,4,4,4,4,4,4];3;true;true;2;2;64;[2];0.4375;2.2857142857142856
64;64.203;8;28;[1,1,1,1,1,1,1,1,2,2,2,2,2,2,2,2,2,2,2,2,4,4,4,4,4,4,4,4];3;true;true;2;2;64;[2];0.4375;2.2857142857142856
64;64.204;8;28;[1,1,1,1,1,1,1,1,2,2,2,2,2,2,2,2,2,2,2,2,4,4,4,4,4,4,4,4];3;true;true;2;2;64;[2];0.4375;2.2857142857142856
64;64.205;8;28;[1,1,1,1,1,1,1,1,2,2,2,2,2,2,2,2,2,2,2,2,4,4,4,4,4,4,4,4];3;true;true;2;2;64;[2];0.4375;2.2857142857142856
64;64.206;8;28;[1,1,1,1,1,1,1,1,2,2,2,2,2,2,2,2,2,2,2,2,4,4,4,4,4,4,4,4];3;true;true;2;2;64;[2];0.4375;2.2857142857142856
64;64.207;8;28;[1,1,1,1,1,1,1,1,2,2,2,2,2,2,2,2,2,2,2,2,4,4,4,4,4,4,4,4];3;true;true;2;2;64;[2];0.4375;2.2857142857142856
64;64.208;8;28;[1,1,1,1,1,1,1,1,2,2,2,2,2,2,2,2,2,2,2,2,4,4,4,4,4,4,4,4];3;true;true;2;2;64;[2];0.4375;2.2857142857142856
64;64.209;8;28;[1,1,1,1,1,1,1,1,2,2,2,2,2,2,2,2,2,2,2,2,4,4,4,4,4,4,4,4];3;true;true;2;2;64;[2];0.4375;2.2857142857142856
64;64.210;8;28;[1,1,1,1,1,1,1,1,2,2,2,2,2,2,2,2,2,2,2,2,4,4,4,4,4,4,4,4];3;true;true;2;2;64;[2];0.4375;2.2857142857142856
64;64.211;8;28;[1,1,1,1,1,1,1,1,2,2,2,2,2,2,2,2,2,2,2,2,4,4,4,4,4,4,4,4];3;true;true;2;2;64;[2];0.4375;2.2857142857142856
64;64.212;8;28;[1,1,1,1,1,1,1,1,2,2,2,2,2,2,2,2,2,2,2,2,4,4,4,4,4,4,4,4];3;true;true;2;2;64;[2];0.4375;2.2857142857142856
64;64.213;8;28;[1,1,1,1,1,1,1,1,2,2,2,2,2,2,2,2,2,2,2,2,4,4,4,4,4,4,4,4];3;true;true;2;2;64;[2];0.4375;2.2857142857142856
64;64.214;8;28;[1,1,1,1,1,1,1,1,2,2,2,2,2,2,2,2,2,2,2,2,4,4,4,4,4,4,4,4];3;true;true;2;2;64;[2];0.4375;2.2857142857142856
64;64.215;4;22;[1,1,1,1,2,2,2,2,2,2,4,4,4,4,4,4,4,4,4,4,4,4];3;true;true;2;2;64;[2];0.34375;2.9090909090909092
64;64.216;4;22;[1,1,1,1,2,2,2,2,2,2,4,4,4,4,4,4,4,4,4,4,4,4];3;true;true;2;2;64;[2];0.34375;2.9090909090909092
64;64.217;4;22;[1,1,1,1,2,2,2,2,2,2,4,4,4,4,4,4,4,4,4,4,4,4];3;true;true;2;2;64;[2];0.34375;2.9090909090909092
64;64.218;4;22;[1,1,1,1,2,2,2,2,2,2,4,4,4,4,4,4,4,4,4,4,4,4];3;true;true;2;2;64;[2];0.34375;2.9090909090909092
64;64.219;4;22;[1,1,1,1,2,2,2,2,2,2,4,4,4,4,4,4,4,4,4,4,4,4];3;true;true;2;2;64;[2];0.34375;2.9090909090909092
64;64.220;4;22;[1,1,1,1,2,2,2,2,2,2,4,4,4,4,4,4,4,4,4,4,4,4];3;true;true;2;2;64;[2];0.34375;2.9090909090909092
64;64.221;4;22;[1,1,1,1,2,2,2,2,2,2,4,4,4,4,4,4,4,4,4,4,4,4];3;true;true;2;2;64;[2];0.34375;2.9090909090909092
64;64.222;4;22;[1,1,1,1,2,2,2,2,2,2,4,4,4,4,4,4,4,4,4,4,4,4];3;true;true;2;2;64;[2];0.34375;2.9090909090909092
64;64.223;4;22;[1,1,1,1,2,2,2,2,2,2,4,4,4,4,4,4,4,4,4,4,4,4];3;true;true;2;2;64;[2];0.34375;2.9090909090909092
64;64.224;4;22;[1,1,1,1,2,2,2,2,2,2,4,4,4,4,4,4,4,4,4,4,4,4];3;true;true;2;2;64;[2];0.34375;2.9090909090909092
64;64.225;4;22;[1,1,1,1,2,2,2,2,2,2,4,4,4,4,4,4,4,4,4,4,4,4];3;true;true;2;2;64;[2];0.34375;2.9090909090909092
64;64.226;4;25;[1,1,1,1,2,2,2,2,2,2,2,2,2,2,2,2,4,4,4,4,4,4,4,4,4];3;true;true;2;2;64;[2];0.390625;2.5600000000000001
64;64.227;4;25;[1,1,1,1,2,2,2,2,2,2,2,2,2,2,2,2,4,4,4,4,4,4,4,4,4];3;true;true;2;2;64;[2];0.390625;2.5600000000000001
64;64.228;4;25;[1,1,1,1,2,2,2,2,2,2,2,2,2,2,2,2,4,4,4,4,4,4,4,4,4];3;true;true;2;2;64;[2];0.390625;2.5600000000000001
64;64.229;4;25;[1,1,1,1,2,2,2,2,2,2,2,2,2,2,2,2,4,4,4,4,4,4,4,4,4];3;true;true;2;2;64;[2];0.390625;2.5600000000000001
64;64.230;4;25;[1,1,1,1,2,2,2,2,2,2,2,2,2,2,2,2,4,4,4,4,4,4,4,4,4];3;true;true;2;2;64;[2];0.390625;2.5600000000000001
64;64.231;4;25;[1,1,1,1,2,2,2,2,2,2,2,2,2,2,2,2,4,4,4,4,4,4,4,4,4];3;true;true;2;2;64;[2];0.390625;2.5600000000000001
64;64.232;4;25;[1,1,1,1,2,2,2,2,2,2,2,2,2,2,2,2,4,4,4,4,4,4,4,4,4];3;true;true;2;2;64;[2];0.390625;2.5600000000000001
64;64.233;4;25;[1,1,1,1,2,2,2,2,2,2,2,2,2,2,2,2,4,4,4,4,4,4,4,4,4];3;true;true;2;2;64;[2];0.390625;2.5600000000000001
64;64.234;4;25;[1,1,1,1,2,2,2,2,2,2,2,2,2,2,2,2,4,4,4,4,4,4,4,4,4];3;true;true;2;2;64;[2];0.390625;2.5600000000000001
64;64.235;4;25;[1,1,1,1,2,2,2,2,2,2,2,2,2,2,2,2,4,4,4,4,4,4,4,4,4];3;true;true;2;2;64;[2];0.390625;2.5600000000000001
64;64.236;4;25;[1,1,1,1,2,2,2,2,2,2,2,2,2,2,2,2,4,4,4,4,4,4,4,4,4];3;true;true;2;2;64;[2];0.390625;2.5600000000000001
64;64.237;4;25;[1,1,1,1,2,2,2,2,2,2,2,2,2,2,2,2,4,4,4,4,4,4,4,4,4];3;true;true;2;2;64;[2];0.390625;2.5600000000000001
64;64.238;4;25;[1,1,1,1,2,2,2,2,2,2,2,2,2,2,2,2,4,4,4,4,4,4,4,4,4];3;true;true;2;2;64;[2];0.390625;2.5600000000000001
64;64.239;4;25;[1,1,1,1,2,2,2,2,2,2,2,2,2,2,2,2,4,4,4,4,4,4,4,4,4];3;true;true;2;2;64;[2];0.390625;2.5600000000000001
64;64.240;4;25;[1,1,1,1,2,2,2,2,2,2,2,2,2,2,2,2,4,4,4,4,4,4,4,4,4];3;true;true;2;2;64;[2];0.390625;2.5600000000000001
64;64.241;4;19;[1,1,1,1,4,4,4,4,4,4,4,4,4,4,4,4,4,4,4];2;true;true;2;2;64;[2];0.296875;3.3684210526315788
64;64.242;4;19;[1,1,1,1,4,4,4,4,4,4,4,4,4,4,4,4,4,4,4];2;true;true;2;2;64;[2];0.296875;3.3684210526315788
64;64.243;4;19;[1,1,1,1,4,4,4,4,4,4,4,4,4,4,4,4,4,4,4];2;true;true;2;2;64;[2];0.296875;3.3684210526315788
64;64.244;4;19;[1,1,1,1,4,4,4,4,4,4,4,4,4,4,4,4,4,4,4];2;true;true;2;2;64;[2];0.296875;3.3684210526315788
64;64.245;4;19;[1,1,1,1,4,4,4,4,4,4,4,4,4,4,4,4,4,4,4];2;true;true;2;2;64;[2];0.296875;3.3684210526315788
64;64.246;64;64;[1,1,1,1,1,1,1,1,1,1,1,1,1,1,1,1,1,1,1,1,1,1,1,1,1,1,1,1,1,1,1,1,1,1,1,1,1,1,1,1,1,1,1,1,1,1,1,1,1,1,1,1,1,1,1,1,1,1,1,1,1,1,1,1];1;true;true;1;1;64;[2];1.;1.
64;64.247;16;40;[1,1,1,1,1,1,1,1,1,1,1,1,1,1,1,1,2,2,2,2,2,2,2,2,2,2,2,2,2,2,2,2,2,2,2,2,2,2,2,2];2;true;true;2;2;64;[2];0.625;1.6000000000000001
64;64.248;16;40;[1,1,1,1,1,1,1,1,1,1,1,1,1,1,1,1,2,2,2,2,2,2,2,2,2,2,2,2,2,2,2,2,2,2,2,2,2,2,2,2];2;true;true;2;2;64;[2];0.625;1.6000000000000001
64;64.249;4;34;[1,1,1,1,2,2,2,2,2,2,2,2,2,2,2,2,2,2,2,2,2,2,2,2,2,2,2,2,2,2,2,2,2,2];2;true;true;2;2;64;[2];0.53125;1.8823529411764706
64;64.250;8;28;[1,1,1,1,1,1,1,1,2,2,2,2,2,2,2,2,2,2,2,2,4,4,4,4,4,4,4,4];3;true;true;2;2;64;[2];0.4375;2.2857142857142856
64;64.251;8;28;[1,1,1,1,1,1,1,1,2,2,2,2,2,2,2,2,2,2,2,2,4,4,4,4,4,4,4,4];3;true;true;2;2;64;[2];0.4375;2.2857142857142856
64;64.252;8;28;[1,1,1,1,1,1,1,1,2,2,2,2,2,2,2,2,2,2,2,2,4,4,4,4,4,4,4,4];3;true;true;2;2;64;[2];0.4375;2.2857142857142856
64;64.253;8;28;[1,1,1,1,1,1,1,1,2,2,2,2,2,2,2,2,2,2,2,2,4,4,4,4,4,4,4,4];3;true;true;2;2;64;[2];0.4375;2.2857142857142856
64;64.254;4;22;[1,1,1,1,2,2,2,2,2,2,4,4,4,4,4,4,4,4,4,4,4,4];3;true;true;2;2;64;[2];0.34375;2.9090909090909092
64;64.255;4;22;[1,1,1,1,2,2,2,2,2,2,4,4,4,4,4,4,4,4,4,4,4,4];3;true;true;2;2;64;[2];0.34375;2.9090909090909092
64;64.256;4;22;[1,1,1,1,2,2,2,2,2,2,4,4,4,4,4,4,4,4,4,4,4,4];3;true;true;2;2;64;[2];0.34375;2.9090909090909092
64;64.257;2;22;[1,1,2,2,2,2,2,2,2,2,2,4,4,4,4,4,4,4,4,4,4,4];3;true;true;2;2;64;[2];0.34375;2.9090909090909092
64;64.258;2;22;[1,1,2,2,2,2,2,2,2,2,2,4,4,4,4,4,4,4,4,4,4,4];3;true;true;2;2;64;[2];0.34375;2.9090909090909092
64;64.259;2;22;[1,1,2,2,2,2,2,2,2,2,2,4,4,4,4,4,4,4,4,4,4,4];3;true;true;2;2;64;[2];0.34375;2.9090909090909092
64;64.260;64;64;[1,1,1,1,1,1,1,1,1,1,1,1,1,1,1,1,1,1,1,1,1,1,1,1,1,1,1,1,1,1,1,1,1,1,1,1,1,1,1,1,1,1,1,1,1,1,1,1,1,1,1,1,1,1,1,1,1,1,1,1,1,1,1,1];1;true;true;1;1;64;[2];1.;1.
64;64.261;16;40;[1,1,1,1,1,1,1,1,1,1,1,1,1,1,1,1,2,2,2,2,2,2,2,2,2,2,2,2,2,2,2,2,2,2,2,2,2,2,2,2];2;true;true;2;2;64;[2];0.625;1.6000000000000001
64;64.262;16;40;[1,1,1,1,1,1,1,1,1,1,1,1,1,1,1,1,2,2,2,2,2,2,2,2,2,2,2,2,2,2,2,2,2,2,2,2,2,2,2,2];2;true;true;2;2;64;[2];0.625;1.6000000000000001
64;64.263;16;40;[1,1,1,1,1,1,1,1,1,1,1,1,1,1,1,1,2,2,2,2,2,2,2,2,2,2,2,2,2,2,2,2,2,2,2,2,2,2,2,2];2;true;true;2;2;64;[2];0.625;1.6000000000000001
64;64.264;4;34;[1,1,1,1,2,2,2,2,2,2,2,2,2,2,2,2,2,2,2,2,2,2,2,2,2,2,2,2,2,2,2,2,2,2];2;true;true;2;2;64;[2];0.53125;1.8823529411764706
64;64.265;4;34;[1,1,1,1,2,2,2,2,2,2,2,2,2,2,2,2,2,2,2,2,2,2,2,2,2,2,2,2,2,2,2,2,2,2];2;true;true;2;2;64;[2];0.53125;1.8823529411764706
64;64.266;4;34;[1,1,1,1,2,2,2,2,2,2,2,2,2,2,2,2,2,2,2,2,2,2,2,2,2,2,2,2,2,2,2,2,2,2];2;true;true;2;2;64;[2];0.53125;1.8823529411764706
64;64.267;64;64;[1,1,1,1,1,1,1,1,1,1,1,1,1,1,1,1,1,1,1,1,1,1,1,1,1,1,1,1,1,1,1,1,1,1,1,1,1,1,1,1,1,1,1,1,1,1,1,1,1,1,1,1,1,1,1,1,1,1,1,1,1,1,1,1];1;true;true;1;1;64;[2];1.;1.
65;65.1;65;65;[1,1,1,1,1,1,1,1,1,1,1,1,1,1,1,1,1,1,1,1,1,1,1,1,1,1,1,1,1,1,1,1,1,1,1,1,1,1,1,1,1,1,1,1,1,1,1,1,1,1,1,1,1,1,1,1,1,1,1,1,1,1,1,1,1];1;true;true;1;1;65;[5,13];1.;1.
66;66.1;11;33;[1,1,1,1,1,1,1,1,1,1,1,2,2,2,2,2,2,2,2,2,2,2,3,3,3,3,3,3,3,3,3,3,3];3;false;true;2;1;33;[2,3,11];0.5;2.
66;66.2;3;21;[1,1,1,2,2,2,2,2,2,2,2,2,2,2,2,2,2,2,11,11,11];3;false;true;2;1;33;[2,3,11];0.31818181818181818;3.1428571428571428
66;66.3;1;18;[1,2,2,2,2,2,2,2,2,2,2,2,2,2,2,2,2,33];3;false;true;2;1;33;[2,3,11];0.27272727272727271;3.6666666666666665
66;66.4;66;66;[1,1,1,1,1,1,1,1,1,1,1,1,1,1,1,1,1,1,1,1,1,1,1,1,1,1,1,1,1,1,1,1,1,1,1,1,1,1,1,1,1,1,1,1,1,1,1,1,1,1,1,1,1,1,1,1,1,1,1,1,1,1,1,1,1,1];1;true;true;1;1;66;[2,3,11];1.;1.
67;67.1;67;67;[1,1,1,1,1,1,1,1,1,1,1,1,1,1,1,1,1,1,1,1,1,1,1,1,1,1,1,1,1,1,1,1,1,1,1,1,1,1,1,1,1,1,1,1,1,1,1,1,1,1,1,1,1,1,1,1,1,1,1,1,1,1,1,1,1,1,1];1;true;true;1;1;67;[67];1.;1.
68;68.1;2;20;[1,1,2,2,2,2,2,2,2,2,2,2,2,2,2,2,2,2,17,17];3;false;true;2;1;34;[2,17];0.29411764705882354;3.3999999999999999
68;68.2;68;68;[1,1,1,1,1,1,1,1,1,1,1,1,1,1,1,1,1,1,1,1,1,1,1,1,1,1,1,1,1,1,1,1,1,1,1,1,1,1,1,1,1,1,1,1,1,1,1,1,1,1,1,1,1,1,1,1,1,1,1,1,1,1,1,1,1,1,1,1];1;true;true;1;1;68;[2,17];1.;1.
68;68.3;1;8;[1,4,4,4,4,17,17,17];3;false;true;2;1;17;[2,17];0.11764705882352941;8.5
68;68.4;2;20;[1,1,2,2,2,2,2,2,2,2,2,2,2,2,2,2,2,2,17,17];3;false;true;2;1;34;[2,17];0.29411764705882354;3.3999999999999999
68;68.5;68;68;[1,1,1,1,1,1,1,1,1,1,1,1,1,1,1,1,1,1,1,1,1,1,1,1,1,1,1,1,1,1,1,1,1,1,1,1,1,1,1,1,1,1,1,1,1,1,1,1,1,1,1,1,1,1,1,1,1,1,1,1,1,1,1,1,1,1,1,1];1;true;true;1;1;68;[2,17];1.;1.
69;69.1;69;69;[1,1,1,1,1,1,1,1,1,1,1,1,1,1,1,1,1,1,1,1,1,1,1,1,1,1,1,1,1,1,1,1,1,1,1,1,1,1,1,1,1,1,1,1,1,1,1,1,1,1,1,1,1,1,1,1,1,1,1,1,1,1,1,1,1,1,1,1,1];1;true;true;1;1;69;[3,23];1.;1.
70;70.1;7;28;[1,1,1,1,1,1,1,2,2,2,2,2,2,2,2,2,2,2,2,2,2,5,5,5,5,5,5,5];3;false;true;2;1;35;[2,5,7];0.40000000000000002;2.5
70;70.2;5;25;[1,1,1,1,1,2,2,2,2,2,2,2,2,2,2,2,2,2,2,2,7,7,7,7,7];3;false;true;2;1;35;[2,5,7];0.35714285714285715;2.7999999999999998
70;70.3;1;19;[1,2,2,2,2,2,2,2,2,2,2,2,2,2,2,2,2,2,35];3;false;true;2;1;35;[2,5,7];0.27142857142857141;3.6842105263157894
70;70.4;70;70;[1,1,1,1,1,1,1,1,1,1,1,1,1,1,1,1,1,1,1,1,1,1,1,1,1,1,1,1,1,1,1,1,1,1,1,1,1,1,1,1,1,1,1,1,1,1,1,1,1,1,1,1,1,1,1,1,1,1,1,1,1,1,1,1,1,1,1,1,1,1];1;true;true;1;1;70;[2,5,7];1.;1.
71;71.1;71;71;[1,1,1,1,1,1,1,1,1,1,1,1,1,1,1,1,1,1,1,1,1,1,1,1,1,1,1,1,1,1,1,1,1,1,1,1,1,1,1,1,1,1,1,1,1,1,1,1,1,1,1,1,1,1,1,1,1,1,1,1,1,1,1,1,1,1,1,1,1,1,1];1;true;true;1;1;71;[71];1.;1.
72;72.1;4;24;[1,1,1,1,2,2,2,2,2,2,2,2,2,2,2,2,2,2,2,2,9,9,9,9];3;false;true;2;1;36;[2,3];0.33333333333333331;3.
72;72.2;72;72;[1,1,1,1,1,1,1,1,1,1,1,1,1,1,1,1,1,1,1,1,1,1,1,1,1,1,1,1,1,1,1,1,1,1,1,1,1,1,1,1,1,1,1,1,1,1,1,1,1,1,1,1,1,1,1,1,1,1,1,1,1,1,1,1,1,1,1,1,1,1,1,1];1;true;true;1;1;72;[2,3];1.;1.
72;72.3;6;21;[1,1,1,1,1,1,4,4,4,4,4,4,4,4,4,4,4,4,6,6,6];3;false;true;3;2;24;[2,3];0.29166666666666669;3.4285714285714284
72;72.4;2;21;[1,1,2,2,2,2,2,2,2,2,2,2,2,2,2,2,2,2,2,18,18];3;false;true;2;1;36;[2,3];0.29166666666666669;3.4285714285714284
72;72.5;4;24;[1,1,1,1,2,2,2,2,2,2,2,2,2,2,2,2,2,2,2,2,9,9,9,9];3;false;true;2;1;36;[2,3];0.33333333333333331;3.
72;72.6;2;21;[1,1,2,2,2,2,2,2,2,2,2,2,2,2,2,2,2,2,2,18,18];3;false;true;2;1;36;[2,3];0.29166666666666669;3.4285714285714284
72;72.7;4;24;[1,1,1,1,2,2,2,2,2,2,2,2,2,2,2,2,2,2,2,2,9,9,9,9];3;false;true;2;1;36;[2,3];0.33333333333333331;3.
72;72.8;2;21;[1,1,2,2,2,2,2,2,2,2,2,2,2,2,2,2,2,2,2,18,18];3;false;true;2;1;36;[2,3];0.29166666666666669;3.4285714285714284
72;72.9;72;72;[1,1,1,1,1,1,1,1,1,1,1,1,1,1,1,1,1,1,1,1,1,1,1,1,1,1,1,1,1,1,1,1,1,1,1,1,1,1,1,1,1,1,1,1,1,1,1,1,1,1,1,1,1,1,1,1,1,1,1,1,1,1,1,1,1,1,1,1,1,1,1,1];1;true;true;1;1;72;[2,3];1.;1.
72;72.10;18;45;[1,1,1,1,1,1,1,1,1,1,1,1,1,1,1,1,1,1,2,2,2,2,2,2,2,2,2,2,2,2,2,2,2,2,2,2,2,2,2,2,2,2,2,2,2];2;true;true;2;2;72;[2,3];0.625;1.6000000000000001
72;72.11;18;45;[1,1,1,1,1,1,1,1,1,1,1,1,1,1,1,1,1,1,2,2,2,2,2,2,2,2,2,2,2,2,2,2,2,2,2,2,2,2,2,2,2,2,2,2,2];2;true;true;2;2;72;[2,3];0.625;1.6000000000000001
72;72.12;12;36;[1,1,1,1,1,1,1,1,1,1,1,1,2,2,2,2,2,2,2,2,2,2,2,2,3,3,3,3,3,3,3,3,3,3,3,3];3;false;true;2;1;36;[2,3];0.5;2.
72;72.13;4;24;[1,1,1,1,2,2,2,2,2,2,2,2,2,2,2,2,2,2,2,2,9,9,9,9];3;false;true;2;1;36;[2,3];0.33333333333333331;3.
72;72.14;72;72;[1,1,1,1,1,1,1,1,1,1,1,1,1,1,1,1,1,1,1,1,1,1,1,1,1,1,1,1,1,1,1,1,1,1,1,1,1,1,1,1,1,1,1,1,1,1,1,1,1,1,1,1,1,1,1,1,1,1,1,1,1,1,1,1,1,1,1,1,1,1,1,1];1;true;true;1;1;72;[2,3];1.;1.
72;72.15;1;9;[1,2,3,6,8,8,8,18,18];6;false;true;3;1;12;[2,3];0.125;8.
72;72.16;6;24;[1,1,1,1,1,1,3,3,3,3,3,3,4,4,4,4,4,4,4,4,4,4,4,4];3;false;true;2;1;24;[2,3];0.33333333333333331;3.
72;72.17;4;24;[1,1,1,1,2,2,2,2,2,2,2,2,2,2,2,2,2,2,2,2,9,9,9,9];3;false;true;2;1;36;[2,3];0.33333333333333331;3.
72;72.18;72;72;[1,1,1,1,1,1,1,1,1,1,1,1,1,1,1,1,1,1,1,1,1,1,1,1,1,1,1,1,1,1,1,1,1,1,1,1,1,1,1,1,1,1,1,1,1,1,1,1,1,1,1,1,1,1,1,1,1,1,1,1,1,1,1,1,1,1,1,1,1,1,1,1];1;true;true;1;1;72;[2,3];1.;1.
72;72.19;2;12;[1,1,4,4,4,4,9,9,9,9,9,9];3;false;true;2;1;18;[2,3];0.16666666666666666;6.
72;72.20;2;18;[1,1,2,2,2,2,3,3,3,3,4,4,6,6,6,6,9,9];6;false;true;2;1;18;[2,3];0.25;4.
72;72.21;2;18;[1,1,2,2,2,2,3,3,3,3,4,4,6,6,6,6,9,9];6;false;true;2;1;18;[2,3];0.25;4.
72;72.22;2;15;[1,1,2,2,2,2,4,4,6,6,6,6,6,6,18];5;false;true;2;1;18;[2,3];0.20833333333333334;4.7999999999999998
72;72.23;2;15;[1,1,2,2,2,2,4,4,6,6,6,6,6,6,18];5;false;true;2;1;18;[2,3];0.20833333333333334;4.7999999999999998
72;72.24;2;15;[1,1,2,2,2,2,4,4,6,6,6,6,6,6,18];5;false;true;2;1;18;[2,3];0.20833333333333334;4.7999999999999998
72;72.25;6;21;[1,1,1,1,1,1,4,4,4,4,4,4,4,4,4,4,4,4,6,6,6];3;false;true;3;2;24;[2,3];0.29166666666666669;3.4285714285714284
72;72.26;6;27;[1,1,1,1,1,1,2,2,2,2,2,2,2,2,2,2,2,2,2,2,2,6,6,6,6,6,6];3;false;true;2;1;36;[2,3];0.375;2.6666666666666665
72;72.27;12;36;[1,1,1,1,1,1,1,1,1,1,1,1,2,2,2,2,2,2,2,2,2,2,2,2,3,3,3,3,3,3,3,3,3,3,3,3];3;false;true;2;1;36;[2,3];0.5;2.
72;72.28;6;27;[1,1,1,1,1,1,2,2,2,2,2,2,2,2,2,2,2,2,2,2,2,6,6,6,6,6,6];3;false;true;2;1;36;[2,3];0.375;2.6666666666666665
72;72.29;12;36;[1,1,1,1,1,1,1,1,1,1,1,1,2,2,2,2,2,2,2,2,2,2,2,2,3,3,3,3,3,3,3,3,3,3,3,3];3;false;true;2;1;36;[2,3];0.5;2.
72;72.30;6;27;[1,1,1,1,1,1,2,2,2,2,2,2,2,2,2,2,2,2,2,2,2,6,6,6,6,6,6];3;false;true;2;1;36;[2,3];0.375;2.6666666666666665
72;72.31;2;21;[1,1,2,2,2,2,2,2,2,2,2,2,2,2,2,2,2,2,2,18,18];3;false;true;2;1;36;[2,3];0.29166666666666669;3.4285714285714284
72;72.32;4;24;[1,1,1,1,2,2,2,2,2,2,2,2,2,2,2,2,2,2,2,2,9,9,9,9];3;false;true;2;1;36;[2,3];0.33333333333333331;3.
72;72.33;2;21;[1,1,2,2,2,2,2,2,2,2,2,2,2,2,2,2,2,2,2,18,18];3;false;true;2;1;36;[2,3];0.29166666666666669;3.4285714285714284
72;72.34;4;24;[1,1,1,1,2,2,2,2,2,2,2,2,2,2,2,2,2,2,2,2,9,9,9,9];3;false;true;2;1;36;[2,3];0.33333333333333331;3.
72;72.35;2;21;[1,1,2,2,2,2,2,2,2,2,2,2,2,2,2,2,2,2,2,18,18];3;false;true;2;1;36;[2,3];0.29166666666666669;3.4285714285714284
72;72.36;72;72;[1,1,1,1,1,1,1,1,1,1,1,1,1,1,1,1,1,1,1,1,1,1,1,1,1,1,1,1,1,1,1,1,1,1,1,1,1,1,1,1,1,1,1,1,1,1,1,1,1,1,1,1,1,1,1,1,1,1,1,1,1,1,1,1,1,1,1,1,1,1,1,1];1;true;true;1;1;72;[2,3];1.;1.
72;72.37;18;45;[1,1,1,1,1,1,1,1,1,1,1,1,1,1,1,1,1,1,2,2,2,2,2,2,2,2,2,2,2,2,2,2,2,2,2,2,2,2,2,2,2,2,2,2,2];2;true;true;2;2;72;[2,3];0.625;1.6000000000000001
72;72.38;18;45;[1,1,1,1,1,1,1,1,1,1,1,1,1,1,1,1,1,1,2,2,2,2,2,2,2,2,2,2,2,2,2,2,2,2,2,2,2,2,2,2,2,2,2,2,2];2;true;true;2;2;72;[2,3];0.625;1.6000000000000001
72;72.39;1;9;[1,8,9,9,9,9,9,9,9];3;false;true;2;1;9;[2,3];0.125;8.
72;72.40;1;9;[1,4,4,6,6,9,12,12,18];6;false;true;3;1;9;[2,3];0.125;8.
72;72.41;1;6;[1,8,9,18,18,18];4;false;true;3;1;9;[2,3];0.083333333333333329;12.
72;72.42;3;15;[1,1,1,3,3,3,6,6,6,6,6,6,8,8,8];4;false;true;3;1;12;[2,3];0.20833333333333334;4.7999999999999998
72;72.43;1;9;[1,2,3,6,8,8,8,18,18];6;false;true;3;1;12;[2,3];0.125;8.
72;72.44;1;12;[1,2,3,3,4,4,6,8,8,9,12,12];8;false;true;2;1;12;[2,3];0.16666666666666666;6.
72;72.45;2;12;[1,1,4,4,4,4,9,9,9,9,9,9];3;false;true;2;1;18;[2,3];0.16666666666666666;6.
72;72.46;2;18;[1,1,2,2,2,2,3,3,3,3,4,4,6,6,6,6,9,9];6;false;true;2;1;18;[2,3];0.25;4.
72;72.47;6;24;[1,1,1,1,1,1,3,3,3,3,3,3,4,4,4,4,4,4,4,4,4,4,4,4];3;false;true;2;1;24;[2,3];0.33333333333333331;3.
72;72.48;12;36;[1,1,1,1,1,1,1,1,1,1,1,1,2,2,2,2,2,2,2,2,2,2,2,2,3,3,3,3,3,3,3,3,3,3,3,3];3;false;true;2;1;36;[2,3];0.5;2.
72;72.49;4;24;[1,1,1,1,2,2,2,2,2,2,2,2,2,2,2,2,2,2,2,2,9,9,9,9];3;false;true;2;1;36;[2,3];0.33333333333333331;3.
72;72.50;72;72;[1,1,1,1,1,1,1,1,1,1,1,1,1,1,1,1,1,1,1,1,1,1,1,1,1,1,1,1,1,1,1,1,1,1,1,1,1,1,1,1,1,1,1,1,1,1,1,1,1,1,1,1,1,1,1,1,1,1,1,1,1,1,1,1,1,1,1,1,1,1,1,1];1;true;true;1;1;72;[2,3];1.;1.
73;73.1;73;73;[1,1,1,1,1,1,1,1,1,1,1,1,1,1,1,1,1,1,1,1,1,1,1,1,1,1,1,1,1,1,1,1,1,1,1,1,1,1,1,1,1,1,1,1,1,1,1,1,1,1,1,1,1,1,1,1,1,1,1,1,1,1,1,1,1,1,1,1,1,1,1,1,1];1;true;true;1;1;73;[73];1.;1.
74;74.1;1;20;[1,2,2,2,2,2,2,2,2,2,2,2,2,2,2,2,2,2,2,37];3;false;true;2;1;37;[2,37];0.27027027027027029;3.7000000000000002
74;74.2;74;74;[1,1,1,1,1,1,1,1,1,1,1,1,1,1,1,1,1,1,1,1,1,1,1,1,1,1,1,1,1,1,1,1,1,1,1,1,1,1,1,1,1,1,1,1,1,1,1,1,1,1,1,1,1,1,1,1,1,1,1,1,1,1,1,1,1,1,1,1,1,1,1,1,1,1];1;true;true;1;1;74;[2,37];1.;1.
75;75.1;75;75;[1,1,1,1,1,1,1,1,1,1,1,1,1,1,1,1,1,1,1,1,1,1,1,1,1,1,1,1,1,1,1,1,1,1,1,1,1,1,1,1,1,1,1,1,1,1,1,1,1,1,1,1,1,1,1,1,1,1,1,1,1,1,1,1,1,1,1,1,1,1,1,1,1,1,1];1;true;true;1;1;75;[3,5];1.;1.
75;75.2;1;11;[1,3,3,3,3,3,3,3,3,25,25];3;false;true;2;1;25;[3,5];0.14666666666666667;6.8181818181818183
75;75.3;75;75;[1,1,1,1,1,1,1,1,1,1,1,1,1,1,1,1,1,1,1,1,1,1,1,1,1,1,1,1,1,1,1,1,1,1,1,1,1,1,1,1,1,1,1,1,1,1,1,1,1,1,1,1,1,1,1,1,1,1,1,1,1,1,1,1,1,1,1,1,1,1,1,1,1,1,1];1;true;true;1;1;75;[3,5];1.;1.
76;76.1;2;22;[1,1,2,2,2,2,2,2,2,2,2,2,2,2,2,2,2,2,2,2,19,19];3;false;true;2;1;38;[2,19];0.28947368421052633;3.4545454545454546
76;76.2;76;76;[1,1,1,1,1,1,1,1,1,1,1,1,1,1,1,1,1,1,1,1,1,1,1,1,1,1,1,1,1,1,1,1,1,1,1,1,1,1,1,1,1,1,1,1,1,1,1,1,1,1,1,1,1,1,1,1,1,1,1,1,1,1,1,1,1,1,1,1,1,1,1,1,1,1,1,1];1;true;true;1;1;76;[2,19];1.;1.
76;76.3;2;22;[1,1,2,2,2,2,2,2,2,2,2,2,2,2,2,2,2,2,2,2,19,19];3;false;true;2;1;38;[2,19];0.28947368421052633;3.4545454545454546
76;76.4;76;76;[1,1,1,1,1,1,1,1,1,1,1,1,1,1,1,1,1,1,1,1,1,1,1,1,1,1,1,1,1,1,1,1,1,1,1,1,1,1,1,1,1,1,1,1,1,1,1,1,1,1,1,1,1,1,1,1,1,1,1,1,1,1,1,1,1,1,1,1,1,1,1,1,1,1,1,1];1;true;true;1;1;76;[2,19];1.;1.
77;77.1;77;77;[1,1,1,1,1,1,1,1,1,1,1,1,1,1,1,1,1,1,1,1,1,1,1,1,1,1,1,1,1,1,1,1,1,1,1,1,1,1,1,1,1,1,1,1,1,1,1,1,1,1,1,1,1,1,1,1,1,1,1,1,1,1,1,1,1,1,1,1,1,1,1,1,1,1,1,1,1];1;true;true;1;1;77;[7,11];1.;1.
78;78.1;1;8;[1,6,6,13,13,13,13,13];3;false;true;2;1;13;[2,3,13];0.10256410256410256;9.75
78;78.2;2;14;[1,1,3,3,3,3,3,3,3,3,13,13,13,13];3;false;true;2;1;26;[2,3,13];0.17948717948717949;5.5714285714285712
78;78.3;13;39;[1,1,1,1,1,1,1,1,1,1,1,1,1,2,2,2,2,2,2,2,2,2,2,2,2,2,3,3,3,3,3,3,3,3,3,3,3,3,3];3;false;true;2;1;39;[2,3,13];0.5;2.
78;78.4;3;24;[1,1,1,2,2,2,2,2,2,2,2,2,2,2,2,2,2,2,2,2,2,13,13,13];3;false;true;2;1;39;[2,3,13];0.30769230769230771;3.25
78;78.5;1;21;[1,2,2,2,2,2,2,2,2,2,2,2,2,2,2,2,2,2,2,2,39];3;false;true;2;1;39;[2,3,13];0.26923076923076922;3.7142857142857144
78;78.6;78;78;[1,1,1,1,1,1,1,1,1,1,1,1,1,1,1,1,1,1,1,1,1,1,1,1,1,1,1,1,1,1,1,1,1,1,1,1,1,1,1,1,1,1,1,1,1,1,1,1,1,1,1,1,1,1,1,1,1,1,1,1,1,1,1,1,1,1,1,1,1,1,1,1,1,1,1,1,1,1];1;true;true;1;1;78;[2,3,13];1.;1.
79;79.1;79;79;[1,1,1,1,1,1,1,1,1,1,1,1,1,1,1,1,1,1,1,1,1,1,1,1,1,1,1,1,1,1,1,1,1,1,1,1,1,1,1,1,1,1,1,1,1,1,1,1,1,1,1,1,1,1,1,1,1,1,1,1,1,1,1,1,1,1,1,1,1,1,1,1,1,1,1,1,1,1,1];1;true;true;1;1;79;[79];1.;1.
80;80.1;8;32;[1,1,1,1,1,1,1,1,2,2,2,2,2,2,2,2,2,2,2,2,2,2,2,2,5,5,5,5,5,5,5,5];3;false;true;2;1;40;[2,5];0.40000000000000002;2.5
80;80.2;80;80;[1,1,1,1,1,1,1,1,1,1,1,1,1,1,1,1,1,1,1,1,1,1,1,1,1,1,1,1,1,1,1,1,1,1,1,1,1,1,1,1,1,1,1,1,1,1,1,1,1,1,1,1,1,1,1,1,1,1,1,1,1,1,1,1,1,1,1,1,1,1,1,1,1,1,1,1,1,1,1,1];1;true;true;1;1;80;[2,5];1.;1.
80;80.3;4;20;[1,1,1,1,4,4,4,4,5,5,5,5,5,5,5,5,5,5,5,5];3;false;true;2;1;20;[2,5];0.25;4.
80;80.4;8;32;[1,1,1,1,1,1,1,1,2,2,2,2,2,2,2,2,2,2,2,2,2,2,2,2,5,5,5,5,5,5,5,5];3;false;true;2;1;40;[2,5];0.40000000000000002;2.5
80;80.5;4;26;[1,1,1,1,2,2,2,2,2,2,2,2,2,2,2,2,2,2,2,2,2,2,10,10,10,10];3;false;true;2;1;40;[2,5];0.32500000000000001;3.0769230769230771
80;80.6;2;23;[1,1,2,2,2,2,2,2,2,2,2,2,2,2,2,2,2,2,2,2,2,20,20];3;false;true;2;1;40;[2,5];0.28749999999999998;3.4782608695652173
80;80.7;2;23;[1,1,2,2,2,2,2,2,2,2,2,2,2,2,2,2,2,2,2,2,2,20,20];3;false;true;2;1;40;[2,5];0.28749999999999998;3.4782608695652173
80;80.8;2;23;[1,1,2,2,2,2,2,2,2,2,2,2,2,2,2,2,2,2,2,2,2,20,20];3;false;true;2;1;40;[2,5];0.28749999999999998;3.4782608695652173
80;80.9;8;32;[1,1,1,1,1,1,1,1,2,2,2,2,2,2,2,2,2,2,2,2,2,2,2,2,5,5,5,5,5,5,5,5];3;false;true;2;1;40;[2,5];0.40000000000000002;2.5
80;80.10;4;26;[1,1,1,1,2,2,2,2,2,2,2,2,2,2,2,2,2,2,2,2,2,2,10,10,10,10];3;false;true;2;1;40;[2,5];0.32500000000000001;3.0769230769230771
80;80.11;8;32;[1,1,1,1,1,1,1,1,2,2,2,2,2,2,2,2,2,2,2,2,2,2,2,2,5,5,5,5,5,5,5,5];3;false;true;2;1;40;[2,5];0.40000000000000002;2.5
80;80.12;4;26;[1,1,1,1,2,2,2,2,2,2,2,2,2,2,2,2,2,2,2,2,2,2,10,10,10,10];3;false;true;2;1;40;[2,5];0.32500000000000001;3.0769230769230771
80;80.13;4;26;[1,1,1,1,2,2,2,2,2,2,2,2,2,2,2,2,2,2,2,2,2,2,10,10,10,10];3;false;true;2;1;40;[2,5];0.32500000000000001;3.0769230769230771
80;80.14;4;26;[1,1,1,1,2,2,2,2,2,2,2,2,2,2,2,2,2,2,2,2,2,2,10,10,10,10];3;false;true;2;1;40;[2,5];0.32500000000000001;3.0769230769230771
80;80.15;2;17;[1,1,2,2,2,2,2,4,4,4,4,4,4,4,10,10,20];5;false;true;2;2;40;[2,5];0.21249999999999999;4.7058823529411766
80;80.16;2;17;[1,1,2,2,2,2,2,4,4,4,4,4,4,4,10,10,20];5;false;true;2;2;40;[2,5];0.21249999999999999;4.7058823529411766
80;80.17;2;17;[1,1,2,2,2,2,2,4,4,4,4,4,4,4,10,10,20];5;false;true;2;2;40;[2,5];0.21249999999999999;4.7058823529411766
80;80.18;2;17;[1,1,2,2,2,2,2,4,4,4,4,4,4,4,10,10,20];5;false;true;2;2;40;[2,5];0.21249999999999999;4.7058823529411766
80;80.19;4;26;[1,1,1,1,2,2,2,2,2,2,2,2,2,2,2,2,2,2,2,2,2,2,10,10,10,10];3;false;true;2;1;40;[2,5];0.32500000000000001;3.0769230769230771
80;80.20;80;80;[1,1,1,1,1,1,1,1,1,1,1,1,1,1,1,1,1,1,1,1,1,1,1,1,1,1,1,1,1,1,1,1,1,1,1,1,1,1,1,1,1,1,1,1,1,1,1,1,1,1,1,1,1,1,1,1,1,1,1,1,1,1,1,1,1,1,1,1,1,1,1,1,1,1,1,1,1,1,1,1];1;true;true;1;1;80;[2,5];1.;1.
80;80.21;20;50;[1,1,1,1,1,1,1,1,1,1,1,1,1,1,1,1,1,1,1,1,2,2,2,2,2,2,2,2,2,2,2,2,2,2,2,2,2,2,2,2,2,2,2,2,2,2,2,2,2,2];2;true;true;2;2;80;[2,5];0.625;1.6000000000000001
80;80.22;20;50;[1,1,1,1,1,1,1,1,1,1,1,1,1,1,1,1,1,1,1,1,2,2,2,2,2,2,2,2,2,2,2,2,2,2,2,2,2,2,2,2,2,2,2,2,2,2,2,2,2,2];2;true;true;2;2;80;[2,5];0.625;1.6000000000000001
80;80.23;80;80;[1,1,1,1,1,1,1,1,1,1,1,1,1,1,1,1,1,1,1,1,1,1,1,1,1,1,1,1,1,1,1,1,1,1,1,1,1,1,1,1,1,1,1,1,1,1,1,1,1,1,1,1,1,1,1,1,1,1,1,1,1,1,1,1,1,1,1,1,1,1,1,1,1,1,1,1,1,1,1,1];1;true;true;1;1;80;[2,5];1.;1.
80;80.24;20;50;[1,1,1,1,1,1,1,1,1,1,1,1,1,1,1,1,1,1,1,1,2,2,2,2,2,2,2,2,2,2,2,2,2,2,2,2,2,2,2,2,2,2,2,2,2,2,2,2,2,2];2;true;true;2;2;80;[2,5];0.625;1.6000000000000001
80;80.25;10;35;[1,1,1,1,1,1,1,1,1,1,2,2,2,2,2,2,2,2,2,2,2,2,2,2,2,4,4,4,4,4,4,4,4,4,4];3;true;true;2;2;80;[2,5];0.4375;2.2857142857142856
80;80.26;10;35;[1,1,1,1,1,1,1,1,1,1,2,2,2,2,2,2,2,2,2,2,2,2,2,2,2,4,4,4,4,4,4,4,4,4,4];3;true;true;2;2;80;[2,5];0.4375;2.2857142857142856
80;80.27;10;35;[1,1,1,1,1,1,1,1,1,1,2,2,2,2,2,2,2,2,2,2,2,2,2,2,2,4,4,4,4,4,4,4,4,4,4];3;true;true;2;2;80;[2,5];0.4375;2.2857142857142856
80;80.28;4;20;[1,1,1,1,4,4,4,4,5,5,5,5,5,5,5,5,5,5,5,5];3;false;true;2;1;20;[2,5];0.25;4.
80;80.29;2;14;[1,1,2,4,4,4,4,5,5,10,10,10,10,10];5;false;true;2;1;20;[2,5];0.17499999999999999;5.7142857142857144
80;80.30;4;20;[1,1,1,1,4,4,4,4,5,5,5,5,5,5,5,5,5,5,5,5];3;false;true;2;1;20;[2,5];0.25;4.
80;80.31;2;14;[1,1,2,4,4,4,4,5,5,10,10,10,10,10];5;false;true;2;1;20;[2,5];0.17499999999999999;5.7142857142857144
80;80.32;4;20;[1,1,1,1,4,4,4,4,5,5,5,5,5,5,5,5,5,5,5,5];3;false;true;2;1;20;[2,5];0.25;4.
80;80.33;2;14;[1,1,2,4,4,4,4,5,5,10,10,10,10,10];5;false;true;2;1;20;[2,5];0.17499999999999999;5.7142857142857144
80;80.34;2;14;[1,1,2,4,4,4,4,5,5,10,10,10,10,10];5;false;true;2;1;20;[2,5];0.17499999999999999;5.7142857142857144
80;80.35;4;26;[1,1,1,1,2,2,2,2,2,2,2,2,2,2,2,2,2,2,2,2,2,2,10,10,10,10];3;false;true;2;1;40;[2,5];0.32500000000000001;3.0769230769230771
80;80.36;8;32;[1,1,1,1,1,1,1,1,2,2,2,2,2,2,2,2,2,2,2,2,2,2,2,2,5,5,5,5,5,5,5,5];3;false;true;2;1;40;[2,5];0.40000000000000002;2.5
80;80.37;4;26;[1,1,1,1,2,2,2,2,2,2,2,2,2,2,2,2,2,2,2,2,2,2,10,10,10,10];3;false;true;2;1;40;[2,5];0.32500000000000001;3.0769230769230771
80;80.38;4;26;[1,1,1,1,2,2,2,2,2,2,2,2,2,2,2,2,2,2,2,2,2,2,10,10,10,10];3;false;true;2;1;40;[2,5];0.32500000000000001;3.0769230769230771
80;80.39;2;20;[1,1,2,2,2,2,2,2,2,4,4,4,4,4,4,5,5,10,10,10];5;false;true;2;2;40;[2,5];0.25;4.
80;80.40;2;20;[1,1,2,2,2,2,2,2,2,4,4,4,4,4,4,5,5,10,10,10];5;false;true;2;2;40;[2,5];0.25;4.
80;80.41;2;20;[1,1,2,2,2,2,2,2,2,4,4,4,4,4,4,5,5,10,10,10];5;false;true;2;2;40;[2,5];0.25;4.
80;80.42;2;20;[1,1,2,2,2,2,2,2,2,4,4,4,4,4,4,5,5,10,10,10];5;false;true;2;2;40;[2,5];0.25;4.
80;80.43;8;32;[1,1,1,1,1,1,1,1,2,2,2,2,2,2,2,2,2,2,2,2,2,2,2,2,5,5,5,5,5,5,5,5];3;false;true;2;1;40;[2,5];0.40000000000000002;2.5
80;80.44;4;26;[1,1,1,1,2,2,2,2,2,2,2,2,2,2,2,2,2,2,2,2,2,2,10,10,10,10];3;false;true;2;1;40;[2,5];0.32500000000000001;3.0769230769230771
80;80.45;80;80;[1,1,1,1,1,1,1,1,1,1,1,1,1,1,1,1,1,1,1,1,1,1,1,1,1,1,1,1,1,1,1,1,1,1,1,1,1,1,1,1,1,1,1,1,1,1,1,1,1,1,1,1,1,1,1,1,1,1,1,1,1,1,1,1,1,1,1,1,1,1,1,1,1,1,1,1,1,1,1,1];1;true;true;1;1;80;[2,5];1.;1.
80;80.46;20;50;[1,1,1,1,1,1,1,1,1,1,1,1,1,1,1,1,1,1,1,1,2,2,2,2,2,2,2,2,2,2,2,2,2,2,2,2,2,2,2,2,2,2,2,2,2,2,2,2,2,2];2;true;true;2;2;80;[2,5];0.625;1.6000000000000001
80;80.47;20;50;[1,1,1,1,1,1,1,1,1,1,1,1,1,1,1,1,1,1,1,1,2,2,2,2,2,2,2,2,2,2,2,2,2,2,2,2,2,2,2,2,2,2,2,2,2,2,2,2,2,2];2;true;true;2;2;80;[2,5];0.625;1.6000000000000001
80;80.48;20;50;[1,1,1,1,1,1,1,1,1,1,1,1,1,1,1,1,1,1,1,1,2,2,2,2,2,2,2,2,2,2,2,2,2,2,2,2,2,2,2,2,2,2,2,2,2,2,2,2,2,2];2;true;true;2;2;80;[2,5];0.625;1.6000000000000001
80;80.49;1;8;[1,5,5,5,16,16,16,16];3;false;true;2;1;16;[2,5];0.10000000000000001;10.
80;80.50;4;20;[1,1,1,1,4,4,4,4,5,5,5,5,5,5,5,5,5,5,5,5];3;false;true;2;1;20;[2,5];0.25;4.
80;80.51;8;32;[1,1,1,1,1,1,1,1,2,2,2,2,2,2,2,2,2,2,2,2,2,2,2,2,5,5,5,5,5,5,5,5];3;false;true;2;1;40;[2,5];0.40000000000000002;2.5
80;80.52;80;80;[1,1,1,1,1,1,1,1,1,1,1,1,1,1,1,1,1,1,1,1,1,1,1,1,1,1,1,1,1,1,1,1,1,1,1,1,1,1,1,1,1,1,1,1,1,1,1,1,1,1,1,1,1,1,1,1,1,1,1,1,1,1,1,1,1,1,1,1,1,1,1,1,1,1,1,1,1,1,1,1];1;true;true;1;1;80;[2,5];1.;1.
81;81.1;81;81;[1,1,1,1,1,1,1,1,1,1,1,1,1,1,1,1,1,1,1,1,1,1,1,1,1,1,1,1,1,1,1,1,1,1,1,1,1,1,1,1,1,1,1,1,1,1,1,1,1,1,1,1,1,1,1,1,1,1,1,1,1,1,1,1,1,1,1,1,1,1,1,1,1,1,1,1,1,1,1,1,1];1;true;true;1;1;81;[3];1.;1.
81;81.2;81;81;[1,1,1,1,1,1,1,1,1,1,1,1,1,1,1,1,1,1,1,1,1,1,1,1,1,1,1,1,1,1,1,1,1,1,1,1,1,1,1,1,1,1,1,1,1,1,1,1,1,1,1,1,1,1,1,1,1,1,1,1,1,1,1,1,1,1,1,1,1,1,1,1,1,1,1,1,1,1,1,1,1];1;true;true;1;1;81;[3];1.;1.
81;81.3;9;33;[1,1,1,1,1,1,1,1,1,3,3,3,3,3,3,3,3,3,3,3,3,3,3,3,3,3,3,3,3,3,3,3,3];2;true;true;2;2;81;[3];0.40740740740740738;2.4545454545454546
81;81.4;9;33;[1,1,1,1,1,1,1,1,1,3,3,3,3,3,3,3,3,3,3,3,3,3,3,3,3,3,3,3,3,3,3,3,3];2;true;true;2;2;81;[3];0.40740740740740738;2.4545454545454546
81;81.5;81;81;[1,1,1,1,1,1,1,1,1,1,1,1,1,1,1,1,1,1,1,1,1,1,1,1,1,1,1,1,1,1,1,1,1,1,1,1,1,1,1,1,1,1,1,1,1,1,1,1,1,1,1,1,1,1,1,1,1,1,1,1,1,1,1,1,1,1,1,1,1,1,1,1,1,1,1,1,1,1,1,1,1];1;true;true;1;1;81;[3];1.;1.
81;81.6;9;33;[1,1,1,1,1,1,1,1,1,3,3,3,3,3,3,3,3,3,3,3,3,3,3,3,3,3,3,3,3,3,3,3,3];2;true;true;2;2;81;[3];0.40740740740740738;2.4545454545454546
81;81.7;3;17;[1,1,1,3,3,3,3,3,3,3,3,9,9,9,9,9,9];3;true;true;2;2;81;[3];0.20987654320987653;4.7647058823529411
81;81.8;3;17;[1,1,1,3,3,3,3,3,3,3,3,9,9,9,9,9,9];3;true;true;2;2;81;[3];0.20987654320987653;4.7647058823529411
81;81.9;3;17;[1,1,1,3,3,3,3,3,3,3,3,9,9,9,9,9,9];3;true;true;2;2;81;[3];0.20987654320987653;4.7647058823529411
81;81.10;3;17;[1,1,1,3,3,3,3,3,3,3,3,9,9,9,9,9,9];3;true;true;2;2;81;[3];0.20987654320987653;4.7647058823529411
81;81.11;81;81;[1,1,1,1,1,1,1,1,1,1,1,1,1,1,1,1,1,1,1,1,1,1,1,1,1,1,1,1,1,1,1,1,1,1,1,1,1,1,1,1,1,1,1,1,1,1,1,1,1,1,1,1,1,1,1,1,1,1,1,1,1,1,1,1,1,1,1,1,1,1,1,1,1,1,1,1,1,1,1,1,1];1;true;true;1;1;81;[3];1.;1.
81;81.12;9;33;[1,1,1,1,1,1,1,1,1,3,3,3,3,3,3,3,3,3,3,3,3,3,3,3,3,3,3,3,3,3,3,3,3];2;true;true;2;2;81;[3];0.40740740740740738;2.4545454545454546
81;81.13;9;33;[1,1,1,1,1,1,1,1,1,3,3,3,3,3,3,3,3,3,3,3,3,3,3,3,3,3,3,3,3,3,3,3,3];2;true;true;2;2;81;[3];0.40740740740740738;2.4545454545454546
81;81.14;9;33;[1,1,1,1,1,1,1,1,1,3,3,3,3,3,3,3,3,3,3,3,3,3,3,3,3,3,3,3,3,3,3,3,3];2;true;true;2;2;81;[3];0.40740740740740738;2.4545454545454546
81;81.15;81;81;[1,1,1,1,1,1,1,1,1,1,1,1,1,1,1,1,1,1,1,1,1,1,1,1,1,1,1,1,1,1,1,1,1,1,1,1,1,1,1,1,1,1,1,1,1,1,1,1,1,1,1,1,1,1,1,1,1,1,1,1,1,1,1,1,1,1,1,1,1,1,1,1,1,1,1,1,1,1,1,1,1];1;true;true;1;1;81;[3];1.;1.
82;82.1;1;22;[1,2,2,2,2,2,2,2,2,2,2,2,2,2,2,2,2,2,2,2,2,41];3;false;true;2;1;41;[2,41];0.26829268292682928;3.7272727272727275
82;82.2;82;82;[1,1,1,1,1,1,1,1,1,1,1,1,1,1,1,1,1,1,1,1,1,1,1,1,1,1,1,1,1,1,1,1,1,1,1,1,1,1,1,1,1,1,1,1,1,1,1,1,1,1,1,1,1,1,1,1,1,1,1,1,1,1,1,1,1,1,1,1,1,1,1,1,1,1,1,1,1,1,1,1,1,1];1;true;true;1;1;82;[2,41];1.;1.
83;83.1;83;83;[1,1,1,1,1,1,1,1,1,1,1,1,1,1,1,1,1,1,1,1,1,1,1,1,1,1,1,1,1,1,1,1,1,1,1,1,1,1,1,1,1,1,1,1,1,1,1,1,1,1,1,1,1,1,1,1,1,1,1,1,1,1,1,1,1,1,1,1,1,1,1,1,1,1,1,1,1,1,1,1,1,1,1];1;true;true;1;1;83;[83];1.;1.
84;84.1;2;14;[1,1,6,6,7,7,7,7,7,7,7,7,7,7];3;false;true;2;1;14;[2,3,7];0.16666666666666666;6.
84;84.2;4;20;[1,1,1,1,3,3,3,3,3,3,3,3,7,7,7,7,7,7,7,7];3;false;true;2;1;28;[2,3,7];0.23809523809523808;4.2000000000000002
84;84.3;14;42;[1,1,1,1,1,1,1,1,1,1,1,1,1,1,2,2,2,2,2,2,2,2,2,2,2,2,2,2,3,3,3,3,3,3,3,3,3,3,3,3,3,3];3;false;true;2;1;42;[2,3,7];0.5;2.
84;84.4;6;30;[1,1,1,1,1,1,2,2,2,2,2,2,2,2,2,2,2,2,2,2,2,2,2,2,7,7,7,7,7,7];3;false;true;2;1;42;[2,3,7];0.35714285714285715;2.7999999999999998
84;84.5;2;24;[1,1,2,2,2,2,2,2,2,2,2,2,2,2,2,2,2,2,2,2,2,2,21,21];3;false;true;2;1;42;[2,3,7];0.2857142857142857;3.5
84;84.6;84;84;[1,1,1,1,1,1,1,1,1,1,1,1,1,1,1,1,1,1,1,1,1,1,1,1,1,1,1,1,1,1,1,1,1,1,1,1,1,1,1,1,1,1,1,1,1,1,1,1,1,1,1,1,1,1,1,1,1,1,1,1,1,1,1,1,1,1,1,1,1,1,1,1,1,1,1,1,1,1,1,1,1,1,1,1];1;true;true;1;1;84;[2,3,7];1.;1.
84;84.7;2;14;[1,1,6,6,7,7,7,7,7,7,7,7,7,7];3;false;true;2;1;14;[2,3,7];0.16666666666666666;6.
84;84.8;1;15;[1,2,2,2,2,3,4,4,4,6,6,6,7,14,21];8;false;true;2;1;21;[2,3,7];0.17857142857142858;5.5999999999999996
84;84.9;4;20;[1,1,1,1,3,3,3,3,3,3,3,3,7,7,7,7,7,7,7,7];3;false;true;2;1;28;[2,3,7];0.23809523809523808;4.2000000000000002
84;84.10;7;28;[1,1,1,1,1,1,1,3,3,3,3,3,3,3,4,4,4,4,4,4,4,4,4,4,4,4,4,4];3;false;true;2;1;28;[2,3,7];0.33333333333333331;3.
84;84.11;1;12;[1,3,3,3,3,3,3,3,3,3,28,28];3;false;true;2;1;28;[2,3,7];0.14285714285714285;7.
84;84.12;6;30;[1,1,1,1,1,1,2,2,2,2,2,2,2,2,2,2,2,2,2,2,2,2,2,2,7,7,7,7,7,7];3;false;true;2;1;42;[2,3,7];0.35714285714285715;2.7999999999999998
84;84.13;14;42;[1,1,1,1,1,1,1,1,1,1,1,1,1,1,2,2,2,2,2,2,2,2,2,2,2,2,2,2,3,3,3,3,3,3,3,3,3,3,3,3,3,3];3;false;true;2;1;42;[2,3,7];0.5;2.
84;84.14;2;24;[1,1,2,2,2,2,2,2,2,2,2,2,2,2,2,2,2,2,2,2,2,2,21,21];3;false;true;2;1;42;[2,3,7];0.2857142857142857;3.5
84;84.15;84;84;[1,1,1,1,1,1,1,1,1,1,1,1,1,1,1,1,1,1,1,1,1,1,1,1,1,1,1,1,1,1,1,1,1,1,1,1,1,1,1,1,1,1,1,1,1,1,1,1,1,1,1,1,1,1,1,1,1,1,1,1,1,1,1,1,1,1,1,1,1,1,1,1,1,1,1,1,1,1,1,1,1,1,1,1];1;true;true;1;1;84;[2,3,7];1.;1.
85;85.1;85;85;[1,1,1,1,1,1,1,1,1,1,1,1,1,1,1,1,1,1,1,1,1,1,1,1,1,1,1,1,1,1,1,1,1,1,1,1,1,1,1,1,1,1,1,1,1,1,1,1,1,1,1,1,1,1,1,1,1,1,1,1,1,1,1,1,1,1,1,1,1,1,1,1,1,1,1,1,1,1,1,1,1,1,1,1,1];1;true;true;1;1;85;[5,17];1.;1.
86;86.1;1;23;[1,2,2,2,2,2,2,2,2,2,2,2,2,2,2,2,2,2,2,2,2,2,43];3;false;true;2;1;43;[2,43];0.26744186046511625;3.7391304347826084
86;86.2;86;86;[1,1,1,1,1,1,1,1,1,1,1,1,1,1,1,1,1,1,1,1,1,1,1,1,1,1,1,1,1,1,1,1,1,1,1,1,1,1,1,1,1,1,1,1,1,1,1,1,1,1,1,1,1,1,1,1,1,1,1,1,1,1,1,1,1,1,1,1,1,1,1,1,1,1,1,1,1,1,1,1,1,1,1,1,1,1];1;true;true;1;1;86;[2,43];1.;1.
87;87.1;87;87;[1,1,1,1,1,1,1,1,1,1,1,1,1,1,1,1,1,1,1,1,1,1,1,1,1,1,1,1,1,1,1,1,1,1,1,1,1,1,1,1,1,1,1,1,1,1,1,1,1,1,1,1,1,1,1,1,1,1,1,1,1,1,1,1,1,1,1,1,1,1,1,1,1,1,1,1,1,1,1,1,1,1,1,1,1,1,1];1;true;true;1;1;87;[3,29];1.;1.
88;88.1;4;28;[1,1,1,1,2,2,2,2,2,2,2,2,2,2,2,2,2,2,2,2,2,2,2,2,11,11,11,11];3;false;true;2;1;44;[2,11];0.31818181818181818;3.1428571428571428
88;88.2;88;88;[1,1,1,1,1,1,1,1,1,1,1,1,1,1,1,1,1,1,1,1,1,1,1,1,1,1,1,1,1,1,1,1,1,1,1,1,1,1,1,1,1,1,1,1,1,1,1,1,1,1,1,1,1,1,1,1,1,1,1,1,1,1,1,1,1,1,1,1,1,1,1,1,1,1,1,1,1,1,1,1,1,1,1,1,1,1,1,1];1;true;true;1;1;88;[2,11];1.;1.
88;88.3;2;25;[1,1,2,2,2,2,2,2,2,2,2,2,2,2,2,2,2,2,2,2,2,2,2,22,22];3;false;true;2;1;44;[2,11];0.28409090909090912;3.52
88;88.4;4;28;[1,1,1,1,2,2,2,2,2,2,2,2,2,2,2,2,2,2,2,2,2,2,2,2,11,11,11,11];3;false;true;2;1;44;[2,11];0.31818181818181818;3.1428571428571428
88;88.5;2;25;[1,1,2,2,2,2,2,2,2,2,2,2,2,2,2,2,2,2,2,2,2,2,2,22,22];3;false;true;2;1;44;[2,11];0.28409090909090912;3.52
88;88.6;4;28;[1,1,1,1,2,2,2,2,2,2,2,2,2,2,2,2,2,2,2,2,2,2,2,2,11,11,11,11];3;false;true;2;1;44;[2,11];0.31818181818181818;3.1428571428571428
88;88.7;2;25;[1,1,2,2,2,2,2,2,2,2,2,2,2,2,2,2,2,2,2,2,2,2,2,22,22];3;false;true;2;1;44;[2,11];0.28409090909090912;3.52
88;88.8;88;88;[1,1,1,1,1,1,1,1,1,1,1,1,1,1,1,1,1,1,1,1,1,1,1,1,1,1,1,1,1,1,1,1,1,1,1,1,1,1,1,1,1,1,1,1,1,1,1,1,1,1,1,1,1,1,1,1,1,1,1,1,1,1,1,1,1,1,1,1,1,1,1,1,1,1,1,1,1,1,1,1,1,1,1,1,1,1,1,1];1;true;true;1;1;88;[2,11];1.;1.
88;88.9;22;55;[1,1,1,1,1,1,1,1,1,1,1,1,1,1,1,1,1,1,1,1,1,1,2,2,2,2,2,2,2,2,2,2,2,2,2,2,2,2,2,2,2,2,2,2,2,2,2,2,2,2,2,2,2,2,2];2;true;true;2;2;88;[2,11];0.625;1.6000000000000001
88;88.10;22;55;[1,1,1,1,1,1,1,1,1,1,1,1,1,1,1,1,1,1,1,1,1,1,2,2,2,2,2,2,2,2,2,2,2,2,2,2,2,2,2,2,2,2,2,2,2,2,2,2,2,2,2,2,2,2,2];2;true;true;2;2;88;[2,11];0.625;1.6000000000000001
88;88.11;4;28;[1,1,1,1,2,2,2,2,2,2,2,2,2,2,2,2,2,2,2,2,2,2,2,2,11,11,11,11];3;false;true;2;1;44;[2,11];0.31818181818181818;3.1428571428571428
88;88.12;88;88;[1,1,1,1,1,1,1,1,1,1,1,1,1,1,1,1,1,1,1,1,1,1,1,1,1,1,1,1,1,1,1,1,1,1,1,1,1,1,1,1,1,1,1,1,1,1,1,1,1,1,1,1,1,1,1,1,1,1,1,1,1,1,1,1,1,1,1,1,1,1,1,1,1,1,1,1,1,1,1,1,1,1,1,1,1,1,1,1];1;true;true;1;1;88;[2,11];1.;1.
89;89.1;89;89;[1,1,1,1,1,1,1,1,1,1,1,1,1,1,1,1,1,1,1,1,1,1,1,1,1,1,1,1,1,1,1,1,1,1,1,1,1,1,1,1,1,1,1,1,1,1,1,1,1,1,1,1,1,1,1,1,1,1,1,1,1,1,1,1,1,1,1,1,1,1,1,1,1,1,1,1,1,1,1,1,1,1,1,1,1,1,1,1,1];1;true;true;1;1;89;[89];1.;1.
90;90.1;5;30;[1,1,1,1,1,2,2,2,2,2,2,2,2,2,2,2,2,2,2,2,2,2,2,2,2,9,9,9,9,9];3;false;true;2;1;45;[2,3,5];0.33333333333333331;3.
90;90.2;9;36;[1,1,1,1,1,1,1,1,1,2,2,2,2,2,2,2,2,2,2,2,2,2,2,2,2,2,2,5,5,5,5,5,5,5,5,5];3;false;true;2;1;45;[2,3,5];0.40000000000000002;2.5
90;90.3;1;24;[1,2,2,2,2,2,2,2,2,2,2,2,2,2,2,2,2,2,2,2,2,2,2,45];3;false;true;2;1;45;[2,3,5];0.26666666666666666;3.75
90;90.4;90;90;[1,1,1,1,1,1,1,1,1,1,1,1,1,1,1,1,1,1,1,1,1,1,1,1,1,1,1,1,1,1,1,1,1,1,1,1,1,1,1,1,1,1,1,1,1,1,1,1,1,1,1,1,1,1,1,1,1,1,1,1,1,1,1,1,1,1,1,1,1,1,1,1,1,1,1,1,1,1,1,1,1,1,1,1,1,1,1,1,1,1];1;true;true;1;1;90;[2,3,5];1.;1.
90;90.5;9;36;[1,1,1,1,1,1,1,1,1,2,2,2,2,2,2,2,2,2,2,2,2,2,2,2,2,2,2,5,5,5,5,5,5,5,5,5];3;false;true;2;1;45;[2,3,5];0.40000000000000002;2.5
90;90.6;15;45;[1,1,1,1,1,1,1,1,1,1,1,1,1,1,1,2,2,2,2,2,2,2,2,2,2,2,2,2,2,2,3,3,3,3,3,3,3,3,3,3,3,3,3,3,3];3;false;true;2;1;45;[2,3,5];0.5;2.
90;90.7;3;27;[1,1,1,2,2,2,2,2,2,2,2,2,2,2,2,2,2,2,2,2,2,2,2,2,15,15,15];3;false;true;2;1;45;[2,3,5];0.29999999999999999;3.3333333333333335
90;90.8;5;30;[1,1,1,1,1,2,2,2,2,2,2,2,2,2,2,2,2,2,2,2,2,2,2,2,2,9,9,9,9,9];3;false;true;2;1;45;[2,3,5];0.33333333333333331;3.
90;90.9;1;24;[1,2,2,2,2,2,2,2,2,2,2,2,2,2,2,2,2,2,2,2,2,2,2,45];3;false;true;2;1;45;[2,3,5];0.26666666666666666;3.75
90;90.10;90;90;[1,1,1,1,1,1,1,1,1,1,1,1,1,1,1,1,1,1,1,1,1,1,1,1,1,1,1,1,1,1,1,1,1,1,1,1,1,1,1,1,1,1,1,1,1,1,1,1,1,1,1,1,1,1,1,1,1,1,1,1,1,1,1,1,1,1,1,1,1,1,1,1,1,1,1,1,1,1,1,1,1,1,1,1,1,1,1,1,1,1];1;true;true;1;1;90;[2,3,5];1.;1.
91;91.1;91;91;[1,1,1,1,1,1,1,1,1,1,1,1,1,1,1,1,1,1,1,1,1,1,1,1,1,1,1,1,1,1,1,1,1,1,1,1,1,1,1,1,1,1,1,1,1,1,1,1,1,1,1,1,1,1,1,1,1,1,1,1,1,1,1,1,1,1,1,1,1,1,1,1,1,1,1,1,1,1,1,1,1,1,1,1,1,1,1,1,1,1,1];1;true;true;1;1;91;[7,13];1.;1.
92;92.1;2;26;[1,1,2,2,2,2,2,2,2,2,2,2,2,2,2,2,2,2,2,2,2,2,2,2,23,23];3;false;true;2;1;46;[2,23];0.28260869565217389;3.5384615384615383
92;92.2;92;92;[1,1,1,1,1,1,1,1,1,1,1,1,1,1,1,1,1,1,1,1,1,1,1,1,1,1,1,1,1,1,1,1,1,1,1,1,1,1,1,1,1,1,1,1,1,1,1,1,1,1,1,1,1,1,1,1,1,1,1,1,1,1,1,1,1,1,1,1,1,1,1,1,1,1,1,1,1,1,1,1,1,1,1,1,1,1,1,1,1,1,1,1];1;true;true;1;1;92;[2,23];1.;1.
92;92.3;2;26;[1,1,2,2,2,2,2,2,2,2,2,2,2,2,2,2,2,2,2,2,2,2,2,2,23,23];3;false;true;2;1;46;[2,23];0.28260869565217389;3.5384615384615383
92;92.4;92;92;[1,1,1,1,1,1,1,1,1,1,1,1,1,1,1,1,1,1,1,1,1,1,1,1,1,1,1,1,1,1,1,1,1,1,1,1,1,1,1,1,1,1,1,1,1,1,1,1,1,1,1,1,1,1,1,1,1,1,1,1,1,1,1,1,1,1,1,1,1,1,1,1,1,1,1,1,1,1,1,1,1,1,1,1,1,1,1,1,1,1,1,1];1;true;true;1;1;92;[2,23];1.;1.
93;93.1;1;13;[1,3,3,3,3,3,3,3,3,3,3,31,31];3;false;true;2;1;31;[3,31];0.13978494623655913;7.1538461538461542
93;93.2;93;93;[1,1,1,1,1,1,1,1,1,1,1,1,1,1,1,1,1,1,1,1,1,1,1,1,1,1,1,1,1,1,1,1,1,1,1,1,1,1,1,1,1,1,1,1,1,1,1,1,1,1,1,1,1,1,1,1,1,1,1,1,1,1,1,1,1,1,1,1,1,1,1,1,1,1,1,1,1,1,1,1,1,1,1,1,1,1,1,1,1,1,1,1,1];1;true;true;1;1;93;[3,31];1.;1.
94;94.1;1;25;[1,2,2,2,2,2,2,2,2,2,2,2,2,2,2,2,2,2,2,2,2,2,2,2,47];3;false;true;2;1;47;[2,47];0.26595744680851063;3.7599999999999998
94;94.2;94;94;[1,1,1,1,1,1,1,1,1,1,1,1,1,1,1,1,1,1,1,1,1,1,1,1,1,1,1,1,1,1,1,1,1,1,1,1,1,1,1,1,1,1,1,1,1,1,1,1,1,1,1,1,1,1,1,1,1,1,1,1,1,1,1,1,1,1,1,1,1,1,1,1,1,1,1,1,1,1,1,1,1,1,1,1,1,1,1,1,1,1,1,1,1,1];1;true;true;1;1;94;[2,47];1.;1.
95;95.1;95;95;[1,1,1,1,1,1,1,1,1,1,1,1,1,1,1,1,1,1,1,1,1,1,1,1,1,1,1,1,1,1,1,1,1,1,1,1,1,1,1,1,1,1,1,1,1,1,1,1,1,1,1,1,1,1,1,1,1,1,1,1,1,1,1,1,1,1,1,1,1,1,1,1,1,1,1,1,1,1,1,1,1,1,1,1,1,1,1,1,1,1,1,1,1,1,1];1;true;true;1;1;95;[5,19];1.;1.
96;96.1;16;48;[1,1,1,1,1,1,1,1,1,1,1,1,1,1,1,1,2,2,2,2,2,2,2,2,2,2,2,2,2,2,2,2,3,3,3,3,3,3,3,3,3,3,3,3,3,3,3,3];3;false;true;2;1;48;[2,3];0.5;2.
96;96.2;96;96;[1,1,1,1,1,1,1,1,1,1,1,1,1,1,1,1,1,1,1,1,1,1,1,1,1,1,1,1,1,1,1,1,1,1,1,1,1,1,1,1,1,1,1,1,1,1,1,1,1,1,1,1,1,1,1,1,1,1,1,1,1,1,1,1,1,1,1,1,1,1,1,1,1,1,1,1,1,1,1,1,1,1,1,1,1,1,1,1,1,1,1,1,1,1,1,1];1;true;true;1;1;96;[2,3];1.;1.
96;96.3;2;12;[1,1,3,3,6,6,6,6,16,16,16,16];4;false;true;3;2;32;[2,3];0.125;8.
96;96.4;16;48;[1,1,1,1,1,1,1,1,1,1,1,1,1,1,1,1,2,2,2,2,2,2,2,2,2,2,2,2,2,2,2,2,3,3,3,3,3,3,3,3,3,3,3,3,3,3,3,3];3;false;true;2;1;48;[2,3];0.5;2.
96;96.5;8;36;[1,1,1,1,1,1,1,1,2,2,2,2,2,2,2,2,2,2,2,2,2,2,2,2,2,2,2,2,6,6,6,6,6,6,6,6];3;false;true;2;1;48;[2,3];0.375;2.6666666666666665
96;96.6;2;27;[1,1,2,2,2,2,2,2,2,2,2,2,2,2,2,2,2,2,2,2,2,2,2,2,2,24,24];3;false;true;2;1;48;[2,3];0.28125;3.5555555555555554
96;96.7;2;27;[1,1,2,2,2,2,2,2,2,2,2,2,2,2,2,2,2,2,2,2,2,2,2,2,2,24,24];3;false;true;2;1;48;[2,3];0.28125;3.5555555555555554
96;96.8;2;27;[1,1,2,2,2,2,2,2,2,2,2,2,2,2,2,2,2,2,2,2,2,2,2,2,2,24,24];3;false;true;2;1;48;[2,3];0.28125;3.5555555555555554
96;96.9;16;48;[1,1,1,1,1,1,1,1,1,1,1,1,1,1,1,1,2,2,2,2,2,2,2,2,2,2,2,2,2,2,2,2,3,3,3,3,3,3,3,3,3,3,3,3,3,3,3,3];3;false;true;2;1;48;[2,3];0.5;2.
96;96.10;8;36;[1,1,1,1,1,1,1,1,2,2,2,2,2,2,2,2,2,2,2,2,2,2,2,2,2,2,2,2,6,6,6,6,6,6,6,6];3;false;true;2;1;48;[2,3];0.375;2.6666666666666665
96;96.11;8;36;[1,1,1,1,1,1,1,1,2,2,2,2,2,2,2,2,2,2,2,2,2,2,2,2,2,2,2,2,6,6,6,6,6,6,6,6];3;false;true;2;1;48;[2,3];0.375;2.6666666666666665
96;96.12;4;30;[1,1,1,1,2,2,2,2,2,2,2,2,2,2,2,2,2,2,2,2,2,2,2,2,2,2,12,12,12,12];3;false;true;2;1;48;[2,3];0.3125;3.2000000000000002
96;96.13;2;21;[1,1,2,2,2,2,2,2,2,4,4,4,4,4,4,4,4,12,12,12,12];4;false;true;2;2;48;[2,3];0.21875;4.5714285714285712
96;96.14;4;24;[1,1,1,1,2,2,2,2,2,2,4,4,4,4,4,4,4,4,6,6,6,6,12,12];5;false;true;2;2;48;[2,3];0.25;4.
96;96.15;4;24;[1,1,1,1,2,2,2,2,2,2,4,4,4,4,4,4,4,4,6,6,6,6,12,12];5;false;true;2;2;48;[2,3];0.25;4.
96;96.16;4;24;[1,1,1,1,2,2,2,2,2,2,4,4,4,4,4,4,4,4,6,6,6,6,12,12];5;false;true;2;2;48;[2,3];0.25;4.
96;96.17;4;24;[1,1,1,1,2,2,2,2,2,2,4,4,4,4,4,4,4,4,6,6,6,6,12,12];5;false;true;2;2;48;[2,3];0.25;4.
96;96.18;16;48;[1,1,1,1,1,1,1,1,1,1,1,1,1,1,1,1,2,2,2,2,2,2,2,2,2,2,2,2,2,2,2,2,3,3,3,3,3,3,3,3,3,3,3,3,3,3,3,3];3;false;true;2;1;48;[2,3];0.5;2.
96;96.19;8;36;[1,1,1,1,1,1,1,1,2,2,2,2,2,2,2,2,2,2,2,2,2,2,2,2,2,2,2,2,6,6,6,6,6,6,6,6];3;false;true;2;1;48;[2,3];0.375;2.6666666666666665
96;96.20;16;48;[1,1,1,1,1,1,1,1,1,1,1,1,1,1,1,1,2,2,2,2,2,2,2,2,2,2,2,2,2,2,2,2,3,3,3,3,3,3,3,3,3,3,3,3,3,3,3,3];3;false;true;2;1;48;[2,3];0.5;2.
96;96.21;8;36;[1,1,1,1,1,1,1,1,2,2,2,2,2,2,2,2,2,2,2,2,2,2,2,2,2,2,2,2,6,6,6,6,6,6,6,6];3;false;true;2;1;48;[2,3];0.375;2.6666666666666665
96;96.22;8;36;[1,1,1,1,1,1,1,1,2,2,2,2,2,2,2,2,2,2,2,2,2,2,2,2,2,2,2,2,6,6,6,6,6,6,6,6];3;false;true;2;1;48;[2,3];0.375;2.6666666666666665
96;96.23;4;30;[1,1,1,1,2,2,2,2,2,2,2,2,2,2,2,2,2,2,2,2,2,2,2,2,2,2,12,12,12,12];3;false;true;2;1;48;[2,3];0.3125;3.2000000000000002
96;96.24;4;30;[1,1,1,1,2,2,2,2,2,2,2,2,2,2,2,2,2,2,2,2,2,2,2,2,2,2,12,12,12,12];3;false;true;2;1;48;[2,3];0.3125;3.2000000000000002
96;96.25;4;30;[1,1,1,1,2,2,2,2,2,2,2,2,2,2,2,2,2,2,2,2,2,2,2,2,2,2,12,12,12,12];3;false;true;2;1;48;[2,3];0.3125;3.2000000000000002
96;96.26;4;30;[1,1,1,1,2,2,2,2,2,2,2,2,2,2,2,2,2,2,2,2,2,2,2,2,2,2,12,12,12,12];3;false;true;2;1;48;[2,3];0.3125;3.2000000000000002
96;96.27;8;36;[1,1,1,1,1,1,1,1,2,2,2,2,2,2,2,2,2,2,2,2,2,2,2,2,2,2,2,2,6,6,6,6,6,6,6,6];3;false;true;2;1;48;[2,3];0.375;2.6666666666666665
96;96.28;4;30;[1,1,1,1,2,2,2,2,2,2,2,2,2,2,2,2,2,2,2,2,2,2,2,2,2,2,12,12,12,12];3;false;true;2;1;48;[2,3];0.3125;3.2000000000000002
96;96.29;4;24;[1,1,1,1,2,2,2,2,2,2,4,4,4,4,4,4,4,4,6,6,6,6,12,12];5;false;true;2;2;48;[2,3];0.25;4.
96;96.30;2;21;[1,1,2,2,2,2,2,2,2,4,4,4,4,4,4,4,4,12,12,12,12];4;false;true;2;2;48;[2,3];0.21875;4.5714285714285712
96;96.31;2;21;[1,1,2,2,2,2,2,2,2,4,4,4,4,4,4,4,4,12,12,12,12];4;false;true;2;2;48;[2,3];0.21875;4.5714285714285712
96;96.32;4;24;[1,1,1,1,2,2,2,2,2,2,4,4,4,4,4,4,4,4,6,6,6,6,12,12];5;false;true;2;2;48;[2,3];0.25;4.
96;96.33;2;18;[1,1,2,2,2,2,2,4,4,4,6,6,6,6,8,8,8,24];6;false;true;2;2;48;[2,3];0.1875;5.333333333333333
96;96.34;2;18;[1,1,2,2,2,2,2,4,4,4,6,6,6,6,8,8,8,24];6;false;true;2;2;48;[2,3];0.1875;5.333333333333333
96;96.35;2;18;[1,1,2,2,2,2,2,4,4,4,6,6,6,6,8,8,8,24];6;false;true;2;2;48;[2,3];0.1875;5.333333333333333
96;96.36;2;18;[1,1,2,2,2,2,2,4,4,4,6,6,6,6,8,8,8,24];6;false;true;2;2;48;[2,3];0.1875;5.333333333333333
96;96.37;8;36;[1,1,1,1,1,1,1,1,2,2,2,2,2,2,2,2,2,2,2,2,2,2,2,2,2,2,2,2,6,6,6,6,6,6,6,6];3;false;true;2;1;48;[2,3];0.375;2.6666666666666665
96;96.38;8;36;[1,1,1,1,1,1,1,1,2,2,2,2,2,2,2,2,2,2,2,2,2,2,2,2,2,2,2,2,6,6,6,6,6,6,6,6];3;false;true;2;1;48;[2,3];0.375;2.6666666666666665
96;96.39;4;24;[1,1,1,1,2,2,2,2,2,2,4,4,4,4,4,4,4,4,6,6,6,6,12,12];5;false;true;2;2;48;[2,3];0.25;4.
96;96.40;2;21;[1,1,2,2,2,2,2,2,2,4,4,4,4,4,4,4,4,12,12,12,12];4;false;true;2;2;48;[2,3];0.21875;4.5714285714285712
96;96.41;2;21;[1,1,2,2,2,2,2,2,2,4,4,4,4,4,4,4,4,12,12,12,12];4;false;true;2;2;48;[2,3];0.21875;4.5714285714285712
96;96.42;4;24;[1,1,1,1,2,2,2,2,2,2,4,4,4,4,4,4,4,4,6,6,6,6,12,12];5;false;true;2;2;48;[2,3];0.25;4.
96;96.43;2;21;[1,1,2,2,2,2,2,2,2,4,4,4,4,4,4,4,4,12,12,12,12];4;false;true;2;2;48;[2,3];0.21875;4.5714285714285712
96;96.44;4;24;[1,1,1,1,2,2,2,2,2,2,4,4,4,4,4,4,4,4,6,6,6,6,12,12];5;false;true;2;2;48;[2,3];0.25;4.
96;96.45;24;60;[1,1,1,1,1,1,1,1,1,1,1,1,1,1,1,1,1,1,1,1,1,1,1,1,2,2,2,2,2,2,2,2,2,2,2,2,2,2,2,2,2,2,2,2,2,2,2,2,2,2,2,2,2,2,2,2,2,2,2,2];2;true;true;2;2;96;[2,3];0.625;1.6000000000000001
96;96.46;96;96;[1,1,1,1,1,1,1,1,1,1,1,1,1,1,1,1,1,1,1,1,1,1,1,1,1,1,1,1,1,1,1,1,1,1,1,1,1,1,1,1,1,1,1,1,1,1,1,1,1,1,1,1,1,1,1,1,1,1,1,1,1,1,1,1,1,1,1,1,1,1,1,1,1,1,1,1,1,1,1,1,1,1,1,1,1,1,1,1,1,1,1,1,1,1,1,1];1;true;true;1;1;96;[2,3];1.;1.
96;96.47;24;60;[1,1,1,1,1,1,1,1,1,1,1,1,1,1,1,1,1,1,1,1,1,1,1,1,2,2,2,2,2,2,2,2,2,2,2,2,2,2,2,2,2,2,2,2,2,2,2,2,2,2,2,2,2,2,2,2,2,2,2,2];2;true;true;2;2;96;[2,3];0.625;1.6000000000000001
96;96.48;24;60;[1,1,1,1,1,1,1,1,1,1,1,1,1,1,1,1,1,1,1,1,1,1,1,1,2,2,2,2,2,2,2,2,2,2,2,2,2,2,2,2,2,2,2,2,2,2,2,2,2,2,2,2,2,2,2,2,2,2,2,2];2;true;true;2;2;96;[2,3];0.625;1.6000000000000001
96;96.49;6;33;[1,1,1,1,1,1,2,2,2,2,2,2,2,2,2,4,4,4,4,4,4,4,4,4,4,4,4,4,4,4,4,4,4];3;true;true;2;2;96;[2,3];0.34375;2.9090909090909092
96;96.50;6;33;[1,1,1,1,1,1,2,2,2,2,2,2,2,2,2,4,4,4,4,4,4,4,4,4,4,4,4,4,4,4,4,4,4];3;true;true;2;2;96;[2,3];0.34375;2.9090909090909092
96;96.51;6;33;[1,1,1,1,1,1,2,2,2,2,2,2,2,2,2,4,4,4,4,4,4,4,4,4,4,4,4,4,4,4,4,4,4];3;true;true;2;2;96;[2,3];0.34375;2.9090909090909092
96;96.52;12;42;[1,1,1,1,1,1,1,1,1,1,1,1,2,2,2,2,2,2,2,2,2,2,2,2,2,2,2,2,2,2,4,4,4,4,4,4,4,4,4,4,4,4];3;true;true;2;2;96;[2,3];0.4375;2.2857142857142856
96;96.53;12;42;[1,1,1,1,1,1,1,1,1,1,1,1,2,2,2,2,2,2,2,2,2,2,2,2,2,2,2,2,2,2,4,4,4,4,4,4,4,4,4,4,4,4];3;true;true;2;2;96;[2,3];0.4375;2.2857142857142856
96;96.54;12;42;[1,1,1,1,1,1,1,1,1,1,1,1,2,2,2,2,2,2,2,2,2,2,2,2,2,2,2,2,2,2,4,4,4,4,4,4,4,4,4,4,4,4];3;true;true;2;2;96;[2,3];0.4375;2.2857142857142856
96;96.55;24;60;[1,1,1,1,1,1,1,1,1,1,1,1,1,1,1,1,1,1,1,1,1,1,1,1,2,2,2,2,2,2,2,2,2,2,2,2,2,2,2,2,2,2,2,2,2,2,2,2,2,2,2,2,2,2,2,2,2,2,2,2];2;true;true;2;2;96;[2,3];0.625;1.6000000000000001
96;96.56;12;42;[1,1,1,1,1,1,1,1,1,1,1,1,2,2,2,2,2,2,2,2,2,2,2,2,2,2,2,2,2,2,4,4,4,4,4,4,4,4,4,4,4,4];3;true;true;2;2;96;[2,3];0.4375;2.2857142857142856
96;96.57;12;42;[1,1,1,1,1,1,1,1,1,1,1,1,2,2,2,2,2,2,2,2,2,2,2,2,2,2,2,2,2,2,4,4,4,4,4,4,4,4,4,4,4,4];3;true;true;2;2;96;[2,3];0.4375;2.2857142857142856
96;96.58;12;42;[1,1,1,1,1,1,1,1,1,1,1,1,2,2,2,2,2,2,2,2,2,2,2,2,2,2,2,2,2,2,4,4,4,4,4,4,4,4,4,4,4,4];3;true;true;2;2;96;[2,3];0.4375;2.2857142857142856
96;96.59;96;96;[1,1,1,1,1,1,1,1,1,1,1,1,1,1,1,1,1,1,1,1,1,1,1,1,1,1,1,1,1,1,1,1,1,1,1,1,1,1,1,1,1,1,1,1,1,1,1,1,1,1,1,1,1,1,1,1,1,1,1,1,1,1,1,1,1,1,1,1,1,1,1,1,1,1,1,1,1,1,1,1,1,1,1,1,1,1,1,1,1,1,1,1,1,1,1,1];1;true;true;1;1;96;[2,3];1.;1.
96;96.60;24;60;[1,1,1,1,1,1,1,1,1,1,1,1,1,1,1,1,1,1,1,1,1,1,1,1,2,2,2,2,2,2,2,2,2,2,2,2,2,2,2,2,2,2,2,2,2,2,2,2,2,2,2,2,2,2,2,2,2,2,2,2];2;true;true;2;2;96;[2,3];0.625;1.6000000000000001
96;96.61;6;33;[1,1,1,1,1,1,2,2,2,2,2,2,2,2,2,2,2,2,2,2,2,2,2,2,2,2,2,8,8,8,8,8,8];3;true;true;2;2;96;[2,3];0.34375;2.9090909090909092
96;96.62;6;33;[1,1,1,1,1,1,2,2,2,2,2,2,2,2,2,2,2,2,2,2,2,2,2,2,2,2,2,8,8,8,8,8,8];3;true;true;2;2;96;[2,3];0.34375;2.9090909090909092
96;96.63;6;33;[1,1,1,1,1,1,2,2,2,2,2,2,2,2,2,2,2,2,2,2,2,2,2,2,2,2,2,8,8,8,8,8,8];3;true;true;2;2;96;[2,3];0.34375;2.9090909090909092
96;96.64;1;10;[1,3,3,3,6,12,12,12,12,32];5;false;true;3;1;16;[2,3];0.10416666666666667;9.5999999999999996
96;96.65;4;20;[1,1,1,1,3,3,3,3,6,6,6,6,6,6,6,6,8,8,8,8];4;false;true;3;1;16;[2,3];0.20833333333333334;4.7999999999999998
96;96.66;4;16;[1,1,1,1,6,6,6,6,6,6,8,8,8,8,12,12];4;false;true;4;2;16;[2,3];0.16666666666666666;6.
96;96.67;4;16;[1,1,1,1,6,6,6,6,6,6,8,8,8,8,12,12];4;false;true;4;2;16;[2,3];0.16666666666666666;6.
96;96.68;2;16;[1,1,3,3,3,3,3,3,3,3,3,3,16,16,16,16];3;false;true;2;1;32;[2,3];0.16666666666666666;6.
96;96.69;8;28;[1,1,1,1,1,1,1,1,4,4,4,4,4,4,4,4,4,4,4,4,4,4,4,4,6,6,6,6];3;false;true;3;2;32;[2,3];0.29166666666666669;3.4285714285714284
96;96.70;1;10;[1,3,4,6,6,12,16,16,16,16];6;false;true;2;2;32;[2,3];0.10416666666666667;9.5999999999999996
96;96.71;1;10;[1,3,4,6,6,12,16,16,16,16];6;false;true;2;2;32;[2,3];0.10416666666666667;9.5999999999999996
96;96.72;1;10;[1,3,4,6,6,12,16,16,16,16];6;false;true;2;2;32;[2,3];0.10416666666666667;9.5999999999999996
96;96.73;8;32;[1,1,1,1,1,1,1,1,3,3,3,3,3,3,3,3,4,4,4,4,4,4,4,4,4,4,4,4,4,4,4,4];3;false;true;2;1;32;[2,3];0.33333333333333331;3.
96;96.74;8;28;[1,1,1,1,1,1,1,1,4,4,4,4,4,4,4,4,4,4,4,4,4,4,4,4,6,6,6,6];3;false;true;3;2;32;[2,3];0.29166666666666669;3.4285714285714284
96;96.75;8;36;[1,1,1,1,1,1,1,1,2,2,2,2,2,2,2,2,2,2,2,2,2,2,2,2,2,2,2,2,6,6,6,6,6,6,6,6];3;false;true;2;1;48;[2,3];0.375;2.6666666666666665
96;96.76;4;30;[1,1,1,1,2,2,2,2,2,2,2,2,2,2,2,2,2,2,2,2,2,2,2,2,2,2,12,12,12,12];3;false;true;2;1;48;[2,3];0.3125;3.2000000000000002
96;96.77;4;30;[1,1,1,1,2,2,2,2,2,2,2,2,2,2,2,2,2,2,2,2,2,2,2,2,2,2,12,12,12,12];3;false;true;2;1;48;[2,3];0.3125;3.2000000000000002
96;96.78;16;48;[1,1,1,1,1,1,1,1,1,1,1,1,1,1,1,1,2,2,2,2,2,2,2,2,2,2,2,2,2,2,2,2,3,3,3,3,3,3,3,3,3,3,3,3,3,3,3,3];3;false;true;2;1;48;[2,3];0.5;2.
96;96.79;8;36;[1,1,1,1,1,1,1,1,2,2,2,2,2,2,2,2,2,2,2,2,2,2,2,2,2,2,2,2,6,6,6,6,6,6,6,6];3;false;true;2;1;48;[2,3];0.375;2.6666666666666665
96;96.80;8;36;[1,1,1,1,1,1,1,1,2,2,2,2,2,2,2,2,2,2,2,2,2,2,2,2,2,2,2,2,6,6,6,6,6,6,6,6];3;false;true;2;1;48;[2,3];0.375;2.6666666666666665
96;96.81;4;30;[1,1,1,1,2,2,2,2,2,2,2,2,2,2,2,2,2,2,2,2,2,2,2,2,2,2,12,12,12,12];3;false;true;2;1;48;[2,3];0.3125;3.2000000000000002
96;96.82;4;30;[1,1,1,1,2,2,2,2,2,2,2,2,2,2,2,2,2,2,2,2,2,2,2,2,2,2,12,12,12,12];3;false;true;2;1;48;[2,3];0.3125;3.2000000000000002
96;96.83;4;30;[1,1,1,1,2,2,2,2,2,2,2,2,2,2,2,2,2,2,2,2,2,2,2,2,2,2,12,12,12,12];3;false;true;2;1;48;[2,3];0.3125;3.2000000000000002
96;96.84;4;30;[1,1,1,1,2,2,2,2,2,2,2,2,2,2,3,3,3,3,4,4,4,4,4,4,6,6,6,6,6,6];5;false;true;2;2;48;[2,3];0.3125;3.2000000000000002
96;96.85;4;24;[1,1,1,1,2,2,2,2,2,2,4,4,4,4,4,4,4,4,6,6,6,6,12,12];5;false;true;2;2;48;[2,3];0.25;4.
96;96.86;4;24;[1,1,1,1,2,2,2,2,2,2,4,4,4,4,4,4,4,4,6,6,6,6,12,12];5;false;true;2;2;48;[2,3];0.25;4.
96;96.87;4;30;[1,1,1,1,2,2,2,2,2,2,2,2,2,2,3,3,3,3,4,4,4,4,4,4,6,6,6,6,6,6];5;false;true;2;2;48;[2,3];0.3125;3.2000000000000002
96;96.88;4;30;[1,1,1,1,2,2,2,2,2,2,2,2,2,2,3,3,3,3,4,4,4,4,4,4,6,6,6,6,6,6];5;false;true;2;2;48;[2,3];0.3125;3.2000000000000002
96;96.89;4;24;[1,1,1,1,2,2,2,2,2,2,4,4,4,4,4,4,4,4,6,6,6,6,12,12];5;false;true;2;2;48;[2,3];0.25;4.
96;96.90;4;24;[1,1,1,1,2,2,2,2,2,2,4,4,4,4,4,4,4,4,6,6,6,6,12,12];5;false;true;2;2;48;[2,3];0.25;4.
96;96.91;4;24;[1,1,1,1,2,2,2,2,2,2,4,4,4,4,4,4,4,4,6,6,6,6,12,12];5;false;true;2;2;48;[2,3];0.25;4.
96;96.92;4;24;[1,1,1,1,2,2,2,2,2,2,4,4,4,4,4,4,4,4,6,6,6,6,12,12];5;false;true;2;2;48;[2,3];0.25;4.
96;96.93;4;24;[1,1,1,1,2,2,2,2,2,2,4,4,4,4,4,4,4,4,6,6,6,6,12,12];5;false;true;2;2;48;[2,3];0.25;4.
96;96.94;4;30;[1,1,1,1,2,2,2,2,2,2,2,2,2,2,3,3,3,3,4,4,4,4,4,4,6,6,6,6,6,6];5;false;true;2;2;48;[2,3];0.3125;3.2000000000000002
96;96.95;4;24;[1,1,1,1,2,2,2,2,2,2,4,4,4,4,4,4,4,4,6,6,6,6,12,12];5;false;true;2;2;48;[2,3];0.25;4.
96;96.96;4;24;[1,1,1,1,2,2,2,2,2,2,4,4,4,4,4,4,4,4,6,6,6,6,12,12];5;false;true;2;2;48;[2,3];0.25;4.
96;96.97;4;24;[1,1,1,1,2,2,2,2,2,2,4,4,4,4,4,4,4,4,6,6,6,6,12,12];5;false;true;2;2;48;[2,3];0.25;4.
96;96.98;4;30;[1,1,1,1,2,2,2,2,2,2,2,2,2,2,3,3,3,3,4,4,4,4,4,4,6,6,6,6,6,6];5;false;true;2;2;48;[2,3];0.3125;3.2000000000000002
96;96.99;4;30;[1,1,1,1,2,2,2,2,2,2,2,2,2,2,3,3,3,3,4,4,4,4,4,4,6,6,6,6,6,6];5;false;true;2;2;48;[2,3];0.3125;3.2000000000000002
96;96.100;4;30;[1,1,1,1,2,2,2,2,2,2,2,2,2,2,3,3,3,3,4,4,4,4,4,4,6,6,6,6,6,6];5;false;true;2;2;48;[2,3];0.3125;3.2000000000000002
96;96.101;4;24;[1,1,1,1,2,2,2,2,2,2,4,4,4,4,4,4,4,4,6,6,6,6,12,12];5;false;true;2;2;48;[2,3];0.25;4.
96;96.102;4;24;[1,1,1,1,2,2,2,2,2,2,4,4,4,4,4,4,4,4,6,6,6,6,12,12];5;false;true;2;2;48;[2,3];0.25;4.
96;96.103;4;24;[1,1,1,1,2,2,2,2,2,2,4,4,4,4,4,4,4,4,6,6,6,6,12,12];5;false;true;2;2;48;[2,3];0.25;4.
96;96.104;4;24;[1,1,1,1,2,2,2,2,2,2,4,4,4,4,4,4,4,4,6,6,6,6,12,12];5;false;true;2;2;48;[2,3];0.25;4.
96;96.105;4;24;[1,1,1,1,2,2,2,2,2,2,4,4,4,4,4,4,4,4,6,6,6,6,12,12];5;false;true;2;2;48;[2,3];0.25;4.
96;96.106;16;48;[1,1,1,1,1,1,1,1,1,1,1,1,1,1,1,1,2,2,2,2,2,2,2,2,2,2,2,2,2,2,2,2,3,3,3,3,3,3,3,3,3,3,3,3,3,3,3,3];3;false;true;2;1;48;[2,3];0.5;2.
96;96.107;8;36;[1,1,1,1,1,1,1,1,2,2,2,2,2,2,2,2,2,2,2,2,2,2,2,2,2,2,2,2,6,6,6,6,6,6,6,6];3;false;true;2;1;48;[2,3];0.375;2.6666666666666665
96;96.108;8;36;[1,1,1,1,1,1,1,1,2,2,2,2,2,2,2,2,2,2,2,2,2,2,2,2,2,2,2,2,6,6,6,6,6,6,6,6];3;false;true;2;1;48;[2,3];0.375;2.6666666666666665
96;96.109;4;30;[1,1,1,1,2,2,2,2,2,2,2,2,2,2,2,2,2,2,2,2,2,2,2,2,2,2,12,12,12,12];3;false;true;2;1;48;[2,3];0.3125;3.2000000000000002
96;96.110;4;30;[1,1,1,1,2,2,2,2,2,2,2,2,2,2,2,2,2,2,2,2,2,2,2,2,2,2,12,12,12,12];3;false;true;2;1;48;[2,3];0.3125;3.2000000000000002
96;96.111;4;30;[1,1,1,1,2,2,2,2,2,2,2,2,2,2,2,2,2,2,2,2,2,2,2,2,2,2,12,12,12,12];3;false;true;2;1;48;[2,3];0.3125;3.2000000000000002
96;96.112;4;30;[1,1,1,1,2,2,2,2,2,2,2,2,2,2,2,2,2,2,2,2,2,2,2,2,2,2,12,12,12,12];3;false;true;2;1;48;[2,3];0.3125;3.2000000000000002
96;96.113;4;30;[1,1,1,1,2,2,2,2,2,2,2,2,2,2,3,3,3,3,4,4,4,4,4,4,6,6,6,6,6,6];5;false;true;2;2;48;[2,3];0.3125;3.2000000000000002
96;96.114;4;30;[1,1,1,1,2,2,2,2,2,2,2,2,2,2,3,3,3,3,4,4,4,4,4,4,6,6,6,6,6,6];5;false;true;2;2;48;[2,3];0.3125;3.2000000000000002
96;96.115;2;21;[1,1,2,2,2,2,2,2,2,4,4,4,4,4,4,4,4,12,12,12,12];4;false;true;2;2;48;[2,3];0.21875;4.5714285714285712
96;96.116;2;21;[1,1,2,2,2,2,2,2,2,4,4,4,4,4,4,4,4,12,12,12,12];4;false;true;2;2;48;[2,3];0.21875;4.5714285714285712
96;96.117;2;21;[1,1,2,2,2,2,2,3,3,4,4,4,4,4,6,6,6,8,8,12,12];7;false;true;2;2;48;[2,3];0.21875;4.5714285714285712
96;96.118;2;18;[1,1,2,2,2,4,4,4,4,4,4,6,6,8,8,12,12,12];6;false;true;2;2;48;[2,3];0.1875;5.333333333333333
96;96.119;2;21;[1,1,2,2,2,2,2,3,3,4,4,4,4,4,6,6,6,8,8,12,12];7;false;true;2;2;48;[2,3];0.21875;4.5714285714285712
96;96.120;2;21;[1,1,2,2,2,2,2,3,3,4,4,4,4,4,6,6,6,8,8,12,12];7;false;true;2;2;48;[2,3];0.21875;4.5714285714285712
96;96.121;2;18;[1,1,2,2,2,4,4,4,4,4,4,6,6,8,8,12,12,12];6;false;true;2;2;48;[2,3];0.1875;5.333333333333333
96;96.122;2;18;[1,1,2,2,2,4,4,4,4,4,4,6,6,8,8,12,12,12];6;false;true;2;2;48;[2,3];0.1875;5.333333333333333
96;96.123;2;21;[1,1,2,2,2,2,2,3,3,4,4,4,4,4,6,6,6,8,8,12,12];7;false;true;2;2;48;[2,3];0.21875;4.5714285714285712
96;96.124;2;21;[1,1,2,2,2,2,2,3,3,4,4,4,4,4,6,6,6,8,8,12,12];7;false;true;2;2;48;[2,3];0.21875;4.5714285714285712
96;96.125;2;18;[1,1,2,2,2,4,4,4,4,4,4,6,6,8,8,12,12,12];6;false;true;2;2;48;[2,3];0.1875;5.333333333333333
96;96.126;2;21;[1,1,2,2,2,2,2,3,3,4,4,4,4,4,6,6,6,8,8,12,12];7;false;true;2;2;48;[2,3];0.21875;4.5714285714285712
96;96.127;16;48;[1,1,1,1,1,1,1,1,1,1,1,1,1,1,1,1,2,2,2,2,2,2,2,2,2,2,2,2,2,2,2,2,3,3,3,3,3,3,3,3,3,3,3,3,3,3,3,3];3;false;true;2;1;48;[2,3];0.5;2.
96;96.128;8;36;[1,1,1,1,1,1,1,1,2,2,2,2,2,2,2,2,2,2,2,2,2,2,2,2,2,2,2,2,6,6,6,6,6,6,6,6];3;false;true;2;1;48;[2,3];0.375;2.6666666666666665
96;96.129;16;48;[1,1,1,1,1,1,1,1,1,1,1,1,1,1,1,1,2,2,2,2,2,2,2,2,2,2,2,2,2,2,2,2,3,3,3,3,3,3,3,3,3,3,3,3,3,3,3,3];3;false;true;2;1;48;[2,3];0.5;2.
96;96.130;8;36;[1,1,1,1,1,1,1,1,2,2,2,2,2,2,2,2,2,2,2,2,2,2,2,2,2,2,2,2,6,6,6,6,6,6,6,6];3;false;true;2;1;48;[2,3];0.375;2.6666666666666665
96;96.131;4;30;[1,1,1,1,2,2,2,2,2,2,2,2,2,2,2,2,2,2,2,2,2,2,2,2,2,2,12,12,12,12];3;false;true;2;1;48;[2,3];0.3125;3.2000000000000002
96;96.132;8;36;[1,1,1,1,1,1,1,1,2,2,2,2,2,2,2,2,2,2,2,2,2,2,2,2,2,2,2,2,6,6,6,6,6,6,6,6];3;false;true;2;1;48;[2,3];0.375;2.6666666666666665
96;96.133;8;36;[1,1,1,1,1,1,1,1,2,2,2,2,2,2,2,2,2,2,2,2,2,2,2,2,2,2,2,2,6,6,6,6,6,6,6,6];3;false;true;2;1;48;[2,3];0.375;2.6666666666666665
96;96.134;8;36;[1,1,1,1,1,1,1,1,2,2,2,2,2,2,2,2,2,2,2,2,2,2,2,2,2,2,2,2,6,6,6,6,6,6,6,6];3;false;true;2;1;48;[2,3];0.375;2.6666666666666665
96;96.135;8;36;[1,1,1,1,1,1,1,1,2,2,2,2,2,2,2,2,2,2,2,2,2,2,2,2,2,2,2,2,6,6,6,6,6,6,6,6];3;false;true;2;1;48;[2,3];0.375;2.6666666666666665
96;96.136;4;30;[1,1,1,1,2,2,2,2,2,2,2,2,2,2,2,2,2,2,2,2,2,2,2,2,2,2,12,12,12,12];3;false;true;2;1;48;[2,3];0.3125;3.2000000000000002
96;96.137;4;30;[1,1,1,1,2,2,2,2,2,2,2,2,2,2,2,2,2,2,2,2,2,2,2,2,2,2,12,12,12,12];3;false;true;2;1;48;[2,3];0.3125;3.2000000000000002
96;96.138;4;24;[1,1,1,1,2,2,2,2,2,2,4,4,4,4,4,4,4,4,6,6,6,6,12,12];5;false;true;2;2;48;[2,3];0.25;4.
96;96.139;2;21;[1,1,2,2,2,2,2,2,2,4,4,4,4,4,4,4,4,12,12,12,12];4;false;true;2;2;48;[2,3];0.21875;4.5714285714285712
96;96.140;4;24;[1,1,1,1,2,2,2,2,2,2,4,4,4,4,4,4,4,4,6,6,6,6,12,12];5;false;true;2;2;48;[2,3];0.25;4.
96;96.141;4;30;[1,1,1,1,2,2,2,2,2,2,2,2,2,2,3,3,3,3,4,4,4,4,4,4,6,6,6,6,6,6];5;false;true;2;2;48;[2,3];0.3125;3.2000000000000002
96;96.142;4;24;[1,1,1,1,2,2,2,2,2,2,4,4,4,4,4,4,4,4,6,6,6,6,12,12];5;false;true;2;2;48;[2,3];0.25;4.
96;96.143;4;24;[1,1,1,1,2,2,2,2,2,2,4,4,4,4,4,4,4,4,6,6,6,6,12,12];5;false;true;2;2;48;[2,3];0.25;4.
96;96.144;4;24;[1,1,1,1,2,2,2,2,2,2,4,4,4,4,4,4,4,4,6,6,6,6,12,12];5;false;true;2;2;48;[2,3];0.25;4.
96;96.145;4;24;[1,1,1,1,2,2,2,2,2,2,4,4,4,4,4,4,4,4,6,6,6,6,12,12];5;false;true;2;2;48;[2,3];0.25;4.
96;96.146;4;24;[1,1,1,1,2,2,2,2,2,2,4,4,4,4,4,4,4,4,6,6,6,6,12,12];5;false;true;2;2;48;[2,3];0.25;4.
96;96.147;4;24;[1,1,1,1,2,2,2,2,2,2,4,4,4,4,4,4,4,4,6,6,6,6,12,12];5;false;true;2;2;48;[2,3];0.25;4.
96;96.148;4;24;[1,1,1,1,2,2,2,2,2,2,4,4,4,4,4,4,4,4,6,6,6,6,12,12];5;false;true;2;2;48;[2,3];0.25;4.
96;96.149;2;21;[1,1,2,2,2,2,2,2,2,4,4,4,4,4,4,4,4,12,12,12,12];4;false;true;2;2;48;[2,3];0.21875;4.5714285714285712
96;96.150;4;24;[1,1,1,1,2,2,2,2,2,2,4,4,4,4,4,4,4,4,6,6,6,6,12,12];5;false;true;2;2;48;[2,3];0.25;4.
96;96.151;4;24;[1,1,1,1,2,2,2,2,2,2,4,4,4,4,4,4,4,4,6,6,6,6,12,12];5;false;true;2;2;48;[2,3];0.25;4.
96;96.152;4;30;[1,1,1,1,2,2,2,2,2,2,2,2,2,2,3,3,3,3,4,4,4,4,4,4,6,6,6,6,6,6];5;false;true;2;2;48;[2,3];0.3125;3.2000000000000002
96;96.153;4;24;[1,1,1,1,2,2,2,2,2,2,4,4,4,4,4,4,4,4,6,6,6,6,12,12];5;false;true;2;2;48;[2,3];0.25;4.
96;96.154;4;24;[1,1,1,1,2,2,2,2,2,2,4,4,4,4,4,4,4,4,6,6,6,6,12,12];5;false;true;2;2;48;[2,3];0.25;4.
96;96.155;4;30;[1,1,1,1,2,2,2,2,2,2,2,2,2,2,3,3,3,3,4,4,4,4,4,4,6,6,6,6,6,6];5;false;true;2;2;48;[2,3];0.3125;3.2000000000000002
96;96.156;2;21;[1,1,2,2,2,2,2,2,2,4,4,4,4,4,4,4,4,12,12,12,12];4;false;true;2;2;48;[2,3];0.21875;4.5714285714285712
96;96.157;4;24;[1,1,1,1,2,2,2,2,2,2,4,4,4,4,4,4,4,4,6,6,6,6,12,12];5;false;true;2;2;48;[2,3];0.25;4.
96;96.158;2;21;[1,1,2,2,2,2,2,2,2,4,4,4,4,4,4,4,4,12,12,12,12];4;false;true;2;2;48;[2,3];0.21875;4.5714285714285712
96;96.159;8;36;[1,1,1,1,1,1,1,1,2,2,2,2,2,2,2,2,2,2,2,2,2,2,2,2,2,2,2,2,6,6,6,6,6,6,6,6];3;false;true;2;1;48;[2,3];0.375;2.6666666666666665
96;96.160;4;30;[1,1,1,1,2,2,2,2,2,2,2,2,2,2,2,2,2,2,2,2,2,2,2,2,2,2,12,12,12,12];3;false;true;2;1;48;[2,3];0.3125;3.2000000000000002
96;96.161;96;96;[1,1,1,1,1,1,1,1,1,1,1,1,1,1,1,1,1,1,1,1,1,1,1,1,1,1,1,1,1,1,1,1,1,1,1,1,1,1,1,1,1,1,1,1,1,1,1,1,1,1,1,1,1,1,1,1,1,1,1,1,1,1,1,1,1,1,1,1,1,1,1,1,1,1,1,1,1,1,1,1,1,1,1,1,1,1,1,1,1,1,1,1,1,1,1,1];1;true;true;1;1;96;[2,3];1.;1.
96;96.162;24;60;[1,1,1,1,1,1,1,1,1,1,1,1,1,1,1,1,1,1,1,1,1,1,1,1,2,2,2,2,2,2,2,2,2,2,2,2,2,2,2,2,2,2,2,2,2,2,2,2,2,2,2,2,2,2,2,2,2,2,2,2];2;true;true;2;2;96;[2,3];0.625;1.6000000000000001
96;96.163;24;60;[1,1,1,1,1,1,1,1,1,1,1,1,1,1,1,1,1,1,1,1,1,1,1,1,2,2,2,2,2,2,2,2,2,2,2,2,2,2,2,2,2,2,2,2,2,2,2,2,2,2,2,2,2,2,2,2,2,2,2,2];2;true;true;2;2;96;[2,3];0.625;1.6000000000000001
96;96.164;24;60;[1,1,1,1,1,1,1,1,1,1,1,1,1,1,1,1,1,1,1,1,1,1,1,1,2,2,2,2,2,2,2,2,2,2,2,2,2,2,2,2,2,2,2,2,2,2,2,2,2,2,2,2,2,2,2,2,2,2,2,2];2;true;true;2;2;96;[2,3];0.625;1.6000000000000001
96;96.165;24;60;[1,1,1,1,1,1,1,1,1,1,1,1,1,1,1,1,1,1,1,1,1,1,1,1,2,2,2,2,2,2,2,2,2,2,2,2,2,2,2,2,2,2,2,2,2,2,2,2,2,2,2,2,2,2,2,2,2,2,2,2];2;true;true;2;2;96;[2,3];0.625;1.6000000000000001
96;96.166;24;60;[1,1,1,1,1,1,1,1,1,1,1,1,1,1,1,1,1,1,1,1,1,1,1,1,2,2,2,2,2,2,2,2,2,2,2,2,2,2,2,2,2,2,2,2,2,2,2,2,2,2,2,2,2,2,2,2,2,2,2,2];2;true;true;2;2;96;[2,3];0.625;1.6000000000000001
96;96.167;12;42;[1,1,1,1,1,1,1,1,1,1,1,1,2,2,2,2,2,2,2,2,2,2,2,2,2,2,2,2,2,2,4,4,4,4,4,4,4,4,4,4,4,4];3;true;true;2;2;96;[2,3];0.4375;2.2857142857142856
96;96.168;12;42;[1,1,1,1,1,1,1,1,1,1,1,1,2,2,2,2,2,2,2,2,2,2,2,2,2,2,2,2,2,2,4,4,4,4,4,4,4,4,4,4,4,4];3;true;true;2;2;96;[2,3];0.4375;2.2857142857142856
96;96.169;12;42;[1,1,1,1,1,1,1,1,1,1,1,1,2,2,2,2,2,2,2,2,2,2,2,2,2,2,2,2,2,2,4,4,4,4,4,4,4,4,4,4,4,4];3;true;true;2;2;96;[2,3];0.4375;2.2857142857142856
96;96.170;12;42;[1,1,1,1,1,1,1,1,1,1,1,1,2,2,2,2,2,2,2,2,2,2,2,2,2,2,2,2,2,2,4,4,4,4,4,4,4,4,4,4,4,4];3;true;true;2;2;96;[2,3];0.4375;2.2857142857142856
96;96.171;12;42;[1,1,1,1,1,1,1,1,1,1,1,1,2,2,2,2,2,2,2,2,2,2,2,2,2,2,2,2,2,2,4,4,4,4,4,4,4,4,4,4,4,4];3;true;true;2;2;96;[2,3];0.4375;2.2857142857142856
96;96.172;12;42;[1,1,1,1,1,1,1,1,1,1,1,1,2,2,2,2,2,2,2,2,2,2,2,2,2,2,2,2,2,2,4,4,4,4,4,4,4,4,4,4,4,4];3;true;true;2;2;96;[2,3];0.4375;2.2857142857142856
96;96.173;12;42;[1,1,1,1,1,1,1,1,1,1,1,1,2,2,2,2,2,2,2,2,2,2,2,2,2,2,2,2,2,2,4,4,4,4,4,4,4,4,4,4,4,4];3;true;true;2;2;96;[2,3];0.4375;2.2857142857142856
96;96.174;12;42;[1,1,1,1,1,1,1,1,1,1,1,1,2,2,2,2,2,2,2,2,2,2,2,2,2,2,2,2,2,2,4,4,4,4,4,4,4,4,4,4,4,4];3;true;true;2;2;96;[2,3];0.4375;2.2857142857142856
96;96.175;12;42;[1,1,1,1,1,1,1,1,1,1,1,1,2,2,2,2,2,2,2,2,2,2,2,2,2,2,2,2,2,2,4,4,4,4,4,4,4,4,4,4,4,4];3;true;true;2;2;96;[2,3];0.4375;2.2857142857142856
96;96.176;96;96;[1,1,1,1,1,1,1,1,1,1,1,1,1,1,1,1,1,1,1,1,1,1,1,1,1,1,1,1,1,1,1,1,1,1,1,1,1,1,1,1,1,1,1,1,1,1,1,1,1,1,1,1,1,1,1,1,1,1,1,1,1,1,1,1,1,1,1,1,1,1,1,1,1,1,1,1,1,1,1,1,1,1,1,1,1,1,1,1,1,1,1,1,1,1,1,1];1;true;true;1;1;96;[2,3];1.;1.
96;96.177;24;60;[1,1,1,1,1,1,1,1,1,1,1,1,1,1,1,1,1,1,1,1,1,1,1,1,2,2,2,2,2,2,2,2,2,2,2,2,2,2,2,2,2,2,2,2,2,2,2,2,2,2,2,2,2,2,2,2,2,2,2,2];2;true;true;2;2;96;[2,3];0.625;1.6000000000000001
96;96.178;24;60;[1,1,1,1,1,1,1,1,1,1,1,1,1,1,1,1,1,1,1,1,1,1,1,1,2,2,2,2,2,2,2,2,2,2,2,2,2,2,2,2,2,2,2,2,2,2,2,2,2,2,2,2,2,2,2,2,2,2,2,2];2;true;true;2;2;96;[2,3];0.625;1.6000000000000001
96;96.179;12;42;[1,1,1,1,1,1,1,1,1,1,1,1,2,2,2,2,2,2,2,2,2,2,2,2,2,2,2,2,2,2,4,4,4,4,4,4,4,4,4,4,4,4];3;true;true;2;2;96;[2,3];0.4375;2.2857142857142856
96;96.180;12;42;[1,1,1,1,1,1,1,1,1,1,1,1,2,2,2,2,2,2,2,2,2,2,2,2,2,2,2,2,2,2,4,4,4,4,4,4,4,4,4,4,4,4];3;true;true;2;2;96;[2,3];0.4375;2.2857142857142856
96;96.181;12;42;[1,1,1,1,1,1,1,1,1,1,1,1,2,2,2,2,2,2,2,2,2,2,2,2,2,2,2,2,2,2,4,4,4,4,4,4,4,4,4,4,4,4];3;true;true;2;2;96;[2,3];0.4375;2.2857142857142856
96;96.182;12;42;[1,1,1,1,1,1,1,1,1,1,1,1,2,2,2,2,2,2,2,2,2,2,2,2,2,2,2,2,2,2,4,4,4,4,4,4,4,4,4,4,4,4];3;true;true;2;2;96;[2,3];0.4375;2.2857142857142856
96;96.183;6;33;[1,1,1,1,1,1,2,2,2,2,2,2,2,2,2,4,4,4,4,4,4,4,4,4,4,4,4,4,4,4,4,4,4];3;true;true;2;2;96;[2,3];0.34375;2.9090909090909092
96;96.184;6;33;[1,1,1,1,1,1,2,2,2,2,2,2,2,2,2,4,4,4,4,4,4,4,4,4,4,4,4,4,4,4,4,4,4];3;true;true;2;2;96;[2,3];0.34375;2.9090909090909092
96;96.185;2;14;[1,1,2,3,3,6,8,8,8,8,12,12,12,12];6;false;true;3;1;16;[2,3];0.14583333333333334;6.8571428571428568
96;96.186;4;20;[1,1,1,1,3,3,3,3,6,6,6,6,6,6,6,6,8,8,8,8];4;false;true;3;1;16;[2,3];0.20833333333333334;4.7999999999999998
96;96.187;2;14;[1,1,2,3,3,6,8,8,8,8,12,12,12,12];6;false;true;3;1;16;[2,3];0.14583333333333334;6.8571428571428568
96;96.188;4;16;[1,1,1,1,6,6,6,6,6,6,8,8,8,8,12,12];4;false;true;4;2;16;[2,3];0.16666666666666666;6.
96;96.189;4;16;[1,1,1,1,6,6,6,6,6,6,8,8,8,8,12,12];4;false;true;4;2;16;[2,3];0.16666666666666666;6.
96;96.190;2;13;[1,1,2,6,6,8,8,8,8,12,12,12,12];5;false;true;4;2;16;[2,3];0.13541666666666666;7.384615384615385
96;96.191;2;13;[1,1,2,6,6,8,8,8,8,12,12,12,12];5;false;true;4;2;16;[2,3];0.13541666666666666;7.384615384615385
96;96.192;4;16;[1,1,1,1,6,6,6,6,6,6,8,8,8,8,12,12];4;false;true;4;2;16;[2,3];0.16666666666666666;6.
96;96.193;2;13;[1,1,2,6,6,8,8,8,8,12,12,12,12];5;false;true;4;2;16;[2,3];0.13541666666666666;7.384615384615385
96;96.194;4;20;[1,1,1,1,3,3,3,3,6,6,6,6,6,6,6,6,8,8,8,8];4;false;true;3;1;16;[2,3];0.20833333333333334;4.7999999999999998
96;96.195;2;14;[1,1,2,3,3,6,8,8,8,8,12,12,12,12];6;false;true;3;1;16;[2,3];0.14583333333333334;6.8571428571428568
96;96.196;8;32;[1,1,1,1,1,1,1,1,3,3,3,3,3,3,3,3,4,4,4,4,4,4,4,4,4,4,4,4,4,4,4,4];3;false;true;2;1;32;[2,3];0.33333333333333331;3.
96;96.197;2;20;[1,1,2,2,2,3,3,4,4,4,4,6,6,6,8,8,8,8,8,8];6;false;true;2;2;32;[2,3];0.20833333333333334;4.7999999999999998
96;96.198;8;28;[1,1,1,1,1,1,1,1,4,4,4,4,4,4,4,4,4,4,4,4,4,4,4,4,6,6,6,6];3;false;true;3;2;32;[2,3];0.29166666666666669;3.4285714285714284
96;96.199;2;20;[1,1,2,2,2,3,3,4,4,4,4,6,6,6,8,8,8,8,8,8];6;false;true;2;2;32;[2,3];0.20833333333333334;4.7999999999999998
96;96.200;8;28;[1,1,1,1,1,1,1,1,4,4,4,4,4,4,4,4,4,4,4,4,4,4,4,4,6,6,6,6];3;false;true;3;2;32;[2,3];0.29166666666666669;3.4285714285714284
96;96.201;2;19;[1,1,2,2,2,4,4,4,4,6,6,6,6,8,8,8,8,8,8];5;false;true;3;2;32;[2,3];0.19791666666666666;5.0526315789473681
96;96.202;2;19;[1,1,2,2,2,4,4,4,4,6,6,6,6,8,8,8,8,8,8];5;false;true;3;2;32;[2,3];0.19791666666666666;5.0526315789473681
96;96.203;2;12;[1,1,3,3,6,6,6,6,16,16,16,16];4;false;true;3;2;32;[2,3];0.125;8.
96;96.204;2;11;[1,1,6,6,6,6,6,16,16,16,16];3;false;true;3;2;32;[2,3];0.11458333333333333;8.7272727272727266
96;96.205;8;36;[1,1,1,1,1,1,1,1,2,2,2,2,2,2,2,2,2,2,2,2,2,2,2,2,2,2,2,2,6,6,6,6,6,6,6,6];3;false;true;2;1;48;[2,3];0.375;2.6666666666666665
96;96.206;16;48;[1,1,1,1,1,1,1,1,1,1,1,1,1,1,1,1,2,2,2,2,2,2,2,2,2,2,2,2,2,2,2,2,3,3,3,3,3,3,3,3,3,3,3,3,3,3,3,3];3;false;true;2;1;48;[2,3];0.5;2.
96;96.207;8;36;[1,1,1,1,1,1,1,1,2,2,2,2,2,2,2,2,2,2,2,2,2,2,2,2,2,2,2,2,6,6,6,6,6,6,6,6];3;false;true;2;1;48;[2,3];0.375;2.6666666666666665
96;96.208;8;36;[1,1,1,1,1,1,1,1,2,2,2,2,2,2,2,2,2,2,2,2,2,2,2,2,2,2,2,2,6,6,6,6,6,6,6,6];3;false;true;2;1;48;[2,3];0.375;2.6666666666666665
96;96.209;4;30;[1,1,1,1,2,2,2,2,2,2,2,2,2,2,3,3,3,3,4,4,4,4,4,4,6,6,6,6,6,6];5;false;true;2;2;48;[2,3];0.3125;3.2000000000000002
96;96.210;4;30;[1,1,1,1,2,2,2,2,2,2,2,2,2,2,3,3,3,3,4,4,4,4,4,4,6,6,6,6,6,6];5;false;true;2;2;48;[2,3];0.3125;3.2000000000000002
96;96.211;2;27;[1,1,2,2,2,2,2,2,2,2,2,2,2,4,4,4,4,4,4,6,6,6,6,6,6,6,6];4;false;true;2;2;48;[2,3];0.28125;3.5555555555555554
96;96.212;4;30;[1,1,1,1,2,2,2,2,2,2,2,2,2,2,3,3,3,3,4,4,4,4,4,4,6,6,6,6,6,6];5;false;true;2;2;48;[2,3];0.3125;3.2000000000000002
96;96.213;4;30;[1,1,1,1,2,2,2,2,2,2,2,2,2,2,3,3,3,3,4,4,4,4,4,4,6,6,6,6,6,6];5;false;true;2;2;48;[2,3];0.3125;3.2000000000000002
96;96.214;2;27;[1,1,2,2,2,2,2,2,2,2,2,2,2,4,4,4,4,4,4,6,6,6,6,6,6,6,6];4;false;true;2;2;48;[2,3];0.28125;3.5555555555555554
96;96.215;4;30;[1,1,1,1,2,2,2,2,2,2,2,2,2,2,3,3,3,3,4,4,4,4,4,4,6,6,6,6,6,6];5;false;true;2;2;48;[2,3];0.3125;3.2000000000000002
96;96.216;2;27;[1,1,2,2,2,2,2,2,2,2,2,2,2,4,4,4,4,4,4,6,6,6,6,6,6,6,6];4;false;true;2;2;48;[2,3];0.28125;3.5555555555555554
96;96.217;2;27;[1,1,2,2,2,2,2,2,2,2,2,2,2,4,4,4,4,4,4,6,6,6,6,6,6,6,6];4;false;true;2;2;48;[2,3];0.28125;3.5555555555555554
96;96.218;16;48;[1,1,1,1,1,1,1,1,1,1,1,1,1,1,1,1,2,2,2,2,2,2,2,2,2,2,2,2,2,2,2,2,3,3,3,3,3,3,3,3,3,3,3,3,3,3,3,3];3;false;true;2;1;48;[2,3];0.5;2.
96;96.219;8;36;[1,1,1,1,1,1,1,1,2,2,2,2,2,2,2,2,2,2,2,2,2,2,2,2,2,2,2,2,6,6,6,6,6,6,6,6];3;false;true;2;1;48;[2,3];0.375;2.6666666666666665
96;96.220;96;96;[1,1,1,1,1,1,1,1,1,1,1,1,1,1,1,1,1,1,1,1,1,1,1,1,1,1,1,1,1,1,1,1,1,1,1,1,1,1,1,1,1,1,1,1,1,1,1,1,1,1,1,1,1,1,1,1,1,1,1,1,1,1,1,1,1,1,1,1,1,1,1,1,1,1,1,1,1,1,1,1,1,1,1,1,1,1,1,1,1,1,1,1,1,1,1,1];1;true;true;1;1;96;[2,3];1.;1.
96;96.221;24;60;[1,1,1,1,1,1,1,1,1,1,1,1,1,1,1,1,1,1,1,1,1,1,1,1,2,2,2,2,2,2,2,2,2,2,2,2,2,2,2,2,2,2,2,2,2,2,2,2,2,2,2,2,2,2,2,2,2,2,2,2];2;true;true;2;2;96;[2,3];0.625;1.6000000000000001
96;96.222;24;60;[1,1,1,1,1,1,1,1,1,1,1,1,1,1,1,1,1,1,1,1,1,1,1,1,2,2,2,2,2,2,2,2,2,2,2,2,2,2,2,2,2,2,2,2,2,2,2,2,2,2,2,2,2,2,2,2,2,2,2,2];2;true;true;2;2;96;[2,3];0.625;1.6000000000000001
96;96.223;24;60;[1,1,1,1,1,1,1,1,1,1,1,1,1,1,1,1,1,1,1,1,1,1,1,1,2,2,2,2,2,2,2,2,2,2,2,2,2,2,2,2,2,2,2,2,2,2,2,2,2,2,2,2,2,2,2,2,2,2,2,2];2;true;true;2;2;96;[2,3];0.625;1.6000000000000001
96;96.224;6;51;[1,1,1,1,1,1,2,2,2,2,2,2,2,2,2,2,2,2,2,2,2,2,2,2,2,2,2,2,2,2,2,2,2,2,2,2,2,2,2,2,2,2,2,2,2,2,2,2,2,2,2];2;true;true;2;2;96;[2,3];0.53125;1.8823529411764706
96;96.225;6;51;[1,1,1,1,1,1,2,2,2,2,2,2,2,2,2,2,2,2,2,2,2,2,2,2,2,2,2,2,2,2,2,2,2,2,2,2,2,2,2,2,2,2,2,2,2,2,2,2,2,2,2];2;true;true;2;2;96;[2,3];0.53125;1.8823529411764706
96;96.226;4;20;[1,1,1,1,3,3,3,3,6,6,6,6,6,6,6,6,8,8,8,8];4;false;true;3;1;16;[2,3];0.20833333333333334;4.7999999999999998
96;96.227;1;10;[1,3,3,3,6,12,12,12,12,32];5;false;true;3;1;16;[2,3];0.10416666666666667;9.5999999999999996
96;96.228;8;32;[1,1,1,1,1,1,1,1,3,3,3,3,3,3,3,3,4,4,4,4,4,4,4,4,4,4,4,4,4,4,4,4];3;false;true;2;1;32;[2,3];0.33333333333333331;3.
96;96.229;2;16;[1,1,3,3,3,3,3,3,3,3,3,3,16,16,16,16];3;false;true;2;1;32;[2,3];0.16666666666666666;6.
96;96.230;16;48;[1,1,1,1,1,1,1,1,1,1,1,1,1,1,1,1,2,2,2,2,2,2,2,2,2,2,2,2,2,2,2,2,3,3,3,3,3,3,3,3,3,3,3,3,3,3,3,3];3;false;true;2;1;48;[2,3];0.5;2.
96;96.231;96;96;[1,1,1,1,1,1,1,1,1,1,1,1,1,1,1,1,1,1,1,1,1,1,1,1,1,1,1,1,1,1,1,1,1,1,1,1,1,1,1,1,1,1,1,1,1,1,1,1,1,1,1,1,1,1,1,1,1,1,1,1,1,1,1,1,1,1,1,1,1,1,1,1,1,1,1,1,1,1,1,1,1,1,1,1,1,1,1,1,1,1,1,1,1,1,1,1];1;true;true;1;1;96;[2,3];1.;1.
97;97.1;97;97;[1,1,1,1,1,1,1,1,1,1,1,1,1,1,1,1,1,1,1,1,1,1,1,1,1,1,1,1,1,1,1,1,1,1,1,1,1,1,1,1,1,1,1,1,1,1,1,1,1,1,1,1,1,1,1,1,1,1,1,1,1,1,1,1,1,1,1,1,1,1,1,1,1,1,1,1,1,1,1,1,1,1,1,1,1,1,1,1,1,1,1,1,1,1,1,1,1];1;true;true;1;1;97;[97];1.;1.
98;98.1;1;26;[1,2,2,2,2,2,2,2,2,2,2,2,2,2,2,2,2,2,2,2,2,2,2,2,2,49];3;false;true;2;1;49;[2,7];0.26530612244897961;3.7692307692307692
98;98.2;98;98;[1,1,1,1,1,1,1,1,1,1,1,1,1,1,1,1,1,1,1,1,1,1,1,1,1,1,1,1,1,1,1,1,1,1,1,1,1,1,1,1,1,1,1,1,1,1,1,1,1,1,1,1,1,1,1,1,1,1,1,1,1,1,1,1,1,1,1,1,1,1,1,1,1,1,1,1,1,1,1,1,1,1,1,1,1,1,1,1,1,1,1,1,1,1,1,1,1,1];1;true;true;1;1;98;[2,7];1.;1.
98;98.3;7;35;[1,1,1,1,1,1,1,2,2,2,2,2,2,2,2,2,2,2,2,2,2,2,2,2,2,2,2,2,7,7,7,7,7,7,7];3;false;true;2;1;49;[2,7];0.35714285714285715;2.7999999999999998
98;98.4;1;26;[1,2,2,2,2,2,2,2,2,2,2,2,2,2,2,2,2,2,2,2,2,2,2,2,2,49];3;false;true;2;1;49;[2,7];0.26530612244897961;3.7692307692307692
98;98.5;98;98;[1,1,1,1,1,1,1,1,1,1,1,1,1,1,1,1,1,1,1,1,1,1,1,1,1,1,1,1,1,1,1,1,1,1,1,1,1,1,1,1,1,1,1,1,1,1,1,1,1,1,1,1,1,1,1,1,1,1,1,1,1,1,1,1,1,1,1,1,1,1,1,1,1,1,1,1,1,1,1,1,1,1,1,1,1,1,1,1,1,1,1,1,1,1,1,1,1,1];1;true;true;1;1;98;[2,7];1.;1.
99;99.1;99;99;[1,1,1,1,1,1,1,1,1,1,1,1,1,1,1,1,1,1,1,1,1,1,1,1,1,1,1,1,1,1,1,1,1,1,1,1,1,1,1,1,1,1,1,1,1,1,1,1,1,1,1,1,1,1,1,1,1,1,1,1,1,1,1,1,1,1,1,1,1,1,1,1,1,1,1,1,1,1,1,1,1,1,1,1,1,1,1,1,1,1,1,1,1,1,1,1,1,1,1];1;true;true;1;1;99;[3,11];1.;1.
99;99.2;99;99;[1,1,1,1,1,1,1,1,1,1,1,1,1,1,1,1,1,1,1,1,1,1,1,1,1,1,1,1,1,1,1,1,1,1,1,1,1,1,1,1,1,1,1,1,1,1,1,1,1,1,1,1,1,1,1,1,1,1,1,1,1,1,1,1,1,1,1,1,1,1,1,1,1,1,1,1,1,1,1,1,1,1,1,1,1,1,1,1,1,1,1,1,1,1,1,1,1,1,1];1;true;true;1;1;99;[3,11];1.;1.
100;100.1;2;28;[1,1,2,2,2,2,2,2,2,2,2,2,2,2,2,2,2,2,2,2,2,2,2,2,2,2,25,25];3;false;true;2;1;50;[2,5];0.28000000000000003;3.5714285714285712
100;100.2;100;100;[1,1,1,1,1,1,1,1,1,1,1,1,1,1,1,1,1,1,1,1,1,1,1,1,1,1,1,1,1,1,1,1,1,1,1,1,1,1,1,1,1,1,1,1,1,1,1,1,1,1,1,1,1,1,1,1,1,1,1,1,1,1,1,1,1,1,1,1,1,1,1,1,1,1,1,1,1,1,1,1,1,1,1,1,1,1,1,1,1,1,1,1,1,1,1,1,1,1,1,1];1;true;true;1;1;100;[2,5];1.;1.
100;100.3;1;10;[1,4,4,4,4,4,4,25,25,25];3;false;true;2;1;25;[2,5];0.10000000000000001;10.
100;100.4;2;28;[1,1,2,2,2,2,2,2,2,2,2,2,2,2,2,2,2,2,2,2,2,2,2,2,2,2,25,25];3;false;true;2;1;50;[2,5];0.28000000000000003;3.5714285714285712
100;100.5;100;100;[1,1,1,1,1,1,1,1,1,1,1,1,1,1,1,1,1,1,1,1,1,1,1,1,1,1,1,1,1,1,1,1,1,1,1,1,1,1,1,1,1,1,1,1,1,1,1,1,1,1,1,1,1,1,1,1,1,1,1,1,1,1,1,1,1,1,1,1,1,1,1,1,1,1,1,1,1,1,1,1,1,1,1,1,1,1,1,1,1,1,1,1,1,1,1,1,1,1,1,1];1;true;true;1;1;100;[2,5];1.;1.
100;100.6;10;40;[1,1,1,1,1,1,1,1,1,1,2,2,2,2,2,2,2,2,2,2,2,2,2,2,2,2,2,2,2,2,5,5,5,5,5,5,5,5,5,5];3;false;true;2;1;50;[2,5];0.40000000000000002;2.5
100;100.7;2;28;[1,1,2,2,2,2,2,2,2,2,2,2,2,2,2,2,2,2,2,2,2,2,2,2,2,2,25,25];3;false;true;2;1;50;[2,5];0.28000000000000003;3.5714285714285712
100;100.8;100;100;[1,1,1,1,1,1,1,1,1,1,1,1,1,1,1,1,1,1,1,1,1,1,1,1,1,1,1,1,1,1,1,1,1,1,1,1,1,1,1,1,1,1,1,1,1,1,1,1,1,1,1,1,1,1,1,1,1,1,1,1,1,1,1,1,1,1,1,1,1,1,1,1,1,1,1,1,1,1,1,1,1,1,1,1,1,1,1,1,1,1,1,1,1,1,1,1,1,1,1,1];1;true;true;1;1;100;[2,5];1.;1.
100;100.9;5;25;[1,1,1,1,1,4,4,4,4,4,5,5,5,5,5,5,5,5,5,5,5,5,5,5,5];3;false;true;2;1;25;[2,5];0.25;4.
100;100.10;1;13;[1,2,2,4,4,4,4,4,5,10,10,25,25];6;false;true;2;1;25;[2,5];0.13;7.6923076923076925
100;100.11;1;10;[1,4,4,4,4,4,4,25,25,25];3;false;true;2;1;25;[2,5];0.10000000000000001;10.
100;100.12;1;10;[1,4,4,4,4,4,4,25,25,25];3;false;true;2;1;25;[2,5];0.10000000000000001;10.
100;100.13;1;16;[1,2,2,2,2,4,4,4,4,5,5,10,10,10,10,25];6;false;true;2;1;25;[2,5];0.16;6.25
100;100.14;10;40;[1,1,1,1,1,1,1,1,1,1,2,2,2,2,2,2,2,2,2,2,2,2,2,2,2,2,2,2,2,2,5,5,5,5,5,5,5,5,5,5];3;false;true;2;1;50;[2,5];0.40000000000000002;2.5
100;100.15;2;28;[1,1,2,2,2,2,2,2,2,2,2,2,2,2,2,2,2,2,2,2,2,2,2,2,2,2,25,25];3;false;true;2;1;50;[2,5];0.28000000000000003;3.5714285714285712
100;100.16;100;100;[1,1,1,1,1,1,1,1,1,1,1,1,1,1,1,1,1,1,1,1,1,1,1,1,1,1,1,1,1,1,1,1,1,1,1,1,1,1,1,1,1,1,1,1,1,1,1,1,1,1,1,1,1,1,1,1,1,1,1,1,1,1,1,1,1,1,1,1,1,1,1,1,1,1,1,1,1,1,1,1,1,1,1,1,1,1,1,1,1,1,1,1,1,1,1,1,1,1,1,1];1;true;true;1;1;100;[2,5];1.;1.
