Order;GroupID;CenterSize;kG;ClassSizes;Rank;Nilpotent;Solvable;DerivedLength;FittingDerivedLength;FittingSize;PrimeDivisors;CommutingProb;Ratio
101;101.1;101;101;[1,1,1,1,1,1,1,1,1,1,1,1,1,1,1,1,1,1,1,1,1,1,1,1,1,1,1,1,1,1,1,1,1,1,1,1,1,1,1,1,1,1,1,1,1,1,1,1,1,1,1,1,1,1,1,1,1,1,1,1,1,1,1,1,1,1,1,1,1,1,1,1,1,1,1,1,1,1,1,1,1,1,1,1,1,1,1,1,1,1,1,1,1,1,1,1,1,1,1,1,1];1;true;true;1;1;101;[101];1.;1.
102;102.1;17;51;[1,1,1,1,1,1,1,1,1,1,1,1,1,1,1,1,1,2,2,2,2,2,2,2,2,2,2,2,2,2,2,2,2,2,3,3,3,3,3,3,3,3,3,3,3,3,3,3,3,3,3];3;false;true;2;1;51;[2,3,17];0.5;2.
102;102.2;3;30;[1,1,1,2,2,2,2,2,2,2,2,2,2,2,2,2,2,2,2,2,2,2,2,2,2,2,2,17,17,17];3;false;true;2;1;51;[2,3,17];0.29411764705882354;3.3999999999999999
102;102.3;1;27;[1,2,2,2,2,2,2,2,2,2,2,2,2,2,2,2,2,2,2,2,2,2,2,2,2,2,51];3;false;true;2;1;51;[2,3,17];0.26470588235294118;3.7777777777777777
102;102.4;102;102;[1,1,1,1,1,1,1,1,1,1,1,1,1,1,1,1,1,1,1,1,1,1,1,1,1,1,1,1,1,1,1,1,1,1,1,1,1,1,1,1,1,1,1,1,1,1,1,1,1,1,1,1,1,1,1,1,1,1,1,1,1,1,1,1,1,1,1,1,1,1,1,1,1,1,1,1,1,1,1,1,1,1,1,1,1,1,1,1,1,1,1,1,1,1,1,1,1,1,1,1,1,1];1;true;true;1;1;102;[2,3,17];1.;1.
103;103.1;103;103;[1,1,1,1,1,1,1,1,1,1,1,1,1,1,1,1,1,1,1,1,1,1,1,1,1,1,1,1,1,1,1,1,1,1,1,1,1,1,1,1,1,1,1,1,1,1,1,1,1,1,1,1,1,1,1,1,1,1,1,1,1,1,1,1,1,1,1,1,1,1,1,1,1,1,1,1,1,1,1,1,1,1,1,1,1,1,1,1,1,1,1,1,1,1,1,1,1,1,1,1,1,1,1];1;true;true;1;1;103;[103];1.;1.
104;104.1;4;32;[1,1,1,1,2,2,2,2,2,2,2,2,2,2,2,2,2,2,2,2,2,2,2,2,2,2,2,2,13,13,13,13];3;false;true;2;1;52;[2,13];0.30769230769230771;3.25
104;104.2;104;104;[1,1,1,1,1,1,1,1,1,1,1,1,1,1,1,1,1,1,1,1,1,1,1,1,1,1,1,1,1,1,1,1,1,1,1,1,1,1,1,1,1,1,1,1,1,1,1,1,1,1,1,1,1,1,1,1,1,1,1,1,1,1,1,1,1,1,1,1,1,1,1,1,1,1,1,1,1,1,1,1,1,1,1,1,1,1,1,1,1,1,1,1,1,1,1,1,1,1,1,1,1,1,1,1];1;true;true;1;1;104;[2,13];1.;1.
104;104.3;2;14;[1,1,4,4,4,4,4,4,13,13,13,13,13,13];3;false;true;2;1;26;[2,13];0.13461538461538461;7.4285714285714288
104;104.4;2;29;[1,1,2,2,2,2,2,2,2,2,2,2,2,2,2,2,2,2,2,2,2,2,2,2,2,2,2,26,26];3;false;true;2;1;52;[2,13];0.27884615384615385;3.5862068965517242
104;104.5;4;32;[1,1,1,1,2,2,2,2,2,2,2,2,2,2,2,2,2,2,2,2,2,2,2,2,2,2,2,2,13,13,13,13];3;false;true;2;1;52;[2,13];0.30769230769230771;3.25
104;104.6;2;29;[1,1,2,2,2,2,2,2,2,2,2,2,2,2,2,2,2,2,2,2,2,2,2,2,2,2,2,26,26];3;false;true;2;1;52;[2,13];0.27884615384615385;3.5862068965517242
104;104.7;4;32;[1,1,1,1,2,2,2,2,2,2,2,2,2,2,2,2,2,2,2,2,2,2,2,2,2,2,2,2,13,13,13,13];3;false;true;2;1;52;[2,13];0.30769230769230771;3.25
104;104.8;2;29;[1,1,2,2,2,2,2,2,2,2,2,2,2,2,2,2,2,2,2,2,2,2,2,2,2,2,2,26,26];3;false;true;2;1;52;[2,13];0.27884615384615385;3.5862068965517242
104;104.9;104;104;[1,1,1,1,1,1,1,1,1,1,1,1,1,1,1,1,1,1,1,1,1,1,1,1,1,1,1,1,1,1,1,1,1,1,1,1,1,1,1,1,1,1,1,1,1,1,1,1,1,1,1,1,1,1,1,1,1,1,1,1,1,1,1,1,1,1,1,1,1,1,1,1,1,1,1,1,1,1,1,1,1,1,1,1,1,1,1,1,1,1,1,1,1,1,1,1,1,1,1,1,1,1,1,1];1;true;true;1;1;104;[2,13];1.;1.
104;104.10;26;65;[1,1,1,1,1,1,1,1,1,1,1,1,1,1,1,1,1,1,1,1,1,1,1,1,1,1,2,2,2,2,2,2,2,2,2,2,2,2,2,2,2,2,2,2,2,2,2,2,2,2,2,2,2,2,2,2,2,2,2,2,2,2,2,2,2];2;true;true;2;2;104;[2,13];0.625;1.6000000000000001
104;104.11;26;65;[1,1,1,1,1,1,1,1,1,1,1,1,1,1,1,1,1,1,1,1,1,1,1,1,1,1,2,2,2,2,2,2,2,2,2,2,2,2,2,2,2,2,2,2,2,2,2,2,2,2,2,2,2,2,2,2,2,2,2,2,2,2,2,2,2];2;true;true;2;2;104;[2,13];0.625;1.6000000000000001
104;104.12;2;14;[1,1,4,4,4,4,4,4,13,13,13,13,13,13];3;false;true;2;1;26;[2,13];0.13461538461538461;7.4285714285714288
104;104.13;4;32;[1,1,1,1,2,2,2,2,2,2,2,2,2,2,2,2,2,2,2,2,2,2,2,2,2,2,2,2,13,13,13,13];3;false;true;2;1;52;[2,13];0.30769230769230771;3.25
104;104.14;104;104;[1,1,1,1,1,1,1,1,1,1,1,1,1,1,1,1,1,1,1,1,1,1,1,1,1,1,1,1,1,1,1,1,1,1,1,1,1,1,1,1,1,1,1,1,1,1,1,1,1,1,1,1,1,1,1,1,1,1,1,1,1,1,1,1,1,1,1,1,1,1,1,1,1,1,1,1,1,1,1,1,1,1,1,1,1,1,1,1,1,1,1,1,1,1,1,1,1,1,1,1,1,1,1,1];1;true;true;1;1;104;[2,13];1.;1.
105;105.1;5;25;[1,1,1,1,1,3,3,3,3,3,3,3,3,3,3,7,7,7,7,7,7,7,7,7,7];3;false;true;2;1;35;[3,5,7];0.23809523809523808;4.2000000000000002
105;105.2;105;105;[1,1,1,1,1,1,1,1,1,1,1,1,1,1,1,1,1,1,1,1,1,1,1,1,1,1,1,1,1,1,1,1,1,1,1,1,1,1,1,1,1,1,1,1,1,1,1,1,1,1,1,1,1,1,1,1,1,1,1,1,1,1,1,1,1,1,1,1,1,1,1,1,1,1,1,1,1,1,1,1,1,1,1,1,1,1,1,1,1,1,1,1,1,1,1,1,1,1,1,1,1,1,1,1,1];1;true;true;1;1;105;[3,5,7];1.;1.
106;106.1;1;28;[1,2,2,2,2,2,2,2,2,2,2,2,2,2,2,2,2,2,2,2,2,2,2,2,2,2,2,53];3;false;true;2;1;53;[2,53];0.26415094339622641;3.7857142857142856
106;106.2;106;106;[1,1,1,1,1,1,1,1,1,1,1,1,1,1,1,1,1,1,1,1,1,1,1,1,1,1,1,1,1,1,1,1,1,1,1,1,1,1,1,1,1,1,1,1,1,1,1,1,1,1,1,1,1,1,1,1,1,1,1,1,1,1,1,1,1,1,1,1,1,1,1,1,1,1,1,1,1,1,1,1,1,1,1,1,1,1,1,1,1,1,1,1,1,1,1,1,1,1,1,1,1,1,1,1,1,1];1;true;true;1;1;106;[2,53];1.;1.
107;107.1;107;107;[1,1,1,1,1,1,1,1,1,1,1,1,1,1,1,1,1,1,1,1,1,1,1,1,1,1,1,1,1,1,1,1,1,1,1,1,1,1,1,1,1,1,1,1,1,1,1,1,1,1,1,1,1,1,1,1,1,1,1,1,1,1,1,1,1,1,1,1,1,1,1,1,1,1,1,1,1,1,1,1,1,1,1,1,1,1,1,1,1,1,1,1,1,1,1,1,1,1,1,1,1,1,1,1,1,1,1];1;true;true;1;1;107;[107];1.;1.
108;108.1;2;30;[1,1,2,2,2,2,2,2,2,2,2,2,2,2,2,2,2,2,2,2,2,2,2,2,2,2,2,2,27,27];3;false;true;2;1;54;[2,3];0.27777777777777779;3.6000000000000001
108;108.2;108;108;[1,1,1,1,1,1,1,1,1,1,1,1,1,1,1,1,1,1,1,1,1,1,1,1,1,1,1,1,1,1,1,1,1,1,1,1,1,1,1,1,1,1,1,1,1,1,1,1,1,1,1,1,1,1,1,1,1,1,1,1,1,1,1,1,1,1,1,1,1,1,1,1,1,1,1,1,1,1,1,1,1,1,1,1,1,1,1,1,1,1,1,1,1,1,1,1,1,1,1,1,1,1,1,1,1,1,1,1];1;true;true;1;1;108;[2,3];1.;1.
108;108.3;9;36;[1,1,1,1,1,1,1,1,1,3,3,3,3,3,3,3,3,3,4,4,4,4,4,4,4,4,4,4,4,4,4,4,4,4,4,4];3;false;true;2;1;36;[2,3];0.33333333333333331;3.
108;108.4;2;30;[1,1,2,2,2,2,2,2,2,2,2,2,2,2,2,2,2,2,2,2,2,2,2,2,2,2,2,2,27,27];3;false;true;2;1;54;[2,3];0.27777777777777779;3.6000000000000001
108;108.5;108;108;[1,1,1,1,1,1,1,1,1,1,1,1,1,1,1,1,1,1,1,1,1,1,1,1,1,1,1,1,1,1,1,1,1,1,1,1,1,1,1,1,1,1,1,1,1,1,1,1,1,1,1,1,1,1,1,1,1,1,1,1,1,1,1,1,1,1,1,1,1,1,1,1,1,1,1,1,1,1,1,1,1,1,1,1,1,1,1,1,1,1,1,1,1,1,1,1,1,1,1,1,1,1,1,1,1,1,1,1];1;true;true;1;1;108;[2,3];1.;1.
108;108.6;6;36;[1,1,1,1,1,1,2,2,2,2,2,2,2,2,2,2,2,2,2,2,2,2,2,2,2,2,2,2,2,2,9,9,9,9,9,9];3;false;true;2;1;54;[2,3];0.33333333333333331;3.
108;108.7;18;54;[1,1,1,1,1,1,1,1,1,1,1,1,1,1,1,1,1,1,2,2,2,2,2,2,2,2,2,2,2,2,2,2,2,2,2,2,3,3,3,3,3,3,3,3,3,3,3,3,3,3,3,3,3,3];3;false;true;2;1;54;[2,3];0.5;2.
108;108.8;2;20;[1,1,2,2,3,3,3,3,6,6,6,6,6,6,9,9,9,9,9,9];5;false;true;2;2;54;[2,3];0.18518518518518517;5.4000000000000004
108;108.9;2;20;[1,1,2,2,3,3,3,3,6,6,6,6,6,6,9,9,9,9,9,9];5;false;true;2;2;54;[2,3];0.18518518518518517;5.4000000000000004
108;108.10;2;30;[1,1,2,2,2,2,2,2,2,2,2,2,2,2,2,2,2,2,2,2,2,2,2,2,2,2,2,2,27,27];3;false;true;2;1;54;[2,3];0.27777777777777779;3.6000000000000001
108;108.11;6;20;[1,1,1,1,1,1,6,6,6,6,6,6,6,6,9,9,9,9,9,9];3;false;true;3;2;54;[2,3];0.18518518518518517;5.4000000000000004
108;108.12;108;108;[1,1,1,1,1,1,1,1,1,1,1,1,1,1,1,1,1,1,1,1,1,1,1,1,1,1,1,1,1,1,1,1,1,1,1,1,1,1,1,1,1,1,1,1,1,1,1,1,1,1,1,1,1,1,1,1,1,1,1,1,1,1,1,1,1,1,1,1,1,1,1,1,1,1,1,1,1,1,1,1,1,1,1,1,1,1,1,1,1,1,1,1,1,1,1,1,1,1,1,1,1,1,1,1,1,1,1,1];1;true;true;1;1;108;[2,3];1.;1.
108;108.13;12;44;[1,1,1,1,1,1,1,1,1,1,1,1,3,3,3,3,3,3,3,3,3,3,3,3,3,3,3,3,3,3,3,3,3,3,3,3,3,3,3,3,3,3,3,3];2;true;true;2;2;108;[2,3];0.40740740740740738;2.4545454545454546
108;108.14;12;44;[1,1,1,1,1,1,1,1,1,1,1,1,3,3,3,3,3,3,3,3,3,3,3,3,3,3,3,3,3,3,3,3,3,3,3,3,3,3,3,3,3,3,3,3];2;true;true;2;2;108;[2,3];0.40740740740740738;2.4545454545454546
108;108.15;3;14;[1,1,1,9,9,9,9,9,9,9,9,9,12,12];3;false;true;3;2;27;[2,3];0.12962962962962962;7.7142857142857144
108;108.16;1;18;[1,2,2,2,2,2,3,4,4,4,4,6,6,6,6,9,18,27];8;false;true;2;1;27;[2,3];0.16666666666666666;6.
108;108.17;1;11;[1,2,6,6,9,9,9,12,18,18,18];6;false;true;3;2;27;[2,3];0.10185185185185185;9.8181818181818183
108;108.18;9;36;[1,1,1,1,1,1,1,1,1,3,3,3,3,3,3,3,3,3,4,4,4,4,4,4,4,4,4,4,4,4,4,4,4,4,4,4];3;false;true;2;1;36;[2,3];0.33333333333333331;3.
108;108.19;3;20;[1,1,1,3,3,3,3,3,3,3,3,3,3,3,12,12,12,12,12,12];3;false;true;2;1;36;[2,3];0.18518518518518517;5.4000000000000004
108;108.20;9;36;[1,1,1,1,1,1,1,1,1,3,3,3,3,3,3,3,3,3,4,4,4,4,4,4,4,4,4,4,4,4,4,4,4,4,4,4];3;false;true;2;1;36;[2,3];0.33333333333333331;3.
108;108.21;3;20;[1,1,1,3,3,3,3,3,3,3,3,3,3,3,12,12,12,12,12,12];3;false;true;2;1;36;[2,3];0.18518518518518517;5.4000000000000004
108;108.22;3;20;[1,1,1,3,3,3,3,3,3,3,3,3,3,3,12,12,12,12,12,12];3;false;true;2;1;36;[2,3];0.18518518518518517;5.4000000000000004
108;108.23;6;36;[1,1,1,1,1,1,2,2,2,2,2,2,2,2,2,2,2,2,2,2,2,2,2,2,2,2,2,2,2,2,9,9,9,9,9,9];3;false;true;2;1;54;[2,3];0.33333333333333331;3.
108;108.24;18;54;[1,1,1,1,1,1,1,1,1,1,1,1,1,1,1,1,1,1,2,2,2,2,2,2,2,2,2,2,2,2,2,2,2,2,2,2,3,3,3,3,3,3,3,3,3,3,3,3,3,3,3,3,3,3];3;false;true;2;1;54;[2,3];0.5;2.
108;108.25;2;20;[1,1,2,2,3,3,3,3,6,6,6,6,6,6,9,9,9,9,9,9];5;false;true;2;2;54;[2,3];0.18518518518518517;5.4000000000000004
108;108.26;2;20;[1,1,2,2,3,3,3,3,6,6,6,6,6,6,9,9,9,9,9,9];5;false;true;2;2;54;[2,3];0.18518518518518517;5.4000000000000004
108;108.27;2;30;[1,1,2,2,2,2,2,2,2,2,2,2,2,2,2,2,2,2,2,2,2,2,2,2,2,2,2,2,27,27];3;false;true;2;1;54;[2,3];0.27777777777777779;3.6000000000000001
108;108.28;6;20;[1,1,1,1,1,1,6,6,6,6,6,6,6,6,9,9,9,9,9,9];3;false;true;3;2;54;[2,3];0.18518518518518517;5.4000000000000004
108;108.29;108;108;[1,1,1,1,1,1,1,1,1,1,1,1,1,1,1,1,1,1,1,1,1,1,1,1,1,1,1,1,1,1,1,1,1,1,1,1,1,1,1,1,1,1,1,1,1,1,1,1,1,1,1,1,1,1,1,1,1,1,1,1,1,1,1,1,1,1,1,1,1,1,1,1,1,1,1,1,1,1,1,1,1,1,1,1,1,1,1,1,1,1,1,1,1,1,1,1,1,1,1,1,1,1,1,1,1,1,1,1];1;true;true;1;1;108;[2,3];1.;1.
108;108.30;12;44;[1,1,1,1,1,1,1,1,1,1,1,1,3,3,3,3,3,3,3,3,3,3,3,3,3,3,3,3,3,3,3,3,3,3,3,3,3,3,3,3,3,3,3,3];2;true;true;2;2;108;[2,3];0.40740740740740738;2.4545454545454546
108;108.31;12;44;[1,1,1,1,1,1,1,1,1,1,1,1,3,3,3,3,3,3,3,3,3,3,3,3,3,3,3,3,3,3,3,3,3,3,3,3,3,3,3,3,3,3,3,3];2;true;true;2;2;108;[2,3];0.40740740740740738;2.4545454545454546
108;108.32;18;54;[1,1,1,1,1,1,1,1,1,1,1,1,1,1,1,1,1,1,2,2,2,2,2,2,2,2,2,2,2,2,2,2,2,2,2,2,3,3,3,3,3,3,3,3,3,3,3,3,3,3,3,3,3,3];3;false;true;2;1;54;[2,3];0.5;2.
108;108.33;6;36;[1,1,1,1,1,1,2,2,2,2,2,2,2,2,2,2,2,2,2,2,2,2,2,2,2,2,2,2,2,2,9,9,9,9,9,9];3;false;true;2;1;54;[2,3];0.33333333333333331;3.
108;108.34;2;30;[1,1,2,2,2,2,2,2,2,2,2,2,2,2,2,2,2,2,2,2,2,2,2,2,2,2,2,2,27,27];3;false;true;2;1;54;[2,3];0.27777777777777779;3.6000000000000001
108;108.35;108;108;[1,1,1,1,1,1,1,1,1,1,1,1,1,1,1,1,1,1,1,1,1,1,1,1,1,1,1,1,1,1,1,1,1,1,1,1,1,1,1,1,1,1,1,1,1,1,1,1,1,1,1,1,1,1,1,1,1,1,1,1,1,1,1,1,1,1,1,1,1,1,1,1,1,1,1,1,1,1,1,1,1,1,1,1,1,1,1,1,1,1,1,1,1,1,1,1,1,1,1,1,1,1,1,1,1,1,1,1];1;true;true;1;1;108;[2,3];1.;1.
108;108.36;3;18;[1,1,1,4,4,4,4,4,4,9,9,9,9,9,9,9,9,9];3;false;true;2;1;27;[2,3];0.16666666666666666;6.
108;108.37;1;12;[1,2,4,4,4,4,4,4,9,18,27,27];6;false;true;2;1;27;[2,3];0.1111111111111111;9.
108;108.38;3;27;[1,1,1,2,2,2,2,2,2,3,3,3,3,3,3,4,4,4,6,6,6,6,6,6,9,9,9];6;false;true;2;1;27;[2,3];0.25;4.
108;108.39;1;18;[1,2,2,2,2,2,3,4,4,4,4,6,6,6,6,9,18,27];8;false;true;2;1;27;[2,3];0.16666666666666666;6.
108;108.40;1;15;[1,2,2,2,4,4,4,4,4,9,9,9,18,18,18];5;false;true;2;1;27;[2,3];0.1388888888888889;7.2000000000000002
108;108.41;9;36;[1,1,1,1,1,1,1,1,1,3,3,3,3,3,3,3,3,3,4,4,4,4,4,4,4,4,4,4,4,4,4,4,4,4,4,4];3;false;true;2;1;36;[2,3];0.33333333333333331;3.
108;108.42;18;54;[1,1,1,1,1,1,1,1,1,1,1,1,1,1,1,1,1,1,2,2,2,2,2,2,2,2,2,2,2,2,2,2,2,2,2,2,3,3,3,3,3,3,3,3,3,3,3,3,3,3,3,3,3,3];3;false;true;2;1;54;[2,3];0.5;2.
108;108.43;6;36;[1,1,1,1,1,1,2,2,2,2,2,2,2,2,2,2,2,2,2,2,2,2,2,2,2,2,2,2,2,2,9,9,9,9,9,9];3;false;true;2;1;54;[2,3];0.33333333333333331;3.
108;108.44;2;30;[1,1,2,2,2,2,2,2,2,2,2,2,2,2,2,2,2,2,2,2,2,2,2,2,2,2,2,2,27,27];3;false;true;2;1;54;[2,3];0.27777777777777779;3.6000000000000001
108;108.45;108;108;[1,1,1,1,1,1,1,1,1,1,1,1,1,1,1,1,1,1,1,1,1,1,1,1,1,1,1,1,1,1,1,1,1,1,1,1,1,1,1,1,1,1,1,1,1,1,1,1,1,1,1,1,1,1,1,1,1,1,1,1,1,1,1,1,1,1,1,1,1,1,1,1,1,1,1,1,1,1,1,1,1,1,1,1,1,1,1,1,1,1,1,1,1,1,1,1,1,1,1,1,1,1,1,1,1,1,1,1];1;true;true;1;1;108;[2,3];1.;1.
109;109.1;109;109;[1,1,1,1,1,1,1,1,1,1,1,1,1,1,1,1,1,1,1,1,1,1,1,1,1,1,1,1,1,1,1,1,1,1,1,1,1,1,1,1,1,1,1,1,1,1,1,1,1,1,1,1,1,1,1,1,1,1,1,1,1,1,1,1,1,1,1,1,1,1,1,1,1,1,1,1,1,1,1,1,1,1,1,1,1,1,1,1,1,1,1,1,1,1,1,1,1,1,1,1,1,1,1,1,1,1,1,1,1];1;true;true;1;1;109;[109];1.;1.
110;110.1;1;11;[1,10,11,11,11,11,11,11,11,11,11];3;false;true;2;1;11;[2,5,11];0.10000000000000001;10.
110;110.2;2;14;[1,1,5,5,5,5,11,11,11,11,11,11,11,11];3;false;true;2;1;22;[2,5,11];0.12727272727272726;7.8571428571428568
110;110.3;11;44;[1,1,1,1,1,1,1,1,1,1,1,2,2,2,2,2,2,2,2,2,2,2,2,2,2,2,2,2,2,2,2,2,2,5,5,5,5,5,5,5,5,5,5,5];3;false;true;2;1;55;[2,5,11];0.40000000000000002;2.5
110;110.4;5;35;[1,1,1,1,1,2,2,2,2,2,2,2,2,2,2,2,2,2,2,2,2,2,2,2,2,2,2,2,2,2,11,11,11,11,11];3;false;true;2;1;55;[2,5,11];0.31818181818181818;3.1428571428571428
110;110.5;1;29;[1,2,2,2,2,2,2,2,2,2,2,2,2,2,2,2,2,2,2,2,2,2,2,2,2,2,2,2,55];3;false;true;2;1;55;[2,5,11];0.26363636363636361;3.7931034482758621
110;110.6;110;110;[1,1,1,1,1,1,1,1,1,1,1,1,1,1,1,1,1,1,1,1,1,1,1,1,1,1,1,1,1,1,1,1,1,1,1,1,1,1,1,1,1,1,1,1,1,1,1,1,1,1,1,1,1,1,1,1,1,1,1,1,1,1,1,1,1,1,1,1,1,1,1,1,1,1,1,1,1,1,1,1,1,1,1,1,1,1,1,1,1,1,1,1,1,1,1,1,1,1,1,1,1,1,1,1,1,1,1,1,1,1];1;true;true;1;1;110;[2,5,11];1.;1.
111;111.1;1;15;[1,3,3,3,3,3,3,3,3,3,3,3,3,37,37];3;false;true;2;1;37;[3,37];0.13513513513513514;7.4000000000000004
111;111.2;111;111;[1,1,1,1,1,1,1,1,1,1,1,1,1,1,1,1,1,1,1,1,1,1,1,1,1,1,1,1,1,1,1,1,1,1,1,1,1,1,1,1,1,1,1,1,1,1,1,1,1,1,1,1,1,1,1,1,1,1,1,1,1,1,1,1,1,1,1,1,1,1,1,1,1,1,1,1,1,1,1,1,1,1,1,1,1,1,1,1,1,1,1,1,1,1,1,1,1,1,1,1,1,1,1,1,1,1,1,1,1,1,1];1;true;true;1;1;111;[3,37];1.;1.
112;112.1;8;40;[1,1,1,1,1,1,1,1,2,2,2,2,2,2,2,2,2,2,2,2,2,2,2,2,2,2,2,2,2,2,2,2,7,7,7,7,7,7,7,7];3;false;true;2;1;56;[2,7];0.35714285714285715;2.7999999999999998
112;112.2;112;112;[1,1,1,1,1,1,1,1,1,1,1,1,1,1,1,1,1,1,1,1,1,1,1,1,1,1,1,1,1,1,1,1,1,1,1,1,1,1,1,1,1,1,1,1,1,1,1,1,1,1,1,1,1,1,1,1,1,1,1,1,1,1,1,1,1,1,1,1,1,1,1,1,1,1,1,1,1,1,1,1,1,1,1,1,1,1,1,1,1,1,1,1,1,1,1,1,1,1,1,1,1,1,1,1,1,1,1,1,1,1,1,1];1;true;true;1;1;112;[2,7];1.;1.
112;112.3;8;40;[1,1,1,1,1,1,1,1,2,2,2,2,2,2,2,2,2,2,2,2,2,2,2,2,2,2,2,2,2,2,2,2,7,7,7,7,7,7,7,7];3;false;true;2;1;56;[2,7];0.35714285714285715;2.7999999999999998
112;112.4;4;34;[1,1,1,1,2,2,2,2,2,2,2,2,2,2,2,2,2,2,2,2,2,2,2,2,2,2,2,2,2,2,14,14,14,14];3;false;true;2;1;56;[2,7];0.30357142857142855;3.2941176470588234
112;112.5;2;31;[1,1,2,2,2,2,2,2,2,2,2,2,2,2,2,2,2,2,2,2,2,2,2,2,2,2,2,2,2,28,28];3;false;true;2;1;56;[2,7];0.2767857142857143;3.6129032258064515
112;112.6;2;31;[1,1,2,2,2,2,2,2,2,2,2,2,2,2,2,2,2,2,2,2,2,2,2,2,2,2,2,2,2,28,28];3;false;true;2;1;56;[2,7];0.2767857142857143;3.6129032258064515
112;112.7;2;31;[1,1,2,2,2,2,2,2,2,2,2,2,2,2,2,2,2,2,2,2,2,2,2,2,2,2,2,2,2,28,28];3;false;true;2;1;56;[2,7];0.2767857142857143;3.6129032258064515
112;112.8;8;40;[1,1,1,1,1,1,1,1,2,2,2,2,2,2,2,2,2,2,2,2,2,2,2,2,2,2,2,2,2,2,2,2,7,7,7,7,7,7,7,7];3;false;true;2;1;56;[2,7];0.35714285714285715;2.7999999999999998
112;112.9;4;34;[1,1,1,1,2,2,2,2,2,2,2,2,2,2,2,2,2,2,2,2,2,2,2,2,2,2,2,2,2,2,14,14,14,14];3;false;true;2;1;56;[2,7];0.30357142857142855;3.2941176470588234
112;112.10;8;40;[1,1,1,1,1,1,1,1,2,2,2,2,2,2,2,2,2,2,2,2,2,2,2,2,2,2,2,2,2,2,2,2,7,7,7,7,7,7,7,7];3;false;true;2;1;56;[2,7];0.35714285714285715;2.7999999999999998
112;112.11;4;34;[1,1,1,1,2,2,2,2,2,2,2,2,2,2,2,2,2,2,2,2,2,2,2,2,2,2,2,2,2,2,14,14,14,14];3;false;true;2;1;56;[2,7];0.30357142857142855;3.2941176470588234
112;112.12;4;34;[1,1,1,1,2,2,2,2,2,2,2,2,2,2,2,2,2,2,2,2,2,2,2,2,2,2,2,2,2,2,14,14,14,14];3;false;true;2;1;56;[2,7];0.30357142857142855;3.2941176470588234
112;112.13;4;34;[1,1,1,1,2,2,2,2,2,2,2,2,2,2,2,2,2,2,2,2,2,2,2,2,2,2,2,2,2,2,14,14,14,14];3;false;true;2;1;56;[2,7];0.30357142857142855;3.2941176470588234
112;112.14;2;22;[1,1,2,2,2,2,2,2,2,4,4,4,4,4,4,4,4,4,4,14,14,28];5;false;true;2;2;56;[2,7];0.19642857142857142;5.0909090909090908
112;112.15;2;22;[1,1,2,2,2,2,2,2,2,4,4,4,4,4,4,4,4,4,4,14,14,28];5;false;true;2;2;56;[2,7];0.19642857142857142;5.0909090909090908
112;112.16;2;22;[1,1,2,2,2,2,2,2,2,4,4,4,4,4,4,4,4,4,4,14,14,28];5;false;true;2;2;56;[2,7];0.19642857142857142;5.0909090909090908
112;112.17;2;22;[1,1,2,2,2,2,2,2,2,4,4,4,4,4,4,4,4,4,4,14,14,28];5;false;true;2;2;56;[2,7];0.19642857142857142;5.0909090909090908
112;112.18;4;34;[1,1,1,1,2,2,2,2,2,2,2,2,2,2,2,2,2,2,2,2,2,2,2,2,2,2,2,2,2,2,14,14,14,14];3;false;true;2;1;56;[2,7];0.30357142857142855;3.2941176470588234
112;112.19;112;112;[1,1,1,1,1,1,1,1,1,1,1,1,1,1,1,1,1,1,1,1,1,1,1,1,1,1,1,1,1,1,1,1,1,1,1,1,1,1,1,1,1,1,1,1,1,1,1,1,1,1,1,1,1,1,1,1,1,1,1,1,1,1,1,1,1,1,1,1,1,1,1,1,1,1,1,1,1,1,1,1,1,1,1,1,1,1,1,1,1,1,1,1,1,1,1,1,1,1,1,1,1,1,1,1,1,1,1,1,1,1,1,1];1;true;true;1;1;112;[2,7];1.;1.
112;112.20;28;70;[1,1,1,1,1,1,1,1,1,1,1,1,1,1,1,1,1,1,1,1,1,1,1,1,1,1,1,1,2,2,2,2,2,2,2,2,2,2,2,2,2,2,2,2,2,2,2,2,2,2,2,2,2,2,2,2,2,2,2,2,2,2,2,2,2,2,2,2,2,2];2;true;true;2;2;112;[2,7];0.625;1.6000000000000001
112;112.21;28;70;[1,1,1,1,1,1,1,1,1,1,1,1,1,1,1,1,1,1,1,1,1,1,1,1,1,1,1,1,2,2,2,2,2,2,2,2,2,2,2,2,2,2,2,2,2,2,2,2,2,2,2,2,2,2,2,2,2,2,2,2,2,2,2,2,2,2,2,2,2,2];2;true;true;2;2;112;[2,7];0.625;1.6000000000000001
112;112.22;112;112;[1,1,1,1,1,1,1,1,1,1,1,1,1,1,1,1,1,1,1,1,1,1,1,1,1,1,1,1,1,1,1,1,1,1,1,1,1,1,1,1,1,1,1,1,1,1,1,1,1,1,1,1,1,1,1,1,1,1,1,1,1,1,1,1,1,1,1,1,1,1,1,1,1,1,1,1,1,1,1,1,1,1,1,1,1,1,1,1,1,1,1,1,1,1,1,1,1,1,1,1,1,1,1,1,1,1,1,1,1,1,1,1];1;true;true;1;1;112;[2,7];1.;1.
112;112.23;28;70;[1,1,1,1,1,1,1,1,1,1,1,1,1,1,1,1,1,1,1,1,1,1,1,1,1,1,1,1,2,2,2,2,2,2,2,2,2,2,2,2,2,2,2,2,2,2,2,2,2,2,2,2,2,2,2,2,2,2,2,2,2,2,2,2,2,2,2,2,2,2];2;true;true;2;2;112;[2,7];0.625;1.6000000000000001
112;112.24;14;49;[1,1,1,1,1,1,1,1,1,1,1,1,1,1,2,2,2,2,2,2,2,2,2,2,2,2,2,2,2,2,2,2,2,2,2,4,4,4,4,4,4,4,4,4,4,4,4,4,4];3;true;true;2;2;112;[2,7];0.4375;2.2857142857142856
112;112.25;14;49;[1,1,1,1,1,1,1,1,1,1,1,1,1,1,2,2,2,2,2,2,2,2,2,2,2,2,2,2,2,2,2,2,2,2,2,4,4,4,4,4,4,4,4,4,4,4,4,4,4];3;true;true;2;2;112;[2,7];0.4375;2.2857142857142856
112;112.26;14;49;[1,1,1,1,1,1,1,1,1,1,1,1,1,1,2,2,2,2,2,2,2,2,2,2,2,2,2,2,2,2,2,2,2,2,2,4,4,4,4,4,4,4,4,4,4,4,4,4,4];3;true;true;2;2;112;[2,7];0.4375;2.2857142857142856
112;112.27;4;34;[1,1,1,1,2,2,2,2,2,2,2,2,2,2,2,2,2,2,2,2,2,2,2,2,2,2,2,2,2,2,14,14,14,14];3;false;true;2;1;56;[2,7];0.30357142857142855;3.2941176470588234
112;112.28;8;40;[1,1,1,1,1,1,1,1,2,2,2,2,2,2,2,2,2,2,2,2,2,2,2,2,2,2,2,2,2,2,2,2,7,7,7,7,7,7,7,7];3;false;true;2;1;56;[2,7];0.35714285714285715;2.7999999999999998
112;112.29;4;34;[1,1,1,1,2,2,2,2,2,2,2,2,2,2,2,2,2,2,2,2,2,2,2,2,2,2,2,2,2,2,14,14,14,14];3;false;true;2;1;56;[2,7];0.30357142857142855;3.2941176470588234
112;112.30;4;34;[1,1,1,1,2,2,2,2,2,2,2,2,2,2,2,2,2,2,2,2,2,2,2,2,2,2,2,2,2,2,14,14,14,14];3;false;true;2;1;56;[2,7];0.30357142857142855;3.2941176470588234
112;112.31;2;25;[1,1,2,2,2,2,2,2,2,2,2,4,4,4,4,4,4,4,4,4,7,7,14,14,14];5;false;true;2;2;56;[2,7];0.22321428571428573;4.4800000000000004
112;112.32;2;25;[1,1,2,2,2,2,2,2,2,2,2,4,4,4,4,4,4,4,4,4,7,7,14,14,14];5;false;true;2;2;56;[2,7];0.22321428571428573;4.4800000000000004
112;112.33;2;25;[1,1,2,2,2,2,2,2,2,2,2,4,4,4,4,4,4,4,4,4,7,7,14,14,14];5;false;true;2;2;56;[2,7];0.22321428571428573;4.4800000000000004
112;112.34;2;25;[1,1,2,2,2,2,2,2,2,2,2,4,4,4,4,4,4,4,4,4,7,7,14,14,14];5;false;true;2;2;56;[2,7];0.22321428571428573;4.4800000000000004
112;112.35;8;40;[1,1,1,1,1,1,1,1,2,2,2,2,2,2,2,2,2,2,2,2,2,2,2,2,2,2,2,2,2,2,2,2,7,7,7,7,7,7,7,7];3;false;true;2;1;56;[2,7];0.35714285714285715;2.7999999999999998
112;112.36;4;34;[1,1,1,1,2,2,2,2,2,2,2,2,2,2,2,2,2,2,2,2,2,2,2,2,2,2,2,2,2,2,14,14,14,14];3;false;true;2;1;56;[2,7];0.30357142857142855;3.2941176470588234
112;112.37;112;112;[1,1,1,1,1,1,1,1,1,1,1,1,1,1,1,1,1,1,1,1,1,1,1,1,1,1,1,1,1,1,1,1,1,1,1,1,1,1,1,1,1,1,1,1,1,1,1,1,1,1,1,1,1,1,1,1,1,1,1,1,1,1,1,1,1,1,1,1,1,1,1,1,1,1,1,1,1,1,1,1,1,1,1,1,1,1,1,1,1,1,1,1,1,1,1,1,1,1,1,1,1,1,1,1,1,1,1,1,1,1,1,1];1;true;true;1;1;112;[2,7];1.;1.
112;112.38;28;70;[1,1,1,1,1,1,1,1,1,1,1,1,1,1,1,1,1,1,1,1,1,1,1,1,1,1,1,1,2,2,2,2,2,2,2,2,2,2,2,2,2,2,2,2,2,2,2,2,2,2,2,2,2,2,2,2,2,2,2,2,2,2,2,2,2,2,2,2,2,2];2;true;true;2;2;112;[2,7];0.625;1.6000000000000001
112;112.39;28;70;[1,1,1,1,1,1,1,1,1,1,1,1,1,1,1,1,1,1,1,1,1,1,1,1,1,1,1,1,2,2,2,2,2,2,2,2,2,2,2,2,2,2,2,2,2,2,2,2,2,2,2,2,2,2,2,2,2,2,2,2,2,2,2,2,2,2,2,2,2,2];2;true;true;2;2;112;[2,7];0.625;1.6000000000000001
112;112.40;28;70;[1,1,1,1,1,1,1,1,1,1,1,1,1,1,1,1,1,1,1,1,1,1,1,1,1,1,1,1,2,2,2,2,2,2,2,2,2,2,2,2,2,2,2,2,2,2,2,2,2,2,2,2,2,2,2,2,2,2,2,2,2,2,2,2,2,2,2,2,2,2];2;true;true;2;2;112;[2,7];0.625;1.6000000000000001
112;112.41;2;16;[1,1,7,7,8,8,8,8,8,8,8,8,8,8,8,8];3;false;true;2;1;16;[2,7];0.14285714285714285;7.
112;112.42;8;40;[1,1,1,1,1,1,1,1,2,2,2,2,2,2,2,2,2,2,2,2,2,2,2,2,2,2,2,2,2,2,2,2,7,7,7,7,7,7,7,7];3;false;true;2;1;56;[2,7];0.35714285714285715;2.7999999999999998
112;112.43;112;112;[1,1,1,1,1,1,1,1,1,1,1,1,1,1,1,1,1,1,1,1,1,1,1,1,1,1,1,1,1,1,1,1,1,1,1,1,1,1,1,1,1,1,1,1,1,1,1,1,1,1,1,1,1,1,1,1,1,1,1,1,1,1,1,1,1,1,1,1,1,1,1,1,1,1,1,1,1,1,1,1,1,1,1,1,1,1,1,1,1,1,1,1,1,1,1,1,1,1,1,1,1,1,1,1,1,1,1,1,1,1,1,1];1;true;true;1;1;112;[2,7];1.;1.
113;113.1;113;113;[1,1,1,1,1,1,1,1,1,1,1,1,1,1,1,1,1,1,1,1,1,1,1,1,1,1,1,1,1,1,1,1,1,1,1,1,1,1,1,1,1,1,1,1,1,1,1,1,1,1,1,1,1,1,1,1,1,1,1,1,1,1,1,1,1,1,1,1,1,1,1,1,1,1,1,1,1,1,1,1,1,1,1,1,1,1,1,1,1,1,1,1,1,1,1,1,1,1,1,1,1,1,1,1,1,1,1,1,1,1,1,1,1];1;true;true;1;1;113;[113];1.;1.
114;114.1;1;9;[1,6,6,6,19,19,19,19,19];3;false;true;2;1;19;[2,3,19];0.078947368421052627;12.666666666666666
114;114.2;2;18;[1,1,3,3,3,3,3,3,3,3,3,3,3,3,19,19,19,19];3;false;true;2;1;38;[2,3,19];0.15789473684210525;6.333333333333333
114;114.3;19;57;[1,1,1,1,1,1,1,1,1,1,1,1,1,1,1,1,1,1,1,2,2,2,2,2,2,2,2,2,2,2,2,2,2,2,2,2,2,2,3,3,3,3,3,3,3,3,3,3,3,3,3,3,3,3,3,3,3];3;false;true;2;1;57;[2,3,19];0.5;2.
114;114.4;3;33;[1,1,1,2,2,2,2,2,2,2,2,2,2,2,2,2,2,2,2,2,2,2,2,2,2,2,2,2,2,2,19,19,19];3;false;true;2;1;57;[2,3,19];0.28947368421052633;3.4545454545454546
114;114.5;1;30;[1,2,2,2,2,2,2,2,2,2,2,2,2,2,2,2,2,2,2,2,2,2,2,2,2,2,2,2,2,57];3;false;true;2;1;57;[2,3,19];0.26315789473684209;3.7999999999999998
114;114.6;114;114;[1,1,1,1,1,1,1,1,1,1,1,1,1,1,1,1,1,1,1,1,1,1,1,1,1,1,1,1,1,1,1,1,1,1,1,1,1,1,1,1,1,1,1,1,1,1,1,1,1,1,1,1,1,1,1,1,1,1,1,1,1,1,1,1,1,1,1,1,1,1,1,1,1,1,1,1,1,1,1,1,1,1,1,1,1,1,1,1,1,1,1,1,1,1,1,1,1,1,1,1,1,1,1,1,1,1,1,1,1,1,1,1,1,1];1;true;true;1;1;114;[2,3,19];1.;1.
115;115.1;115;115;[1,1,1,1,1,1,1,1,1,1,1,1,1,1,1,1,1,1,1,1,1,1,1,1,1,1,1,1,1,1,1,1,1,1,1,1,1,1,1,1,1,1,1,1,1,1,1,1,1,1,1,1,1,1,1,1,1,1,1,1,1,1,1,1,1,1,1,1,1,1,1,1,1,1,1,1,1,1,1,1,1,1,1,1,1,1,1,1,1,1,1,1,1,1,1,1,1,1,1,1,1,1,1,1,1,1,1,1,1,1,1,1,1,1,1];1;true;true;1;1;115;[5,23];1.;1.
116;116.1;2;32;[1,1,2,2,2,2,2,2,2,2,2,2,2,2,2,2,2,2,2,2,2,2,2,2,2,2,2,2,2,2,29,29];3;false;true;2;1;58;[2,29];0.27586206896551724;3.625
116;116.2;116;116;[1,1,1,1,1,1,1,1,1,1,1,1,1,1,1,1,1,1,1,1,1,1,1,1,1,1,1,1,1,1,1,1,1,1,1,1,1,1,1,1,1,1,1,1,1,1,1,1,1,1,1,1,1,1,1,1,1,1,1,1,1,1,1,1,1,1,1,1,1,1,1,1,1,1,1,1,1,1,1,1,1,1,1,1,1,1,1,1,1,1,1,1,1,1,1,1,1,1,1,1,1,1,1,1,1,1,1,1,1,1,1,1,1,1,1,1];1;true;true;1;1;116;[2,29];1.;1.
116;116.3;1;11;[1,4,4,4,4,4,4,4,29,29,29];3;false;true;2;1;29;[2,29];0.094827586206896547;10.545454545454545
116;116.4;2;32;[1,1,2,2,2,2,2,2,2,2,2,2,2,2,2,2,2,2,2,2,2,2,2,2,2,2,2,2,2,2,29,29];3;false;true;2;1;58;[2,29];0.27586206896551724;3.625
116;116.5;116;116;[1,1,1,1,1,1,1,1,1,1,1,1,1,1,1,1,1,1,1,1,1,1,1,1,1,1,1,1,1,1,1,1,1,1,1,1,1,1,1,1,1,1,1,1,1,1,1,1,1,1,1,1,1,1,1,1,1,1,1,1,1,1,1,1,1,1,1,1,1,1,1,1,1,1,1,1,1,1,1,1,1,1,1,1,1,1,1,1,1,1,1,1,1,1,1,1,1,1,1,1,1,1,1,1,1,1,1,1,1,1,1,1,1,1,1,1];1;true;true;1;1;116;[2,29];1.;1.
117;117.1;3;21;[1,1,1,3,3,3,3,3,3,3,3,3,3,3,3,13,13,13,13,13,13];3;false;true;2;1;39;[3,13];0.17948717948717949;5.5714285714285712
117;117.2;117;117;[1,1,1,1,1,1,1,1,1,1,1,1,1,1,1,1,1,1,1,1,1,1,1,1,1,1,1,1,1,1,1,1,1,1,1,1,1,1,1,1,1,1,1,1,1,1,1,1,1,1,1,1,1,1,1,1,1,1,1,1,1,1,1,1,1,1,1,1,1,1,1,1,1,1,1,1,1,1,1,1,1,1,1,1,1,1,1,1,1,1,1,1,1,1,1,1,1,1,1,1,1,1,1,1,1,1,1,1,1,1,1,1,1,1,1,1,1];1;true;true;1;1;117;[3,13];1.;1.
117;117.3;3;21;[1,1,1,3,3,3,3,3,3,3,3,3,3,3,3,13,13,13,13,13,13];3;false;true;2;1;39;[3,13];0.17948717948717949;5.5714285714285712
117;117.4;117;117;[1,1,1,1,1,1,1,1,1,1,1,1,1,1,1,1,1,1,1,1,1,1,1,1,1,1,1,1,1,1,1,1,1,1,1,1,1,1,1,1,1,1,1,1,1,1,1,1,1,1,1,1,1,1,1,1,1,1,1,1,1,1,1,1,1,1,1,1,1,1,1,1,1,1,1,1,1,1,1,1,1,1,1,1,1,1,1,1,1,1,1,1,1,1,1,1,1,1,1,1,1,1,1,1,1,1,1,1,1,1,1,1,1,1,1,1,1];1;true;true;1;1;117;[3,13];1.;1.
118;118.1;1;31;[1,2,2,2,2,2,2,2,2,2,2,2,2,2,2,2,2,2,2,2,2,2,2,2,2,2,2,2,2,2,59];3;false;true;2;1;59;[2,59];0.26271186440677968;3.806451612903226
118;118.2;118;118;[1,1,1,1,1,1,1,1,1,1,1,1,1,1,1,1,1,1,1,1,1,1,1,1,1,1,1,1,1,1,1,1,1,1,1,1,1,1,1,1,1,1,1,1,1,1,1,1,1,1,1,1,1,1,1,1,1,1,1,1,1,1,1,1,1,1,1,1,1,1,1,1,1,1,1,1,1,1,1,1,1,1,1,1,1,1,1,1,1,1,1,1,1,1,1,1,1,1,1,1,1,1,1,1,1,1,1,1,1,1,1,1,1,1,1,1,1,1];1;true;true;1;1;118;[2,59];1.;1.
119;119.1;119;119;[1,1,1,1,1,1,1,1,1,1,1,1,1,1,1,1,1,1,1,1,1,1,1,1,1,1,1,1,1,1,1,1,1,1,1,1,1,1,1,1,1,1,1,1,1,1,1,1,1,1,1,1,1,1,1,1,1,1,1,1,1,1,1,1,1,1,1,1,1,1,1,1,1,1,1,1,1,1,1,1,1,1,1,1,1,1,1,1,1,1,1,1,1,1,1,1,1,1,1,1,1,1,1,1,1,1,1,1,1,1,1,1,1,1,1,1,1,1,1];1;true;true;1;1;119;[7,17];1.;1.
120;120.1;20;60;[1,1,1,1,1,1,1,1,1,1,1,1,1,1,1,1,1,1,1,1,2,2,2,2,2,2,2,2,2,2,2,2,2,2,2,2,2,2,2,2,3,3,3,3,3,3,3,3,3,3,3,3,3,3,3,3,3,3,3,3];3;false;true;2;1;60;[2,3,5];0.5;2.
120;120.2;12;48;[1,1,1,1,1,1,1,1,1,1,1,1,2,2,2,2,2,2,2,2,2,2,2,2,2,2,2,2,2,2,2,2,2,2,2,2,5,5,5,5,5,5,5,5,5,5,5,5];3;false;true;2;1;60;[2,3,5];0.40000000000000002;2.5
120;120.3;4;36;[1,1,1,1,2,2,2,2,2,2,2,2,2,2,2,2,2,2,2,2,2,2,2,2,2,2,2,2,2,2,2,2,15,15,15,15];3;false;true;2;1;60;[2,3,5];0.29999999999999999;3.3333333333333335
120;120.4;120;120;[1,1,1,1,1,1,1,1,1,1,1,1,1,1,1,1,1,1,1,1,1,1,1,1,1,1,1,1,1,1,1,1,1,1,1,1,1,1,1,1,1,1,1,1,1,1,1,1,1,1,1,1,1,1,1,1,1,1,1,1,1,1,1,1,1,1,1,1,1,1,1,1,1,1,1,1,1,1,1,1,1,1,1,1,1,1,1,1,1,1,1,1,1,1,1,1,1,1,1,1,1,1,1,1,1,1,1,1,1,1,1,1,1,1,1,1,1,1,1,1];1;true;true;1;1;120;[2,3,5];1.;1.
120;120.5;2;9;[1,1,12,12,12,12,20,20,30];4;false;false;0;1;2;[2,3,5];0.074999999999999997;13.333333333333334
120;120.6;6;30;[1,1,1,1,1,1,4,4,4,4,4,4,5,5,5,5,5,5,5,5,5,5,5,5,5,5,5,5,5,5];3;false;true;2;1;30;[2,3,5];0.25;4.
120;120.7;2;18;[1,1,2,2,4,4,4,4,4,4,5,5,10,10,15,15,15,15];6;false;true;2;1;30;[2,3,5];0.14999999999999999;6.666666666666667
120;120.8;2;24;[1,1,2,2,2,2,2,2,3,3,4,4,4,4,5,5,6,6,6,6,10,10,15,15];8;false;true;2;1;30;[2,3,5];0.20000000000000001;5.
120;120.9;2;24;[1,1,2,2,2,2,2,2,3,3,4,4,4,4,5,5,6,6,6,6,10,10,15,15];8;false;true;2;1;30;[2,3,5];0.20000000000000001;5.
120;120.10;2;24;[1,1,2,2,2,2,2,2,3,3,4,4,4,4,5,5,6,6,6,6,10,10,15,15];8;false;true;2;1;30;[2,3,5];0.20000000000000001;5.
120;120.11;2;21;[1,1,2,2,2,2,2,2,4,4,4,4,6,6,6,6,6,10,10,10,30];6;false;true;2;1;30;[2,3,5];0.17499999999999999;5.7142857142857144
120;120.12;2;21;[1,1,2,2,2,2,2,2,4,4,4,4,6,6,6,6,6,10,10,10,30];6;false;true;2;1;30;[2,3,5];0.17499999999999999;5.7142857142857144
120;120.13;2;21;[1,1,2,2,2,2,2,2,4,4,4,4,6,6,6,6,6,10,10,10,30];6;false;true;2;1;30;[2,3,5];0.17499999999999999;5.7142857142857144
120;120.14;2;21;[1,1,2,2,2,2,2,2,4,4,4,4,6,6,6,6,6,10,10,10,30];6;false;true;2;1;30;[2,3,5];0.17499999999999999;5.7142857142857144
120;120.15;10;35;[1,1,1,1,1,1,1,1,1,1,4,4,4,4,4,4,4,4,4,4,4,4,4,4,4,4,4,4,4,4,6,6,6,6,6];3;false;true;3;2;40;[2,3,5];0.29166666666666669;3.4285714285714284
120;120.16;6;39;[1,1,1,1,1,1,2,2,2,2,2,2,2,2,2,2,2,2,2,2,2,2,2,2,2,2,2,2,2,2,2,2,2,10,10,10,10,10,10];3;false;true;2;1;60;[2,3,5];0.32500000000000001;3.0769230769230771
120;120.17;12;48;[1,1,1,1,1,1,1,1,1,1,1,1,2,2,2,2,2,2,2,2,2,2,2,2,2,2,2,2,2,2,2,2,2,2,2,2,5,5,5,5,5,5,5,5,5,5,5,5];3;false;true;2;1;60;[2,3,5];0.40000000000000002;2.5
120;120.18;6;39;[1,1,1,1,1,1,2,2,2,2,2,2,2,2,2,2,2,2,2,2,2,2,2,2,2,2,2,2,2,2,2,2,2,10,10,10,10,10,10];3;false;true;2;1;60;[2,3,5];0.32500000000000001;3.0769230769230771
120;120.19;12;48;[1,1,1,1,1,1,1,1,1,1,1,1,2,2,2,2,2,2,2,2,2,2,2,2,2,2,2,2,2,2,2,2,2,2,2,2,5,5,5,5,5,5,5,5,5,5,5,5];3;false;true;2;1;60;[2,3,5];0.40000000000000002;2.5
120;120.20;6;39;[1,1,1,1,1,1,2,2,2,2,2,2,2,2,2,2,2,2,2,2,2,2,2,2,2,2,2,2,2,2,2,2,2,10,10,10,10,10,10];3;false;true;2;1;60;[2,3,5];0.32500000000000001;3.0769230769230771
120;120.21;10;45;[1,1,1,1,1,1,1,1,1,1,2,2,2,2,2,2,2,2,2,2,2,2,2,2,2,2,2,2,2,2,2,2,2,2,2,6,6,6,6,6,6,6,6,6,6];3;false;true;2;1;60;[2,3,5];0.375;2.6666666666666665
120;120.22;20;60;[1,1,1,1,1,1,1,1,1,1,1,1,1,1,1,1,1,1,1,1,2,2,2,2,2,2,2,2,2,2,2,2,2,2,2,2,2,2,2,2,3,3,3,3,3,3,3,3,3,3,3,3,3,3,3,3,3,3,3,3];3;false;true;2;1;60;[2,3,5];0.5;2.
120;120.23;10;45;[1,1,1,1,1,1,1,1,1,1,2,2,2,2,2,2,2,2,2,2,2,2,2,2,2,2,2,2,2,2,2,2,2,2,2,6,6,6,6,6,6,6,6,6,6];3;false;true;2;1;60;[2,3,5];0.375;2.6666666666666665
120;120.24;20;60;[1,1,1,1,1,1,1,1,1,1,1,1,1,1,1,1,1,1,1,1,2,2,2,2,2,2,2,2,2,2,2,2,2,2,2,2,2,2,2,2,3,3,3,3,3,3,3,3,3,3,3,3,3,3,3,3,3,3,3,3];3;false;true;2;1;60;[2,3,5];0.5;2.
120;120.25;10;45;[1,1,1,1,1,1,1,1,1,1,2,2,2,2,2,2,2,2,2,2,2,2,2,2,2,2,2,2,2,2,2,2,2,2,2,6,6,6,6,6,6,6,6,6,6];3;false;true;2;1;60;[2,3,5];0.375;2.6666666666666665
120;120.26;2;33;[1,1,2,2,2,2,2,2,2,2,2,2,2,2,2,2,2,2,2,2,2,2,2,2,2,2,2,2,2,2,2,30,30];3;false;true;2;1;60;[2,3,5];0.27500000000000002;3.6363636363636362
120;120.27;4;36;[1,1,1,1,2,2,2,2,2,2,2,2,2,2,2,2,2,2,2,2,2,2,2,2,2,2,2,2,2,2,2,2,15,15,15,15];3;false;true;2;1;60;[2,3,5];0.29999999999999999;3.3333333333333335
120;120.28;2;33;[1,1,2,2,2,2,2,2,2,2,2,2,2,2,2,2,2,2,2,2,2,2,2,2,2,2,2,2,2,2,2,30,30];3;false;true;2;1;60;[2,3,5];0.27500000000000002;3.6363636363636362
120;120.29;4;36;[1,1,1,1,2,2,2,2,2,2,2,2,2,2,2,2,2,2,2,2,2,2,2,2,2,2,2,2,2,2,2,2,15,15,15,15];3;false;true;2;1;60;[2,3,5];0.29999999999999999;3.3333333333333335
120;120.30;2;33;[1,1,2,2,2,2,2,2,2,2,2,2,2,2,2,2,2,2,2,2,2,2,2,2,2,2,2,2,2,2,2,30,30];3;false;true;2;1;60;[2,3,5];0.27500000000000002;3.6363636363636362
120;120.31;120;120;[1,1,1,1,1,1,1,1,1,1,1,1,1,1,1,1,1,1,1,1,1,1,1,1,1,1,1,1,1,1,1,1,1,1,1,1,1,1,1,1,1,1,1,1,1,1,1,1,1,1,1,1,1,1,1,1,1,1,1,1,1,1,1,1,1,1,1,1,1,1,1,1,1,1,1,1,1,1,1,1,1,1,1,1,1,1,1,1,1,1,1,1,1,1,1,1,1,1,1,1,1,1,1,1,1,1,1,1,1,1,1,1,1,1,1,1,1,1,1,1];1;true;true;1;1;120;[2,3,5];1.;1.
120;120.32;30;75;[1,1,1,1,1,1,1,1,1,1,1,1,1,1,1,1,1,1,1,1,1,1,1,1,1,1,1,1,1,1,2,2,2,2,2,2,2,2,2,2,2,2,2,2,2,2,2,2,2,2,2,2,2,2,2,2,2,2,2,2,2,2,2,2,2,2,2,2,2,2,2,2,2,2,2];2;true;true;2;2;120;[2,3,5];0.625;1.6000000000000001
120;120.33;30;75;[1,1,1,1,1,1,1,1,1,1,1,1,1,1,1,1,1,1,1,1,1,1,1,1,1,1,1,1,1,1,2,2,2,2,2,2,2,2,2,2,2,2,2,2,2,2,2,2,2,2,2,2,2,2,2,2,2,2,2,2,2,2,2,2,2,2,2,2,2,2,2,2,2,2,2];2;true;true;2;2;120;[2,3,5];0.625;1.6000000000000001
120;120.34;1;7;[1,10,15,20,20,24,30];6;false;false;1;0;1;[2,3,5];0.058333333333333334;17.142857142857142
120;120.35;2;10;[1,1,12,12,12,12,15,15,20,20];4;false;false;1;1;2;[2,3,5];0.083333333333333329;12.
120;120.36;1;15;[1,2,3,4,5,5,5,8,10,10,10,12,15,15,15];9;false;true;2;1;15;[2,3,5];0.125;8.
120;120.37;5;25;[1,1,1,1,1,3,3,3,3,3,6,6,6,6,6,6,6,6,6,6,8,8,8,8,8];4;false;true;3;1;20;[2,3,5];0.20833333333333334;4.7999999999999998
120;120.38;1;13;[1,2,2,3,6,6,8,8,8,8,8,30,30];6;false;true;3;1;20;[2,3,5];0.10833333333333334;9.2307692307692299
120;120.39;1;16;[1,2,2,3,4,4,5,6,6,8,8,8,8,15,20,20];9;false;true;2;1;20;[2,3,5];0.13333333333333333;7.5
120;120.40;6;30;[1,1,1,1,1,1,4,4,4,4,4,4,5,5,5,5,5,5,5,5,5,5,5,5,5,5,5,5,5,5];3;false;true;2;1;30;[2,3,5];0.25;4.
120;120.41;2;18;[1,1,2,2,4,4,4,4,4,4,5,5,10,10,15,15,15,15];6;false;true;2;1;30;[2,3,5];0.14999999999999999;6.666666666666667
120;120.42;2;24;[1,1,2,2,2,2,2,2,3,3,4,4,4,4,5,5,6,6,6,6,10,10,15,15];8;false;true;2;1;30;[2,3,5];0.20000000000000001;5.
120;120.43;10;40;[1,1,1,1,1,1,1,1,1,1,3,3,3,3,3,3,3,3,3,3,4,4,4,4,4,4,4,4,4,4,4,4,4,4,4,4,4,4,4,4];3;false;true;2;1;40;[2,3,5];0.33333333333333331;3.
120;120.44;12;48;[1,1,1,1,1,1,1,1,1,1,1,1,2,2,2,2,2,2,2,2,2,2,2,2,2,2,2,2,2,2,2,2,2,2,2,2,5,5,5,5,5,5,5,5,5,5,5,5];3;false;true;2;1;60;[2,3,5];0.40000000000000002;2.5
120;120.45;20;60;[1,1,1,1,1,1,1,1,1,1,1,1,1,1,1,1,1,1,1,1,2,2,2,2,2,2,2,2,2,2,2,2,2,2,2,2,2,2,2,2,3,3,3,3,3,3,3,3,3,3,3,3,3,3,3,3,3,3,3,3];3;false;true;2;1;60;[2,3,5];0.5;2.
120;120.46;4;36;[1,1,1,1,2,2,2,2,2,2,2,2,2,2,2,2,2,2,2,2,2,2,2,2,2,2,2,2,2,2,2,2,15,15,15,15];3;false;true;2;1;60;[2,3,5];0.29999999999999999;3.3333333333333335
120;120.47;120;120;[1,1,1,1,1,1,1,1,1,1,1,1,1,1,1,1,1,1,1,1,1,1,1,1,1,1,1,1,1,1,1,1,1,1,1,1,1,1,1,1,1,1,1,1,1,1,1,1,1,1,1,1,1,1,1,1,1,1,1,1,1,1,1,1,1,1,1,1,1,1,1,1,1,1,1,1,1,1,1,1,1,1,1,1,1,1,1,1,1,1,1,1,1,1,1,1,1,1,1,1,1,1,1,1,1,1,1,1,1,1,1,1,1,1,1,1,1,1,1,1];1;true;true;1;1;120;[2,3,5];1.;1.
121;121.1;121;121;[1,1,1,1,1,1,1,1,1,1,1,1,1,1,1,1,1,1,1,1,1,1,1,1,1,1,1,1,1,1,1,1,1,1,1,1,1,1,1,1,1,1,1,1,1,1,1,1,1,1,1,1,1,1,1,1,1,1,1,1,1,1,1,1,1,1,1,1,1,1,1,1,1,1,1,1,1,1,1,1,1,1,1,1,1,1,1,1,1,1,1,1,1,1,1,1,1,1,1,1,1,1,1,1,1,1,1,1,1,1,1,1,1,1,1,1,1,1,1,1,1];1;true;true;1;1;121;[11];1.;1.
121;121.2;121;121;[1,1,1,1,1,1,1,1,1,1,1,1,1,1,1,1,1,1,1,1,1,1,1,1,1,1,1,1,1,1,1,1,1,1,1,1,1,1,1,1,1,1,1,1,1,1,1,1,1,1,1,1,1,1,1,1,1,1,1,1,1,1,1,1,1,1,1,1,1,1,1,1,1,1,1,1,1,1,1,1,1,1,1,1,1,1,1,1,1,1,1,1,1,1,1,1,1,1,1,1,1,1,1,1,1,1,1,1,1,1,1,1,1,1,1,1,1,1,1,1,1];1;true;true;1;1;121;[11];1.;1.
122;122.1;1;32;[1,2,2,2,2,2,2,2,2,2,2,2,2,2,2,2,2,2,2,2,2,2,2,2,2,2,2,2,2,2,2,61];3;false;true;2;1;61;[2,61];0.26229508196721313;3.8125
122;122.2;122;122;[1,1,1,1,1,1,1,1,1,1,1,1,1,1,1,1,1,1,1,1,1,1,1,1,1,1,1,1,1,1,1,1,1,1,1,1,1,1,1,1,1,1,1,1,1,1,1,1,1,1,1,1,1,1,1,1,1,1,1,1,1,1,1,1,1,1,1,1,1,1,1,1,1,1,1,1,1,1,1,1,1,1,1,1,1,1,1,1,1,1,1,1,1,1,1,1,1,1,1,1,1,1,1,1,1,1,1,1,1,1,1,1,1,1,1,1,1,1,1,1,1,1];1;true;true;1;1;122;[2,61];1.;1.
123;123.1;123;123;[1,1,1,1,1,1,1,1,1,1,1,1,1,1,1,1,1,1,1,1,1,1,1,1,1,1,1,1,1,1,1,1,1,1,1,1,1,1,1,1,1,1,1,1,1,1,1,1,1,1,1,1,1,1,1,1,1,1,1,1,1,1,1,1,1,1,1,1,1,1,1,1,1,1,1,1,1,1,1,1,1,1,1,1,1,1,1,1,1,1,1,1,1,1,1,1,1,1,1,1,1,1,1,1,1,1,1,1,1,1,1,1,1,1,1,1,1,1,1,1,1,1,1];1;true;true;1;1;123;[3,41];1.;1.
124;124.1;2;34;[1,1,2,2,2,2,2,2,2,2,2,2,2,2,2,2,2,2,2,2,2,2,2,2,2,2,2,2,2,2,2,2,31,31];3;false;true;2;1;62;[2,31];0.27419354838709675;3.6470588235294117
124;124.2;124;124;[1,1,1,1,1,1,1,1,1,1,1,1,1,1,1,1,1,1,1,1,1,1,1,1,1,1,1,1,1,1,1,1,1,1,1,1,1,1,1,1,1,1,1,1,1,1,1,1,1,1,1,1,1,1,1,1,1,1,1,1,1,1,1,1,1,1,1,1,1,1,1,1,1,1,1,1,1,1,1,1,1,1,1,1,1,1,1,1,1,1,1,1,1,1,1,1,1,1,1,1,1,1,1,1,1,1,1,1,1,1,1,1,1,1,1,1,1,1,1,1,1,1,1,1];1;true;true;1;1;124;[2,31];1.;1.
124;124.3;2;34;[1,1,2,2,2,2,2,2,2,2,2,2,2,2,2,2,2,2,2,2,2,2,2,2,2,2,2,2,2,2,2,2,31,31];3;false;true;2;1;62;[2,31];0.27419354838709675;3.6470588235294117
124;124.4;124;124;[1,1,1,1,1,1,1,1,1,1,1,1,1,1,1,1,1,1,1,1,1,1,1,1,1,1,1,1,1,1,1,1,1,1,1,1,1,1,1,1,1,1,1,1,1,1,1,1,1,1,1,1,1,1,1,1,1,1,1,1,1,1,1,1,1,1,1,1,1,1,1,1,1,1,1,1,1,1,1,1,1,1,1,1,1,1,1,1,1,1,1,1,1,1,1,1,1,1,1,1,1,1,1,1,1,1,1,1,1,1,1,1,1,1,1,1,1,1,1,1,1,1,1,1];1;true;true;1;1;124;[2,31];1.;1.
125;125.1;125;125;[1,1,1,1,1,1,1,1,1,1,1,1,1,1,1,1,1,1,1,1,1,1,1,1,1,1,1,1,1,1,1,1,1,1,1,1,1,1,1,1,1,1,1,1,1,1,1,1,1,1,1,1,1,1,1,1,1,1,1,1,1,1,1,1,1,1,1,1,1,1,1,1,1,1,1,1,1,1,1,1,1,1,1,1,1,1,1,1,1,1,1,1,1,1,1,1,1,1,1,1,1,1,1,1,1,1,1,1,1,1,1,1,1,1,1,1,1,1,1,1,1,1,1,1,1];1;true;true;1;1;125;[5];1.;1.
125;125.2;125;125;[1,1,1,1,1,1,1,1,1,1,1,1,1,1,1,1,1,1,1,1,1,1,1,1,1,1,1,1,1,1,1,1,1,1,1,1,1,1,1,1,1,1,1,1,1,1,1,1,1,1,1,1,1,1,1,1,1,1,1,1,1,1,1,1,1,1,1,1,1,1,1,1,1,1,1,1,1,1,1,1,1,1,1,1,1,1,1,1,1,1,1,1,1,1,1,1,1,1,1,1,1,1,1,1,1,1,1,1,1,1,1,1,1,1,1,1,1,1,1,1,1,1,1,1,1];1;true;true;1;1;125;[5];1.;1.
125;125.3;5;29;[1,1,1,1,1,5,5,5,5,5,5,5,5,5,5,5,5,5,5,5,5,5,5,5,5,5,5,5,5];2;true;true;2;2;125;[5];0.23200000000000001;4.3103448275862073
125;125.4;5;29;[1,1,1,1,1,5,5,5,5,5,5,5,5,5,5,5,5,5,5,5,5,5,5,5,5,5,5,5,5];2;true;true;2;2;125;[5];0.23200000000000001;4.3103448275862073
125;125.5;125;125;[1,1,1,1,1,1,1,1,1,1,1,1,1,1,1,1,1,1,1,1,1,1,1,1,1,1,1,1,1,1,1,1,1,1,1,1,1,1,1,1,1,1,1,1,1,1,1,1,1,1,1,1,1,1,1,1,1,1,1,1,1,1,1,1,1,1,1,1,1,1,1,1,1,1,1,1,1,1,1,1,1,1,1,1,1,1,1,1,1,1,1,1,1,1,1,1,1,1,1,1,1,1,1,1,1,1,1,1,1,1,1,1,1,1,1,1,1,1,1,1,1,1,1,1,1];1;true;true;1;1;125;[5];1.;1.
126;126.1;3;21;[1,1,1,6,6,6,7,7,7,7,7,7,7,7,7,7,7,7,7,7,7];3;false;true;2;1;21;[2,3,7];0.16666666666666666;6.
126;126.2;6;30;[1,1,1,1,1,1,3,3,3,3,3,3,3,3,3,3,3,3,7,7,7,7,7,7,7,7,7,7,7,7];3;false;true;2;1;42;[2,3,7];0.23809523809523808;4.2000000000000002
126;126.3;7;42;[1,1,1,1,1,1,1,2,2,2,2,2,2,2,2,2,2,2,2,2,2,2,2,2,2,2,2,2,2,2,2,2,2,2,2,9,9,9,9,9,9,9];3;false;true;2;1;63;[2,3,7];0.33333333333333331;3.
126;126.4;9;45;[1,1,1,1,1,1,1,1,1,2,2,2,2,2,2,2,2,2,2,2,2,2,2,2,2,2,2,2,2,2,2,2,2,2,2,2,7,7,7,7,7,7,7,7,7];3;false;true;2;1;63;[2,3,7];0.35714285714285715;2.7999999999999998
126;126.5;1;33;[1,2,2,2,2,2,2,2,2,2,2,2,2,2,2,2,2,2,2,2,2,2,2,2,2,2,2,2,2,2,2,2,63];3;false;true;2;1;63;[2,3,7];0.26190476190476192;3.8181818181818183
126;126.6;126;126;[1,1,1,1,1,1,1,1,1,1,1,1,1,1,1,1,1,1,1,1,1,1,1,1,1,1,1,1,1,1,1,1,1,1,1,1,1,1,1,1,1,1,1,1,1,1,1,1,1,1,1,1,1,1,1,1,1,1,1,1,1,1,1,1,1,1,1,1,1,1,1,1,1,1,1,1,1,1,1,1,1,1,1,1,1,1,1,1,1,1,1,1,1,1,1,1,1,1,1,1,1,1,1,1,1,1,1,1,1,1,1,1,1,1,1,1,1,1,1,1,1,1,1,1,1,1];1;true;true;1;1;126;[2,3,7];1.;1.
126;126.7;3;21;[1,1,1,6,6,6,7,7,7,7,7,7,7,7,7,7,7,7,7,7,7];3;false;true;2;1;21;[2,3,7];0.16666666666666666;6.
126;126.8;1;15;[1,2,3,3,3,6,6,7,7,9,9,14,14,21,21];8;false;true;2;1;21;[2,3,7];0.11904761904761904;8.4000000000000004
126;126.9;1;12;[1,2,6,6,6,7,7,14,14,21,21,21];6;false;true;2;1;21;[2,3,7];0.095238095238095233;10.5
126;126.10;6;30;[1,1,1,1,1,1,3,3,3,3,3,3,3,3,3,3,3,3,7,7,7,7,7,7,7,7,7,7,7,7];3;false;true;2;1;42;[2,3,7];0.23809523809523808;4.2000000000000002
126;126.11;9;45;[1,1,1,1,1,1,1,1,1,2,2,2,2,2,2,2,2,2,2,2,2,2,2,2,2,2,2,2,2,2,2,2,2,2,2,2,7,7,7,7,7,7,7,7,7];3;false;true;2;1;63;[2,3,7];0.35714285714285715;2.7999999999999998
126;126.12;21;63;[1,1,1,1,1,1,1,1,1,1,1,1,1,1,1,1,1,1,1,1,1,2,2,2,2,2,2,2,2,2,2,2,2,2,2,2,2,2,2,2,2,2,3,3,3,3,3,3,3,3,3,3,3,3,3,3,3,3,3,3,3,3,3];3;false;true;2;1;63;[2,3,7];0.5;2.
126;126.13;3;36;[1,1,1,2,2,2,2,2,2,2,2,2,2,2,2,2,2,2,2,2,2,2,2,2,2,2,2,2,2,2,2,2,2,21,21,21];3;false;true;2;1;63;[2,3,7];0.2857142857142857;3.5
126;126.14;7;42;[1,1,1,1,1,1,1,2,2,2,2,2,2,2,2,2,2,2,2,2,2,2,2,2,2,2,2,2,2,2,2,2,2,2,2,9,9,9,9,9,9,9];3;false;true;2;1;63;[2,3,7];0.33333333333333331;3.
126;126.15;1;33;[1,2,2,2,2,2,2,2,2,2,2,2,2,2,2,2,2,2,2,2,2,2,2,2,2,2,2,2,2,2,2,2,63];3;false;true;2;1;63;[2,3,7];0.26190476190476192;3.8181818181818183
126;126.16;126;126;[1,1,1,1,1,1,1,1,1,1,1,1,1,1,1,1,1,1,1,1,1,1,1,1,1,1,1,1,1,1,1,1,1,1,1,1,1,1,1,1,1,1,1,1,1,1,1,1,1,1,1,1,1,1,1,1,1,1,1,1,1,1,1,1,1,1,1,1,1,1,1,1,1,1,1,1,1,1,1,1,1,1,1,1,1,1,1,1,1,1,1,1,1,1,1,1,1,1,1,1,1,1,1,1,1,1,1,1,1,1,1,1,1,1,1,1,1,1,1,1,1,1,1,1,1,1];1;true;true;1;1;126;[2,3,7];1.;1.
127;127.1;127;127;[1,1,1,1,1,1,1,1,1,1,1,1,1,1,1,1,1,1,1,1,1,1,1,1,1,1,1,1,1,1,1,1,1,1,1,1,1,1,1,1,1,1,1,1,1,1,1,1,1,1,1,1,1,1,1,1,1,1,1,1,1,1,1,1,1,1,1,1,1,1,1,1,1,1,1,1,1,1,1,1,1,1,1,1,1,1,1,1,1,1,1,1,1,1,1,1,1,1,1,1,1,1,1,1,1,1,1,1,1,1,1,1,1,1,1,1,1,1,1,1,1,1,1,1,1,1,1];1;true;true;1;1;127;[127];1.;1.
128;128.1;128;128;[1,1,1,1,1,1,1,1,1,1,1,1,1,1,1,1,1,1,1,1,1,1,1,1,1,1,1,1,1,1,1,1,1,1,1,1,1,1,1,1,1,1,1,1,1,1,1,1,1,1,1,1,1,1,1,1,1,1,1,1,1,1,1,1,1,1,1,1,1,1,1,1,1,1,1,1,1,1,1,1,1,1,1,1,1,1,1,1,1,1,1,1,1,1,1,1,1,1,1,1,1,1,1,1,1,1,1,1,1,1,1,1,1,1,1,1,1,1,1,1,1,1,1,1,1,1,1,1];1;true;true;1;1;128;[2];1.;1.
128;128.2;8;38;[1,1,1,1,1,1,1,1,2,2,2,2,2,2,2,2,4,4,4,4,4,4,4,4,4,4,4,4,4,4,4,4,4,4,8,8,8,8];4;true;true;2;2;128;[2];0.296875;3.3684210526315788
128;128.3;8;38;[1,1,1,1,1,1,1,1,2,2,2,2,2,2,2,2,4,4,4,4,4,4,4,4,4,4,4,4,4,4,4,4,4,4,8,8,8,8];4;true;true;2;2;128;[2];0.296875;3.3684210526315788
128;128.4;8;38;[1,1,1,1,1,1,1,1,2,2,2,2,2,2,2,2,4,4,4,4,4,4,4,4,4,4,4,4,4,4,4,4,4,4,8,8,8,8];4;true;true;2;2;128;[2];0.296875;3.3684210526315788
128;128.5;32;80;[1,1,1,1,1,1,1,1,1,1,1,1,1,1,1,1,1,1,1,1,1,1,1,1,1,1,1,1,1,1,1,1,2,2,2,2,2,2,2,2,2,2,2,2,2,2,2,2,2,2,2,2,2,2,2,2,2,2,2,2,2,2,2,2,2,2,2,2,2,2,2,2,2,2,2,2,2,2,2,2];2;true;true;2;2;128;[2];0.625;1.6000000000000001
128;128.6;8;44;[1,1,1,1,1,1,1,1,2,2,2,2,2,2,2,2,2,2,2,2,4,4,4,4,4,4,4,4,4,4,4,4,4,4,4,4,4,4,4,4,4,4,4,4];3;true;true;2;2;128;[2];0.34375;2.9090909090909092
128;128.7;8;44;[1,1,1,1,1,1,1,1,2,2,2,2,2,2,2,2,2,2,2,2,4,4,4,4,4,4,4,4,4,4,4,4,4,4,4,4,4,4,4,4,4,4,4,4];3;true;true;2;2;128;[2];0.34375;2.9090909090909092
128;128.8;16;56;[1,1,1,1,1,1,1,1,1,1,1,1,1,1,1,1,2,2,2,2,2,2,2,2,2,2,2,2,2,2,2,2,2,2,2,2,2,2,2,2,4,4,4,4,4,4,4,4,4,4,4,4,4,4,4,4];3;true;true;2;2;128;[2];0.4375;2.2857142857142856
128;128.9;16;56;[1,1,1,1,1,1,1,1,1,1,1,1,1,1,1,1,2,2,2,2,2,2,2,2,2,2,2,2,2,2,2,2,2,2,2,2,2,2,2,2,4,4,4,4,4,4,4,4,4,4,4,4,4,4,4,4];3;true;true;2;2;128;[2];0.4375;2.2857142857142856
128;128.10;16;56;[1,1,1,1,1,1,1,1,1,1,1,1,1,1,1,1,2,2,2,2,2,2,2,2,2,2,2,2,2,2,2,2,2,2,2,2,2,2,2,2,4,4,4,4,4,4,4,4,4,4,4,4,4,4,4,4];3;true;true;2;2;128;[2];0.4375;2.2857142857142856
128;128.11;16;56;[1,1,1,1,1,1,1,1,1,1,1,1,1,1,1,1,2,2,2,2,2,2,2,2,2,2,2,2,2,2,2,2,2,2,2,2,2,2,2,2,4,4,4,4,4,4,4,4,4,4,4,4,4,4,4,4];3;true;true;2;2;128;[2];0.4375;2.2857142857142856
128;128.12;8;44;[1,1,1,1,1,1,1,1,2,2,2,2,2,2,2,2,2,2,2,2,4,4,4,4,4,4,4,4,4,4,4,4,4,4,4,4,4,4,4,4,4,4,4,4];3;true;true;2;2;128;[2];0.34375;2.9090909090909092
128;128.13;8;44;[1,1,1,1,1,1,1,1,2,2,2,2,2,2,2,2,2,2,2,2,4,4,4,4,4,4,4,4,4,4,4,4,4,4,4,4,4,4,4,4,4,4,4,4];3;true;true;2;2;128;[2];0.34375;2.9090909090909092
128;128.14;8;44;[1,1,1,1,1,1,1,1,2,2,2,2,2,2,2,2,2,2,2,2,4,4,4,4,4,4,4,4,4,4,4,4,4,4,4,4,4,4,4,4,4,4,4,4];3;true;true;2;2;128;[2];0.34375;2.9090909090909092
128;128.15;8;44;[1,1,1,1,1,1,1,1,2,2,2,2,2,2,2,2,2,2,2,2,4,4,4,4,4,4,4,4,4,4,4,4,4,4,4,4,4,4,4,4,4,4,4,4];3;true;true;2;2;128;[2];0.34375;2.9090909090909092
128;128.16;4;32;[1,1,1,1,2,2,2,2,2,2,2,2,2,2,4,4,4,4,4,4,4,4,4,4,8,8,8,8,8,8,8,8];4;true;true;2;2;128;[2];0.25;4.
128;128.17;4;32;[1,1,1,1,2,2,2,2,2,2,2,2,2,2,4,4,4,4,4,4,4,4,4,4,8,8,8,8,8,8,8,8];4;true;true;2;2;128;[2];0.25;4.
128;128.18;4;32;[1,1,1,1,2,2,2,2,2,2,2,2,2,2,4,4,4,4,4,4,4,4,4,4,8,8,8,8,8,8,8,8];4;true;true;2;2;128;[2];0.25;4.
128;128.19;4;32;[1,1,1,1,2,2,2,2,2,2,2,2,2,2,4,4,4,4,4,4,4,4,4,4,8,8,8,8,8,8,8,8];4;true;true;2;2;128;[2];0.25;4.
128;128.20;4;32;[1,1,1,1,2,2,2,2,2,2,2,2,2,2,4,4,4,4,4,4,4,4,4,4,8,8,8,8,8,8,8,8];4;true;true;2;2;128;[2];0.25;4.
128;128.21;4;32;[1,1,1,1,2,2,2,2,2,2,2,2,2,2,4,4,4,4,4,4,4,4,4,4,8,8,8,8,8,8,8,8];4;true;true;2;2;128;[2];0.25;4.
128;128.22;4;32;[1,1,1,1,2,2,2,2,2,2,2,2,2,2,4,4,4,4,4,4,4,4,4,4,8,8,8,8,8,8,8,8];4;true;true;2;2;128;[2];0.25;4.
128;128.23;4;32;[1,1,1,1,2,2,2,2,2,2,2,2,2,2,4,4,4,4,4,4,4,4,4,4,8,8,8,8,8,8,8,8];4;true;true;2;2;128;[2];0.25;4.
128;128.24;4;32;[1,1,1,1,2,2,2,2,2,2,2,2,2,2,4,4,4,4,4,4,4,4,4,4,8,8,8,8,8,8,8,8];4;true;true;2;2;128;[2];0.25;4.
128;128.25;4;32;[1,1,1,1,2,2,2,2,2,2,2,2,2,2,4,4,4,4,4,4,4,4,4,4,8,8,8,8,8,8,8,8];4;true;true;2;2;128;[2];0.25;4.
128;128.26;8;38;[1,1,1,1,1,1,1,1,2,2,2,2,2,2,2,2,4,4,4,4,4,4,4,4,4,4,4,4,4,4,4,4,4,4,8,8,8,8];4;true;true;2;2;128;[2];0.296875;3.3684210526315788
128;128.27;8;38;[1,1,1,1,1,1,1,1,2,2,2,2,2,2,2,2,4,4,4,4,4,4,4,4,4,4,4,4,4,4,4,4,4,4,8,8,8,8];4;true;true;2;2;128;[2];0.296875;3.3684210526315788
128;128.28;8;38;[1,1,1,1,1,1,1,1,2,2,2,2,2,2,2,2,4,4,4,4,4,4,4,4,4,4,4,4,4,4,4,4,4,4,8,8,8,8];4;true;true;2;2;128;[2];0.296875;3.3684210526315788
128;128.29;8;38;[1,1,1,1,1,1,1,1,2,2,2,2,2,2,2,2,4,4,4,4,4,4,4,4,4,4,4,4,4,4,4,4,4,4,8,8,8,8];4;true;true;2;2;128;[2];0.296875;3.3684210526315788
128;128.30;8;38;[1,1,1,1,1,1,1,1,2,2,2,2,2,2,2,2,4,4,4,4,4,4,4,4,4,4,4,4,4,4,4,4,4,4,8,8,8,8];4;true;true;2;2;128;[2];0.296875;3.3684210526315788
128;128.31;8;38;[1,1,1,1,1,1,1,1,2,2,2,2,2,2,2,2,4,4,4,4,4,4,4,4,4,4,4,4,4,4,4,4,4,4,8,8,8,8];4;true;true;2;2;128;[2];0.296875;3.3684210526315788
128;128.32;8;38;[1,1,1,1,1,1,1,1,2,2,2,2,2,2,2,2,4,4,4,4,4,4,4,4,4,4,4,4,4,4,4,4,4,4,8,8,8,8];4;true;true;2;2;128;[2];0.296875;3.3684210526315788
128;128.33;8;38;[1,1,1,1,1,1,1,1,2,2,2,2,2,2,2,2,4,4,4,4,4,4,4,4,4,4,4,4,4,4,4,4,4,4,8,8,8,8];4;true;true;2;2;128;[2];0.296875;3.3684210526315788
128;128.34;8;38;[1,1,1,1,1,1,1,1,2,2,2,2,2,2,2,2,4,4,4,4,4,4,4,4,4,4,4,4,4,4,4,4,4,4,8,8,8,8];4;true;true;2;2;128;[2];0.296875;3.3684210526315788
128;128.35;8;38;[1,1,1,1,1,1,1,1,2,2,2,2,2,2,2,2,4,4,4,4,4,4,4,4,4,4,4,4,4,4,4,4,4,4,8,8,8,8];4;true;true;2;2;128;[2];0.296875;3.3684210526315788
128;128.36;4;26;[1,1,1,1,2,2,2,2,2,2,4,4,4,4,8,8,8,8,8,8,8,8,8,8,8,8];4;true;true;2;2;128;[2];0.203125;4.9230769230769234
128;128.37;4;26;[1,1,1,1,2,2,2,2,2,2,4,4,4,4,8,8,8,8,8,8,8,8,8,8,8,8];4;true;true;2;2;128;[2];0.203125;4.9230769230769234
128;128.38;4;26;[1,1,1,1,2,2,2,2,2,2,4,4,4,4,8,8,8,8,8,8,8,8,8,8,8,8];4;true;true;2;2;128;[2];0.203125;4.9230769230769234
128;128.39;4;26;[1,1,1,1,2,2,2,2,2,2,4,4,4,4,8,8,8,8,8,8,8,8,8,8,8,8];4;true;true;2;2;128;[2];0.203125;4.9230769230769234
128;128.40;4;26;[1,1,1,1,2,2,2,2,2,2,4,4,4,4,8,8,8,8,8,8,8,8,8,8,8,8];4;true;true;2;2;128;[2];0.203125;4.9230769230769234
128;128.41;4;26;[1,1,1,1,2,2,2,2,2,2,4,4,4,4,8,8,8,8,8,8,8,8,8,8,8,8];4;true;true;2;2;128;[2];0.203125;4.9230769230769234
128;128.42;128;128;[1,1,1,1,1,1,1,1,1,1,1,1,1,1,1,1,1,1,1,1,1,1,1,1,1,1,1,1,1,1,1,1,1,1,1,1,1,1,1,1,1,1,1,1,1,1,1,1,1,1,1,1,1,1,1,1,1,1,1,1,1,1,1,1,1,1,1,1,1,1,1,1,1,1,1,1,1,1,1,1,1,1,1,1,1,1,1,1,1,1,1,1,1,1,1,1,1,1,1,1,1,1,1,1,1,1,1,1,1,1,1,1,1,1,1,1,1,1,1,1,1,1,1,1,1,1,1,1];1;true;true;1;1;128;[2];1.;1.
128;128.43;32;80;[1,1,1,1,1,1,1,1,1,1,1,1,1,1,1,1,1,1,1,1,1,1,1,1,1,1,1,1,1,1,1,1,2,2,2,2,2,2,2,2,2,2,2,2,2,2,2,2,2,2,2,2,2,2,2,2,2,2,2,2,2,2,2,2,2,2,2,2,2,2,2,2,2,2,2,2,2,2,2,2];2;true;true;2;2;128;[2];0.625;1.6000000000000001
128;128.44;32;80;[1,1,1,1,1,1,1,1,1,1,1,1,1,1,1,1,1,1,1,1,1,1,1,1,1,1,1,1,1,1,1,1,2,2,2,2,2,2,2,2,2,2,2,2,2,2,2,2,2,2,2,2,2,2,2,2,2,2,2,2,2,2,2,2,2,2,2,2,2,2,2,2,2,2,2,2,2,2,2,2];2;true;true;2;2;128;[2];0.625;1.6000000000000001
128;128.45;8;44;[1,1,1,1,1,1,1,1,2,2,2,2,2,2,2,2,2,2,2,2,4,4,4,4,4,4,4,4,4,4,4,4,4,4,4,4,4,4,4,4,4,4,4,4];3;true;true;2;2;128;[2];0.34375;2.9090909090909092
128;128.46;8;44;[1,1,1,1,1,1,1,1,2,2,2,2,2,2,2,2,2,2,2,2,4,4,4,4,4,4,4,4,4,4,4,4,4,4,4,4,4,4,4,4,4,4,4,4];3;true;true;2;2;128;[2];0.34375;2.9090909090909092
128;128.47;8;38;[1,1,1,1,1,1,1,1,2,2,2,2,2,2,2,2,4,4,4,4,4,4,4,4,4,4,4,4,4,4,4,4,4,4,8,8,8,8];4;true;true;2;2;128;[2];0.296875;3.3684210526315788
128;128.48;4;26;[1,1,1,1,2,2,4,4,4,4,4,4,4,4,4,4,8,8,8,8,8,8,8,8,8,8];4;true;true;2;2;128;[2];0.203125;4.9230769230769234
128;128.49;4;26;[1,1,1,1,2,2,4,4,4,4,4,4,4,4,4,4,8,8,8,8,8,8,8,8,8,8];4;true;true;2;2;128;[2];0.203125;4.9230769230769234
128;128.50;4;26;[1,1,1,1,2,2,4,4,4,4,4,4,4,4,4,4,8,8,8,8,8,8,8,8,8,8];4;true;true;2;2;128;[2];0.203125;4.9230769230769234
128;128.51;4;26;[1,1,1,1,2,2,4,4,4,4,4,4,4,4,4,4,8,8,8,8,8,8,8,8,8,8];4;true;true;2;2;128;[2];0.203125;4.9230769230769234
128;128.52;4;26;[1,1,1,1,2,2,4,4,4,4,4,4,4,4,4,4,8,8,8,8,8,8,8,8,8,8];4;true;true;2;2;128;[2];0.203125;4.9230769230769234
128;128.53;4;26;[1,1,1,1,2,2,4,4,4,4,4,4,4,4,4,4,8,8,8,8,8,8,8,8,8,8];4;true;true;2;2;128;[2];0.203125;4.9230769230769234
128;128.54;8;44;[1,1,1,1,1,1,1,1,2,2,2,2,2,2,2,2,2,2,2,2,4,4,4,4,4,4,4,4,4,4,4,4,4,4,4,4,4,4,4,4,4,4,4,4];3;true;true;2;2;128;[2];0.34375;2.9090909090909092
128;128.55;8;38;[1,1,1,1,1,1,1,1,2,2,2,2,2,2,2,2,4,4,4,4,4,4,4,4,4,4,4,4,4,4,4,4,4,4,8,8,8,8];4;true;true;2;2;128;[2];0.296875;3.3684210526315788
128;128.56;4;26;[1,1,1,1,2,2,4,4,4,4,4,4,4,4,4,4,8,8,8,8,8,8,8,8,8,8];4;true;true;2;2;128;[2];0.203125;4.9230769230769234
128;128.57;4;26;[1,1,1,1,2,2,4,4,4,4,4,4,4,4,4,4,8,8,8,8,8,8,8,8,8,8];4;true;true;2;2;128;[2];0.203125;4.9230769230769234
128;128.58;4;26;[1,1,1,1,2,2,4,4,4,4,4,4,4,4,4,4,8,8,8,8,8,8,8,8,8,8];4;true;true;2;2;128;[2];0.203125;4.9230769230769234
128;128.59;4;26;[1,1,1,1,2,2,4,4,4,4,4,4,4,4,4,4,8,8,8,8,8,8,8,8,8,8];4;true;true;2;2;128;[2];0.203125;4.9230769230769234
128;128.60;4;26;[1,1,1,1,2,2,4,4,4,4,4,4,4,4,4,4,8,8,8,8,8,8,8,8,8,8];4;true;true;2;2;128;[2];0.203125;4.9230769230769234
128;128.61;16;56;[1,1,1,1,1,1,1,1,1,1,1,1,1,1,1,1,2,2,2,2,2,2,2,2,2,2,2,2,2,2,2,2,2,2,2,2,2,2,2,2,4,4,4,4,4,4,4,4,4,4,4,4,4,4,4,4];3;true;true;2;2;128;[2];0.4375;2.2857142857142856
128;128.62;8;38;[1,1,1,1,1,1,1,1,2,2,2,2,2,2,2,2,4,4,4,4,4,4,4,4,4,4,4,4,4,4,4,4,4,4,8,8,8,8];4;true;true;2;2;128;[2];0.296875;3.3684210526315788
128;128.63;8;44;[1,1,1,1,1,1,1,1,2,2,2,2,2,2,2,2,2,2,2,2,2,2,2,2,2,2,2,2,2,2,2,2,2,2,2,2,8,8,8,8,8,8,8,8];3;true;true;2;2;128;[2];0.34375;2.9090909090909092
128;128.64;8;44;[1,1,1,1,1,1,1,1,2,2,2,2,2,2,2,2,2,2,2,2,2,2,2,2,2,2,2,2,2,2,2,2,2,2,2,2,8,8,8,8,8,8,8,8];3;true;true;2;2;128;[2];0.34375;2.9090909090909092
128;128.65;4;32;[1,1,1,1,2,2,2,2,2,2,2,2,2,2,4,4,4,4,4,4,4,4,4,4,8,8,8,8,8,8,8,8];4;true;true;2;2;128;[2];0.25;4.
128;128.66;4;32;[1,1,1,1,2,2,2,2,2,2,2,2,2,2,4,4,4,4,4,4,4,4,4,4,8,8,8,8,8,8,8,8];4;true;true;2;2;128;[2];0.25;4.
128;128.67;8;44;[1,1,1,1,1,1,1,1,2,2,2,2,2,2,2,2,2,2,2,2,2,2,2,2,2,2,2,2,2,2,2,2,2,2,2,2,8,8,8,8,8,8,8,8];3;true;true;2;2;128;[2];0.34375;2.9090909090909092
128;128.68;4;32;[1,1,1,1,2,2,2,2,2,2,2,2,2,2,4,4,4,4,4,4,4,4,4,4,8,8,8,8,8,8,8,8];4;true;true;2;2;128;[2];0.25;4.
128;128.69;16;56;[1,1,1,1,1,1,1,1,1,1,1,1,1,1,1,1,2,2,2,2,2,2,2,2,2,2,2,2,2,2,2,2,2,2,2,2,2,2,2,2,4,4,4,4,4,4,4,4,4,4,4,4,4,4,4,4];3;true;true;2;2;128;[2];0.4375;2.2857142857142856
128;128.70;8;38;[1,1,1,1,1,1,1,1,2,2,2,2,2,2,2,2,4,4,4,4,4,4,4,4,4,4,4,4,4,4,4,4,4,4,8,8,8,8];4;true;true;2;2;128;[2];0.296875;3.3684210526315788
128;128.71;2;20;[1,1,2,2,2,4,4,4,4,8,8,8,8,8,8,8,8,8,16,16];5;true;true;2;2;128;[2];0.15625;6.4000000000000004
128;128.72;2;20;[1,1,2,2,2,4,4,4,4,8,8,8,8,8,8,8,8,8,16,16];5;true;true;2;2;128;[2];0.15625;6.4000000000000004
128;128.73;2;20;[1,1,2,2,2,4,4,4,4,8,8,8,8,8,8,8,8,8,16,16];5;true;true;2;2;128;[2];0.15625;6.4000000000000004
128;128.74;2;20;[1,1,2,2,2,4,4,4,4,8,8,8,8,8,8,8,8,8,16,16];5;true;true;2;2;128;[2];0.15625;6.4000000000000004
128;128.75;4;23;[1,1,1,1,2,2,4,4,4,4,8,8,8,8,8,8,8,8,8,8,8,8,8];4;true;true;2;2;128;[2];0.1796875;5.5652173913043477
128;128.76;4;23;[1,1,1,1,2,2,4,4,4,4,8,8,8,8,8,8,8,8,8,8,8,8,8];4;true;true;2;2;128;[2];0.1796875;5.5652173913043477
128;128.77;4;23;[1,1,1,1,2,2,4,4,4,4,8,8,8,8,8,8,8,8,8,8,8,8,8];4;true;true;2;2;128;[2];0.1796875;5.5652173913043477
128;128.78;4;23;[1,1,1,1,2,2,4,4,4,4,8,8,8,8,8,8,8,8,8,8,8,8,8];4;true;true;2;2;128;[2];0.1796875;5.5652173913043477
128;128.79;4;29;[1,1,1,1,2,2,2,2,2,2,2,2,4,4,4,4,4,4,4,4,4,4,4,8,8,8,8,16,16];5;true;true;2;2;128;[2];0.2265625;4.4137931034482758
128;128.80;4;29;[1,1,1,1,2,2,2,2,2,2,2,2,4,4,4,4,4,4,4,4,4,4,4,8,8,8,8,16,16];5;true;true;2;2;128;[2];0.2265625;4.4137931034482758
128;128.81;4;29;[1,1,1,1,2,2,2,2,2,2,2,2,4,4,4,4,4,4,4,4,4,4,4,8,8,8,8,16,16];5;true;true;2;2;128;[2];0.2265625;4.4137931034482758
128;128.82;4;29;[1,1,1,1,2,2,2,2,2,2,2,2,4,4,4,4,4,4,4,4,4,4,4,8,8,8,8,16,16];5;true;true;2;2;128;[2];0.2265625;4.4137931034482758
128;128.83;4;23;[1,1,1,1,2,2,4,4,4,4,8,8,8,8,8,8,8,8,8,8,8,8,8];4;true;true;2;2;128;[2];0.1796875;5.5652173913043477
128;128.84;4;23;[1,1,1,1,2,2,4,4,4,4,8,8,8,8,8,8,8,8,8,8,8,8,8];4;true;true;2;2;128;[2];0.1796875;5.5652173913043477
128;128.85;4;23;[1,1,1,1,2,2,4,4,4,4,8,8,8,8,8,8,8,8,8,8,8,8,8];4;true;true;2;2;128;[2];0.1796875;5.5652173913043477
128;128.86;4;23;[1,1,1,1,2,2,4,4,4,4,8,8,8,8,8,8,8,8,8,8,8,8,8];4;true;true;2;2;128;[2];0.1796875;5.5652173913043477
128;128.87;2;20;[1,1,2,2,2,4,4,4,4,8,8,8,8,8,8,8,8,8,16,16];5;true;true;2;2;128;[2];0.15625;6.4000000000000004
128;128.88;2;20;[1,1,2,2,2,4,4,4,4,8,8,8,8,8,8,8,8,8,16,16];5;true;true;2;2;128;[2];0.15625;6.4000000000000004
128;128.89;2;23;[1,1,2,2,2,2,2,2,2,4,4,4,4,8,8,8,8,8,8,8,8,16,16];5;true;true;2;2;128;[2];0.1796875;5.5652173913043477
128;128.90;2;23;[1,1,2,2,2,2,2,2,2,4,4,4,4,8,8,8,8,8,8,8,8,16,16];5;true;true;2;2;128;[2];0.1796875;5.5652173913043477
128;128.91;2;23;[1,1,2,2,2,2,2,2,2,4,4,4,4,8,8,8,8,8,8,8,8,16,16];5;true;true;2;2;128;[2];0.1796875;5.5652173913043477
128;128.92;4;29;[1,1,1,1,2,2,2,2,2,2,2,2,4,4,4,4,4,4,4,4,4,4,4,8,8,8,8,16,16];5;true;true;2;2;128;[2];0.2265625;4.4137931034482758
128;128.93;4;29;[1,1,1,1,2,2,2,2,2,2,2,2,4,4,4,4,4,4,4,4,4,4,4,8,8,8,8,16,16];5;true;true;2;2;128;[2];0.2265625;4.4137931034482758
128;128.94;4;29;[1,1,1,1,2,2,2,2,2,2,2,2,4,4,4,4,4,4,4,4,4,4,4,8,8,8,8,16,16];5;true;true;2;2;128;[2];0.2265625;4.4137931034482758
128;128.95;4;29;[1,1,1,1,2,2,2,2,2,2,2,2,4,4,4,4,4,4,4,4,4,4,4,8,8,8,8,16,16];5;true;true;2;2;128;[2];0.2265625;4.4137931034482758
128;128.96;4;29;[1,1,1,1,2,2,2,2,2,2,2,2,4,4,4,4,4,4,4,4,4,4,4,8,8,8,8,16,16];5;true;true;2;2;128;[2];0.2265625;4.4137931034482758
128;128.97;4;29;[1,1,1,1,2,2,2,2,2,2,2,2,4,4,4,4,4,4,4,4,4,4,4,8,8,8,8,16,16];5;true;true;2;2;128;[2];0.2265625;4.4137931034482758
128;128.98;2;23;[1,1,2,2,2,2,2,2,2,4,4,4,4,8,8,8,8,8,8,8,8,16,16];5;true;true;2;2;128;[2];0.1796875;5.5652173913043477
128;128.99;16;56;[1,1,1,1,1,1,1,1,1,1,1,1,1,1,1,1,2,2,2,2,2,2,2,2,2,2,2,2,2,2,2,2,2,2,2,2,2,2,2,2,4,4,4,4,4,4,4,4,4,4,4,4,4,4,4,4];3;true;true;2;2;128;[2];0.4375;2.2857142857142856
128;128.100;4;32;[1,1,1,1,2,2,2,2,2,2,2,2,2,2,4,4,4,4,4,4,4,4,4,4,8,8,8,8,8,8,8,8];4;true;true;2;2;128;[2];0.25;4.
128;128.101;4;32;[1,1,1,1,2,2,2,2,2,2,2,2,2,2,4,4,4,4,4,4,4,4,4,4,8,8,8,8,8,8,8,8];4;true;true;2;2;128;[2];0.25;4.
128;128.102;16;56;[1,1,1,1,1,1,1,1,1,1,1,1,1,1,1,1,2,2,2,2,2,2,2,2,2,2,2,2,2,2,2,2,2,2,2,2,2,2,2,2,4,4,4,4,4,4,4,4,4,4,4,4,4,4,4,4];3;true;true;2;2;128;[2];0.4375;2.2857142857142856
128;128.103;8;44;[1,1,1,1,1,1,1,1,2,2,2,2,2,2,2,2,2,2,2,2,2,2,2,2,2,2,2,2,2,2,2,2,2,2,2,2,8,8,8,8,8,8,8,8];3;true;true;2;2;128;[2];0.34375;2.9090909090909092
128;128.104;8;44;[1,1,1,1,1,1,1,1,2,2,2,2,2,2,2,2,2,2,2,2,2,2,2,2,2,2,2,2,2,2,2,2,2,2,2,2,8,8,8,8,8,8,8,8];3;true;true;2;2;128;[2];0.34375;2.9090909090909092
128;128.105;8;44;[1,1,1,1,1,1,1,1,2,2,2,2,2,2,2,2,2,2,2,2,2,2,2,2,2,2,2,2,2,2,2,2,2,2,2,2,8,8,8,8,8,8,8,8];3;true;true;2;2;128;[2];0.34375;2.9090909090909092
128;128.106;32;80;[1,1,1,1,1,1,1,1,1,1,1,1,1,1,1,1,1,1,1,1,1,1,1,1,1,1,1,1,1,1,1,1,2,2,2,2,2,2,2,2,2,2,2,2,2,2,2,2,2,2,2,2,2,2,2,2,2,2,2,2,2,2,2,2,2,2,2,2,2,2,2,2,2,2,2,2,2,2,2,2];2;true;true;2;2;128;[2];0.625;1.6000000000000001
128;128.107;8;44;[1,1,1,1,1,1,1,1,2,2,2,2,2,2,2,2,2,2,2,2,4,4,4,4,4,4,4,4,4,4,4,4,4,4,4,4,4,4,4,4,4,4,4,4];3;true;true;2;2;128;[2];0.34375;2.9090909090909092
128;128.108;16;56;[1,1,1,1,1,1,1,1,1,1,1,1,1,1,1,1,2,2,2,2,2,2,2,2,2,2,2,2,2,2,2,2,2,2,2,2,2,2,2,2,4,4,4,4,4,4,4,4,4,4,4,4,4,4,4,4];3;true;true;2;2;128;[2];0.4375;2.2857142857142856
128;128.109;8;44;[1,1,1,1,1,1,1,1,2,2,2,2,2,2,2,2,2,2,2,2,4,4,4,4,4,4,4,4,4,4,4,4,4,4,4,4,4,4,4,4,4,4,4,4];3;true;true;2;2;128;[2];0.34375;2.9090909090909092
128;128.110;8;44;[1,1,1,1,1,1,1,1,2,2,2,2,2,2,2,2,2,2,2,2,4,4,4,4,4,4,4,4,4,4,4,4,4,4,4,4,4,4,4,4,4,4,4,4];3;true;true;2;2;128;[2];0.34375;2.9090909090909092
128;128.111;16;56;[1,1,1,1,1,1,1,1,1,1,1,1,1,1,1,1,2,2,2,2,2,2,2,2,2,2,2,2,2,2,2,2,2,2,2,2,2,2,2,2,4,4,4,4,4,4,4,4,4,4,4,4,4,4,4,4];3;true;true;2;2;128;[2];0.4375;2.2857142857142856
128;128.112;8;44;[1,1,1,1,1,1,1,1,2,2,2,2,2,2,2,2,2,2,2,2,2,2,2,2,2,2,2,2,2,2,2,2,2,2,2,2,8,8,8,8,8,8,8,8];3;true;true;2;2;128;[2];0.34375;2.9090909090909092
128;128.113;8;44;[1,1,1,1,1,1,1,1,2,2,2,2,2,2,2,2,2,2,2,2,2,2,2,2,2,2,2,2,2,2,2,2,2,2,2,2,8,8,8,8,8,8,8,8];3;true;true;2;2;128;[2];0.34375;2.9090909090909092
128;128.114;8;44;[1,1,1,1,1,1,1,1,2,2,2,2,2,2,2,2,2,2,2,2,2,2,2,2,2,2,2,2,2,2,2,2,2,2,2,2,8,8,8,8,8,8,8,8];3;true;true;2;2;128;[2];0.34375;2.9090909090909092
128;128.115;4;32;[1,1,1,1,2,2,2,2,2,2,2,2,2,2,4,4,4,4,4,4,4,4,4,4,8,8,8,8,8,8,8,8];4;true;true;2;2;128;[2];0.25;4.
128;128.116;4;32;[1,1,1,1,2,2,2,2,2,2,2,2,2,2,4,4,4,4,4,4,4,4,4,4,8,8,8,8,8,8,8,8];4;true;true;2;2;128;[2];0.25;4.
128;128.117;4;32;[1,1,1,1,2,2,2,2,2,2,2,2,2,2,4,4,4,4,4,4,4,4,4,4,8,8,8,8,8,8,8,8];4;true;true;2;2;128;[2];0.25;4.
128;128.118;4;32;[1,1,1,1,2,2,2,2,2,2,2,2,2,2,4,4,4,4,4,4,4,4,4,4,8,8,8,8,8,8,8,8];4;true;true;2;2;128;[2];0.25;4.
128;128.119;4;32;[1,1,1,1,2,2,2,2,2,2,2,2,2,2,4,4,4,4,4,4,4,4,4,4,8,8,8,8,8,8,8,8];4;true;true;2;2;128;[2];0.25;4.
128;128.120;4;32;[1,1,1,1,2,2,2,2,2,2,2,2,2,2,4,4,4,4,4,4,4,4,4,4,8,8,8,8,8,8,8,8];4;true;true;2;2;128;[2];0.25;4.
128;128.121;4;32;[1,1,1,1,2,2,2,2,2,2,2,2,2,2,4,4,4,4,4,4,4,4,4,4,8,8,8,8,8,8,8,8];4;true;true;2;2;128;[2];0.25;4.
128;128.122;4;26;[1,1,1,1,2,2,4,4,4,4,4,4,4,4,4,4,8,8,8,8,8,8,8,8,8,8];4;true;true;2;2;128;[2];0.203125;4.9230769230769234
128;128.123;4;26;[1,1,1,1,2,2,4,4,4,4,4,4,4,4,4,4,8,8,8,8,8,8,8,8,8,8];4;true;true;2;2;128;[2];0.203125;4.9230769230769234
128;128.124;4;26;[1,1,1,1,2,2,4,4,4,4,4,4,4,4,4,4,8,8,8,8,8,8,8,8,8,8];4;true;true;2;2;128;[2];0.203125;4.9230769230769234
128;128.125;4;26;[1,1,1,1,2,2,4,4,4,4,4,4,4,4,4,4,8,8,8,8,8,8,8,8,8,8];4;true;true;2;2;128;[2];0.203125;4.9230769230769234
128;128.126;4;26;[1,1,1,1,2,2,4,4,4,4,4,4,4,4,4,4,8,8,8,8,8,8,8,8,8,8];4;true;true;2;2;128;[2];0.203125;4.9230769230769234
128;128.127;4;26;[1,1,1,1,2,2,4,4,4,4,4,4,4,4,4,4,8,8,8,8,8,8,8,8,8,8];4;true;true;2;2;128;[2];0.203125;4.9230769230769234
128;128.128;128;128;[1,1,1,1,1,1,1,1,1,1,1,1,1,1,1,1,1,1,1,1,1,1,1,1,1,1,1,1,1,1,1,1,1,1,1,1,1,1,1,1,1,1,1,1,1,1,1,1,1,1,1,1,1,1,1,1,1,1,1,1,1,1,1,1,1,1,1,1,1,1,1,1,1,1,1,1,1,1,1,1,1,1,1,1,1,1,1,1,1,1,1,1,1,1,1,1,1,1,1,1,1,1,1,1,1,1,1,1,1,1,1,1,1,1,1,1,1,1,1,1,1,1,1,1,1,1,1,1];1;true;true;1;1;128;[2];1.;1.
128;128.129;32;80;[1,1,1,1,1,1,1,1,1,1,1,1,1,1,1,1,1,1,1,1,1,1,1,1,1,1,1,1,1,1,1,1,2,2,2,2,2,2,2,2,2,2,2,2,2,2,2,2,2,2,2,2,2,2,2,2,2,2,2,2,2,2,2,2,2,2,2,2,2,2,2,2,2,2,2,2,2,2,2,2];2;true;true;2;2;128;[2];0.625;1.6000000000000001
128;128.130;8;44;[1,1,1,1,1,1,1,1,2,2,2,2,2,2,2,2,2,2,2,2,4,4,4,4,4,4,4,4,4,4,4,4,4,4,4,4,4,4,4,4,4,4,4,4];3;true;true;2;2;128;[2];0.34375;2.9090909090909092
128;128.131;32;80;[1,1,1,1,1,1,1,1,1,1,1,1,1,1,1,1,1,1,1,1,1,1,1,1,1,1,1,1,1,1,1,1,2,2,2,2,2,2,2,2,2,2,2,2,2,2,2,2,2,2,2,2,2,2,2,2,2,2,2,2,2,2,2,2,2,2,2,2,2,2,2,2,2,2,2,2,2,2,2,2];2;true;true;2;2;128;[2];0.625;1.6000000000000001
128;128.132;8;44;[1,1,1,1,1,1,1,1,2,2,2,2,2,2,2,2,2,2,2,2,4,4,4,4,4,4,4,4,4,4,4,4,4,4,4,4,4,4,4,4,4,4,4,4];3;true;true;2;2;128;[2];0.34375;2.9090909090909092
128;128.133;16;56;[1,1,1,1,1,1,1,1,1,1,1,1,1,1,1,1,2,2,2,2,2,2,2,2,2,2,2,2,2,2,2,2,2,2,2,2,2,2,2,2,4,4,4,4,4,4,4,4,4,4,4,4,4,4,4,4];3;true;true;2;2;128;[2];0.4375;2.2857142857142856
128;128.134;2;17;[1,1,2,4,4,4,8,8,8,8,8,8,8,8,16,16,16];5;true;true;3;3;128;[2];0.1328125;7.5294117647058822
128;128.135;2;17;[1,1,2,4,4,4,8,8,8,8,8,8,8,8,16,16,16];5;true;true;3;3;128;[2];0.1328125;7.5294117647058822
128;128.136;2;17;[1,1,2,4,4,4,8,8,8,8,8,8,8,8,16,16,16];5;true;true;3;3;128;[2];0.1328125;7.5294117647058822
128;128.137;2;17;[1,1,2,4,4,4,8,8,8,8,8,8,8,8,16,16,16];5;true;true;3;3;128;[2];0.1328125;7.5294117647058822
128;128.138;2;14;[1,1,2,4,8,8,8,8,8,16,16,16,16,16];5;true;true;2;2;128;[2];0.109375;9.1428571428571423
128;128.139;2;14;[1,1,2,4,8,8,8,8,8,16,16,16,16,16];5;true;true;2;2;128;[2];0.109375;9.1428571428571423
128;128.140;2;17;[1,1,2,4,4,4,4,4,4,4,8,8,16,16,16,16,16];5;true;true;2;2;128;[2];0.1328125;7.5294117647058822
128;128.141;2;17;[1,1,2,4,4,4,4,4,4,4,8,8,16,16,16,16,16];5;true;true;2;2;128;[2];0.1328125;7.5294117647058822
128;128.142;2;17;[1,1,2,4,4,4,4,4,4,4,8,8,16,16,16,16,16];5;true;true;2;2;128;[2];0.1328125;7.5294117647058822
128;128.143;2;17;[1,1,2,4,4,4,4,4,4,4,8,8,16,16,16,16,16];5;true;true;2;2;128;[2];0.1328125;7.5294117647058822
128;128.144;2;14;[1,1,2,4,8,8,8,8,8,16,16,16,16,16];5;true;true;2;2;128;[2];0.109375;9.1428571428571423
128;128.145;2;14;[1,1,2,4,8,8,8,8,8,16,16,16,16,16];5;true;true;2;2;128;[2];0.109375;9.1428571428571423
128;128.146;2;17;[1,1,2,4,4,4,4,4,4,4,8,8,16,16,16,16,16];5;true;true;2;2;128;[2];0.1328125;7.5294117647058822
128;128.147;4;38;[1,1,1,1,2,2,2,2,2,2,2,2,2,2,2,2,2,2,2,2,2,2,2,2,2,2,2,2,2,2,2,2,2,2,16,16,16,16];3;true;true;2;2;128;[2];0.296875;3.3684210526315788
128;128.148;4;38;[1,1,1,1,2,2,2,2,2,2,2,2,2,2,2,2,2,2,2,2,2,2,2,2,2,2,2,2,2,2,2,2,2,2,16,16,16,16];3;true;true;2;2;128;[2];0.296875;3.3684210526315788
128;128.149;4;38;[1,1,1,1,2,2,2,2,2,2,2,2,2,2,2,2,2,2,2,2,2,2,2,2,2,2,2,2,2,2,2,2,2,2,16,16,16,16];3;true;true;2;2;128;[2];0.296875;3.3684210526315788
128;128.150;2;26;[1,1,2,2,2,2,2,2,2,2,2,4,4,4,4,4,4,4,4,4,4,4,16,16,16,16];4;true;true;2;2;128;[2];0.203125;4.9230769230769234
128;128.151;2;26;[1,1,2,2,2,2,2,2,2,2,2,4,4,4,4,4,4,4,4,4,4,4,16,16,16,16];4;true;true;2;2;128;[2];0.203125;4.9230769230769234
128;128.152;2;26;[1,1,2,2,2,2,2,2,2,2,2,4,4,4,4,4,4,4,4,4,4,4,16,16,16,16];4;true;true;2;2;128;[2];0.203125;4.9230769230769234
128;128.153;32;80;[1,1,1,1,1,1,1,1,1,1,1,1,1,1,1,1,1,1,1,1,1,1,1,1,1,1,1,1,1,1,1,1,2,2,2,2,2,2,2,2,2,2,2,2,2,2,2,2,2,2,2,2,2,2,2,2,2,2,2,2,2,2,2,2,2,2,2,2,2,2,2,2,2,2,2,2,2,2,2,2];2;true;true;2;2;128;[2];0.625;1.6000000000000001
128;128.154;16;56;[1,1,1,1,1,1,1,1,1,1,1,1,1,1,1,1,2,2,2,2,2,2,2,2,2,2,2,2,2,2,2,2,2,2,2,2,2,2,2,2,4,4,4,4,4,4,4,4,4,4,4,4,4,4,4,4];3;true;true;2;2;128;[2];0.4375;2.2857142857142856
128;128.155;4;38;[1,1,1,1,2,2,2,2,2,2,2,2,2,2,2,2,2,2,2,2,2,2,2,2,2,2,2,2,2,2,2,2,2,2,16,16,16,16];3;true;true;2;2;128;[2];0.296875;3.3684210526315788
128;128.156;4;38;[1,1,1,1,2,2,2,2,2,2,2,2,2,2,2,2,2,2,2,2,2,2,2,2,2,2,2,2,2,2,2,2,2,2,16,16,16,16];3;true;true;2;2;128;[2];0.296875;3.3684210526315788
128;128.157;4;38;[1,1,1,1,2,2,2,2,2,2,2,2,2,2,2,2,2,2,2,2,2,2,2,2,2,2,2,2,2,2,2,2,2,2,16,16,16,16];3;true;true;2;2;128;[2];0.296875;3.3684210526315788
128;128.158;2;26;[1,1,2,2,2,2,2,2,2,2,2,4,4,4,4,4,4,4,4,4,4,4,16,16,16,16];4;true;true;2;2;128;[2];0.203125;4.9230769230769234
128;128.159;128;128;[1,1,1,1,1,1,1,1,1,1,1,1,1,1,1,1,1,1,1,1,1,1,1,1,1,1,1,1,1,1,1,1,1,1,1,1,1,1,1,1,1,1,1,1,1,1,1,1,1,1,1,1,1,1,1,1,1,1,1,1,1,1,1,1,1,1,1,1,1,1,1,1,1,1,1,1,1,1,1,1,1,1,1,1,1,1,1,1,1,1,1,1,1,1,1,1,1,1,1,1,1,1,1,1,1,1,1,1,1,1,1,1,1,1,1,1,1,1,1,1,1,1,1,1,1,1,1,1];1;true;true;1;1;128;[2];1.;1.
128;128.160;32;80;[1,1,1,1,1,1,1,1,1,1,1,1,1,1,1,1,1,1,1,1,1,1,1,1,1,1,1,1,1,1,1,1,2,2,2,2,2,2,2,2,2,2,2,2,2,2,2,2,2,2,2,2,2,2,2,2,2,2,2,2,2,2,2,2,2,2,2,2,2,2,2,2,2,2,2,2,2,2,2,2];2;true;true;2;2;128;[2];0.625;1.6000000000000001
128;128.161;2;35;[1,1,2,2,2,2,2,2,2,2,2,2,2,2,2,2,2,2,2,2,2,2,2,2,2,2,2,2,2,2,2,2,2,32,32];3;true;true;2;2;128;[2];0.2734375;3.657142857142857
128;128.162;2;35;[1,1,2,2,2,2,2,2,2,2,2,2,2,2,2,2,2,2,2,2,2,2,2,2,2,2,2,2,2,2,2,2,2,32,32];3;true;true;2;2;128;[2];0.2734375;3.657142857142857
128;128.163;2;35;[1,1,2,2,2,2,2,2,2,2,2,2,2,2,2,2,2,2,2,2,2,2,2,2,2,2,2,2,2,2,2,2,2,32,32];3;true;true;2;2;128;[2];0.2734375;3.657142857142857
128;128.164;32;80;[1,1,1,1,1,1,1,1,1,1,1,1,1,1,1,1,1,1,1,1,1,1,1,1,1,1,1,1,1,1,1,1,2,2,2,2,2,2,2,2,2,2,2,2,2,2,2,2,2,2,2,2,2,2,2,2,2,2,2,2,2,2,2,2,2,2,2,2,2,2,2,2,2,2,2,2,2,2,2,2];2;true;true;2;2;128;[2];0.625;1.6000000000000001
128;128.165;16;56;[1,1,1,1,1,1,1,1,1,1,1,1,1,1,1,1,2,2,2,2,2,2,2,2,2,2,2,2,2,2,2,2,2,2,2,2,2,2,2,2,4,4,4,4,4,4,4,4,4,4,4,4,4,4,4,4];3;true;true;2;2;128;[2];0.4375;2.2857142857142856
128;128.166;16;56;[1,1,1,1,1,1,1,1,1,1,1,1,1,1,1,1,2,2,2,2,2,2,2,2,2,2,2,2,2,2,2,2,2,2,2,2,2,2,2,2,4,4,4,4,4,4,4,4,4,4,4,4,4,4,4,4];3;true;true;2;2;128;[2];0.4375;2.2857142857142856
128;128.167;16;56;[1,1,1,1,1,1,1,1,1,1,1,1,1,1,1,1,2,2,2,2,2,2,2,2,2,2,2,2,2,2,2,2,2,2,2,2,2,2,2,2,4,4,4,4,4,4,4,4,4,4,4,4,4,4,4,4];3;true;true;2;2;128;[2];0.4375;2.2857142857142856
128;128.168;16;56;[1,1,1,1,1,1,1,1,1,1,1,1,1,1,1,1,2,2,2,2,2,2,2,2,2,2,2,2,2,2,2,2,2,2,2,2,2,2,2,2,4,4,4,4,4,4,4,4,4,4,4,4,4,4,4,4];3;true;true;2;2;128;[2];0.4375;2.2857142857142856
128;128.169;16;56;[1,1,1,1,1,1,1,1,1,1,1,1,1,1,1,1,2,2,2,2,2,2,2,2,2,2,2,2,2,2,2,2,2,2,2,2,2,2,2,2,4,4,4,4,4,4,4,4,4,4,4,4,4,4,4,4];3;true;true;2;2;128;[2];0.4375;2.2857142857142856
128;128.170;16;44;[1,1,1,1,1,1,1,1,1,1,1,1,1,1,1,1,4,4,4,4,4,4,4,4,4,4,4,4,4,4,4,4,4,4,4,4,4,4,4,4,4,4,4,4];2;true;true;2;2;128;[2];0.34375;2.9090909090909092
128;128.171;16;44;[1,1,1,1,1,1,1,1,1,1,1,1,1,1,1,1,4,4,4,4,4,4,4,4,4,4,4,4,4,4,4,4,4,4,4,4,4,4,4,4,4,4,4,4];2;true;true;2;2;128;[2];0.34375;2.9090909090909092
128;128.172;16;44;[1,1,1,1,1,1,1,1,1,1,1,1,1,1,1,1,4,4,4,4,4,4,4,4,4,4,4,4,4,4,4,4,4,4,4,4,4,4,4,4,4,4,4,4];2;true;true;2;2;128;[2];0.34375;2.9090909090909092
128;128.173;16;44;[1,1,1,1,1,1,1,1,1,1,1,1,1,1,1,1,4,4,4,4,4,4,4,4,4,4,4,4,4,4,4,4,4,4,4,4,4,4,4,4,4,4,4,4];2;true;true;2;2;128;[2];0.34375;2.9090909090909092
128;128.174;16;44;[1,1,1,1,1,1,1,1,1,1,1,1,1,1,1,1,4,4,4,4,4,4,4,4,4,4,4,4,4,4,4,4,4,4,4,4,4,4,4,4,4,4,4,4];2;true;true;2;2;128;[2];0.34375;2.9090909090909092
128;128.175;16;44;[1,1,1,1,1,1,1,1,1,1,1,1,1,1,1,1,4,4,4,4,4,4,4,4,4,4,4,4,4,4,4,4,4,4,4,4,4,4,4,4,4,4,4,4];2;true;true;2;2;128;[2];0.34375;2.9090909090909092
128;128.176;16;44;[1,1,1,1,1,1,1,1,1,1,1,1,1,1,1,1,4,4,4,4,4,4,4,4,4,4,4,4,4,4,4,4,4,4,4,4,4,4,4,4,4,4,4,4];2;true;true;2;2;128;[2];0.34375;2.9090909090909092
128;128.177;16;44;[1,1,1,1,1,1,1,1,1,1,1,1,1,1,1,1,4,4,4,4,4,4,4,4,4,4,4,4,4,4,4,4,4,4,4,4,4,4,4,4,4,4,4,4];2;true;true;2;2;128;[2];0.34375;2.9090909090909092
128;128.178;16;44;[1,1,1,1,1,1,1,1,1,1,1,1,1,1,1,1,4,4,4,4,4,4,4,4,4,4,4,4,4,4,4,4,4,4,4,4,4,4,4,4,4,4,4,4];2;true;true;2;2;128;[2];0.34375;2.9090909090909092
128;128.179;128;128;[1,1,1,1,1,1,1,1,1,1,1,1,1,1,1,1,1,1,1,1,1,1,1,1,1,1,1,1,1,1,1,1,1,1,1,1,1,1,1,1,1,1,1,1,1,1,1,1,1,1,1,1,1,1,1,1,1,1,1,1,1,1,1,1,1,1,1,1,1,1,1,1,1,1,1,1,1,1,1,1,1,1,1,1,1,1,1,1,1,1,1,1,1,1,1,1,1,1,1,1,1,1,1,1,1,1,1,1,1,1,1,1,1,1,1,1,1,1,1,1,1,1,1,1,1,1,1,1];1;true;true;1;1;128;[2];1.;1.
128;128.180;32;80;[1,1,1,1,1,1,1,1,1,1,1,1,1,1,1,1,1,1,1,1,1,1,1,1,1,1,1,1,1,1,1,1,2,2,2,2,2,2,2,2,2,2,2,2,2,2,2,2,2,2,2,2,2,2,2,2,2,2,2,2,2,2,2,2,2,2,2,2,2,2,2,2,2,2,2,2,2,2,2,2];2;true;true;2;2;128;[2];0.625;1.6000000000000001
128;128.181;32;80;[1,1,1,1,1,1,1,1,1,1,1,1,1,1,1,1,1,1,1,1,1,1,1,1,1,1,1,1,1,1,1,1,2,2,2,2,2,2,2,2,2,2,2,2,2,2,2,2,2,2,2,2,2,2,2,2,2,2,2,2,2,2,2,2,2,2,2,2,2,2,2,2,2,2,2,2,2,2,2,2];2;true;true;2;2;128;[2];0.625;1.6000000000000001
128;128.182;32;80;[1,1,1,1,1,1,1,1,1,1,1,1,1,1,1,1,1,1,1,1,1,1,1,1,1,1,1,1,1,1,1,1,2,2,2,2,2,2,2,2,2,2,2,2,2,2,2,2,2,2,2,2,2,2,2,2,2,2,2,2,2,2,2,2,2,2,2,2,2,2,2,2,2,2,2,2,2,2,2,2];2;true;true;2;2;128;[2];0.625;1.6000000000000001
128;128.183;16;56;[1,1,1,1,1,1,1,1,1,1,1,1,1,1,1,1,2,2,2,2,2,2,2,2,2,2,2,2,2,2,2,2,2,2,2,2,2,2,2,2,4,4,4,4,4,4,4,4,4,4,4,4,4,4,4,4];3;true;true;2;2;128;[2];0.4375;2.2857142857142856
128;128.184;16;56;[1,1,1,1,1,1,1,1,1,1,1,1,1,1,1,1,2,2,2,2,2,2,2,2,2,2,2,2,2,2,2,2,2,2,2,2,2,2,2,2,4,4,4,4,4,4,4,4,4,4,4,4,4,4,4,4];3;true;true;2;2;128;[2];0.4375;2.2857142857142856
128;128.185;16;56;[1,1,1,1,1,1,1,1,1,1,1,1,1,1,1,1,2,2,2,2,2,2,2,2,2,2,2,2,2,2,2,2,2,2,2,2,2,2,2,2,4,4,4,4,4,4,4,4,4,4,4,4,4,4,4,4];3;true;true;2;2;128;[2];0.4375;2.2857142857142856
128;128.186;16;56;[1,1,1,1,1,1,1,1,1,1,1,1,1,1,1,1,2,2,2,2,2,2,2,2,2,2,2,2,2,2,2,2,2,2,2,2,2,2,2,2,4,4,4,4,4,4,4,4,4,4,4,4,4,4,4,4];3;true;true;2;2;128;[2];0.4375;2.2857142857142856
128;128.187;16;56;[1,1,1,1,1,1,1,1,1,1,1,1,1,1,1,1,2,2,2,2,2,2,2,2,2,2,2,2,2,2,2,2,2,2,2,2,2,2,2,2,4,4,4,4,4,4,4,4,4,4,4,4,4,4,4,4];3;true;true;2;2;128;[2];0.4375;2.2857142857142856
128;128.188;8;44;[1,1,1,1,1,1,1,1,2,2,2,2,2,2,2,2,2,2,2,2,4,4,4,4,4,4,4,4,4,4,4,4,4,4,4,4,4,4,4,4,4,4,4,4];3;true;true;2;2;128;[2];0.34375;2.9090909090909092
128;128.189;8;44;[1,1,1,1,1,1,1,1,2,2,2,2,2,2,2,2,2,2,2,2,4,4,4,4,4,4,4,4,4,4,4,4,4,4,4,4,4,4,4,4,4,4,4,4];3;true;true;2;2;128;[2];0.34375;2.9090909090909092
128;128.190;8;44;[1,1,1,1,1,1,1,1,2,2,2,2,2,2,2,2,2,2,2,2,4,4,4,4,4,4,4,4,4,4,4,4,4,4,4,4,4,4,4,4,4,4,4,4];3;true;true;2;2;128;[2];0.34375;2.9090909090909092
128;128.191;8;44;[1,1,1,1,1,1,1,1,2,2,2,2,2,2,2,2,2,2,2,2,4,4,4,4,4,4,4,4,4,4,4,4,4,4,4,4,4,4,4,4,4,4,4,4];3;true;true;2;2;128;[2];0.34375;2.9090909090909092
128;128.192;8;44;[1,1,1,1,1,1,1,1,2,2,2,2,2,2,2,2,2,2,2,2,4,4,4,4,4,4,4,4,4,4,4,4,4,4,4,4,4,4,4,4,4,4,4,4];3;true;true;2;2;128;[2];0.34375;2.9090909090909092
128;128.193;8;44;[1,1,1,1,1,1,1,1,2,2,2,2,2,2,2,2,2,2,2,2,4,4,4,4,4,4,4,4,4,4,4,4,4,4,4,4,4,4,4,4,4,4,4,4];3;true;true;2;2;128;[2];0.34375;2.9090909090909092
128;128.194;4;32;[1,1,1,1,2,2,2,2,2,2,2,2,2,2,4,4,4,4,4,4,4,4,4,4,8,8,8,8,8,8,8,8];4;true;true;2;2;128;[2];0.25;4.
128;128.195;4;32;[1,1,1,1,2,2,2,2,2,2,2,2,2,2,4,4,4,4,4,4,4,4,4,4,8,8,8,8,8,8,8,8];4;true;true;2;2;128;[2];0.25;4.
128;128.196;4;32;[1,1,1,1,2,2,2,2,2,2,2,2,2,2,4,4,4,4,4,4,4,4,4,4,8,8,8,8,8,8,8,8];4;true;true;2;2;128;[2];0.25;4.
128;128.197;4;32;[1,1,1,1,2,2,2,2,2,2,2,2,2,2,4,4,4,4,4,4,4,4,4,4,8,8,8,8,8,8,8,8];4;true;true;2;2;128;[2];0.25;4.
128;128.198;4;32;[1,1,1,1,2,2,2,2,2,2,2,2,2,2,4,4,4,4,4,4,4,4,4,4,8,8,8,8,8,8,8,8];4;true;true;2;2;128;[2];0.25;4.
128;128.199;4;32;[1,1,1,1,2,2,2,2,2,2,2,2,2,2,4,4,4,4,4,4,4,4,4,4,8,8,8,8,8,8,8,8];4;true;true;2;2;128;[2];0.25;4.
128;128.200;4;32;[1,1,1,1,2,2,2,2,2,2,2,2,2,2,4,4,4,4,4,4,4,4,4,4,8,8,8,8,8,8,8,8];4;true;true;2;2;128;[2];0.25;4.
128;128.201;4;32;[1,1,1,1,2,2,2,2,2,2,2,2,2,2,4,4,4,4,4,4,4,4,4,4,8,8,8,8,8,8,8,8];4;true;true;2;2;128;[2];0.25;4.
128;128.202;4;32;[1,1,1,1,2,2,2,2,2,2,2,2,2,2,4,4,4,4,4,4,4,4,4,4,8,8,8,8,8,8,8,8];4;true;true;2;2;128;[2];0.25;4.
128;128.203;4;32;[1,1,1,1,2,2,2,2,2,2,2,2,2,2,4,4,4,4,4,4,4,4,4,4,8,8,8,8,8,8,8,8];4;true;true;2;2;128;[2];0.25;4.
128;128.204;4;32;[1,1,1,1,2,2,2,2,2,2,2,2,2,2,4,4,4,4,4,4,4,4,4,4,8,8,8,8,8,8,8,8];4;true;true;2;2;128;[2];0.25;4.
128;128.205;4;32;[1,1,1,1,2,2,2,2,2,2,2,2,2,2,4,4,4,4,4,4,4,4,4,4,8,8,8,8,8,8,8,8];4;true;true;2;2;128;[2];0.25;4.
128;128.206;16;56;[1,1,1,1,1,1,1,1,1,1,1,1,1,1,1,1,2,2,2,2,2,2,2,2,2,2,2,2,2,2,2,2,2,2,2,2,2,2,2,2,4,4,4,4,4,4,4,4,4,4,4,4,4,4,4,4];3;true;true;2;2;128;[2];0.4375;2.2857142857142856
128;128.207;16;56;[1,1,1,1,1,1,1,1,1,1,1,1,1,1,1,1,2,2,2,2,2,2,2,2,2,2,2,2,2,2,2,2,2,2,2,2,2,2,2,2,4,4,4,4,4,4,4,4,4,4,4,4,4,4,4,4];3;true;true;2;2;128;[2];0.4375;2.2857142857142856
128;128.208;16;56;[1,1,1,1,1,1,1,1,1,1,1,1,1,1,1,1,2,2,2,2,2,2,2,2,2,2,2,2,2,2,2,2,2,2,2,2,2,2,2,2,4,4,4,4,4,4,4,4,4,4,4,4,4,4,4,4];3;true;true;2;2;128;[2];0.4375;2.2857142857142856
128;128.209;8;44;[1,1,1,1,1,1,1,1,2,2,2,2,2,2,2,2,2,2,2,2,4,4,4,4,4,4,4,4,4,4,4,4,4,4,4,4,4,4,4,4,4,4,4,4];3;true;true;2;2;128;[2];0.34375;2.9090909090909092
128;128.210;8;44;[1,1,1,1,1,1,1,1,2,2,2,2,2,2,2,2,2,2,2,2,4,4,4,4,4,4,4,4,4,4,4,4,4,4,4,4,4,4,4,4,4,4,4,4];3;true;true;2;2;128;[2];0.34375;2.9090909090909092
128;128.211;8;44;[1,1,1,1,1,1,1,1,2,2,2,2,2,2,2,2,2,2,2,2,4,4,4,4,4,4,4,4,4,4,4,4,4,4,4,4,4,4,4,4,4,4,4,4];3;true;true;2;2;128;[2];0.34375;2.9090909090909092
128;128.212;8;38;[1,1,1,1,1,1,1,1,2,2,2,2,2,2,2,2,4,4,4,4,4,4,4,4,4,4,4,4,4,4,4,4,4,4,8,8,8,8];4;true;true;2;2;128;[2];0.296875;3.3684210526315788
128;128.213;8;38;[1,1,1,1,1,1,1,1,2,2,2,2,2,2,2,2,4,4,4,4,4,4,4,4,4,4,4,4,4,4,4,4,4,4,8,8,8,8];4;true;true;2;2;128;[2];0.296875;3.3684210526315788
128;128.214;8;38;[1,1,1,1,1,1,1,1,2,2,2,2,2,2,2,2,4,4,4,4,4,4,4,4,4,4,4,4,4,4,4,4,4,4,8,8,8,8];4;true;true;2;2;128;[2];0.296875;3.3684210526315788
128;128.215;8;38;[1,1,1,1,1,1,1,1,2,2,2,2,2,2,2,2,4,4,4,4,4,4,4,4,4,4,4,4,4,4,4,4,4,4,8,8,8,8];4;true;true;2;2;128;[2];0.296875;3.3684210526315788
128;128.216;8;38;[1,1,1,1,1,1,1,1,2,2,2,2,2,2,2,2,4,4,4,4,4,4,4,4,4,4,4,4,4,4,4,4,4,4,8,8,8,8];4;true;true;2;2;128;[2];0.296875;3.3684210526315788
128;128.217;8;38;[1,1,1,1,1,1,1,1,2,2,2,2,2,2,2,2,4,4,4,4,4,4,4,4,4,4,4,4,4,4,4,4,4,4,8,8,8,8];4;true;true;2;2;128;[2];0.296875;3.3684210526315788
128;128.218;8;38;[1,1,1,1,1,1,1,1,2,2,2,2,2,2,2,2,4,4,4,4,4,4,4,4,4,4,4,4,4,4,4,4,4,4,8,8,8,8];4;true;true;2;2;128;[2];0.296875;3.3684210526315788
128;128.219;8;38;[1,1,1,1,1,1,1,1,2,2,2,2,2,2,2,2,4,4,4,4,4,4,4,4,4,4,4,4,4,4,4,4,4,4,8,8,8,8];4;true;true;2;2;128;[2];0.296875;3.3684210526315788
128;128.220;8;38;[1,1,1,1,1,1,1,1,2,2,2,2,2,2,2,2,4,4,4,4,4,4,4,4,4,4,4,4,4,4,4,4,4,4,8,8,8,8];4;true;true;2;2;128;[2];0.296875;3.3684210526315788
128;128.221;8;38;[1,1,1,1,1,1,1,1,2,2,2,2,2,2,2,2,4,4,4,4,4,4,4,4,4,4,4,4,4,4,4,4,4,4,8,8,8,8];4;true;true;2;2;128;[2];0.296875;3.3684210526315788
128;128.222;8;38;[1,1,1,1,1,1,1,1,2,2,2,2,2,2,2,2,4,4,4,4,4,4,4,4,4,4,4,4,4,4,4,4,4,4,8,8,8,8];4;true;true;2;2;128;[2];0.296875;3.3684210526315788
128;128.223;8;38;[1,1,1,1,1,1,1,1,2,2,2,2,2,2,2,2,4,4,4,4,4,4,4,4,4,4,4,4,4,4,4,4,4,4,8,8,8,8];4;true;true;2;2;128;[2];0.296875;3.3684210526315788
128;128.224;8;44;[1,1,1,1,1,1,1,1,2,2,2,2,2,2,2,2,2,2,2,2,2,2,2,2,2,2,2,2,2,2,2,2,2,2,2,2,8,8,8,8,8,8,8,8];3;true;true;2;2;128;[2];0.34375;2.9090909090909092
128;128.225;8;44;[1,1,1,1,1,1,1,1,2,2,2,2,2,2,2,2,2,2,2,2,2,2,2,2,2,2,2,2,2,2,2,2,2,2,2,2,8,8,8,8,8,8,8,8];3;true;true;2;2;128;[2];0.34375;2.9090909090909092
128;128.226;8;44;[1,1,1,1,1,1,1,1,2,2,2,2,2,2,2,2,2,2,2,2,2,2,2,2,2,2,2,2,2,2,2,2,2,2,2,2,8,8,8,8,8,8,8,8];3;true;true;2;2;128;[2];0.34375;2.9090909090909092
128;128.227;8;32;[1,1,1,1,1,1,1,1,2,2,2,2,4,4,4,4,4,4,4,4,4,4,4,4,8,8,8,8,8,8,8,8];4;true;true;2;2;128;[2];0.25;4.
128;128.228;8;32;[1,1,1,1,1,1,1,1,2,2,2,2,4,4,4,4,4,4,4,4,4,4,4,4,8,8,8,8,8,8,8,8];4;true;true;2;2;128;[2];0.25;4.
128;128.229;8;32;[1,1,1,1,1,1,1,1,2,2,2,2,4,4,4,4,4,4,4,4,4,4,4,4,8,8,8,8,8,8,8,8];4;true;true;2;2;128;[2];0.25;4.
128;128.230;8;38;[1,1,1,1,1,1,1,1,2,2,2,2,2,2,2,2,4,4,4,4,4,4,4,4,4,4,4,4,4,4,4,4,4,4,8,8,8,8];4;true;true;2;2;128;[2];0.296875;3.3684210526315788
128;128.231;8;38;[1,1,1,1,1,1,1,1,2,2,2,2,2,2,2,2,4,4,4,4,4,4,4,4,4,4,4,4,4,4,4,4,4,4,8,8,8,8];4;true;true;2;2;128;[2];0.296875;3.3684210526315788
128;128.232;8;38;[1,1,1,1,1,1,1,1,2,2,2,2,2,2,2,2,4,4,4,4,4,4,4,4,4,4,4,4,4,4,4,4,4,4,8,8,8,8];4;true;true;2;2;128;[2];0.296875;3.3684210526315788
128;128.233;8;38;[1,1,1,1,1,1,1,1,2,2,2,2,2,2,2,2,4,4,4,4,4,4,4,4,4,4,4,4,4,4,4,4,4,4,8,8,8,8];4;true;true;2;2;128;[2];0.296875;3.3684210526315788
128;128.234;8;38;[1,1,1,1,1,1,1,1,2,2,2,2,2,2,2,2,4,4,4,4,4,4,4,4,4,4,4,4,4,4,4,4,4,4,8,8,8,8];4;true;true;2;2;128;[2];0.296875;3.3684210526315788
128;128.235;8;38;[1,1,1,1,1,1,1,1,2,2,2,2,2,2,2,2,4,4,4,4,4,4,4,4,4,4,4,4,4,4,4,4,4,4,8,8,8,8];4;true;true;2;2;128;[2];0.296875;3.3684210526315788
128;128.236;4;32;[1,1,1,1,2,2,2,2,2,2,2,2,2,2,4,4,4,4,4,4,4,4,4,4,8,8,8,8,8,8,8,8];4;true;true;2;2;128;[2];0.25;4.
128;128.237;4;32;[1,1,1,1,2,2,2,2,2,2,2,2,2,2,4,4,4,4,4,4,4,4,4,4,8,8,8,8,8,8,8,8];4;true;true;2;2;128;[2];0.25;4.
128;128.238;4;32;[1,1,1,1,2,2,2,2,2,2,2,2,2,2,4,4,4,4,4,4,4,4,4,4,8,8,8,8,8,8,8,8];4;true;true;2;2;128;[2];0.25;4.
128;128.239;4;32;[1,1,1,1,2,2,2,2,2,2,2,2,2,2,4,4,4,4,4,4,4,4,4,4,8,8,8,8,8,8,8,8];4;true;true;2;2;128;[2];0.25;4.
128;128.240;4;32;[1,1,1,1,2,2,2,2,2,2,2,2,2,2,4,4,4,4,4,4,4,4,4,4,8,8,8,8,8,8,8,8];4;true;true;2;2;128;[2];0.25;4.
128;128.241;4;32;[1,1,1,1,2,2,2,2,2,2,2,2,2,2,4,4,4,4,4,4,4,4,4,4,8,8,8,8,8,8,8,8];4;true;true;2;2;128;[2];0.25;4.
128;128.242;4;26;[1,1,1,1,2,2,2,2,2,2,4,4,4,4,8,8,8,8,8,8,8,8,8,8,8,8];4;true;true;2;2;128;[2];0.203125;4.9230769230769234
128;128.243;4;26;[1,1,1,1,2,2,2,2,2,2,4,4,4,4,8,8,8,8,8,8,8,8,8,8,8,8];4;true;true;2;2;128;[2];0.203125;4.9230769230769234
128;128.244;4;26;[1,1,1,1,2,2,2,2,2,2,4,4,4,4,8,8,8,8,8,8,8,8,8,8,8,8];4;true;true;2;2;128;[2];0.203125;4.9230769230769234
128;128.245;4;26;[1,1,1,1,2,2,2,2,2,2,4,4,4,4,8,8,8,8,8,8,8,8,8,8,8,8];4;true;true;2;2;128;[2];0.203125;4.9230769230769234
128;128.246;4;26;[1,1,1,1,2,2,2,2,2,2,4,4,4,4,8,8,8,8,8,8,8,8,8,8,8,8];4;true;true;2;2;128;[2];0.203125;4.9230769230769234
128;128.247;4;26;[1,1,1,1,2,2,2,2,2,2,4,4,4,4,8,8,8,8,8,8,8,8,8,8,8,8];4;true;true;2;2;128;[2];0.203125;4.9230769230769234
128;128.248;4;32;[1,1,1,1,2,2,2,2,2,2,2,2,2,2,4,4,4,4,4,4,4,4,4,4,8,8,8,8,8,8,8,8];4;true;true;2;2;128;[2];0.25;4.
128;128.249;4;32;[1,1,1,1,2,2,2,2,2,2,2,2,2,2,4,4,4,4,4,4,4,4,4,4,8,8,8,8,8,8,8,8];4;true;true;2;2;128;[2];0.25;4.
128;128.250;4;32;[1,1,1,1,2,2,2,2,2,2,2,2,2,2,4,4,4,4,4,4,4,4,4,4,8,8,8,8,8,8,8,8];4;true;true;2;2;128;[2];0.25;4.
128;128.251;4;32;[1,1,1,1,2,2,2,2,2,2,2,2,2,2,4,4,4,4,4,4,4,4,4,4,8,8,8,8,8,8,8,8];4;true;true;2;2;128;[2];0.25;4.
128;128.252;4;32;[1,1,1,1,2,2,2,2,2,2,2,2,2,2,4,4,4,4,4,4,4,4,4,4,8,8,8,8,8,8,8,8];4;true;true;2;2;128;[2];0.25;4.
128;128.253;4;32;[1,1,1,1,2,2,2,2,2,2,2,2,2,2,4,4,4,4,4,4,4,4,4,4,8,8,8,8,8,8,8,8];4;true;true;2;2;128;[2];0.25;4.
128;128.254;8;38;[1,1,1,1,1,1,1,1,2,2,2,2,2,2,2,2,4,4,4,4,4,4,4,4,4,4,4,4,4,4,4,4,4,4,8,8,8,8];4;true;true;2;2;128;[2];0.296875;3.3684210526315788
128;128.255;8;38;[1,1,1,1,1,1,1,1,2,2,2,2,2,2,2,2,4,4,4,4,4,4,4,4,4,4,4,4,4,4,4,4,4,4,8,8,8,8];4;true;true;2;2;128;[2];0.296875;3.3684210526315788
128;128.256;8;38;[1,1,1,1,1,1,1,1,2,2,2,2,2,2,2,2,4,4,4,4,4,4,4,4,4,4,4,4,4,4,4,4,4,4,8,8,8,8];4;true;true;2;2;128;[2];0.296875;3.3684210526315788
128;128.257;8;38;[1,1,1,1,1,1,1,1,2,2,2,2,2,2,2,2,4,4,4,4,4,4,4,4,4,4,4,4,4,4,4,4,4,4,8,8,8,8];4;true;true;2;2;128;[2];0.296875;3.3684210526315788
128;128.258;8;38;[1,1,1,1,1,1,1,1,2,2,2,2,2,2,2,2,4,4,4,4,4,4,4,4,4,4,4,4,4,4,4,4,4,4,8,8,8,8];4;true;true;2;2;128;[2];0.296875;3.3684210526315788
128;128.259;4;32;[1,1,1,1,2,2,2,2,2,2,2,2,2,2,4,4,4,4,4,4,4,4,4,4,8,8,8,8,8,8,8,8];4;true;true;2;2;128;[2];0.25;4.
128;128.260;4;32;[1,1,1,1,2,2,2,2,2,2,2,2,2,2,4,4,4,4,4,4,4,4,4,4,8,8,8,8,8,8,8,8];4;true;true;2;2;128;[2];0.25;4.
128;128.261;4;32;[1,1,1,1,2,2,2,2,2,2,2,2,2,2,4,4,4,4,4,4,4,4,4,4,8,8,8,8,8,8,8,8];4;true;true;2;2;128;[2];0.25;4.
128;128.262;4;32;[1,1,1,1,2,2,2,2,2,2,2,2,2,2,4,4,4,4,4,4,4,4,4,4,8,8,8,8,8,8,8,8];4;true;true;2;2;128;[2];0.25;4.
128;128.263;4;32;[1,1,1,1,2,2,2,2,2,2,2,2,2,2,4,4,4,4,4,4,4,4,4,4,8,8,8,8,8,8,8,8];4;true;true;2;2;128;[2];0.25;4.
128;128.264;4;32;[1,1,1,1,2,2,2,2,2,2,2,2,2,2,4,4,4,4,4,4,4,4,4,4,8,8,8,8,8,8,8,8];4;true;true;2;2;128;[2];0.25;4.
128;128.265;4;26;[1,1,1,1,2,2,2,2,2,2,4,4,4,4,8,8,8,8,8,8,8,8,8,8,8,8];4;true;true;2;2;128;[2];0.203125;4.9230769230769234
128;128.266;4;26;[1,1,1,1,2,2,2,2,2,2,4,4,4,4,8,8,8,8,8,8,8,8,8,8,8,8];4;true;true;2;2;128;[2];0.203125;4.9230769230769234
128;128.267;4;26;[1,1,1,1,2,2,2,2,2,2,4,4,4,4,8,8,8,8,8,8,8,8,8,8,8,8];4;true;true;2;2;128;[2];0.203125;4.9230769230769234
128;128.268;4;26;[1,1,1,1,2,2,2,2,2,2,4,4,4,4,8,8,8,8,8,8,8,8,8,8,8,8];4;true;true;2;2;128;[2];0.203125;4.9230769230769234
128;128.269;4;26;[1,1,1,1,2,2,2,2,2,2,4,4,4,4,8,8,8,8,8,8,8,8,8,8,8,8];4;true;true;2;2;128;[2];0.203125;4.9230769230769234
128;128.270;8;38;[1,1,1,1,1,1,1,1,2,2,2,2,2,2,2,2,4,4,4,4,4,4,4,4,4,4,4,4,4,4,4,4,4,4,8,8,8,8];4;true;true;2;2;128;[2];0.296875;3.3684210526315788
128;128.271;8;38;[1,1,1,1,1,1,1,1,2,2,2,2,2,2,2,2,4,4,4,4,4,4,4,4,4,4,4,4,4,4,4,4,4,4,8,8,8,8];4;true;true;2;2;128;[2];0.296875;3.3684210526315788
128;128.272;8;38;[1,1,1,1,1,1,1,1,2,2,2,2,2,2,2,2,4,4,4,4,4,4,4,4,4,4,4,4,4,4,4,4,4,4,8,8,8,8];4;true;true;2;2;128;[2];0.296875;3.3684210526315788
128;128.273;8;38;[1,1,1,1,1,1,1,1,2,2,2,2,2,2,2,2,4,4,4,4,4,4,4,4,4,4,4,4,4,4,4,4,4,4,8,8,8,8];4;true;true;2;2;128;[2];0.296875;3.3684210526315788
128;128.274;8;38;[1,1,1,1,1,1,1,1,2,2,2,2,2,2,2,2,4,4,4,4,4,4,4,4,4,4,4,4,4,4,4,4,4,4,8,8,8,8];4;true;true;2;2;128;[2];0.296875;3.3684210526315788
128;128.275;8;38;[1,1,1,1,1,1,1,1,2,2,2,2,2,2,2,2,4,4,4,4,4,4,4,4,4,4,4,4,4,4,4,4,4,4,8,8,8,8];4;true;true;2;2;128;[2];0.296875;3.3684210526315788
128;128.276;8;38;[1,1,1,1,1,1,1,1,2,2,2,2,2,2,2,2,4,4,4,4,4,4,4,4,4,4,4,4,4,4,4,4,4,4,8,8,8,8];4;true;true;2;2;128;[2];0.296875;3.3684210526315788
128;128.277;4;32;[1,1,1,1,2,2,2,2,2,2,2,2,2,2,4,4,4,4,4,4,4,4,4,4,8,8,8,8,8,8,8,8];4;true;true;2;2;128;[2];0.25;4.
128;128.278;4;32;[1,1,1,1,2,2,2,2,2,2,2,2,2,2,4,4,4,4,4,4,4,4,4,4,8,8,8,8,8,8,8,8];4;true;true;2;2;128;[2];0.25;4.
128;128.279;4;32;[1,1,1,1,2,2,2,2,2,2,2,2,2,2,4,4,4,4,4,4,4,4,4,4,8,8,8,8,8,8,8,8];4;true;true;2;2;128;[2];0.25;4.
128;128.280;4;32;[1,1,1,1,2,2,2,2,2,2,2,2,2,2,4,4,4,4,4,4,4,4,4,4,8,8,8,8,8,8,8,8];4;true;true;2;2;128;[2];0.25;4.
128;128.281;4;32;[1,1,1,1,2,2,2,2,2,2,2,2,2,2,4,4,4,4,4,4,4,4,4,4,8,8,8,8,8,8,8,8];4;true;true;2;2;128;[2];0.25;4.
128;128.282;4;32;[1,1,1,1,2,2,2,2,2,2,2,2,2,2,4,4,4,4,4,4,4,4,4,4,8,8,8,8,8,8,8,8];4;true;true;2;2;128;[2];0.25;4.
128;128.283;4;32;[1,1,1,1,2,2,2,2,2,2,2,2,2,2,4,4,4,4,4,4,4,4,4,4,8,8,8,8,8,8,8,8];4;true;true;2;2;128;[2];0.25;4.
128;128.284;4;32;[1,1,1,1,2,2,2,2,2,2,2,2,2,2,4,4,4,4,4,4,4,4,4,4,8,8,8,8,8,8,8,8];4;true;true;2;2;128;[2];0.25;4.
128;128.285;4;32;[1,1,1,1,2,2,2,2,2,2,2,2,2,2,4,4,4,4,4,4,4,4,4,4,8,8,8,8,8,8,8,8];4;true;true;2;2;128;[2];0.25;4.
128;128.286;4;32;[1,1,1,1,2,2,2,2,2,2,2,2,2,2,4,4,4,4,4,4,4,4,4,4,8,8,8,8,8,8,8,8];4;true;true;2;2;128;[2];0.25;4.
128;128.287;4;26;[1,1,1,1,2,2,2,2,2,2,4,4,4,4,8,8,8,8,8,8,8,8,8,8,8,8];4;true;true;2;2;128;[2];0.203125;4.9230769230769234
128;128.288;4;26;[1,1,1,1,2,2,2,2,2,2,4,4,4,4,8,8,8,8,8,8,8,8,8,8,8,8];4;true;true;2;2;128;[2];0.203125;4.9230769230769234
128;128.289;4;26;[1,1,1,1,2,2,2,2,2,2,4,4,4,4,8,8,8,8,8,8,8,8,8,8,8,8];4;true;true;2;2;128;[2];0.203125;4.9230769230769234
128;128.290;4;26;[1,1,1,1,2,2,2,2,2,2,4,4,4,4,8,8,8,8,8,8,8,8,8,8,8,8];4;true;true;2;2;128;[2];0.203125;4.9230769230769234
128;128.291;4;26;[1,1,1,1,2,2,2,2,2,2,4,4,4,4,8,8,8,8,8,8,8,8,8,8,8,8];4;true;true;2;2;128;[2];0.203125;4.9230769230769234
128;128.292;4;26;[1,1,1,1,2,2,2,2,2,2,4,4,4,4,8,8,8,8,8,8,8,8,8,8,8,8];4;true;true;2;2;128;[2];0.203125;4.9230769230769234
128;128.293;4;26;[1,1,1,1,2,2,2,2,2,2,4,4,4,4,8,8,8,8,8,8,8,8,8,8,8,8];4;true;true;2;2;128;[2];0.203125;4.9230769230769234
128;128.294;16;56;[1,1,1,1,1,1,1,1,1,1,1,1,1,1,1,1,2,2,2,2,2,2,2,2,2,2,2,2,2,2,2,2,2,2,2,2,2,2,2,2,4,4,4,4,4,4,4,4,4,4,4,4,4,4,4,4];3;true;true;2;2;128;[2];0.4375;2.2857142857142856
128;128.295;16;56;[1,1,1,1,1,1,1,1,1,1,1,1,1,1,1,1,2,2,2,2,2,2,2,2,2,2,2,2,2,2,2,2,2,2,2,2,2,2,2,2,4,4,4,4,4,4,4,4,4,4,4,4,4,4,4,4];3;true;true;2;2;128;[2];0.4375;2.2857142857142856
128;128.296;16;56;[1,1,1,1,1,1,1,1,1,1,1,1,1,1,1,1,2,2,2,2,2,2,2,2,2,2,2,2,2,2,2,2,2,2,2,2,2,2,2,2,4,4,4,4,4,4,4,4,4,4,4,4,4,4,4,4];3;true;true;2;2;128;[2];0.4375;2.2857142857142856
128;128.297;8;44;[1,1,1,1,1,1,1,1,2,2,2,2,2,2,2,2,2,2,2,2,4,4,4,4,4,4,4,4,4,4,4,4,4,4,4,4,4,4,4,4,4,4,4,4];3;true;true;2;2;128;[2];0.34375;2.9090909090909092
128;128.298;8;44;[1,1,1,1,1,1,1,1,2,2,2,2,2,2,2,2,2,2,2,2,2,2,2,2,2,2,2,2,2,2,2,2,2,2,2,2,8,8,8,8,8,8,8,8];3;true;true;2;2;128;[2];0.34375;2.9090909090909092
128;128.299;8;44;[1,1,1,1,1,1,1,1,2,2,2,2,2,2,2,2,2,2,2,2,2,2,2,2,2,2,2,2,2,2,2,2,2,2,2,2,8,8,8,8,8,8,8,8];3;true;true;2;2;128;[2];0.34375;2.9090909090909092
128;128.300;8;44;[1,1,1,1,1,1,1,1,2,2,2,2,2,2,2,2,2,2,2,2,2,2,2,2,2,2,2,2,2,2,2,2,2,2,2,2,8,8,8,8,8,8,8,8];3;true;true;2;2;128;[2];0.34375;2.9090909090909092
128;128.301;8;32;[1,1,1,1,1,1,1,1,2,2,2,2,4,4,4,4,4,4,4,4,4,4,4,4,8,8,8,8,8,8,8,8];4;true;true;2;2;128;[2];0.25;4.
128;128.302;8;38;[1,1,1,1,1,1,1,1,2,2,2,2,2,2,2,2,4,4,4,4,4,4,4,4,4,4,4,4,4,4,4,4,4,4,8,8,8,8];4;true;true;2;2;128;[2];0.296875;3.3684210526315788
128;128.303;8;38;[1,1,1,1,1,1,1,1,2,2,2,2,2,2,2,2,4,4,4,4,4,4,4,4,4,4,4,4,4,4,4,4,4,4,8,8,8,8];4;true;true;2;2;128;[2];0.296875;3.3684210526315788
128;128.304;8;38;[1,1,1,1,1,1,1,1,2,2,2,2,2,2,2,2,4,4,4,4,4,4,4,4,4,4,4,4,4,4,4,4,4,4,8,8,8,8];4;true;true;2;2;128;[2];0.296875;3.3684210526315788
128;128.305;8;38;[1,1,1,1,1,1,1,1,2,2,2,2,2,2,2,2,4,4,4,4,4,4,4,4,4,4,4,4,4,4,4,4,4,4,8,8,8,8];4;true;true;2;2;128;[2];0.296875;3.3684210526315788
128;128.306;8;38;[1,1,1,1,1,1,1,1,2,2,2,2,2,2,2,2,4,4,4,4,4,4,4,4,4,4,4,4,4,4,4,4,4,4,8,8,8,8];4;true;true;2;2;128;[2];0.296875;3.3684210526315788
128;128.307;16;56;[1,1,1,1,1,1,1,1,1,1,1,1,1,1,1,1,2,2,2,2,2,2,2,2,2,2,2,2,2,2,2,2,2,2,2,2,2,2,2,2,4,4,4,4,4,4,4,4,4,4,4,4,4,4,4,4];3;true;true;2;2;128;[2];0.4375;2.2857142857142856
128;128.308;16;56;[1,1,1,1,1,1,1,1,1,1,1,1,1,1,1,1,2,2,2,2,2,2,2,2,2,2,2,2,2,2,2,2,2,2,2,2,2,2,2,2,4,4,4,4,4,4,4,4,4,4,4,4,4,4,4,4];3;true;true;2;2;128;[2];0.4375;2.2857142857142856
128;128.309;16;56;[1,1,1,1,1,1,1,1,1,1,1,1,1,1,1,1,2,2,2,2,2,2,2,2,2,2,2,2,2,2,2,2,2,2,2,2,2,2,2,2,4,4,4,4,4,4,4,4,4,4,4,4,4,4,4,4];3;true;true;2;2;128;[2];0.4375;2.2857142857142856
128;128.310;8;44;[1,1,1,1,1,1,1,1,2,2,2,2,2,2,2,2,2,2,2,2,4,4,4,4,4,4,4,4,4,4,4,4,4,4,4,4,4,4,4,4,4,4,4,4];3;true;true;2;2;128;[2];0.34375;2.9090909090909092
128;128.311;8;44;[1,1,1,1,1,1,1,1,2,2,2,2,2,2,2,2,2,2,2,2,4,4,4,4,4,4,4,4,4,4,4,4,4,4,4,4,4,4,4,4,4,4,4,4];3;true;true;2;2;128;[2];0.34375;2.9090909090909092
128;128.312;8;44;[1,1,1,1,1,1,1,1,2,2,2,2,2,2,2,2,2,2,2,2,4,4,4,4,4,4,4,4,4,4,4,4,4,4,4,4,4,4,4,4,4,4,4,4];3;true;true;2;2;128;[2];0.34375;2.9090909090909092
128;128.313;8;38;[1,1,1,1,1,1,1,1,2,2,2,2,2,2,2,2,4,4,4,4,4,4,4,4,4,4,4,4,4,4,4,4,4,4,8,8,8,8];4;true;true;2;2;128;[2];0.296875;3.3684210526315788
128;128.314;8;38;[1,1,1,1,1,1,1,1,2,2,2,2,2,2,2,2,4,4,4,4,4,4,4,4,4,4,4,4,4,4,4,4,4,4,8,8,8,8];4;true;true;2;2;128;[2];0.296875;3.3684210526315788
128;128.315;8;38;[1,1,1,1,1,1,1,1,2,2,2,2,2,2,2,2,4,4,4,4,4,4,4,4,4,4,4,4,4,4,4,4,4,4,8,8,8,8];4;true;true;2;2;128;[2];0.296875;3.3684210526315788
128;128.316;8;38;[1,1,1,1,1,1,1,1,2,2,2,2,2,2,2,2,4,4,4,4,4,4,4,4,4,4,4,4,4,4,4,4,4,4,8,8,8,8];4;true;true;2;2;128;[2];0.296875;3.3684210526315788
128;128.317;8;38;[1,1,1,1,1,1,1,1,2,2,2,2,2,2,2,2,4,4,4,4,4,4,4,4,4,4,4,4,4,4,4,4,4,4,8,8,8,8];4;true;true;2;2;128;[2];0.296875;3.3684210526315788
128;128.318;8;38;[1,1,1,1,1,1,1,1,2,2,2,2,2,2,2,2,4,4,4,4,4,4,4,4,4,4,4,4,4,4,4,4,4,4,8,8,8,8];4;true;true;2;2;128;[2];0.296875;3.3684210526315788
128;128.319;8;38;[1,1,1,1,1,1,1,1,2,2,2,2,2,2,2,2,4,4,4,4,4,4,4,4,4,4,4,4,4,4,4,4,4,4,8,8,8,8];4;true;true;2;2;128;[2];0.296875;3.3684210526315788
128;128.320;8;38;[1,1,1,1,1,1,1,1,2,2,2,2,2,2,2,2,4,4,4,4,4,4,4,4,4,4,4,4,4,4,4,4,4,4,8,8,8,8];4;true;true;2;2;128;[2];0.296875;3.3684210526315788
128;128.321;8;44;[1,1,1,1,1,1,1,1,2,2,2,2,2,2,2,2,2,2,2,2,2,2,2,2,2,2,2,2,2,2,2,2,2,2,2,2,8,8,8,8,8,8,8,8];3;true;true;2;2;128;[2];0.34375;2.9090909090909092
128;128.322;8;44;[1,1,1,1,1,1,1,1,2,2,2,2,2,2,2,2,2,2,2,2,2,2,2,2,2,2,2,2,2,2,2,2,2,2,2,2,8,8,8,8,8,8,8,8];3;true;true;2;2;128;[2];0.34375;2.9090909090909092
128;128.323;8;44;[1,1,1,1,1,1,1,1,2,2,2,2,2,2,2,2,2,2,2,2,2,2,2,2,2,2,2,2,2,2,2,2,2,2,2,2,8,8,8,8,8,8,8,8];3;true;true;2;2;128;[2];0.34375;2.9090909090909092
128;128.324;8;32;[1,1,1,1,1,1,1,1,2,2,2,2,4,4,4,4,4,4,4,4,4,4,4,4,8,8,8,8,8,8,8,8];4;true;true;2;2;128;[2];0.25;4.
128;128.325;8;32;[1,1,1,1,1,1,1,1,2,2,2,2,4,4,4,4,4,4,4,4,4,4,4,4,8,8,8,8,8,8,8,8];4;true;true;2;2;128;[2];0.25;4.
128;128.326;8;32;[1,1,1,1,1,1,1,1,2,2,2,2,4,4,4,4,4,4,4,4,4,4,4,4,8,8,8,8,8,8,8,8];4;true;true;2;2;128;[2];0.25;4.
128;128.327;4;23;[1,1,1,1,2,2,4,4,4,4,8,8,8,8,8,8,8,8,8,8,8,8,8];4;true;true;2;2;128;[2];0.1796875;5.5652173913043477
128;128.328;4;23;[1,1,1,1,2,2,4,4,4,4,8,8,8,8,8,8,8,8,8,8,8,8,8];4;true;true;2;2;128;[2];0.1796875;5.5652173913043477
128;128.329;4;23;[1,1,1,1,2,2,4,4,4,4,8,8,8,8,8,8,8,8,8,8,8,8,8];4;true;true;2;2;128;[2];0.1796875;5.5652173913043477
128;128.330;4;23;[1,1,1,1,2,2,4,4,4,4,8,8,8,8,8,8,8,8,8,8,8,8,8];4;true;true;2;2;128;[2];0.1796875;5.5652173913043477
128;128.331;4;23;[1,1,1,1,2,2,4,4,4,4,8,8,8,8,8,8,8,8,8,8,8,8,8];4;true;true;2;2;128;[2];0.1796875;5.5652173913043477
128;128.332;4;23;[1,1,1,1,2,2,4,4,4,4,8,8,8,8,8,8,8,8,8,8,8,8,8];4;true;true;2;2;128;[2];0.1796875;5.5652173913043477
128;128.333;4;23;[1,1,1,1,2,2,4,4,4,4,8,8,8,8,8,8,8,8,8,8,8,8,8];4;true;true;2;2;128;[2];0.1796875;5.5652173913043477
128;128.334;4;23;[1,1,1,1,2,2,4,4,4,4,8,8,8,8,8,8,8,8,8,8,8,8,8];4;true;true;2;2;128;[2];0.1796875;5.5652173913043477
128;128.335;4;23;[1,1,1,1,2,2,4,4,4,4,8,8,8,8,8,8,8,8,8,8,8,8,8];4;true;true;2;2;128;[2];0.1796875;5.5652173913043477
128;128.336;4;23;[1,1,1,1,2,2,4,4,4,4,8,8,8,8,8,8,8,8,8,8,8,8,8];4;true;true;2;2;128;[2];0.1796875;5.5652173913043477
128;128.337;4;23;[1,1,1,1,2,2,4,4,4,4,8,8,8,8,8,8,8,8,8,8,8,8,8];4;true;true;2;2;128;[2];0.1796875;5.5652173913043477
128;128.338;4;23;[1,1,1,1,2,2,4,4,4,4,8,8,8,8,8,8,8,8,8,8,8,8,8];4;true;true;2;2;128;[2];0.1796875;5.5652173913043477
128;128.339;4;23;[1,1,1,1,2,2,4,4,4,4,8,8,8,8,8,8,8,8,8,8,8,8,8];4;true;true;2;2;128;[2];0.1796875;5.5652173913043477
128;128.340;4;23;[1,1,1,1,2,2,4,4,4,4,8,8,8,8,8,8,8,8,8,8,8,8,8];4;true;true;2;2;128;[2];0.1796875;5.5652173913043477
128;128.341;4;23;[1,1,1,1,2,2,4,4,4,4,8,8,8,8,8,8,8,8,8,8,8,8,8];4;true;true;2;2;128;[2];0.1796875;5.5652173913043477
128;128.342;4;23;[1,1,1,1,2,2,4,4,4,4,8,8,8,8,8,8,8,8,8,8,8,8,8];4;true;true;2;2;128;[2];0.1796875;5.5652173913043477
128;128.343;4;23;[1,1,1,1,2,2,4,4,4,4,8,8,8,8,8,8,8,8,8,8,8,8,8];4;true;true;2;2;128;[2];0.1796875;5.5652173913043477
128;128.344;4;23;[1,1,1,1,2,2,4,4,4,4,8,8,8,8,8,8,8,8,8,8,8,8,8];4;true;true;2;2;128;[2];0.1796875;5.5652173913043477
128;128.345;4;23;[1,1,1,1,2,2,4,4,4,4,8,8,8,8,8,8,8,8,8,8,8,8,8];4;true;true;2;2;128;[2];0.1796875;5.5652173913043477
128;128.346;4;23;[1,1,1,1,2,2,4,4,4,4,8,8,8,8,8,8,8,8,8,8,8,8,8];4;true;true;2;2;128;[2];0.1796875;5.5652173913043477
128;128.347;4;23;[1,1,1,1,2,2,4,4,4,4,8,8,8,8,8,8,8,8,8,8,8,8,8];4;true;true;2;2;128;[2];0.1796875;5.5652173913043477
128;128.348;4;23;[1,1,1,1,2,2,4,4,4,4,8,8,8,8,8,8,8,8,8,8,8,8,8];4;true;true;2;2;128;[2];0.1796875;5.5652173913043477
128;128.349;4;23;[1,1,1,1,2,2,4,4,4,4,8,8,8,8,8,8,8,8,8,8,8,8,8];4;true;true;2;2;128;[2];0.1796875;5.5652173913043477
128;128.350;4;23;[1,1,1,1,2,2,4,4,4,4,8,8,8,8,8,8,8,8,8,8,8,8,8];4;true;true;2;2;128;[2];0.1796875;5.5652173913043477
128;128.351;4;26;[1,1,1,1,2,2,2,2,4,4,4,4,4,4,4,4,4,8,8,8,8,8,8,8,8,16];5;true;true;2;2;128;[2];0.203125;4.9230769230769234
128;128.352;4;26;[1,1,1,1,2,2,2,2,4,4,4,4,4,4,4,4,4,8,8,8,8,8,8,8,8,16];5;true;true;2;2;128;[2];0.203125;4.9230769230769234
128;128.353;4;26;[1,1,1,1,2,2,2,2,4,4,4,4,4,4,4,4,4,8,8,8,8,8,8,8,8,16];5;true;true;2;2;128;[2];0.203125;4.9230769230769234
128;128.354;4;26;[1,1,1,1,2,2,2,2,4,4,4,4,4,4,4,4,4,8,8,8,8,8,8,8,8,16];5;true;true;2;2;128;[2];0.203125;4.9230769230769234
128;128.355;4;26;[1,1,1,1,2,2,2,2,4,4,4,4,4,4,4,4,4,8,8,8,8,8,8,8,8,16];5;true;true;2;2;128;[2];0.203125;4.9230769230769234
128;128.356;4;26;[1,1,1,1,2,2,2,2,4,4,4,4,4,4,4,4,4,8,8,8,8,8,8,8,8,16];5;true;true;2;2;128;[2];0.203125;4.9230769230769234
128;128.357;4;26;[1,1,1,1,2,2,2,2,4,4,4,4,4,4,4,4,4,8,8,8,8,8,8,8,8,16];5;true;true;2;2;128;[2];0.203125;4.9230769230769234
128;128.358;4;26;[1,1,1,1,2,2,2,2,4,4,4,4,4,4,4,4,4,8,8,8,8,8,8,8,8,16];5;true;true;2;2;128;[2];0.203125;4.9230769230769234
128;128.359;4;26;[1,1,1,1,2,2,2,2,4,4,4,4,4,4,4,4,4,8,8,8,8,8,8,8,8,16];5;true;true;2;2;128;[2];0.203125;4.9230769230769234
128;128.360;4;26;[1,1,1,1,2,2,2,2,4,4,4,4,4,4,4,4,4,8,8,8,8,8,8,8,8,16];5;true;true;2;2;128;[2];0.203125;4.9230769230769234
128;128.361;4;26;[1,1,1,1,2,2,2,2,4,4,4,4,4,4,4,4,4,8,8,8,8,8,8,8,8,16];5;true;true;2;2;128;[2];0.203125;4.9230769230769234
128;128.362;4;26;[1,1,1,1,2,2,2,2,4,4,4,4,4,4,4,4,4,8,8,8,8,8,8,8,8,16];5;true;true;2;2;128;[2];0.203125;4.9230769230769234
128;128.363;4;26;[1,1,1,1,2,2,2,2,4,4,4,4,4,4,4,4,4,8,8,8,8,8,8,8,8,16];5;true;true;2;2;128;[2];0.203125;4.9230769230769234
128;128.364;4;26;[1,1,1,1,2,2,2,2,4,4,4,4,4,4,4,4,4,8,8,8,8,8,8,8,8,16];5;true;true;2;2;128;[2];0.203125;4.9230769230769234
128;128.365;4;26;[1,1,1,1,2,2,2,2,4,4,4,4,4,4,4,4,4,8,8,8,8,8,8,8,8,16];5;true;true;2;2;128;[2];0.203125;4.9230769230769234
128;128.366;4;26;[1,1,1,1,2,2,2,2,4,4,4,4,4,4,4,4,4,8,8,8,8,8,8,8,8,16];5;true;true;2;2;128;[2];0.203125;4.9230769230769234
128;128.367;4;26;[1,1,1,1,2,2,2,2,4,4,4,4,4,4,4,4,4,8,8,8,8,8,8,8,8,16];5;true;true;2;2;128;[2];0.203125;4.9230769230769234
128;128.368;4;26;[1,1,1,1,2,2,2,2,4,4,4,4,4,4,4,4,4,8,8,8,8,8,8,8,8,16];5;true;true;2;2;128;[2];0.203125;4.9230769230769234
128;128.369;4;26;[1,1,1,1,2,2,2,2,4,4,4,4,4,4,4,4,4,8,8,8,8,8,8,8,8,16];5;true;true;2;2;128;[2];0.203125;4.9230769230769234
128;128.370;4;26;[1,1,1,1,2,2,2,2,4,4,4,4,4,4,4,4,4,8,8,8,8,8,8,8,8,16];5;true;true;2;2;128;[2];0.203125;4.9230769230769234
128;128.371;4;26;[1,1,1,1,2,2,2,2,4,4,4,4,4,4,4,4,4,8,8,8,8,8,8,8,8,16];5;true;true;2;2;128;[2];0.203125;4.9230769230769234
128;128.372;4;26;[1,1,1,1,2,2,2,2,4,4,4,4,4,4,4,4,4,8,8,8,8,8,8,8,8,16];5;true;true;2;2;128;[2];0.203125;4.9230769230769234
128;128.373;4;26;[1,1,1,1,2,2,2,2,4,4,4,4,4,4,4,4,4,8,8,8,8,8,8,8,8,16];5;true;true;2;2;128;[2];0.203125;4.9230769230769234
128;128.374;4;26;[1,1,1,1,2,2,2,2,4,4,4,4,4,4,4,4,4,8,8,8,8,8,8,8,8,16];5;true;true;2;2;128;[2];0.203125;4.9230769230769234
128;128.375;4;26;[1,1,1,1,2,2,2,2,4,4,4,4,4,4,4,4,4,8,8,8,8,8,8,8,8,16];5;true;true;2;2;128;[2];0.203125;4.9230769230769234
128;128.376;4;26;[1,1,1,1,2,2,2,2,4,4,4,4,4,4,4,4,4,8,8,8,8,8,8,8,8,16];5;true;true;2;2;128;[2];0.203125;4.9230769230769234
128;128.377;4;26;[1,1,1,1,2,2,2,2,4,4,4,4,4,4,4,4,4,8,8,8,8,8,8,8,8,16];5;true;true;2;2;128;[2];0.203125;4.9230769230769234
128;128.378;4;26;[1,1,1,1,2,2,2,2,4,4,4,4,4,4,4,4,4,8,8,8,8,8,8,8,8,16];5;true;true;2;2;128;[2];0.203125;4.9230769230769234
128;128.379;4;26;[1,1,1,1,2,2,2,2,4,4,4,4,4,4,4,4,4,8,8,8,8,8,8,8,8,16];5;true;true;2;2;128;[2];0.203125;4.9230769230769234
128;128.380;4;26;[1,1,1,1,2,2,2,2,4,4,4,4,4,4,4,4,4,8,8,8,8,8,8,8,8,16];5;true;true;2;2;128;[2];0.203125;4.9230769230769234
128;128.381;4;26;[1,1,1,1,2,2,2,2,4,4,4,4,4,4,4,4,4,8,8,8,8,8,8,8,8,16];5;true;true;2;2;128;[2];0.203125;4.9230769230769234
128;128.382;4;26;[1,1,1,1,2,2,2,2,4,4,4,4,4,4,4,4,4,8,8,8,8,8,8,8,8,16];5;true;true;2;2;128;[2];0.203125;4.9230769230769234
128;128.383;4;26;[1,1,1,1,2,2,2,2,4,4,4,4,4,4,4,4,4,8,8,8,8,8,8,8,8,16];5;true;true;2;2;128;[2];0.203125;4.9230769230769234
128;128.384;4;26;[1,1,1,1,2,2,2,2,4,4,4,4,4,4,4,4,4,8,8,8,8,8,8,8,8,16];5;true;true;2;2;128;[2];0.203125;4.9230769230769234
128;128.385;4;26;[1,1,1,1,2,2,2,2,4,4,4,4,4,4,4,4,4,8,8,8,8,8,8,8,8,16];5;true;true;2;2;128;[2];0.203125;4.9230769230769234
128;128.386;4;26;[1,1,1,1,2,2,2,2,4,4,4,4,4,4,4,4,4,8,8,8,8,8,8,8,8,16];5;true;true;2;2;128;[2];0.203125;4.9230769230769234
128;128.387;4;20;[1,1,1,1,4,4,4,8,8,8,8,8,8,8,8,8,8,8,8,16];4;true;true;2;2;128;[2];0.15625;6.4000000000000004
128;128.388;4;20;[1,1,1,1,4,4,4,8,8,8,8,8,8,8,8,8,8,8,8,16];4;true;true;2;2;128;[2];0.15625;6.4000000000000004
128;128.389;4;20;[1,1,1,1,4,4,4,8,8,8,8,8,8,8,8,8,8,8,8,16];4;true;true;2;2;128;[2];0.15625;6.4000000000000004
128;128.390;4;20;[1,1,1,1,4,4,4,8,8,8,8,8,8,8,8,8,8,8,8,16];4;true;true;2;2;128;[2];0.15625;6.4000000000000004
128;128.391;4;20;[1,1,1,1,4,4,4,8,8,8,8,8,8,8,8,8,8,8,8,16];4;true;true;2;2;128;[2];0.15625;6.4000000000000004
128;128.392;4;20;[1,1,1,1,4,4,4,8,8,8,8,8,8,8,8,8,8,8,8,16];4;true;true;2;2;128;[2];0.15625;6.4000000000000004
128;128.393;4;20;[1,1,1,1,4,4,4,8,8,8,8,8,8,8,8,8,8,8,8,16];4;true;true;2;2;128;[2];0.15625;6.4000000000000004
128;128.394;4;20;[1,1,1,1,4,4,4,8,8,8,8,8,8,8,8,8,8,8,8,16];4;true;true;2;2;128;[2];0.15625;6.4000000000000004
128;128.395;4;20;[1,1,1,1,4,4,4,8,8,8,8,8,8,8,8,8,8,8,8,16];4;true;true;2;2;128;[2];0.15625;6.4000000000000004
128;128.396;4;20;[1,1,1,1,4,4,4,8,8,8,8,8,8,8,8,8,8,8,8,16];4;true;true;2;2;128;[2];0.15625;6.4000000000000004
128;128.397;4;29;[1,1,1,1,2,2,2,2,2,2,2,2,4,4,4,4,4,4,4,4,4,4,4,8,8,8,8,16,16];5;true;true;2;2;128;[2];0.2265625;4.4137931034482758
128;128.398;4;29;[1,1,1,1,2,2,2,2,2,2,2,2,4,4,4,4,4,4,4,4,4,4,4,8,8,8,8,16,16];5;true;true;2;2;128;[2];0.2265625;4.4137931034482758
128;128.399;4;29;[1,1,1,1,2,2,2,2,2,2,2,2,4,4,4,4,4,4,4,4,4,4,4,8,8,8,8,16,16];5;true;true;2;2;128;[2];0.2265625;4.4137931034482758
128;128.400;4;29;[1,1,1,1,2,2,2,2,2,2,2,2,4,4,4,4,4,4,4,4,4,4,4,8,8,8,8,16,16];5;true;true;2;2;128;[2];0.2265625;4.4137931034482758
128;128.401;4;29;[1,1,1,1,2,2,2,2,2,2,2,2,4,4,4,4,4,4,4,4,4,4,4,8,8,8,8,16,16];5;true;true;2;2;128;[2];0.2265625;4.4137931034482758
128;128.402;4;29;[1,1,1,1,2,2,2,2,2,2,2,2,4,4,4,4,4,4,4,4,4,4,4,8,8,8,8,16,16];5;true;true;2;2;128;[2];0.2265625;4.4137931034482758
128;128.403;4;29;[1,1,1,1,2,2,2,2,2,2,2,2,4,4,4,4,4,4,4,4,4,4,4,8,8,8,8,16,16];5;true;true;2;2;128;[2];0.2265625;4.4137931034482758
128;128.404;4;29;[1,1,1,1,2,2,2,2,2,2,2,2,4,4,4,4,4,4,4,4,4,4,4,8,8,8,8,16,16];5;true;true;2;2;128;[2];0.2265625;4.4137931034482758
128;128.405;4;29;[1,1,1,1,2,2,2,2,2,2,2,2,4,4,4,4,4,4,4,4,4,4,4,8,8,8,8,16,16];5;true;true;2;2;128;[2];0.2265625;4.4137931034482758
128;128.406;4;29;[1,1,1,1,2,2,2,2,2,2,2,2,4,4,4,4,4,4,4,4,4,4,4,8,8,8,8,16,16];5;true;true;2;2;128;[2];0.2265625;4.4137931034482758
128;128.407;4;29;[1,1,1,1,2,2,2,2,2,2,2,2,4,4,4,4,4,4,4,4,4,4,4,8,8,8,8,16,16];5;true;true;2;2;128;[2];0.2265625;4.4137931034482758
128;128.408;4;29;[1,1,1,1,2,2,2,2,2,2,2,2,4,4,4,4,4,4,4,4,4,4,4,8,8,8,8,16,16];5;true;true;2;2;128;[2];0.2265625;4.4137931034482758
128;128.409;4;29;[1,1,1,1,2,2,2,2,2,2,2,2,4,4,4,4,4,4,4,4,4,4,4,8,8,8,8,16,16];5;true;true;2;2;128;[2];0.2265625;4.4137931034482758
128;128.410;4;29;[1,1,1,1,2,2,2,2,2,2,2,2,4,4,4,4,4,4,4,4,4,4,4,8,8,8,8,16,16];5;true;true;2;2;128;[2];0.2265625;4.4137931034482758
128;128.411;4;29;[1,1,1,1,2,2,2,2,2,2,2,2,4,4,4,4,4,4,4,4,4,4,4,8,8,8,8,16,16];5;true;true;2;2;128;[2];0.2265625;4.4137931034482758
128;128.412;4;29;[1,1,1,1,2,2,2,2,2,2,2,2,4,4,4,4,4,4,4,4,4,4,4,8,8,8,8,16,16];5;true;true;2;2;128;[2];0.2265625;4.4137931034482758
128;128.413;4;29;[1,1,1,1,2,2,2,2,2,2,2,2,4,4,4,4,4,4,4,4,4,4,4,8,8,8,8,16,16];5;true;true;2;2;128;[2];0.2265625;4.4137931034482758
128;128.414;4;29;[1,1,1,1,2,2,2,2,2,2,2,2,4,4,4,4,4,4,4,4,4,4,4,8,8,8,8,16,16];5;true;true;2;2;128;[2];0.2265625;4.4137931034482758
128;128.415;4;29;[1,1,1,1,2,2,2,2,2,2,2,2,4,4,4,4,4,4,4,4,4,4,4,8,8,8,8,16,16];5;true;true;2;2;128;[2];0.2265625;4.4137931034482758
128;128.416;4;29;[1,1,1,1,2,2,2,2,2,2,2,2,4,4,4,4,4,4,4,4,4,4,4,8,8,8,8,16,16];5;true;true;2;2;128;[2];0.2265625;4.4137931034482758
128;128.417;4;23;[1,1,1,1,2,2,2,2,4,4,4,4,4,8,8,8,8,8,8,8,8,16,16];5;true;true;2;2;128;[2];0.1796875;5.5652173913043477
128;128.418;4;23;[1,1,1,1,2,2,2,2,4,4,4,4,4,8,8,8,8,8,8,8,8,16,16];5;true;true;2;2;128;[2];0.1796875;5.5652173913043477
128;128.419;4;23;[1,1,1,1,2,2,2,2,4,4,4,4,4,8,8,8,8,8,8,8,8,16,16];5;true;true;2;2;128;[2];0.1796875;5.5652173913043477
128;128.420;4;23;[1,1,1,1,2,2,2,2,4,4,4,4,4,8,8,8,8,8,8,8,8,16,16];5;true;true;2;2;128;[2];0.1796875;5.5652173913043477
128;128.421;4;23;[1,1,1,1,2,2,2,2,4,4,4,4,4,8,8,8,8,8,8,8,8,16,16];5;true;true;2;2;128;[2];0.1796875;5.5652173913043477
128;128.422;4;23;[1,1,1,1,2,2,2,2,4,4,4,4,4,8,8,8,8,8,8,8,8,16,16];5;true;true;2;2;128;[2];0.1796875;5.5652173913043477
128;128.423;4;23;[1,1,1,1,2,2,2,2,4,4,4,4,4,8,8,8,8,8,8,8,8,16,16];5;true;true;2;2;128;[2];0.1796875;5.5652173913043477
128;128.424;4;23;[1,1,1,1,2,2,2,2,4,4,4,4,4,8,8,8,8,8,8,8,8,16,16];5;true;true;2;2;128;[2];0.1796875;5.5652173913043477
128;128.425;4;23;[1,1,1,1,2,2,2,2,4,4,4,4,4,8,8,8,8,8,8,8,8,16,16];5;true;true;2;2;128;[2];0.1796875;5.5652173913043477
128;128.426;4;23;[1,1,1,1,2,2,2,2,4,4,4,4,4,8,8,8,8,8,8,8,8,16,16];5;true;true;2;2;128;[2];0.1796875;5.5652173913043477
128;128.427;4;23;[1,1,1,1,2,2,2,2,4,4,4,4,4,8,8,8,8,8,8,8,8,16,16];5;true;true;2;2;128;[2];0.1796875;5.5652173913043477
128;128.428;4;23;[1,1,1,1,2,2,2,2,4,4,4,4,4,8,8,8,8,8,8,8,8,16,16];5;true;true;2;2;128;[2];0.1796875;5.5652173913043477
128;128.429;4;23;[1,1,1,1,2,2,2,2,4,4,4,4,4,8,8,8,8,8,8,8,8,16,16];5;true;true;2;2;128;[2];0.1796875;5.5652173913043477
128;128.430;4;23;[1,1,1,1,2,2,2,2,4,4,4,4,4,8,8,8,8,8,8,8,8,16,16];5;true;true;2;2;128;[2];0.1796875;5.5652173913043477
128;128.431;4;23;[1,1,1,1,2,2,2,2,4,4,4,4,4,8,8,8,8,8,8,8,8,16,16];5;true;true;2;2;128;[2];0.1796875;5.5652173913043477
128;128.432;4;23;[1,1,1,1,2,2,2,2,4,4,4,4,4,8,8,8,8,8,8,8,8,16,16];5;true;true;2;2;128;[2];0.1796875;5.5652173913043477
128;128.433;4;23;[1,1,1,1,2,2,2,2,4,4,4,4,4,8,8,8,8,8,8,8,8,16,16];5;true;true;2;2;128;[2];0.1796875;5.5652173913043477
128;128.434;4;23;[1,1,1,1,2,2,2,2,4,4,4,4,4,8,8,8,8,8,8,8,8,16,16];5;true;true;2;2;128;[2];0.1796875;5.5652173913043477
128;128.435;4;23;[1,1,1,1,2,2,2,2,4,4,4,4,4,8,8,8,8,8,8,8,8,16,16];5;true;true;2;2;128;[2];0.1796875;5.5652173913043477
128;128.436;4;23;[1,1,1,1,2,2,2,2,4,4,4,4,4,8,8,8,8,8,8,8,8,16,16];5;true;true;2;2;128;[2];0.1796875;5.5652173913043477
128;128.437;4;38;[1,1,1,1,2,2,2,2,2,2,2,2,2,2,2,2,2,2,2,2,2,2,2,2,2,2,2,2,2,2,2,2,2,2,16,16,16,16];3;true;true;2;2;128;[2];0.296875;3.3684210526315788
128;128.438;4;38;[1,1,1,1,2,2,2,2,2,2,2,2,2,2,2,2,2,2,2,2,2,2,2,2,2,2,2,2,2,2,2,2,2,2,16,16,16,16];3;true;true;2;2;128;[2];0.296875;3.3684210526315788
128;128.439;4;38;[1,1,1,1,2,2,2,2,2,2,2,2,2,2,2,2,2,2,2,2,2,2,2,2,2,2,2,2,2,2,2,2,2,2,16,16,16,16];3;true;true;2;2;128;[2];0.296875;3.3684210526315788
128;128.440;4;38;[1,1,1,1,2,2,2,2,2,2,2,2,2,2,2,2,2,2,2,2,2,2,2,2,2,2,2,2,2,2,2,2,2,2,16,16,16,16];3;true;true;2;2;128;[2];0.296875;3.3684210526315788
128;128.441;4;38;[1,1,1,1,2,2,2,2,2,2,2,2,2,2,2,2,2,2,2,2,2,2,2,2,2,2,2,2,2,2,2,2,2,2,16,16,16,16];3;true;true;2;2;128;[2];0.296875;3.3684210526315788
128;128.442;4;38;[1,1,1,1,2,2,2,2,2,2,2,2,2,2,2,2,2,2,2,2,2,2,2,2,2,2,2,2,2,2,2,2,2,2,16,16,16,16];3;true;true;2;2;128;[2];0.296875;3.3684210526315788
128;128.443;4;38;[1,1,1,1,2,2,2,2,2,2,2,2,2,2,2,2,2,2,2,2,2,2,2,2,2,2,2,2,2,2,2,2,2,2,16,16,16,16];3;true;true;2;2;128;[2];0.296875;3.3684210526315788
128;128.444;4;38;[1,1,1,1,2,2,2,2,2,2,2,2,2,2,2,2,2,2,2,2,2,2,2,2,2,2,2,2,2,2,2,2,2,2,16,16,16,16];3;true;true;2;2;128;[2];0.296875;3.3684210526315788
128;128.445;4;38;[1,1,1,1,2,2,2,2,2,2,2,2,2,2,2,2,2,2,2,2,2,2,2,2,2,2,2,2,2,2,2,2,2,2,16,16,16,16];3;true;true;2;2;128;[2];0.296875;3.3684210526315788
128;128.446;4;26;[1,1,1,1,2,2,2,2,2,2,4,4,4,4,4,4,4,4,4,4,4,4,16,16,16,16];4;true;true;2;2;128;[2];0.203125;4.9230769230769234
128;128.447;4;26;[1,1,1,1,2,2,2,2,2,2,4,4,4,4,4,4,4,4,4,4,4,4,16,16,16,16];4;true;true;2;2;128;[2];0.203125;4.9230769230769234
128;128.448;4;26;[1,1,1,1,2,2,2,2,2,2,4,4,4,4,4,4,4,4,4,4,4,4,16,16,16,16];4;true;true;2;2;128;[2];0.203125;4.9230769230769234
128;128.449;4;26;[1,1,1,1,2,2,2,2,2,2,4,4,4,4,4,4,4,4,4,4,4,4,16,16,16,16];4;true;true;2;2;128;[2];0.203125;4.9230769230769234
128;128.450;4;26;[1,1,1,1,2,2,2,2,2,2,4,4,4,4,4,4,4,4,4,4,4,4,16,16,16,16];4;true;true;2;2;128;[2];0.203125;4.9230769230769234
128;128.451;4;26;[1,1,1,1,2,2,2,2,2,2,4,4,4,4,4,4,4,4,4,4,4,4,16,16,16,16];4;true;true;2;2;128;[2];0.203125;4.9230769230769234
128;128.452;4;26;[1,1,1,1,2,2,2,2,2,2,4,4,4,4,4,4,4,4,4,4,4,4,16,16,16,16];4;true;true;2;2;128;[2];0.203125;4.9230769230769234
128;128.453;4;26;[1,1,1,1,2,2,2,2,2,2,4,4,4,4,4,4,4,4,4,4,4,4,16,16,16,16];4;true;true;2;2;128;[2];0.203125;4.9230769230769234
128;128.454;4;26;[1,1,1,1,2,2,2,2,2,2,4,4,4,4,4,4,4,4,4,4,4,4,16,16,16,16];4;true;true;2;2;128;[2];0.203125;4.9230769230769234
128;128.455;4;26;[1,1,1,1,2,2,2,2,2,2,4,4,4,4,4,4,4,4,4,4,4,4,16,16,16,16];4;true;true;2;2;128;[2];0.203125;4.9230769230769234
128;128.456;128;128;[1,1,1,1,1,1,1,1,1,1,1,1,1,1,1,1,1,1,1,1,1,1,1,1,1,1,1,1,1,1,1,1,1,1,1,1,1,1,1,1,1,1,1,1,1,1,1,1,1,1,1,1,1,1,1,1,1,1,1,1,1,1,1,1,1,1,1,1,1,1,1,1,1,1,1,1,1,1,1,1,1,1,1,1,1,1,1,1,1,1,1,1,1,1,1,1,1,1,1,1,1,1,1,1,1,1,1,1,1,1,1,1,1,1,1,1,1,1,1,1,1,1,1,1,1,1,1,1];1;true;true;1;1;128;[2];1.;1.
128;128.457;32;80;[1,1,1,1,1,1,1,1,1,1,1,1,1,1,1,1,1,1,1,1,1,1,1,1,1,1,1,1,1,1,1,1,2,2,2,2,2,2,2,2,2,2,2,2,2,2,2,2,2,2,2,2,2,2,2,2,2,2,2,2,2,2,2,2,2,2,2,2,2,2,2,2,2,2,2,2,2,2,2,2];2;true;true;2;2;128;[2];0.625;1.6000000000000001
128;128.458;32;80;[1,1,1,1,1,1,1,1,1,1,1,1,1,1,1,1,1,1,1,1,1,1,1,1,1,1,1,1,1,1,1,1,2,2,2,2,2,2,2,2,2,2,2,2,2,2,2,2,2,2,2,2,2,2,2,2,2,2,2,2,2,2,2,2,2,2,2,2,2,2,2,2,2,2,2,2,2,2,2,2];2;true;true;2;2;128;[2];0.625;1.6000000000000001
128;128.459;32;80;[1,1,1,1,1,1,1,1,1,1,1,1,1,1,1,1,1,1,1,1,1,1,1,1,1,1,1,1,1,1,1,1,2,2,2,2,2,2,2,2,2,2,2,2,2,2,2,2,2,2,2,2,2,2,2,2,2,2,2,2,2,2,2,2,2,2,2,2,2,2,2,2,2,2,2,2,2,2,2,2];2;true;true;2;2;128;[2];0.625;1.6000000000000001
128;128.460;16;56;[1,1,1,1,1,1,1,1,1,1,1,1,1,1,1,1,2,2,2,2,2,2,2,2,2,2,2,2,2,2,2,2,2,2,2,2,2,2,2,2,4,4,4,4,4,4,4,4,4,4,4,4,4,4,4,4];3;true;true;2;2;128;[2];0.4375;2.2857142857142856
128;128.461;16;56;[1,1,1,1,1,1,1,1,1,1,1,1,1,1,1,1,2,2,2,2,2,2,2,2,2,2,2,2,2,2,2,2,2,2,2,2,2,2,2,2,4,4,4,4,4,4,4,4,4,4,4,4,4,4,4,4];3;true;true;2;2;128;[2];0.4375;2.2857142857142856
128;128.462;8;44;[1,1,1,1,1,1,1,1,2,2,2,2,2,2,2,2,2,2,2,2,4,4,4,4,4,4,4,4,4,4,4,4,4,4,4,4,4,4,4,4,4,4,4,4];3;true;true;2;2;128;[2];0.34375;2.9090909090909092
128;128.463;8;44;[1,1,1,1,1,1,1,1,2,2,2,2,2,2,2,2,2,2,2,2,4,4,4,4,4,4,4,4,4,4,4,4,4,4,4,4,4,4,4,4,4,4,4,4];3;true;true;2;2;128;[2];0.34375;2.9090909090909092
128;128.464;16;56;[1,1,1,1,1,1,1,1,1,1,1,1,1,1,1,1,2,2,2,2,2,2,2,2,2,2,2,2,2,2,2,2,2,2,2,2,2,2,2,2,4,4,4,4,4,4,4,4,4,4,4,4,4,4,4,4];3;true;true;2;2;128;[2];0.4375;2.2857142857142856
128;128.465;8;44;[1,1,1,1,1,1,1,1,2,2,2,2,2,2,2,2,2,2,2,2,4,4,4,4,4,4,4,4,4,4,4,4,4,4,4,4,4,4,4,4,4,4,4,4];3;true;true;2;2;128;[2];0.34375;2.9090909090909092
128;128.466;16;56;[1,1,1,1,1,1,1,1,1,1,1,1,1,1,1,1,2,2,2,2,2,2,2,2,2,2,2,2,2,2,2,2,2,2,2,2,2,2,2,2,4,4,4,4,4,4,4,4,4,4,4,4,4,4,4,4];3;true;true;2;2;128;[2];0.4375;2.2857142857142856
128;128.467;16;56;[1,1,1,1,1,1,1,1,1,1,1,1,1,1,1,1,2,2,2,2,2,2,2,2,2,2,2,2,2,2,2,2,2,2,2,2,2,2,2,2,4,4,4,4,4,4,4,4,4,4,4,4,4,4,4,4];3;true;true;2;2;128;[2];0.4375;2.2857142857142856
128;128.468;8;44;[1,1,1,1,1,1,1,1,2,2,2,2,2,2,2,2,2,2,2,2,4,4,4,4,4,4,4,4,4,4,4,4,4,4,4,4,4,4,4,4,4,4,4,4];3;true;true;2;2;128;[2];0.34375;2.9090909090909092
128;128.469;16;56;[1,1,1,1,1,1,1,1,1,1,1,1,1,1,1,1,2,2,2,2,2,2,2,2,2,2,2,2,2,2,2,2,2,2,2,2,2,2,2,2,4,4,4,4,4,4,4,4,4,4,4,4,4,4,4,4];3;true;true;2;2;128;[2];0.4375;2.2857142857142856
128;128.470;8;44;[1,1,1,1,1,1,1,1,2,2,2,2,2,2,2,2,2,2,2,2,4,4,4,4,4,4,4,4,4,4,4,4,4,4,4,4,4,4,4,4,4,4,4,4];3;true;true;2;2;128;[2];0.34375;2.9090909090909092
128;128.471;8;44;[1,1,1,1,1,1,1,1,2,2,2,2,2,2,2,2,2,2,2,2,4,4,4,4,4,4,4,4,4,4,4,4,4,4,4,4,4,4,4,4,4,4,4,4];3;true;true;2;2;128;[2];0.34375;2.9090909090909092
128;128.472;8;44;[1,1,1,1,1,1,1,1,2,2,2,2,2,2,2,2,2,2,2,2,4,4,4,4,4,4,4,4,4,4,4,4,4,4,4,4,4,4,4,4,4,4,4,4];3;true;true;2;2;128;[2];0.34375;2.9090909090909092
128;128.473;8;44;[1,1,1,1,1,1,1,1,2,2,2,2,2,2,2,2,2,2,2,2,4,4,4,4,4,4,4,4,4,4,4,4,4,4,4,4,4,4,4,4,4,4,4,4];3;true;true;2;2;128;[2];0.34375;2.9090909090909092
128;128.474;8;44;[1,1,1,1,1,1,1,1,2,2,2,2,2,2,2,2,2,2,2,2,4,4,4,4,4,4,4,4,4,4,4,4,4,4,4,4,4,4,4,4,4,4,4,4];3;true;true;2;2;128;[2];0.34375;2.9090909090909092
128;128.475;8;44;[1,1,1,1,1,1,1,1,2,2,2,2,2,2,2,2,2,2,2,2,4,4,4,4,4,4,4,4,4,4,4,4,4,4,4,4,4,4,4,4,4,4,4,4];3;true;true;2;2;128;[2];0.34375;2.9090909090909092
128;128.476;32;80;[1,1,1,1,1,1,1,1,1,1,1,1,1,1,1,1,1,1,1,1,1,1,1,1,1,1,1,1,1,1,1,1,2,2,2,2,2,2,2,2,2,2,2,2,2,2,2,2,2,2,2,2,2,2,2,2,2,2,2,2,2,2,2,2,2,2,2,2,2,2,2,2,2,2,2,2,2,2,2,2];2;true;true;2;2;128;[2];0.625;1.6000000000000001
128;128.477;16;56;[1,1,1,1,1,1,1,1,1,1,1,1,1,1,1,1,2,2,2,2,2,2,2,2,2,2,2,2,2,2,2,2,2,2,2,2,2,2,2,2,4,4,4,4,4,4,4,4,4,4,4,4,4,4,4,4];3;true;true;2;2;128;[2];0.4375;2.2857142857142856
128;128.478;16;56;[1,1,1,1,1,1,1,1,1,1,1,1,1,1,1,1,2,2,2,2,2,2,2,2,2,2,2,2,2,2,2,2,2,2,2,2,2,2,2,2,4,4,4,4,4,4,4,4,4,4,4,4,4,4,4,4];3;true;true;2;2;128;[2];0.4375;2.2857142857142856
128;128.479;8;44;[1,1,1,1,1,1,1,1,2,2,2,2,2,2,2,2,2,2,2,2,4,4,4,4,4,4,4,4,4,4,4,4,4,4,4,4,4,4,4,4,4,4,4,4];3;true;true;2;2;128;[2];0.34375;2.9090909090909092
128;128.480;32;80;[1,1,1,1,1,1,1,1,1,1,1,1,1,1,1,1,1,1,1,1,1,1,1,1,1,1,1,1,1,1,1,1,2,2,2,2,2,2,2,2,2,2,2,2,2,2,2,2,2,2,2,2,2,2,2,2,2,2,2,2,2,2,2,2,2,2,2,2,2,2,2,2,2,2,2,2,2,2,2,2];2;true;true;2;2;128;[2];0.625;1.6000000000000001
128;128.481;16;56;[1,1,1,1,1,1,1,1,1,1,1,1,1,1,1,1,2,2,2,2,2,2,2,2,2,2,2,2,2,2,2,2,2,2,2,2,2,2,2,2,4,4,4,4,4,4,4,4,4,4,4,4,4,4,4,4];3;true;true;2;2;128;[2];0.4375;2.2857142857142856
128;128.482;16;56;[1,1,1,1,1,1,1,1,1,1,1,1,1,1,1,1,2,2,2,2,2,2,2,2,2,2,2,2,2,2,2,2,2,2,2,2,2,2,2,2,4,4,4,4,4,4,4,4,4,4,4,4,4,4,4,4];3;true;true;2;2;128;[2];0.4375;2.2857142857142856
128;128.483;32;80;[1,1,1,1,1,1,1,1,1,1,1,1,1,1,1,1,1,1,1,1,1,1,1,1,1,1,1,1,1,1,1,1,2,2,2,2,2,2,2,2,2,2,2,2,2,2,2,2,2,2,2,2,2,2,2,2,2,2,2,2,2,2,2,2,2,2,2,2,2,2,2,2,2,2,2,2,2,2,2,2];2;true;true;2;2;128;[2];0.625;1.6000000000000001
128;128.484;16;56;[1,1,1,1,1,1,1,1,1,1,1,1,1,1,1,1,2,2,2,2,2,2,2,2,2,2,2,2,2,2,2,2,2,2,2,2,2,2,2,2,4,4,4,4,4,4,4,4,4,4,4,4,4,4,4,4];3;true;true;2;2;128;[2];0.4375;2.2857142857142856
128;128.485;16;56;[1,1,1,1,1,1,1,1,1,1,1,1,1,1,1,1,2,2,2,2,2,2,2,2,2,2,2,2,2,2,2,2,2,2,2,2,2,2,2,2,4,4,4,4,4,4,4,4,4,4,4,4,4,4,4,4];3;true;true;2;2;128;[2];0.4375;2.2857142857142856
128;128.486;8;44;[1,1,1,1,1,1,1,1,2,2,2,2,2,2,2,2,2,2,2,2,4,4,4,4,4,4,4,4,4,4,4,4,4,4,4,4,4,4,4,4,4,4,4,4];3;true;true;2;2;128;[2];0.34375;2.9090909090909092
128;128.487;8;44;[1,1,1,1,1,1,1,1,2,2,2,2,2,2,2,2,2,2,2,2,4,4,4,4,4,4,4,4,4,4,4,4,4,4,4,4,4,4,4,4,4,4,4,4];3;true;true;2;2;128;[2];0.34375;2.9090909090909092
128;128.488;8;44;[1,1,1,1,1,1,1,1,2,2,2,2,2,2,2,2,2,2,2,2,4,4,4,4,4,4,4,4,4,4,4,4,4,4,4,4,4,4,4,4,4,4,4,4];3;true;true;2;2;128;[2];0.34375;2.9090909090909092
128;128.489;8;44;[1,1,1,1,1,1,1,1,2,2,2,2,2,2,2,2,2,2,2,2,4,4,4,4,4,4,4,4,4,4,4,4,4,4,4,4,4,4,4,4,4,4,4,4];3;true;true;2;2;128;[2];0.34375;2.9090909090909092
128;128.490;16;56;[1,1,1,1,1,1,1,1,1,1,1,1,1,1,1,1,2,2,2,2,2,2,2,2,2,2,2,2,2,2,2,2,2,2,2,2,2,2,2,2,4,4,4,4,4,4,4,4,4,4,4,4,4,4,4,4];3;true;true;2;2;128;[2];0.4375;2.2857142857142856
128;128.491;8;44;[1,1,1,1,1,1,1,1,2,2,2,2,2,2,2,2,2,2,2,2,4,4,4,4,4,4,4,4,4,4,4,4,4,4,4,4,4,4,4,4,4,4,4,4];3;true;true;2;2;128;[2];0.34375;2.9090909090909092
128;128.492;16;56;[1,1,1,1,1,1,1,1,1,1,1,1,1,1,1,1,2,2,2,2,2,2,2,2,2,2,2,2,2,2,2,2,2,2,2,2,2,2,2,2,4,4,4,4,4,4,4,4,4,4,4,4,4,4,4,4];3;true;true;2;2;128;[2];0.4375;2.2857142857142856
128;128.493;16;56;[1,1,1,1,1,1,1,1,1,1,1,1,1,1,1,1,2,2,2,2,2,2,2,2,2,2,2,2,2,2,2,2,2,2,2,2,2,2,2,2,4,4,4,4,4,4,4,4,4,4,4,4,4,4,4,4];3;true;true;2;2;128;[2];0.4375;2.2857142857142856
128;128.494;8;44;[1,1,1,1,1,1,1,1,2,2,2,2,2,2,2,2,2,2,2,2,4,4,4,4,4,4,4,4,4,4,4,4,4,4,4,4,4,4,4,4,4,4,4,4];3;true;true;2;2;128;[2];0.34375;2.9090909090909092
128;128.495;8;44;[1,1,1,1,1,1,1,1,2,2,2,2,2,2,2,2,2,2,2,2,4,4,4,4,4,4,4,4,4,4,4,4,4,4,4,4,4,4,4,4,4,4,4,4];3;true;true;2;2;128;[2];0.34375;2.9090909090909092
128;128.496;16;56;[1,1,1,1,1,1,1,1,1,1,1,1,1,1,1,1,2,2,2,2,2,2,2,2,2,2,2,2,2,2,2,2,2,2,2,2,2,2,2,2,4,4,4,4,4,4,4,4,4,4,4,4,4,4,4,4];3;true;true;2;2;128;[2];0.4375;2.2857142857142856
128;128.497;8;44;[1,1,1,1,1,1,1,1,2,2,2,2,2,2,2,2,2,2,2,2,4,4,4,4,4,4,4,4,4,4,4,4,4,4,4,4,4,4,4,4,4,4,4,4];3;true;true;2;2;128;[2];0.34375;2.9090909090909092
128;128.498;32;80;[1,1,1,1,1,1,1,1,1,1,1,1,1,1,1,1,1,1,1,1,1,1,1,1,1,1,1,1,1,1,1,1,2,2,2,2,2,2,2,2,2,2,2,2,2,2,2,2,2,2,2,2,2,2,2,2,2,2,2,2,2,2,2,2,2,2,2,2,2,2,2,2,2,2,2,2,2,2,2,2];2;true;true;2;2;128;[2];0.625;1.6000000000000001
128;128.499;16;56;[1,1,1,1,1,1,1,1,1,1,1,1,1,1,1,1,2,2,2,2,2,2,2,2,2,2,2,2,2,2,2,2,2,2,2,2,2,2,2,2,4,4,4,4,4,4,4,4,4,4,4,4,4,4,4,4];3;true;true;2;2;128;[2];0.4375;2.2857142857142856
128;128.500;16;56;[1,1,1,1,1,1,1,1,1,1,1,1,1,1,1,1,2,2,2,2,2,2,2,2,2,2,2,2,2,2,2,2,2,2,2,2,2,2,2,2,4,4,4,4,4,4,4,4,4,4,4,4,4,4,4,4];3;true;true;2;2;128;[2];0.4375;2.2857142857142856
128;128.501;32;80;[1,1,1,1,1,1,1,1,1,1,1,1,1,1,1,1,1,1,1,1,1,1,1,1,1,1,1,1,1,1,1,1,2,2,2,2,2,2,2,2,2,2,2,2,2,2,2,2,2,2,2,2,2,2,2,2,2,2,2,2,2,2,2,2,2,2,2,2,2,2,2,2,2,2,2,2,2,2,2,2];2;true;true;2;2;128;[2];0.625;1.6000000000000001
128;128.502;16;56;[1,1,1,1,1,1,1,1,1,1,1,1,1,1,1,1,2,2,2,2,2,2,2,2,2,2,2,2,2,2,2,2,2,2,2,2,2,2,2,2,4,4,4,4,4,4,4,4,4,4,4,4,4,4,4,4];3;true;true;2;2;128;[2];0.4375;2.2857142857142856
128;128.503;16;56;[1,1,1,1,1,1,1,1,1,1,1,1,1,1,1,1,2,2,2,2,2,2,2,2,2,2,2,2,2,2,2,2,2,2,2,2,2,2,2,2,4,4,4,4,4,4,4,4,4,4,4,4,4,4,4,4];3;true;true;2;2;128;[2];0.4375;2.2857142857142856
128;128.504;16;56;[1,1,1,1,1,1,1,1,1,1,1,1,1,1,1,1,2,2,2,2,2,2,2,2,2,2,2,2,2,2,2,2,2,2,2,2,2,2,2,2,4,4,4,4,4,4,4,4,4,4,4,4,4,4,4,4];3;true;true;2;2;128;[2];0.4375;2.2857142857142856
128;128.505;8;44;[1,1,1,1,1,1,1,1,2,2,2,2,2,2,2,2,2,2,2,2,4,4,4,4,4,4,4,4,4,4,4,4,4,4,4,4,4,4,4,4,4,4,4,4];3;true;true;2;2;128;[2];0.34375;2.9090909090909092
128;128.506;16;56;[1,1,1,1,1,1,1,1,1,1,1,1,1,1,1,1,2,2,2,2,2,2,2,2,2,2,2,2,2,2,2,2,2,2,2,2,2,2,2,2,4,4,4,4,4,4,4,4,4,4,4,4,4,4,4,4];3;true;true;2;2;128;[2];0.4375;2.2857142857142856
128;128.507;16;56;[1,1,1,1,1,1,1,1,1,1,1,1,1,1,1,1,2,2,2,2,2,2,2,2,2,2,2,2,2,2,2,2,2,2,2,2,2,2,2,2,4,4,4,4,4,4,4,4,4,4,4,4,4,4,4,4];3;true;true;2;2;128;[2];0.4375;2.2857142857142856
128;128.508;8;44;[1,1,1,1,1,1,1,1,2,2,2,2,2,2,2,2,2,2,2,2,4,4,4,4,4,4,4,4,4,4,4,4,4,4,4,4,4,4,4,4,4,4,4,4];3;true;true;2;2;128;[2];0.34375;2.9090909090909092
128;128.509;16;56;[1,1,1,1,1,1,1,1,1,1,1,1,1,1,1,1,2,2,2,2,2,2,2,2,2,2,2,2,2,2,2,2,2,2,2,2,2,2,2,2,4,4,4,4,4,4,4,4,4,4,4,4,4,4,4,4];3;true;true;2;2;128;[2];0.4375;2.2857142857142856
128;128.510;8;44;[1,1,1,1,1,1,1,1,2,2,2,2,2,2,2,2,2,2,2,2,4,4,4,4,4,4,4,4,4,4,4,4,4,4,4,4,4,4,4,4,4,4,4,4];3;true;true;2;2;128;[2];0.34375;2.9090909090909092
128;128.511;16;56;[1,1,1,1,1,1,1,1,1,1,1,1,1,1,1,1,2,2,2,2,2,2,2,2,2,2,2,2,2,2,2,2,2,2,2,2,2,2,2,2,4,4,4,4,4,4,4,4,4,4,4,4,4,4,4,4];3;true;true;2;2;128;[2];0.4375;2.2857142857142856
128;128.512;16;44;[1,1,1,1,1,1,1,1,1,1,1,1,1,1,1,1,4,4,4,4,4,4,4,4,4,4,4,4,4,4,4,4,4,4,4,4,4,4,4,4,4,4,4,4];2;true;true;2;2;128;[2];0.34375;2.9090909090909092
128;128.513;4;32;[1,1,1,1,2,2,2,2,2,2,2,2,2,2,4,4,4,4,4,4,4,4,4,4,8,8,8,8,8,8,8,8];4;true;true;2;2;128;[2];0.25;4.
128;128.514;4;32;[1,1,1,1,2,2,2,2,2,2,2,2,2,2,4,4,4,4,4,4,4,4,4,4,8,8,8,8,8,8,8,8];4;true;true;2;2;128;[2];0.25;4.
128;128.515;4;32;[1,1,1,1,2,2,2,2,2,2,2,2,2,2,4,4,4,4,4,4,4,4,4,4,8,8,8,8,8,8,8,8];4;true;true;2;2;128;[2];0.25;4.
128;128.516;4;32;[1,1,1,1,2,2,2,2,2,2,2,2,2,2,4,4,4,4,4,4,4,4,4,4,8,8,8,8,8,8,8,8];4;true;true;2;2;128;[2];0.25;4.
128;128.517;4;32;[1,1,1,1,2,2,2,2,2,2,2,2,2,2,4,4,4,4,4,4,4,4,4,4,8,8,8,8,8,8,8,8];4;true;true;2;2;128;[2];0.25;4.
128;128.518;8;38;[1,1,1,1,1,1,1,1,2,2,2,2,2,2,2,2,4,4,4,4,4,4,4,4,4,4,4,4,4,4,4,4,4,4,8,8,8,8];4;true;true;2;2;128;[2];0.296875;3.3684210526315788
128;128.519;8;38;[1,1,1,1,1,1,1,1,2,2,2,2,2,2,2,2,4,4,4,4,4,4,4,4,4,4,4,4,4,4,4,4,4,4,8,8,8,8];4;true;true;2;2;128;[2];0.296875;3.3684210526315788
128;128.520;8;38;[1,1,1,1,1,1,1,1,2,2,2,2,2,2,2,2,4,4,4,4,4,4,4,4,4,4,4,4,4,4,4,4,4,4,8,8,8,8];4;true;true;2;2;128;[2];0.296875;3.3684210526315788
128;128.521;8;38;[1,1,1,1,1,1,1,1,2,2,2,2,2,2,2,2,4,4,4,4,4,4,4,4,4,4,4,4,4,4,4,4,4,4,8,8,8,8];4;true;true;2;2;128;[2];0.296875;3.3684210526315788
128;128.522;4;32;[1,1,1,1,2,2,2,2,2,2,4,4,4,4,4,4,4,4,4,4,4,4,4,4,4,4,8,8,8,8,8,8];4;true;true;2;2;128;[2];0.25;4.
128;128.523;4;32;[1,1,1,1,2,2,2,2,2,2,4,4,4,4,4,4,4,4,4,4,4,4,4,4,4,4,8,8,8,8,8,8];4;true;true;2;2;128;[2];0.25;4.
128;128.524;4;32;[1,1,1,1,2,2,2,2,2,2,4,4,4,4,4,4,4,4,4,4,4,4,4,4,4,4,8,8,8,8,8,8];4;true;true;2;2;128;[2];0.25;4.
128;128.525;4;32;[1,1,1,1,2,2,2,2,2,2,4,4,4,4,4,4,4,4,4,4,4,4,4,4,4,4,8,8,8,8,8,8];4;true;true;2;2;128;[2];0.25;4.
128;128.526;4;32;[1,1,1,1,2,2,2,2,2,2,4,4,4,4,4,4,4,4,4,4,4,4,4,4,4,4,8,8,8,8,8,8];4;true;true;2;2;128;[2];0.25;4.
128;128.527;2;29;[1,1,2,2,2,2,2,2,2,4,4,4,4,4,4,4,4,4,4,4,4,8,8,8,8,8,8,8,8];4;true;true;2;2;128;[2];0.2265625;4.4137931034482758
128;128.528;2;29;[1,1,2,2,2,2,2,2,2,4,4,4,4,4,4,4,4,4,4,4,4,8,8,8,8,8,8,8,8];4;true;true;2;2;128;[2];0.2265625;4.4137931034482758
128;128.529;16;56;[1,1,1,1,1,1,1,1,1,1,1,1,1,1,1,1,2,2,2,2,2,2,2,2,2,2,2,2,2,2,2,2,2,2,2,2,2,2,2,2,4,4,4,4,4,4,4,4,4,4,4,4,4,4,4,4];3;true;true;2;2;128;[2];0.4375;2.2857142857142856
128;128.530;16;44;[1,1,1,1,1,1,1,1,1,1,1,1,1,1,1,1,4,4,4,4,4,4,4,4,4,4,4,4,4,4,4,4,4,4,4,4,4,4,4,4,4,4,4,4];2;true;true;2;2;128;[2];0.34375;2.9090909090909092
128;128.531;4;32;[1,1,1,1,2,2,2,2,2,2,2,2,2,2,4,4,4,4,4,4,4,4,4,4,8,8,8,8,8,8,8,8];4;true;true;2;2;128;[2];0.25;4.
128;128.532;4;32;[1,1,1,1,2,2,2,2,2,2,2,2,2,2,4,4,4,4,4,4,4,4,4,4,8,8,8,8,8,8,8,8];4;true;true;2;2;128;[2];0.25;4.
128;128.533;4;32;[1,1,1,1,2,2,2,2,2,2,2,2,2,2,4,4,4,4,4,4,4,4,4,4,8,8,8,8,8,8,8,8];4;true;true;2;2;128;[2];0.25;4.
128;128.534;8;38;[1,1,1,1,1,1,1,1,2,2,2,2,2,2,2,2,4,4,4,4,4,4,4,4,4,4,4,4,4,4,4,4,4,4,8,8,8,8];4;true;true;2;2;128;[2];0.296875;3.3684210526315788
128;128.535;8;38;[1,1,1,1,1,1,1,1,2,2,2,2,2,2,2,2,4,4,4,4,4,4,4,4,4,4,4,4,4,4,4,4,4,4,8,8,8,8];4;true;true;2;2;128;[2];0.296875;3.3684210526315788
128;128.536;8;38;[1,1,1,1,1,1,1,1,2,2,2,2,2,2,2,2,4,4,4,4,4,4,4,4,4,4,4,4,4,4,4,4,4,4,8,8,8,8];4;true;true;2;2;128;[2];0.296875;3.3684210526315788
128;128.537;8;38;[1,1,1,1,1,1,1,1,2,2,2,2,2,2,2,2,4,4,4,4,4,4,4,4,4,4,4,4,4,4,4,4,4,4,8,8,8,8];4;true;true;2;2;128;[2];0.296875;3.3684210526315788
128;128.538;8;38;[1,1,1,1,1,1,1,1,2,2,2,2,2,2,2,2,4,4,4,4,4,4,4,4,4,4,4,4,4,4,4,4,4,4,8,8,8,8];4;true;true;2;2;128;[2];0.296875;3.3684210526315788
128;128.539;8;44;[1,1,1,1,1,1,1,1,2,2,2,2,2,2,2,2,2,2,2,2,2,2,2,2,2,2,2,2,2,2,2,2,2,2,2,2,8,8,8,8,8,8,8,8];3;true;true;2;2;128;[2];0.34375;2.9090909090909092
128;128.540;8;44;[1,1,1,1,1,1,1,1,2,2,2,2,2,2,2,2,2,2,2,2,2,2,2,2,2,2,2,2,2,2,2,2,2,2,2,2,8,8,8,8,8,8,8,8];3;true;true;2;2;128;[2];0.34375;2.9090909090909092
128;128.541;8;32;[1,1,1,1,1,1,1,1,2,2,2,2,4,4,4,4,4,4,4,4,4,4,4,4,8,8,8,8,8,8,8,8];4;true;true;2;2;128;[2];0.25;4.
128;128.542;8;44;[1,1,1,1,1,1,1,1,2,2,2,2,2,2,2,2,2,2,2,2,2,2,2,2,2,2,2,2,2,2,2,2,2,2,2,2,8,8,8,8,8,8,8,8];3;true;true;2;2;128;[2];0.34375;2.9090909090909092
128;128.543;8;32;[1,1,1,1,1,1,1,1,2,2,2,2,4,4,4,4,4,4,4,4,4,4,4,4,8,8,8,8,8,8,8,8];4;true;true;2;2;128;[2];0.25;4.
128;128.544;4;32;[1,1,1,1,2,2,2,2,2,2,2,2,2,2,4,4,4,4,4,4,4,4,4,4,8,8,8,8,8,8,8,8];4;true;true;2;2;128;[2];0.25;4.
128;128.545;4;32;[1,1,1,1,2,2,2,2,2,2,2,2,2,2,4,4,4,4,4,4,4,4,4,4,8,8,8,8,8,8,8,8];4;true;true;2;2;128;[2];0.25;4.
128;128.546;4;32;[1,1,1,1,2,2,2,2,2,2,2,2,2,2,4,4,4,4,4,4,4,4,4,4,8,8,8,8,8,8,8,8];4;true;true;2;2;128;[2];0.25;4.
128;128.547;4;32;[1,1,1,1,2,2,2,2,2,2,2,2,2,2,4,4,4,4,4,4,4,4,4,4,8,8,8,8,8,8,8,8];4;true;true;2;2;128;[2];0.25;4.
128;128.548;4;32;[1,1,1,1,2,2,2,2,2,2,2,2,2,2,4,4,4,4,4,4,4,4,4,4,8,8,8,8,8,8,8,8];4;true;true;2;2;128;[2];0.25;4.
128;128.549;16;56;[1,1,1,1,1,1,1,1,1,1,1,1,1,1,1,1,2,2,2,2,2,2,2,2,2,2,2,2,2,2,2,2,2,2,2,2,2,2,2,2,4,4,4,4,4,4,4,4,4,4,4,4,4,4,4,4];3;true;true;2;2;128;[2];0.4375;2.2857142857142856
128;128.550;16;44;[1,1,1,1,1,1,1,1,1,1,1,1,1,1,1,1,4,4,4,4,4,4,4,4,4,4,4,4,4,4,4,4,4,4,4,4,4,4,4,4,4,4,4,4];2;true;true;2;2;128;[2];0.34375;2.9090909090909092
128;128.551;4;32;[1,1,1,1,2,2,2,2,2,2,2,2,2,2,4,4,4,4,4,4,4,4,4,4,8,8,8,8,8,8,8,8];4;true;true;2;2;128;[2];0.25;4.
128;128.552;4;32;[1,1,1,1,2,2,2,2,2,2,2,2,2,2,4,4,4,4,4,4,4,4,4,4,8,8,8,8,8,8,8,8];4;true;true;2;2;128;[2];0.25;4.
128;128.553;4;32;[1,1,1,1,2,2,2,2,2,2,2,2,2,2,4,4,4,4,4,4,4,4,4,4,8,8,8,8,8,8,8,8];4;true;true;2;2;128;[2];0.25;4.
128;128.554;4;32;[1,1,1,1,2,2,2,2,2,2,2,2,2,2,4,4,4,4,4,4,4,4,4,4,8,8,8,8,8,8,8,8];4;true;true;2;2;128;[2];0.25;4.
128;128.555;8;38;[1,1,1,1,1,1,1,1,2,2,2,2,2,2,2,2,4,4,4,4,4,4,4,4,4,4,4,4,4,4,4,4,4,4,8,8,8,8];4;true;true;2;2;128;[2];0.296875;3.3684210526315788
128;128.556;8;38;[1,1,1,1,1,1,1,1,2,2,2,2,2,2,2,2,4,4,4,4,4,4,4,4,4,4,4,4,4,4,4,4,4,4,8,8,8,8];4;true;true;2;2;128;[2];0.296875;3.3684210526315788
128;128.557;8;38;[1,1,1,1,1,1,1,1,2,2,2,2,2,2,2,2,4,4,4,4,4,4,4,4,4,4,4,4,4,4,4,4,4,4,8,8,8,8];4;true;true;2;2;128;[2];0.296875;3.3684210526315788
128;128.558;8;38;[1,1,1,1,1,1,1,1,2,2,2,2,2,2,2,2,4,4,4,4,4,4,4,4,4,4,4,4,4,4,4,4,4,4,8,8,8,8];4;true;true;2;2;128;[2];0.296875;3.3684210526315788
128;128.559;4;32;[1,1,1,1,2,2,2,2,2,2,2,2,2,2,4,4,4,4,4,4,4,4,4,4,8,8,8,8,8,8,8,8];4;true;true;2;2;128;[2];0.25;4.
128;128.560;2;29;[1,1,2,2,2,2,2,2,2,4,4,4,4,4,4,4,4,4,4,4,4,8,8,8,8,8,8,8,8];4;true;true;2;2;128;[2];0.2265625;4.4137931034482758
128;128.561;2;29;[1,1,2,2,2,2,2,2,2,4,4,4,4,4,4,4,4,4,4,4,4,8,8,8,8,8,8,8,8];4;true;true;2;2;128;[2];0.2265625;4.4137931034482758
128;128.562;2;29;[1,1,2,2,2,2,2,2,2,4,4,4,4,4,4,4,4,4,4,4,4,8,8,8,8,8,8,8,8];4;true;true;2;2;128;[2];0.2265625;4.4137931034482758
128;128.563;16;56;[1,1,1,1,1,1,1,1,1,1,1,1,1,1,1,1,2,2,2,2,2,2,2,2,2,2,2,2,2,2,2,2,2,2,2,2,2,2,2,2,4,4,4,4,4,4,4,4,4,4,4,4,4,4,4,4];3;true;true;2;2;128;[2];0.4375;2.2857142857142856
128;128.564;16;44;[1,1,1,1,1,1,1,1,1,1,1,1,1,1,1,1,4,4,4,4,4,4,4,4,4,4,4,4,4,4,4,4,4,4,4,4,4,4,4,4,4,4,4,4];2;true;true;2;2;128;[2];0.34375;2.9090909090909092
128;128.565;4;32;[1,1,1,1,2,2,2,2,2,2,2,2,2,2,4,4,4,4,4,4,4,4,4,4,8,8,8,8,8,8,8,8];4;true;true;2;2;128;[2];0.25;4.
128;128.566;8;44;[1,1,1,1,1,1,1,1,2,2,2,2,2,2,2,2,2,2,2,2,2,2,2,2,2,2,2,2,2,2,2,2,2,2,2,2,8,8,8,8,8,8,8,8];3;true;true;2;2;128;[2];0.34375;2.9090909090909092
128;128.567;8;44;[1,1,1,1,1,1,1,1,2,2,2,2,2,2,2,2,2,2,2,2,2,2,2,2,2,2,2,2,2,2,2,2,2,2,2,2,8,8,8,8,8,8,8,8];3;true;true;2;2;128;[2];0.34375;2.9090909090909092
128;128.568;8;32;[1,1,1,1,1,1,1,1,2,2,2,2,4,4,4,4,4,4,4,4,4,4,4,4,8,8,8,8,8,8,8,8];4;true;true;2;2;128;[2];0.25;4.
128;128.569;8;44;[1,1,1,1,1,1,1,1,2,2,2,2,2,2,2,2,2,2,2,2,2,2,2,2,2,2,2,2,2,2,2,2,2,2,2,2,8,8,8,8,8,8,8,8];3;true;true;2;2;128;[2];0.34375;2.9090909090909092
128;128.570;8;32;[1,1,1,1,1,1,1,1,2,2,2,2,4,4,4,4,4,4,4,4,4,4,4,4,8,8,8,8,8,8,8,8];4;true;true;2;2;128;[2];0.25;4.
128;128.571;16;56;[1,1,1,1,1,1,1,1,1,1,1,1,1,1,1,1,2,2,2,2,2,2,2,2,2,2,2,2,2,2,2,2,2,2,2,2,2,2,2,2,4,4,4,4,4,4,4,4,4,4,4,4,4,4,4,4];3;true;true;2;2;128;[2];0.4375;2.2857142857142856
128;128.572;16;44;[1,1,1,1,1,1,1,1,1,1,1,1,1,1,1,1,4,4,4,4,4,4,4,4,4,4,4,4,4,4,4,4,4,4,4,4,4,4,4,4,4,4,4,4];2;true;true;2;2;128;[2];0.34375;2.9090909090909092
128;128.573;4;32;[1,1,1,1,2,2,2,2,2,2,2,2,2,2,4,4,4,4,4,4,4,4,4,4,8,8,8,8,8,8,8,8];4;true;true;2;2;128;[2];0.25;4.
128;128.574;16;56;[1,1,1,1,1,1,1,1,1,1,1,1,1,1,1,1,2,2,2,2,2,2,2,2,2,2,2,2,2,2,2,2,2,2,2,2,2,2,2,2,4,4,4,4,4,4,4,4,4,4,4,4,4,4,4,4];3;true;true;2;2;128;[2];0.4375;2.2857142857142856
128;128.575;16;44;[1,1,1,1,1,1,1,1,1,1,1,1,1,1,1,1,4,4,4,4,4,4,4,4,4,4,4,4,4,4,4,4,4,4,4,4,4,4,4,4,4,4,4,4];2;true;true;2;2;128;[2];0.34375;2.9090909090909092
128;128.576;8;44;[1,1,1,1,1,1,1,1,2,2,2,2,2,2,2,2,2,2,2,2,2,2,2,2,2,2,2,2,2,2,2,2,2,2,2,2,8,8,8,8,8,8,8,8];3;true;true;2;2;128;[2];0.34375;2.9090909090909092
128;128.577;8;44;[1,1,1,1,1,1,1,1,2,2,2,2,2,2,2,2,2,2,2,2,2,2,2,2,2,2,2,2,2,2,2,2,2,2,2,2,8,8,8,8,8,8,8,8];3;true;true;2;2;128;[2];0.34375;2.9090909090909092
128;128.578;8;44;[1,1,1,1,1,1,1,1,2,2,2,2,2,2,2,2,2,2,2,2,2,2,2,2,2,2,2,2,2,2,2,2,2,2,2,2,8,8,8,8,8,8,8,8];3;true;true;2;2;128;[2];0.34375;2.9090909090909092
128;128.579;8;32;[1,1,1,1,1,1,1,1,2,2,2,2,4,4,4,4,4,4,4,4,4,4,4,4,8,8,8,8,8,8,8,8];4;true;true;2;2;128;[2];0.25;4.
128;128.580;8;44;[1,1,1,1,1,1,1,1,2,2,2,2,2,2,2,2,2,2,2,2,2,2,2,2,2,2,2,2,2,2,2,2,2,2,2,2,8,8,8,8,8,8,8,8];3;true;true;2;2;128;[2];0.34375;2.9090909090909092
128;128.581;8;32;[1,1,1,1,1,1,1,1,2,2,2,2,4,4,4,4,4,4,4,4,4,4,4,4,8,8,8,8,8,8,8,8];4;true;true;2;2;128;[2];0.25;4.
128;128.582;16;56;[1,1,1,1,1,1,1,1,1,1,1,1,1,1,1,1,2,2,2,2,2,2,2,2,2,2,2,2,2,2,2,2,2,2,2,2,2,2,2,2,4,4,4,4,4,4,4,4,4,4,4,4,4,4,4,4];3;true;true;2;2;128;[2];0.4375;2.2857142857142856
128;128.583;16;44;[1,1,1,1,1,1,1,1,1,1,1,1,1,1,1,1,4,4,4,4,4,4,4,4,4,4,4,4,4,4,4,4,4,4,4,4,4,4,4,4,4,4,4,4];2;true;true;2;2;128;[2];0.34375;2.9090909090909092
128;128.584;8;38;[1,1,1,1,1,1,1,1,2,2,2,2,2,2,2,2,4,4,4,4,4,4,4,4,4,4,4,4,4,4,4,4,4,4,8,8,8,8];4;true;true;2;2;128;[2];0.296875;3.3684210526315788
128;128.585;8;38;[1,1,1,1,1,1,1,1,2,2,2,2,2,2,2,2,4,4,4,4,4,4,4,4,4,4,4,4,4,4,4,4,4,4,8,8,8,8];4;true;true;2;2;128;[2];0.296875;3.3684210526315788
128;128.586;8;38;[1,1,1,1,1,1,1,1,2,2,2,2,2,2,2,2,4,4,4,4,4,4,4,4,4,4,4,4,4,4,4,4,4,4,8,8,8,8];4;true;true;2;2;128;[2];0.296875;3.3684210526315788
128;128.587;8;38;[1,1,1,1,1,1,1,1,2,2,2,2,2,2,2,2,4,4,4,4,4,4,4,4,4,4,4,4,4,4,4,4,4,4,8,8,8,8];4;true;true;2;2;128;[2];0.296875;3.3684210526315788
128;128.588;4;32;[1,1,1,1,2,2,2,2,2,2,4,4,4,4,4,4,4,4,4,4,4,4,4,4,4,4,8,8,8,8,8,8];4;true;true;2;2;128;[2];0.25;4.
128;128.589;4;32;[1,1,1,1,2,2,2,2,2,2,4,4,4,4,4,4,4,4,4,4,4,4,4,4,4,4,8,8,8,8,8,8];4;true;true;2;2;128;[2];0.25;4.
128;128.590;4;32;[1,1,1,1,2,2,2,2,2,2,4,4,4,4,4,4,4,4,4,4,4,4,4,4,4,4,8,8,8,8,8,8];4;true;true;2;2;128;[2];0.25;4.
128;128.591;4;32;[1,1,1,1,2,2,2,2,2,2,4,4,4,4,4,4,4,4,4,4,4,4,4,4,4,4,8,8,8,8,8,8];4;true;true;2;2;128;[2];0.25;4.
128;128.592;4;32;[1,1,1,1,2,2,2,2,2,2,4,4,4,4,4,4,4,4,4,4,4,4,4,4,4,4,8,8,8,8,8,8];4;true;true;2;2;128;[2];0.25;4.
128;128.593;4;32;[1,1,1,1,2,2,2,2,2,2,4,4,4,4,4,4,4,4,4,4,4,4,4,4,4,4,8,8,8,8,8,8];4;true;true;2;2;128;[2];0.25;4.
128;128.594;8;38;[1,1,1,1,1,1,1,1,2,2,2,2,2,2,2,2,4,4,4,4,4,4,4,4,4,4,4,4,4,4,4,4,4,4,8,8,8,8];4;true;true;2;2;128;[2];0.296875;3.3684210526315788
128;128.595;8;38;[1,1,1,1,1,1,1,1,2,2,2,2,2,2,2,2,4,4,4,4,4,4,4,4,4,4,4,4,4,4,4,4,4,4,8,8,8,8];4;true;true;2;2;128;[2];0.296875;3.3684210526315788
128;128.596;8;38;[1,1,1,1,1,1,1,1,2,2,2,2,2,2,2,2,4,4,4,4,4,4,4,4,4,4,4,4,4,4,4,4,4,4,8,8,8,8];4;true;true;2;2;128;[2];0.296875;3.3684210526315788
128;128.597;8;38;[1,1,1,1,1,1,1,1,2,2,2,2,2,2,2,2,4,4,4,4,4,4,4,4,4,4,4,4,4,4,4,4,4,4,8,8,8,8];4;true;true;2;2;128;[2];0.296875;3.3684210526315788
128;128.598;8;38;[1,1,1,1,1,1,1,1,2,2,2,2,2,2,2,2,4,4,4,4,4,4,4,4,4,4,4,4,4,4,4,4,4,4,8,8,8,8];4;true;true;2;2;128;[2];0.296875;3.3684210526315788
128;128.599;4;32;[1,1,1,1,2,2,2,2,2,2,4,4,4,4,4,4,4,4,4,4,4,4,4,4,4,4,8,8,8,8,8,8];4;true;true;2;2;128;[2];0.25;4.
128;128.600;4;32;[1,1,1,1,2,2,2,2,2,2,4,4,4,4,4,4,4,4,4,4,4,4,4,4,4,4,8,8,8,8,8,8];4;true;true;2;2;128;[2];0.25;4.
128;128.601;16;56;[1,1,1,1,1,1,1,1,1,1,1,1,1,1,1,1,2,2,2,2,2,2,2,2,2,2,2,2,2,2,2,2,2,2,2,2,2,2,2,2,4,4,4,4,4,4,4,4,4,4,4,4,4,4,4,4];3;true;true;2;2;128;[2];0.4375;2.2857142857142856
128;128.602;16;44;[1,1,1,1,1,1,1,1,1,1,1,1,1,1,1,1,4,4,4,4,4,4,4,4,4,4,4,4,4,4,4,4,4,4,4,4,4,4,4,4,4,4,4,4];2;true;true;2;2;128;[2];0.34375;2.9090909090909092
128;128.603;8;38;[1,1,1,1,1,1,1,1,2,2,2,2,2,2,2,2,4,4,4,4,4,4,4,4,4,4,4,4,4,4,4,4,4,4,8,8,8,8];4;true;true;2;2;128;[2];0.296875;3.3684210526315788
128;128.604;8;38;[1,1,1,1,1,1,1,1,2,2,2,2,2,2,2,2,4,4,4,4,4,4,4,4,4,4,4,4,4,4,4,4,4,4,8,8,8,8];4;true;true;2;2;128;[2];0.296875;3.3684210526315788
128;128.605;8;38;[1,1,1,1,1,1,1,1,2,2,2,2,2,2,2,2,4,4,4,4,4,4,4,4,4,4,4,4,4,4,4,4,4,4,8,8,8,8];4;true;true;2;2;128;[2];0.296875;3.3684210526315788
128;128.606;8;38;[1,1,1,1,1,1,1,1,2,2,2,2,2,2,2,2,4,4,4,4,4,4,4,4,4,4,4,4,4,4,4,4,4,4,8,8,8,8];4;true;true;2;2;128;[2];0.296875;3.3684210526315788
128;128.607;8;38;[1,1,1,1,1,1,1,1,2,2,2,2,2,2,2,2,4,4,4,4,4,4,4,4,4,4,4,4,4,4,4,4,4,4,8,8,8,8];4;true;true;2;2;128;[2];0.296875;3.3684210526315788
128;128.608;8;38;[1,1,1,1,1,1,1,1,2,2,2,2,2,2,2,2,4,4,4,4,4,4,4,4,4,4,4,4,4,4,4,4,4,4,8,8,8,8];4;true;true;2;2;128;[2];0.296875;3.3684210526315788
128;128.609;8;38;[1,1,1,1,1,1,1,1,2,2,2,2,2,2,2,2,4,4,4,4,4,4,4,4,4,4,4,4,4,4,4,4,4,4,8,8,8,8];4;true;true;2;2;128;[2];0.296875;3.3684210526315788
128;128.610;8;38;[1,1,1,1,1,1,1,1,2,2,2,2,2,2,2,2,4,4,4,4,4,4,4,4,4,4,4,4,4,4,4,4,4,4,8,8,8,8];4;true;true;2;2;128;[2];0.296875;3.3684210526315788
128;128.611;8;38;[1,1,1,1,1,1,1,1,2,2,2,2,2,2,2,2,4,4,4,4,4,4,4,4,4,4,4,4,4,4,4,4,4,4,8,8,8,8];4;true;true;2;2;128;[2];0.296875;3.3684210526315788
128;128.612;8;38;[1,1,1,1,1,1,1,1,2,2,2,2,2,2,2,2,4,4,4,4,4,4,4,4,4,4,4,4,4,4,4,4,4,4,8,8,8,8];4;true;true;2;2;128;[2];0.296875;3.3684210526315788
128;128.613;4;32;[1,1,1,1,2,2,2,2,2,2,4,4,4,4,4,4,4,4,4,4,4,4,4,4,4,4,8,8,8,8,8,8];4;true;true;2;2;128;[2];0.25;4.
128;128.614;4;32;[1,1,1,1,2,2,2,2,2,2,4,4,4,4,4,4,4,4,4,4,4,4,4,4,4,4,8,8,8,8,8,8];4;true;true;2;2;128;[2];0.25;4.
128;128.615;4;32;[1,1,1,1,2,2,2,2,2,2,4,4,4,4,4,4,4,4,4,4,4,4,4,4,4,4,8,8,8,8,8,8];4;true;true;2;2;128;[2];0.25;4.
128;128.616;4;32;[1,1,1,1,2,2,2,2,2,2,4,4,4,4,4,4,4,4,4,4,4,4,4,4,4,4,8,8,8,8,8,8];4;true;true;2;2;128;[2];0.25;4.
128;128.617;4;32;[1,1,1,1,2,2,2,2,2,2,4,4,4,4,4,4,4,4,4,4,4,4,4,4,4,4,8,8,8,8,8,8];4;true;true;2;2;128;[2];0.25;4.
128;128.618;4;32;[1,1,1,1,2,2,2,2,2,2,4,4,4,4,4,4,4,4,4,4,4,4,4,4,4,4,8,8,8,8,8,8];4;true;true;2;2;128;[2];0.25;4.
128;128.619;4;32;[1,1,1,1,2,2,2,2,2,2,4,4,4,4,4,4,4,4,4,4,4,4,4,4,4,4,8,8,8,8,8,8];4;true;true;2;2;128;[2];0.25;4.
128;128.620;4;32;[1,1,1,1,2,2,2,2,2,2,4,4,4,4,4,4,4,4,4,4,4,4,4,4,4,4,8,8,8,8,8,8];4;true;true;2;2;128;[2];0.25;4.
128;128.621;4;32;[1,1,1,1,2,2,2,2,2,2,4,4,4,4,4,4,4,4,4,4,4,4,4,4,4,4,8,8,8,8,8,8];4;true;true;2;2;128;[2];0.25;4.
128;128.622;4;32;[1,1,1,1,2,2,2,2,2,2,4,4,4,4,4,4,4,4,4,4,4,4,4,4,4,4,8,8,8,8,8,8];4;true;true;2;2;128;[2];0.25;4.
128;128.623;4;32;[1,1,1,1,2,2,2,2,2,2,4,4,4,4,4,4,4,4,4,4,4,4,4,4,4,4,8,8,8,8,8,8];4;true;true;2;2;128;[2];0.25;4.
128;128.624;8;44;[1,1,1,1,1,1,1,1,2,2,2,2,2,2,2,2,2,2,2,2,2,2,2,2,2,2,2,2,2,2,2,2,2,2,2,2,8,8,8,8,8,8,8,8];3;true;true;2;2;128;[2];0.34375;2.9090909090909092
128;128.625;8;44;[1,1,1,1,1,1,1,1,2,2,2,2,2,2,2,2,2,2,2,2,2,2,2,2,2,2,2,2,2,2,2,2,2,2,2,2,8,8,8,8,8,8,8,8];3;true;true;2;2;128;[2];0.34375;2.9090909090909092
128;128.626;8;32;[1,1,1,1,1,1,1,1,2,2,2,2,4,4,4,4,4,4,4,4,4,4,4,4,8,8,8,8,8,8,8,8];4;true;true;2;2;128;[2];0.25;4.
128;128.627;8;32;[1,1,1,1,1,1,1,1,2,2,2,2,4,4,4,4,4,4,4,4,4,4,4,4,8,8,8,8,8,8,8,8];4;true;true;2;2;128;[2];0.25;4.
128;128.628;8;44;[1,1,1,1,1,1,1,1,2,2,2,2,2,2,2,2,2,2,2,2,2,2,2,2,2,2,2,2,2,2,2,2,2,2,2,2,8,8,8,8,8,8,8,8];3;true;true;2;2;128;[2];0.34375;2.9090909090909092
128;128.629;8;32;[1,1,1,1,1,1,1,1,2,2,2,2,4,4,4,4,4,4,4,4,4,4,4,4,8,8,8,8,8,8,8,8];4;true;true;2;2;128;[2];0.25;4.
128;128.630;4;32;[1,1,1,1,2,2,2,2,2,2,2,2,2,2,4,4,4,4,4,4,4,4,4,4,8,8,8,8,8,8,8,8];4;true;true;2;2;128;[2];0.25;4.
128;128.631;4;32;[1,1,1,1,2,2,2,2,2,2,2,2,2,2,4,4,4,4,4,4,4,4,4,4,8,8,8,8,8,8,8,8];4;true;true;2;2;128;[2];0.25;4.
128;128.632;4;32;[1,1,1,1,2,2,2,2,2,2,2,2,2,2,4,4,4,4,4,4,4,4,4,4,8,8,8,8,8,8,8,8];4;true;true;2;2;128;[2];0.25;4.
128;128.633;4;32;[1,1,1,1,2,2,2,2,2,2,2,2,2,2,4,4,4,4,4,4,4,4,4,4,8,8,8,8,8,8,8,8];4;true;true;2;2;128;[2];0.25;4.
128;128.634;2;29;[1,1,2,2,2,2,2,2,2,4,4,4,4,4,4,4,4,4,4,4,4,8,8,8,8,8,8,8,8];4;true;true;2;2;128;[2];0.2265625;4.4137931034482758
128;128.635;2;29;[1,1,2,2,2,2,2,2,2,4,4,4,4,4,4,4,4,4,4,4,4,8,8,8,8,8,8,8,8];4;true;true;2;2;128;[2];0.2265625;4.4137931034482758
128;128.636;2;29;[1,1,2,2,2,2,2,2,2,4,4,4,4,4,4,4,4,4,4,4,4,8,8,8,8,8,8,8,8];4;true;true;2;2;128;[2];0.2265625;4.4137931034482758
128;128.637;2;29;[1,1,2,2,2,2,2,2,2,4,4,4,4,4,4,4,4,4,4,4,4,8,8,8,8,8,8,8,8];4;true;true;2;2;128;[2];0.2265625;4.4137931034482758
128;128.638;4;32;[1,1,1,1,2,2,2,2,2,2,2,2,2,2,4,4,4,4,4,4,4,4,4,4,8,8,8,8,8,8,8,8];4;true;true;2;2;128;[2];0.25;4.
128;128.639;4;32;[1,1,1,1,2,2,2,2,2,2,2,2,2,2,4,4,4,4,4,4,4,4,4,4,8,8,8,8,8,8,8,8];4;true;true;2;2;128;[2];0.25;4.
128;128.640;4;32;[1,1,1,1,2,2,2,2,2,2,2,2,2,2,4,4,4,4,4,4,4,4,4,4,8,8,8,8,8,8,8,8];4;true;true;2;2;128;[2];0.25;4.
128;128.641;2;29;[1,1,2,2,2,2,2,2,2,4,4,4,4,4,4,4,4,4,4,4,4,8,8,8,8,8,8,8,8];4;true;true;2;2;128;[2];0.2265625;4.4137931034482758
128;128.642;2;29;[1,1,2,2,2,2,2,2,2,4,4,4,4,4,4,4,4,4,4,4,4,8,8,8,8,8,8,8,8];4;true;true;2;2;128;[2];0.2265625;4.4137931034482758
128;128.643;2;29;[1,1,2,2,2,2,2,2,2,4,4,4,4,4,4,4,4,4,4,4,4,8,8,8,8,8,8,8,8];4;true;true;2;2;128;[2];0.2265625;4.4137931034482758
128;128.644;2;29;[1,1,2,2,2,2,2,2,2,4,4,4,4,4,4,4,4,4,4,4,4,8,8,8,8,8,8,8,8];4;true;true;2;2;128;[2];0.2265625;4.4137931034482758
128;128.645;2;29;[1,1,2,2,2,2,2,2,2,4,4,4,4,4,4,4,4,4,4,4,4,8,8,8,8,8,8,8,8];4;true;true;2;2;128;[2];0.2265625;4.4137931034482758
128;128.646;2;29;[1,1,2,2,2,2,2,2,2,4,4,4,4,4,4,4,4,4,4,4,4,8,8,8,8,8,8,8,8];4;true;true;2;2;128;[2];0.2265625;4.4137931034482758
128;128.647;2;29;[1,1,2,2,2,2,2,2,2,4,4,4,4,4,4,4,4,4,4,4,4,8,8,8,8,8,8,8,8];4;true;true;2;2;128;[2];0.2265625;4.4137931034482758
128;128.648;16;56;[1,1,1,1,1,1,1,1,1,1,1,1,1,1,1,1,2,2,2,2,2,2,2,2,2,2,2,2,2,2,2,2,2,2,2,2,2,2,2,2,4,4,4,4,4,4,4,4,4,4,4,4,4,4,4,4];3;true;true;2;2;128;[2];0.4375;2.2857142857142856
128;128.649;16;44;[1,1,1,1,1,1,1,1,1,1,1,1,1,1,1,1,4,4,4,4,4,4,4,4,4,4,4,4,4,4,4,4,4,4,4,4,4,4,4,4,4,4,4,4];2;true;true;2;2;128;[2];0.34375;2.9090909090909092
128;128.650;8;38;[1,1,1,1,1,1,1,1,2,2,2,2,2,2,2,2,4,4,4,4,4,4,4,4,4,4,4,4,4,4,4,4,4,4,8,8,8,8];4;true;true;2;2;128;[2];0.296875;3.3684210526315788
128;128.651;8;38;[1,1,1,1,1,1,1,1,2,2,2,2,2,2,2,2,4,4,4,4,4,4,4,4,4,4,4,4,4,4,4,4,4,4,8,8,8,8];4;true;true;2;2;128;[2];0.296875;3.3684210526315788
128;128.652;8;38;[1,1,1,1,1,1,1,1,2,2,2,2,2,2,2,2,4,4,4,4,4,4,4,4,4,4,4,4,4,4,4,4,4,4,8,8,8,8];4;true;true;2;2;128;[2];0.296875;3.3684210526315788
128;128.653;8;38;[1,1,1,1,1,1,1,1,2,2,2,2,2,2,2,2,4,4,4,4,4,4,4,4,4,4,4,4,4,4,4,4,4,4,8,8,8,8];4;true;true;2;2;128;[2];0.296875;3.3684210526315788
128;128.654;8;38;[1,1,1,1,1,1,1,1,2,2,2,2,2,2,2,2,4,4,4,4,4,4,4,4,4,4,4,4,4,4,4,4,4,4,8,8,8,8];4;true;true;2;2;128;[2];0.296875;3.3684210526315788
128;128.655;16;56;[1,1,1,1,1,1,1,1,1,1,1,1,1,1,1,1,2,2,2,2,2,2,2,2,2,2,2,2,2,2,2,2,2,2,2,2,2,2,2,2,4,4,4,4,4,4,4,4,4,4,4,4,4,4,4,4];3;true;true;2;2;128;[2];0.4375;2.2857142857142856
128;128.656;16;44;[1,1,1,1,1,1,1,1,1,1,1,1,1,1,1,1,4,4,4,4,4,4,4,4,4,4,4,4,4,4,4,4,4,4,4,4,4,4,4,4,4,4,4,4];2;true;true;2;2;128;[2];0.34375;2.9090909090909092
128;128.657;8;38;[1,1,1,1,1,1,1,1,2,2,2,2,2,2,2,2,4,4,4,4,4,4,4,4,4,4,4,4,4,4,4,4,4,4,8,8,8,8];4;true;true;2;2;128;[2];0.296875;3.3684210526315788
128;128.658;8;38;[1,1,1,1,1,1,1,1,2,2,2,2,2,2,2,2,4,4,4,4,4,4,4,4,4,4,4,4,4,4,4,4,4,4,8,8,8,8];4;true;true;2;2;128;[2];0.296875;3.3684210526315788
128;128.659;8;38;[1,1,1,1,1,1,1,1,2,2,2,2,2,2,2,2,4,4,4,4,4,4,4,4,4,4,4,4,4,4,4,4,4,4,8,8,8,8];4;true;true;2;2;128;[2];0.296875;3.3684210526315788
128;128.660;8;38;[1,1,1,1,1,1,1,1,2,2,2,2,2,2,2,2,4,4,4,4,4,4,4,4,4,4,4,4,4,4,4,4,4,4,8,8,8,8];4;true;true;2;2;128;[2];0.296875;3.3684210526315788
128;128.661;8;38;[1,1,1,1,1,1,1,1,2,2,2,2,2,2,2,2,4,4,4,4,4,4,4,4,4,4,4,4,4,4,4,4,4,4,8,8,8,8];4;true;true;2;2;128;[2];0.296875;3.3684210526315788
128;128.662;4;32;[1,1,1,1,2,2,2,2,2,2,2,2,2,2,4,4,4,4,4,4,4,4,4,4,8,8,8,8,8,8,8,8];4;true;true;2;2;128;[2];0.25;4.
128;128.663;4;32;[1,1,1,1,2,2,2,2,2,2,2,2,2,2,4,4,4,4,4,4,4,4,4,4,8,8,8,8,8,8,8,8];4;true;true;2;2;128;[2];0.25;4.
128;128.664;4;32;[1,1,1,1,2,2,2,2,2,2,2,2,2,2,4,4,4,4,4,4,4,4,4,4,8,8,8,8,8,8,8,8];4;true;true;2;2;128;[2];0.25;4.
128;128.665;8;44;[1,1,1,1,1,1,1,1,2,2,2,2,2,2,2,2,2,2,2,2,2,2,2,2,2,2,2,2,2,2,2,2,2,2,2,2,8,8,8,8,8,8,8,8];3;true;true;2;2;128;[2];0.34375;2.9090909090909092
128;128.666;8;44;[1,1,1,1,1,1,1,1,2,2,2,2,2,2,2,2,2,2,2,2,2,2,2,2,2,2,2,2,2,2,2,2,2,2,2,2,8,8,8,8,8,8,8,8];3;true;true;2;2;128;[2];0.34375;2.9090909090909092
128;128.667;8;32;[1,1,1,1,1,1,1,1,2,2,2,2,4,4,4,4,4,4,4,4,4,4,4,4,8,8,8,8,8,8,8,8];4;true;true;2;2;128;[2];0.25;4.
128;128.668;8;32;[1,1,1,1,1,1,1,1,2,2,2,2,4,4,4,4,4,4,4,4,4,4,4,4,8,8,8,8,8,8,8,8];4;true;true;2;2;128;[2];0.25;4.
128;128.669;8;44;[1,1,1,1,1,1,1,1,2,2,2,2,2,2,2,2,2,2,2,2,2,2,2,2,2,2,2,2,2,2,2,2,2,2,2,2,8,8,8,8,8,8,8,8];3;true;true;2;2;128;[2];0.34375;2.9090909090909092
128;128.670;8;32;[1,1,1,1,1,1,1,1,2,2,2,2,4,4,4,4,4,4,4,4,4,4,4,4,8,8,8,8,8,8,8,8];4;true;true;2;2;128;[2];0.25;4.
128;128.671;16;56;[1,1,1,1,1,1,1,1,1,1,1,1,1,1,1,1,2,2,2,2,2,2,2,2,2,2,2,2,2,2,2,2,2,2,2,2,2,2,2,2,4,4,4,4,4,4,4,4,4,4,4,4,4,4,4,4];3;true;true;2;2;128;[2];0.4375;2.2857142857142856
128;128.672;16;44;[1,1,1,1,1,1,1,1,1,1,1,1,1,1,1,1,4,4,4,4,4,4,4,4,4,4,4,4,4,4,4,4,4,4,4,4,4,4,4,4,4,4,4,4];2;true;true;2;2;128;[2];0.34375;2.9090909090909092
128;128.673;8;44;[1,1,1,1,1,1,1,1,2,2,2,2,2,2,2,2,2,2,2,2,2,2,2,2,2,2,2,2,2,2,2,2,2,2,2,2,8,8,8,8,8,8,8,8];3;true;true;2;2;128;[2];0.34375;2.9090909090909092
128;128.674;8;44;[1,1,1,1,1,1,1,1,2,2,2,2,2,2,2,2,2,2,2,2,2,2,2,2,2,2,2,2,2,2,2,2,2,2,2,2,8,8,8,8,8,8,8,8];3;true;true;2;2;128;[2];0.34375;2.9090909090909092
128;128.675;8;32;[1,1,1,1,1,1,1,1,2,2,2,2,4,4,4,4,4,4,4,4,4,4,4,4,8,8,8,8,8,8,8,8];4;true;true;2;2;128;[2];0.25;4.
128;128.676;8;32;[1,1,1,1,1,1,1,1,2,2,2,2,4,4,4,4,4,4,4,4,4,4,4,4,8,8,8,8,8,8,8,8];4;true;true;2;2;128;[2];0.25;4.
128;128.677;8;44;[1,1,1,1,1,1,1,1,2,2,2,2,2,2,2,2,2,2,2,2,2,2,2,2,2,2,2,2,2,2,2,2,2,2,2,2,8,8,8,8,8,8,8,8];3;true;true;2;2;128;[2];0.34375;2.9090909090909092
128;128.678;8;32;[1,1,1,1,1,1,1,1,2,2,2,2,4,4,4,4,4,4,4,4,4,4,4,4,8,8,8,8,8,8,8,8];4;true;true;2;2;128;[2];0.25;4.
128;128.679;8;38;[1,1,1,1,1,1,1,1,2,2,2,2,2,2,2,2,4,4,4,4,4,4,4,4,4,4,4,4,4,4,4,4,4,4,8,8,8,8];4;true;true;2;2;128;[2];0.296875;3.3684210526315788
128;128.680;8;38;[1,1,1,1,1,1,1,1,2,2,2,2,2,2,2,2,4,4,4,4,4,4,4,4,4,4,4,4,4,4,4,4,4,4,8,8,8,8];4;true;true;2;2;128;[2];0.296875;3.3684210526315788
128;128.681;8;38;[1,1,1,1,1,1,1,1,2,2,2,2,2,2,2,2,4,4,4,4,4,4,4,4,4,4,4,4,4,4,4,4,4,4,8,8,8,8];4;true;true;2;2;128;[2];0.296875;3.3684210526315788
128;128.682;8;38;[1,1,1,1,1,1,1,1,2,2,2,2,2,2,2,2,4,4,4,4,4,4,4,4,4,4,4,4,4,4,4,4,4,4,8,8,8,8];4;true;true;2;2;128;[2];0.296875;3.3684210526315788
128;128.683;4;32;[1,1,1,1,2,2,2,2,2,2,2,2,2,2,4,4,4,4,4,4,4,4,4,4,8,8,8,8,8,8,8,8];4;true;true;2;2;128;[2];0.25;4.
128;128.684;4;32;[1,1,1,1,2,2,2,2,2,2,2,2,2,2,4,4,4,4,4,4,4,4,4,4,8,8,8,8,8,8,8,8];4;true;true;2;2;128;[2];0.25;4.
128;128.685;4;32;[1,1,1,1,2,2,2,2,2,2,2,2,2,2,4,4,4,4,4,4,4,4,4,4,8,8,8,8,8,8,8,8];4;true;true;2;2;128;[2];0.25;4.
128;128.686;16;56;[1,1,1,1,1,1,1,1,1,1,1,1,1,1,1,1,2,2,2,2,2,2,2,2,2,2,2,2,2,2,2,2,2,2,2,2,2,2,2,2,4,4,4,4,4,4,4,4,4,4,4,4,4,4,4,4];3;true;true;2;2;128;[2];0.4375;2.2857142857142856
128;128.687;16;44;[1,1,1,1,1,1,1,1,1,1,1,1,1,1,1,1,4,4,4,4,4,4,4,4,4,4,4,4,4,4,4,4,4,4,4,4,4,4,4,4,4,4,4,4];2;true;true;2;2;128;[2];0.34375;2.9090909090909092
128;128.688;8;44;[1,1,1,1,1,1,1,1,2,2,2,2,2,2,2,2,2,2,2,2,2,2,2,2,2,2,2,2,2,2,2,2,2,2,2,2,8,8,8,8,8,8,8,8];3;true;true;2;2;128;[2];0.34375;2.9090909090909092
128;128.689;8;44;[1,1,1,1,1,1,1,1,2,2,2,2,2,2,2,2,2,2,2,2,2,2,2,2,2,2,2,2,2,2,2,2,2,2,2,2,8,8,8,8,8,8,8,8];3;true;true;2;2;128;[2];0.34375;2.9090909090909092
128;128.690;8;44;[1,1,1,1,1,1,1,1,2,2,2,2,2,2,2,2,2,2,2,2,2,2,2,2,2,2,2,2,2,2,2,2,2,2,2,2,8,8,8,8,8,8,8,8];3;true;true;2;2;128;[2];0.34375;2.9090909090909092
128;128.691;8;32;[1,1,1,1,1,1,1,1,2,2,2,2,4,4,4,4,4,4,4,4,4,4,4,4,8,8,8,8,8,8,8,8];4;true;true;2;2;128;[2];0.25;4.
128;128.692;8;32;[1,1,1,1,1,1,1,1,2,2,2,2,4,4,4,4,4,4,4,4,4,4,4,4,8,8,8,8,8,8,8,8];4;true;true;2;2;128;[2];0.25;4.
128;128.693;8;32;[1,1,1,1,1,1,1,1,2,2,2,2,4,4,4,4,4,4,4,4,4,4,4,4,8,8,8,8,8,8,8,8];4;true;true;2;2;128;[2];0.25;4.
128;128.694;8;44;[1,1,1,1,1,1,1,1,2,2,2,2,2,2,2,2,2,2,2,2,2,2,2,2,2,2,2,2,2,2,2,2,2,2,2,2,8,8,8,8,8,8,8,8];3;true;true;2;2;128;[2];0.34375;2.9090909090909092
128;128.695;8;32;[1,1,1,1,1,1,1,1,2,2,2,2,4,4,4,4,4,4,4,4,4,4,4,4,8,8,8,8,8,8,8,8];4;true;true;2;2;128;[2];0.25;4.
128;128.696;4;32;[1,1,1,1,2,2,2,2,2,2,2,2,2,2,4,4,4,4,4,4,4,4,4,4,8,8,8,8,8,8,8,8];4;true;true;2;2;128;[2];0.25;4.
128;128.697;4;32;[1,1,1,1,2,2,2,2,2,2,2,2,2,2,4,4,4,4,4,4,4,4,4,4,8,8,8,8,8,8,8,8];4;true;true;2;2;128;[2];0.25;4.
128;128.698;4;32;[1,1,1,1,2,2,2,2,2,2,2,2,2,2,4,4,4,4,4,4,4,4,4,4,8,8,8,8,8,8,8,8];4;true;true;2;2;128;[2];0.25;4.
128;128.699;4;32;[1,1,1,1,2,2,2,2,2,2,2,2,2,2,4,4,4,4,4,4,4,4,4,4,8,8,8,8,8,8,8,8];4;true;true;2;2;128;[2];0.25;4.
128;128.700;8;44;[1,1,1,1,1,1,1,1,2,2,2,2,2,2,2,2,2,2,2,2,2,2,2,2,2,2,2,2,2,2,2,2,2,2,2,2,8,8,8,8,8,8,8,8];3;true;true;2;2;128;[2];0.34375;2.9090909090909092
128;128.701;8;44;[1,1,1,1,1,1,1,1,2,2,2,2,2,2,2,2,2,2,2,2,2,2,2,2,2,2,2,2,2,2,2,2,2,2,2,2,8,8,8,8,8,8,8,8];3;true;true;2;2;128;[2];0.34375;2.9090909090909092
128;128.702;8;44;[1,1,1,1,1,1,1,1,2,2,2,2,2,2,2,2,2,2,2,2,2,2,2,2,2,2,2,2,2,2,2,2,2,2,2,2,8,8,8,8,8,8,8,8];3;true;true;2;2;128;[2];0.34375;2.9090909090909092
128;128.703;8;32;[1,1,1,1,1,1,1,1,2,2,2,2,4,4,4,4,4,4,4,4,4,4,4,4,8,8,8,8,8,8,8,8];4;true;true;2;2;128;[2];0.25;4.
128;128.704;8;32;[1,1,1,1,1,1,1,1,2,2,2,2,4,4,4,4,4,4,4,4,4,4,4,4,8,8,8,8,8,8,8,8];4;true;true;2;2;128;[2];0.25;4.
128;128.705;8;32;[1,1,1,1,1,1,1,1,2,2,2,2,4,4,4,4,4,4,4,4,4,4,4,4,8,8,8,8,8,8,8,8];4;true;true;2;2;128;[2];0.25;4.
128;128.706;8;44;[1,1,1,1,1,1,1,1,2,2,2,2,2,2,2,2,2,2,2,2,2,2,2,2,2,2,2,2,2,2,2,2,2,2,2,2,8,8,8,8,8,8,8,8];3;true;true;2;2;128;[2];0.34375;2.9090909090909092
128;128.707;8;32;[1,1,1,1,1,1,1,1,2,2,2,2,4,4,4,4,4,4,4,4,4,4,4,4,8,8,8,8,8,8,8,8];4;true;true;2;2;128;[2];0.25;4.
128;128.708;4;32;[1,1,1,1,2,2,2,2,2,2,2,2,2,2,4,4,4,4,4,4,4,4,4,4,8,8,8,8,8,8,8,8];4;true;true;2;2;128;[2];0.25;4.
128;128.709;4;32;[1,1,1,1,2,2,2,2,2,2,2,2,2,2,4,4,4,4,4,4,4,4,4,4,8,8,8,8,8,8,8,8];4;true;true;2;2;128;[2];0.25;4.
128;128.710;4;32;[1,1,1,1,2,2,2,2,2,2,2,2,2,2,4,4,4,4,4,4,4,4,4,4,8,8,8,8,8,8,8,8];4;true;true;2;2;128;[2];0.25;4.
128;128.711;4;32;[1,1,1,1,2,2,2,2,2,2,2,2,2,2,4,4,4,4,4,4,4,4,4,4,8,8,8,8,8,8,8,8];4;true;true;2;2;128;[2];0.25;4.
128;128.712;8;38;[1,1,1,1,1,1,1,1,2,2,2,2,2,2,2,2,4,4,4,4,4,4,4,4,4,4,4,4,4,4,4,4,4,4,8,8,8,8];4;true;true;2;2;128;[2];0.296875;3.3684210526315788
128;128.713;8;38;[1,1,1,1,1,1,1,1,2,2,2,2,2,2,2,2,4,4,4,4,4,4,4,4,4,4,4,4,4,4,4,4,4,4,8,8,8,8];4;true;true;2;2;128;[2];0.296875;3.3684210526315788
128;128.714;8;38;[1,1,1,1,1,1,1,1,2,2,2,2,2,2,2,2,4,4,4,4,4,4,4,4,4,4,4,4,4,4,4,4,4,4,8,8,8,8];4;true;true;2;2;128;[2];0.296875;3.3684210526315788
128;128.715;8;38;[1,1,1,1,1,1,1,1,2,2,2,2,2,2,2,2,4,4,4,4,4,4,4,4,4,4,4,4,4,4,4,4,4,4,8,8,8,8];4;true;true;2;2;128;[2];0.296875;3.3684210526315788
128;128.716;16;56;[1,1,1,1,1,1,1,1,1,1,1,1,1,1,1,1,2,2,2,2,2,2,2,2,2,2,2,2,2,2,2,2,2,2,2,2,2,2,2,2,4,4,4,4,4,4,4,4,4,4,4,4,4,4,4,4];3;true;true;2;2;128;[2];0.4375;2.2857142857142856
128;128.717;16;44;[1,1,1,1,1,1,1,1,1,1,1,1,1,1,1,1,4,4,4,4,4,4,4,4,4,4,4,4,4,4,4,4,4,4,4,4,4,4,4,4,4,4,4,4];2;true;true;2;2;128;[2];0.34375;2.9090909090909092
128;128.718;8;38;[1,1,1,1,1,1,1,1,2,2,2,2,2,2,2,2,4,4,4,4,4,4,4,4,4,4,4,4,4,4,4,4,4,4,8,8,8,8];4;true;true;2;2;128;[2];0.296875;3.3684210526315788
128;128.719;8;38;[1,1,1,1,1,1,1,1,2,2,2,2,2,2,2,2,4,4,4,4,4,4,4,4,4,4,4,4,4,4,4,4,4,4,8,8,8,8];4;true;true;2;2;128;[2];0.296875;3.3684210526315788
128;128.720;8;38;[1,1,1,1,1,1,1,1,2,2,2,2,2,2,2,2,4,4,4,4,4,4,4,4,4,4,4,4,4,4,4,4,4,4,8,8,8,8];4;true;true;2;2;128;[2];0.296875;3.3684210526315788
128;128.721;8;38;[1,1,1,1,1,1,1,1,2,2,2,2,2,2,2,2,4,4,4,4,4,4,4,4,4,4,4,4,4,4,4,4,4,4,8,8,8,8];4;true;true;2;2;128;[2];0.296875;3.3684210526315788
128;128.722;8;44;[1,1,1,1,1,1,1,1,2,2,2,2,2,2,2,2,2,2,2,2,2,2,2,2,2,2,2,2,2,2,2,2,2,2,2,2,8,8,8,8,8,8,8,8];3;true;true;2;2;128;[2];0.34375;2.9090909090909092
128;128.723;8;44;[1,1,1,1,1,1,1,1,2,2,2,2,2,2,2,2,2,2,2,2,2,2,2,2,2,2,2,2,2,2,2,2,2,2,2,2,8,8,8,8,8,8,8,8];3;true;true;2;2;128;[2];0.34375;2.9090909090909092
128;128.724;8;32;[1,1,1,1,1,1,1,1,2,2,2,2,4,4,4,4,4,4,4,4,4,4,4,4,8,8,8,8,8,8,8,8];4;true;true;2;2;128;[2];0.25;4.
128;128.725;8;32;[1,1,1,1,1,1,1,1,2,2,2,2,4,4,4,4,4,4,4,4,4,4,4,4,8,8,8,8,8,8,8,8];4;true;true;2;2;128;[2];0.25;4.
128;128.726;8;44;[1,1,1,1,1,1,1,1,2,2,2,2,2,2,2,2,2,2,2,2,2,2,2,2,2,2,2,2,2,2,2,2,2,2,2,2,8,8,8,8,8,8,8,8];3;true;true;2;2;128;[2];0.34375;2.9090909090909092
128;128.727;8;32;[1,1,1,1,1,1,1,1,2,2,2,2,4,4,4,4,4,4,4,4,4,4,4,4,8,8,8,8,8,8,8,8];4;true;true;2;2;128;[2];0.25;4.
128;128.728;4;32;[1,1,1,1,2,2,2,2,2,2,2,2,2,2,4,4,4,4,4,4,4,4,4,4,8,8,8,8,8,8,8,8];4;true;true;2;2;128;[2];0.25;4.
128;128.729;4;32;[1,1,1,1,2,2,2,2,2,2,2,2,2,2,4,4,4,4,4,4,4,4,4,4,8,8,8,8,8,8,8,8];4;true;true;2;2;128;[2];0.25;4.
128;128.730;4;32;[1,1,1,1,2,2,2,2,2,2,2,2,2,2,4,4,4,4,4,4,4,4,4,4,8,8,8,8,8,8,8,8];4;true;true;2;2;128;[2];0.25;4.
128;128.731;8;32;[1,1,1,1,1,1,1,1,2,2,2,2,4,4,4,4,4,4,4,4,4,4,4,4,8,8,8,8,8,8,8,8];4;true;true;2;2;128;[2];0.25;4.
128;128.732;8;32;[1,1,1,1,1,1,1,1,2,2,2,2,4,4,4,4,4,4,4,4,4,4,4,4,8,8,8,8,8,8,8,8];4;true;true;2;2;128;[2];0.25;4.
128;128.733;8;32;[1,1,1,1,1,1,1,1,2,2,2,2,4,4,4,4,4,4,4,4,4,4,4,4,8,8,8,8,8,8,8,8];4;true;true;2;2;128;[2];0.25;4.
128;128.734;4;26;[1,1,1,1,2,2,2,2,2,2,4,4,4,4,8,8,8,8,8,8,8,8,8,8,8,8];4;true;true;2;2;128;[2];0.203125;4.9230769230769234
128;128.735;4;26;[1,1,1,1,2,2,2,2,2,2,4,4,4,4,8,8,8,8,8,8,8,8,8,8,8,8];4;true;true;2;2;128;[2];0.203125;4.9230769230769234
128;128.736;4;26;[1,1,1,1,2,2,2,2,2,2,4,4,4,4,8,8,8,8,8,8,8,8,8,8,8,8];4;true;true;2;2;128;[2];0.203125;4.9230769230769234
128;128.737;4;26;[1,1,1,1,2,2,2,2,2,2,4,4,4,4,8,8,8,8,8,8,8,8,8,8,8,8];4;true;true;2;2;128;[2];0.203125;4.9230769230769234
128;128.738;4;26;[1,1,1,1,2,2,2,2,2,2,4,4,4,4,8,8,8,8,8,8,8,8,8,8,8,8];4;true;true;2;2;128;[2];0.203125;4.9230769230769234
128;128.739;4;26;[1,1,1,1,2,2,2,2,2,2,4,4,4,4,8,8,8,8,8,8,8,8,8,8,8,8];4;true;true;2;2;128;[2];0.203125;4.9230769230769234
128;128.740;2;23;[1,1,2,2,2,2,2,2,2,8,8,8,8,8,8,8,8,8,8,8,8,8,8];3;true;true;2;2;128;[2];0.1796875;5.5652173913043477
128;128.741;2;23;[1,1,2,2,2,2,2,2,2,8,8,8,8,8,8,8,8,8,8,8,8,8,8];3;true;true;2;2;128;[2];0.1796875;5.5652173913043477
128;128.742;4;26;[1,1,1,1,2,2,2,2,2,2,4,4,4,4,8,8,8,8,8,8,8,8,8,8,8,8];4;true;true;2;2;128;[2];0.203125;4.9230769230769234
128;128.743;8;32;[1,1,1,1,1,1,1,1,2,2,2,2,4,4,4,4,4,4,4,4,4,4,4,4,8,8,8,8,8,8,8,8];4;true;true;2;2;128;[2];0.25;4.
128;128.744;8;32;[1,1,1,1,1,1,1,1,2,2,2,2,4,4,4,4,4,4,4,4,4,4,4,4,8,8,8,8,8,8,8,8];4;true;true;2;2;128;[2];0.25;4.
128;128.745;8;32;[1,1,1,1,1,1,1,1,2,2,2,2,4,4,4,4,4,4,4,4,4,4,4,4,8,8,8,8,8,8,8,8];4;true;true;2;2;128;[2];0.25;4.
128;128.746;8;32;[1,1,1,1,1,1,1,1,2,2,2,2,4,4,4,4,4,4,4,4,4,4,4,4,8,8,8,8,8,8,8,8];4;true;true;2;2;128;[2];0.25;4.
128;128.747;8;32;[1,1,1,1,1,1,1,1,2,2,2,2,4,4,4,4,4,4,4,4,4,4,4,4,8,8,8,8,8,8,8,8];4;true;true;2;2;128;[2];0.25;4.
128;128.748;8;32;[1,1,1,1,1,1,1,1,2,2,2,2,4,4,4,4,4,4,4,4,4,4,4,4,8,8,8,8,8,8,8,8];4;true;true;2;2;128;[2];0.25;4.
128;128.749;4;26;[1,1,1,1,2,2,2,2,2,2,4,4,4,4,8,8,8,8,8,8,8,8,8,8,8,8];4;true;true;2;2;128;[2];0.203125;4.9230769230769234
128;128.750;4;26;[1,1,1,1,2,2,2,2,2,2,4,4,4,4,8,8,8,8,8,8,8,8,8,8,8,8];4;true;true;2;2;128;[2];0.203125;4.9230769230769234
128;128.751;4;26;[1,1,1,1,2,2,2,2,2,2,4,4,4,4,8,8,8,8,8,8,8,8,8,8,8,8];4;true;true;2;2;128;[2];0.203125;4.9230769230769234
128;128.752;4;26;[1,1,1,1,2,2,2,2,2,2,4,4,4,4,8,8,8,8,8,8,8,8,8,8,8,8];4;true;true;2;2;128;[2];0.203125;4.9230769230769234
128;128.753;4;26;[1,1,1,1,2,2,2,2,2,2,4,4,4,4,8,8,8,8,8,8,8,8,8,8,8,8];4;true;true;2;2;128;[2];0.203125;4.9230769230769234
128;128.754;4;26;[1,1,1,1,2,2,2,2,2,2,4,4,4,4,8,8,8,8,8,8,8,8,8,8,8,8];4;true;true;2;2;128;[2];0.203125;4.9230769230769234
128;128.755;8;32;[1,1,1,1,1,1,1,1,2,2,2,2,4,4,4,4,4,4,4,4,4,4,4,4,8,8,8,8,8,8,8,8];4;true;true;2;2;128;[2];0.25;4.
128;128.756;8;32;[1,1,1,1,1,1,1,1,2,2,2,2,4,4,4,4,4,4,4,4,4,4,4,4,8,8,8,8,8,8,8,8];4;true;true;2;2;128;[2];0.25;4.
128;128.757;8;32;[1,1,1,1,1,1,1,1,2,2,2,2,4,4,4,4,4,4,4,4,4,4,4,4,8,8,8,8,8,8,8,8];4;true;true;2;2;128;[2];0.25;4.
128;128.758;8;32;[1,1,1,1,1,1,1,1,2,2,2,2,4,4,4,4,4,4,4,4,4,4,4,4,8,8,8,8,8,8,8,8];4;true;true;2;2;128;[2];0.25;4.
128;128.759;4;26;[1,1,1,1,2,2,2,2,2,2,4,4,4,4,8,8,8,8,8,8,8,8,8,8,8,8];4;true;true;2;2;128;[2];0.203125;4.9230769230769234
128;128.760;4;26;[1,1,1,1,2,2,2,2,2,2,4,4,4,4,8,8,8,8,8,8,8,8,8,8,8,8];4;true;true;2;2;128;[2];0.203125;4.9230769230769234
128;128.761;4;26;[1,1,1,1,2,2,2,2,2,2,4,4,4,4,8,8,8,8,8,8,8,8,8,8,8,8];4;true;true;2;2;128;[2];0.203125;4.9230769230769234
128;128.762;4;26;[1,1,1,1,2,2,2,2,2,2,4,4,4,4,8,8,8,8,8,8,8,8,8,8,8,8];4;true;true;2;2;128;[2];0.203125;4.9230769230769234
128;128.763;4;26;[1,1,1,1,2,2,2,2,2,2,4,4,4,4,8,8,8,8,8,8,8,8,8,8,8,8];4;true;true;2;2;128;[2];0.203125;4.9230769230769234
128;128.764;2;23;[1,1,2,2,2,2,2,2,2,8,8,8,8,8,8,8,8,8,8,8,8,8,8];3;true;true;2;2;128;[2];0.1796875;5.5652173913043477
128;128.765;8;32;[1,1,1,1,1,1,1,1,2,2,2,2,4,4,4,4,4,4,4,4,4,4,4,4,8,8,8,8,8,8,8,8];4;true;true;2;2;128;[2];0.25;4.
128;128.766;8;32;[1,1,1,1,1,1,1,1,2,2,2,2,4,4,4,4,4,4,4,4,4,4,4,4,8,8,8,8,8,8,8,8];4;true;true;2;2;128;[2];0.25;4.
128;128.767;8;32;[1,1,1,1,1,1,1,1,2,2,2,2,4,4,4,4,4,4,4,4,4,4,4,4,8,8,8,8,8,8,8,8];4;true;true;2;2;128;[2];0.25;4.
128;128.768;8;32;[1,1,1,1,1,1,1,1,2,2,2,2,4,4,4,4,4,4,4,4,4,4,4,4,8,8,8,8,8,8,8,8];4;true;true;2;2;128;[2];0.25;4.
128;128.769;4;26;[1,1,1,1,2,2,2,2,2,2,4,4,4,4,8,8,8,8,8,8,8,8,8,8,8,8];4;true;true;2;2;128;[2];0.203125;4.9230769230769234
128;128.770;4;26;[1,1,1,1,2,2,2,2,2,2,4,4,4,4,8,8,8,8,8,8,8,8,8,8,8,8];4;true;true;2;2;128;[2];0.203125;4.9230769230769234
128;128.771;4;26;[1,1,1,1,2,2,2,2,2,2,4,4,4,4,8,8,8,8,8,8,8,8,8,8,8,8];4;true;true;2;2;128;[2];0.203125;4.9230769230769234
128;128.772;4;26;[1,1,1,1,2,2,2,2,2,2,4,4,4,4,8,8,8,8,8,8,8,8,8,8,8,8];4;true;true;2;2;128;[2];0.203125;4.9230769230769234
128;128.773;8;32;[1,1,1,1,1,1,1,1,2,2,2,2,4,4,4,4,4,4,4,4,4,4,4,4,8,8,8,8,8,8,8,8];4;true;true;2;2;128;[2];0.25;4.
128;128.774;8;32;[1,1,1,1,1,1,1,1,2,2,2,2,4,4,4,4,4,4,4,4,4,4,4,4,8,8,8,8,8,8,8,8];4;true;true;2;2;128;[2];0.25;4.
128;128.775;8;32;[1,1,1,1,1,1,1,1,2,2,2,2,4,4,4,4,4,4,4,4,4,4,4,4,8,8,8,8,8,8,8,8];4;true;true;2;2;128;[2];0.25;4.
128;128.776;4;26;[1,1,1,1,2,2,2,2,2,2,4,4,4,4,8,8,8,8,8,8,8,8,8,8,8,8];4;true;true;2;2;128;[2];0.203125;4.9230769230769234
128;128.777;4;26;[1,1,1,1,2,2,2,2,2,2,4,4,4,4,8,8,8,8,8,8,8,8,8,8,8,8];4;true;true;2;2;128;[2];0.203125;4.9230769230769234
128;128.778;4;26;[1,1,1,1,2,2,2,2,2,2,4,4,4,4,8,8,8,8,8,8,8,8,8,8,8,8];4;true;true;2;2;128;[2];0.203125;4.9230769230769234
128;128.779;4;26;[1,1,1,1,2,2,2,2,2,2,4,4,4,4,8,8,8,8,8,8,8,8,8,8,8,8];4;true;true;2;2;128;[2];0.203125;4.9230769230769234
128;128.780;2;23;[1,1,2,2,2,2,2,2,2,8,8,8,8,8,8,8,8,8,8,8,8,8,8];3;true;true;2;2;128;[2];0.1796875;5.5652173913043477
128;128.781;2;23;[1,1,2,2,2,2,2,2,2,8,8,8,8,8,8,8,8,8,8,8,8,8,8];3;true;true;2;2;128;[2];0.1796875;5.5652173913043477
128;128.782;4;26;[1,1,1,1,2,2,2,2,2,2,4,4,4,4,8,8,8,8,8,8,8,8,8,8,8,8];4;true;true;2;2;128;[2];0.203125;4.9230769230769234
128;128.783;4;26;[1,1,1,1,2,2,2,2,2,2,4,4,4,4,8,8,8,8,8,8,8,8,8,8,8,8];4;true;true;2;2;128;[2];0.203125;4.9230769230769234
128;128.784;4;26;[1,1,1,1,2,2,2,2,2,2,4,4,4,4,8,8,8,8,8,8,8,8,8,8,8,8];4;true;true;2;2;128;[2];0.203125;4.9230769230769234
128;128.785;4;26;[1,1,1,1,2,2,2,2,2,2,4,4,4,4,8,8,8,8,8,8,8,8,8,8,8,8];4;true;true;2;2;128;[2];0.203125;4.9230769230769234
128;128.786;8;32;[1,1,1,1,1,1,1,1,2,2,2,2,4,4,4,4,4,4,4,4,4,4,4,4,8,8,8,8,8,8,8,8];4;true;true;2;2;128;[2];0.25;4.
128;128.787;8;32;[1,1,1,1,1,1,1,1,2,2,2,2,4,4,4,4,4,4,4,4,4,4,4,4,8,8,8,8,8,8,8,8];4;true;true;2;2;128;[2];0.25;4.
128;128.788;8;32;[1,1,1,1,1,1,1,1,2,2,2,2,4,4,4,4,4,4,4,4,4,4,4,4,8,8,8,8,8,8,8,8];4;true;true;2;2;128;[2];0.25;4.
128;128.789;8;32;[1,1,1,1,1,1,1,1,2,2,2,2,4,4,4,4,4,4,4,4,4,4,4,4,8,8,8,8,8,8,8,8];4;true;true;2;2;128;[2];0.25;4.
128;128.790;8;32;[1,1,1,1,1,1,1,1,2,2,2,2,4,4,4,4,4,4,4,4,4,4,4,4,8,8,8,8,8,8,8,8];4;true;true;2;2;128;[2];0.25;4.
128;128.791;8;32;[1,1,1,1,1,1,1,1,2,2,2,2,4,4,4,4,4,4,4,4,4,4,4,4,8,8,8,8,8,8,8,8];4;true;true;2;2;128;[2];0.25;4.
128;128.792;4;26;[1,1,1,1,2,2,2,2,2,2,4,4,4,4,8,8,8,8,8,8,8,8,8,8,8,8];4;true;true;2;2;128;[2];0.203125;4.9230769230769234
128;128.793;4;26;[1,1,1,1,2,2,2,2,2,2,4,4,4,4,8,8,8,8,8,8,8,8,8,8,8,8];4;true;true;2;2;128;[2];0.203125;4.9230769230769234
128;128.794;4;26;[1,1,1,1,2,2,2,2,2,2,4,4,4,4,8,8,8,8,8,8,8,8,8,8,8,8];4;true;true;2;2;128;[2];0.203125;4.9230769230769234
128;128.795;4;26;[1,1,1,1,2,2,2,2,2,2,4,4,4,4,8,8,8,8,8,8,8,8,8,8,8,8];4;true;true;2;2;128;[2];0.203125;4.9230769230769234
128;128.796;4;26;[1,1,1,1,2,2,2,2,2,2,4,4,4,4,8,8,8,8,8,8,8,8,8,8,8,8];4;true;true;2;2;128;[2];0.203125;4.9230769230769234
128;128.797;8;32;[1,1,1,1,1,1,1,1,2,2,2,2,4,4,4,4,4,4,4,4,4,4,4,4,8,8,8,8,8,8,8,8];4;true;true;2;2;128;[2];0.25;4.
128;128.798;8;32;[1,1,1,1,1,1,1,1,2,2,2,2,4,4,4,4,4,4,4,4,4,4,4,4,8,8,8,8,8,8,8,8];4;true;true;2;2;128;[2];0.25;4.
128;128.799;8;32;[1,1,1,1,1,1,1,1,2,2,2,2,4,4,4,4,4,4,4,4,4,4,4,4,8,8,8,8,8,8,8,8];4;true;true;2;2;128;[2];0.25;4.
128;128.800;8;32;[1,1,1,1,1,1,1,1,2,2,2,2,4,4,4,4,4,4,4,4,4,4,4,4,8,8,8,8,8,8,8,8];4;true;true;2;2;128;[2];0.25;4.
128;128.801;2;23;[1,1,2,2,2,2,2,2,2,8,8,8,8,8,8,8,8,8,8,8,8,8,8];3;true;true;2;2;128;[2];0.1796875;5.5652173913043477
128;128.802;2;23;[1,1,2,2,2,2,2,2,2,8,8,8,8,8,8,8,8,8,8,8,8,8,8];3;true;true;2;2;128;[2];0.1796875;5.5652173913043477
128;128.803;8;32;[1,1,1,1,1,1,1,1,2,2,2,2,4,4,4,4,4,4,4,4,4,4,4,4,8,8,8,8,8,8,8,8];4;true;true;2;2;128;[2];0.25;4.
128;128.804;8;32;[1,1,1,1,1,1,1,1,2,2,2,2,4,4,4,4,4,4,4,4,4,4,4,4,8,8,8,8,8,8,8,8];4;true;true;2;2;128;[2];0.25;4.
128;128.805;8;32;[1,1,1,1,1,1,1,1,2,2,2,2,4,4,4,4,4,4,4,4,4,4,4,4,8,8,8,8,8,8,8,8];4;true;true;2;2;128;[2];0.25;4.
128;128.806;8;32;[1,1,1,1,1,1,1,1,2,2,2,2,4,4,4,4,4,4,4,4,4,4,4,4,8,8,8,8,8,8,8,8];4;true;true;2;2;128;[2];0.25;4.
128;128.807;8;32;[1,1,1,1,1,1,1,1,2,2,2,2,4,4,4,4,4,4,4,4,4,4,4,4,8,8,8,8,8,8,8,8];4;true;true;2;2;128;[2];0.25;4.
128;128.808;8;32;[1,1,1,1,1,1,1,1,2,2,2,2,4,4,4,4,4,4,4,4,4,4,4,4,8,8,8,8,8,8,8,8];4;true;true;2;2;128;[2];0.25;4.
128;128.809;8;32;[1,1,1,1,1,1,1,1,2,2,2,2,4,4,4,4,4,4,4,4,4,4,4,4,8,8,8,8,8,8,8,8];4;true;true;2;2;128;[2];0.25;4.
128;128.810;4;26;[1,1,1,1,2,2,2,2,2,2,4,4,4,4,8,8,8,8,8,8,8,8,8,8,8,8];4;true;true;2;2;128;[2];0.203125;4.9230769230769234
128;128.811;4;26;[1,1,1,1,2,2,2,2,2,2,4,4,4,4,8,8,8,8,8,8,8,8,8,8,8,8];4;true;true;2;2;128;[2];0.203125;4.9230769230769234
128;128.812;4;26;[1,1,1,1,2,2,2,2,2,2,4,4,4,4,8,8,8,8,8,8,8,8,8,8,8,8];4;true;true;2;2;128;[2];0.203125;4.9230769230769234
128;128.813;2;23;[1,1,2,2,2,2,2,2,2,8,8,8,8,8,8,8,8,8,8,8,8,8,8];3;true;true;2;2;128;[2];0.1796875;5.5652173913043477
128;128.814;2;23;[1,1,2,2,2,2,2,2,2,8,8,8,8,8,8,8,8,8,8,8,8,8,8];3;true;true;2;2;128;[2];0.1796875;5.5652173913043477
128;128.815;8;32;[1,1,1,1,1,1,1,1,2,2,2,2,4,4,4,4,4,4,4,4,4,4,4,4,8,8,8,8,8,8,8,8];4;true;true;2;2;128;[2];0.25;4.
128;128.816;8;32;[1,1,1,1,1,1,1,1,2,2,2,2,4,4,4,4,4,4,4,4,4,4,4,4,8,8,8,8,8,8,8,8];4;true;true;2;2;128;[2];0.25;4.
128;128.817;8;32;[1,1,1,1,1,1,1,1,2,2,2,2,4,4,4,4,4,4,4,4,4,4,4,4,8,8,8,8,8,8,8,8];4;true;true;2;2;128;[2];0.25;4.
128;128.818;8;32;[1,1,1,1,1,1,1,1,2,2,2,2,4,4,4,4,4,4,4,4,4,4,4,4,8,8,8,8,8,8,8,8];4;true;true;2;2;128;[2];0.25;4.
128;128.819;8;32;[1,1,1,1,1,1,1,1,2,2,2,2,4,4,4,4,4,4,4,4,4,4,4,4,8,8,8,8,8,8,8,8];4;true;true;2;2;128;[2];0.25;4.
128;128.820;8;32;[1,1,1,1,1,1,1,1,2,2,2,2,4,4,4,4,4,4,4,4,4,4,4,4,8,8,8,8,8,8,8,8];4;true;true;2;2;128;[2];0.25;4.
128;128.821;4;26;[1,1,1,1,2,2,2,2,2,2,4,4,4,4,8,8,8,8,8,8,8,8,8,8,8,8];4;true;true;2;2;128;[2];0.203125;4.9230769230769234
128;128.822;4;26;[1,1,1,1,2,2,2,2,2,2,4,4,4,4,8,8,8,8,8,8,8,8,8,8,8,8];4;true;true;2;2;128;[2];0.203125;4.9230769230769234
128;128.823;4;26;[1,1,1,1,2,2,2,2,2,2,4,4,4,4,8,8,8,8,8,8,8,8,8,8,8,8];4;true;true;2;2;128;[2];0.203125;4.9230769230769234
128;128.824;8;32;[1,1,1,1,1,1,1,1,2,2,2,2,4,4,4,4,4,4,4,4,4,4,4,4,8,8,8,8,8,8,8,8];4;true;true;2;2;128;[2];0.25;4.
128;128.825;8;32;[1,1,1,1,1,1,1,1,2,2,2,2,4,4,4,4,4,4,4,4,4,4,4,4,8,8,8,8,8,8,8,8];4;true;true;2;2;128;[2];0.25;4.
128;128.826;8;32;[1,1,1,1,1,1,1,1,2,2,2,2,4,4,4,4,4,4,4,4,4,4,4,4,8,8,8,8,8,8,8,8];4;true;true;2;2;128;[2];0.25;4.
128;128.827;8;32;[1,1,1,1,1,1,1,1,2,2,2,2,4,4,4,4,4,4,4,4,4,4,4,4,8,8,8,8,8,8,8,8];4;true;true;2;2;128;[2];0.25;4.
128;128.828;8;32;[1,1,1,1,1,1,1,1,2,2,2,2,4,4,4,4,4,4,4,4,4,4,4,4,8,8,8,8,8,8,8,8];4;true;true;2;2;128;[2];0.25;4.
128;128.829;8;32;[1,1,1,1,1,1,1,1,2,2,2,2,4,4,4,4,4,4,4,4,4,4,4,4,8,8,8,8,8,8,8,8];4;true;true;2;2;128;[2];0.25;4.
128;128.830;4;26;[1,1,1,1,2,2,2,2,2,2,4,4,4,4,8,8,8,8,8,8,8,8,8,8,8,8];4;true;true;2;2;128;[2];0.203125;4.9230769230769234
128;128.831;8;32;[1,1,1,1,1,1,1,1,2,2,2,2,4,4,4,4,4,4,4,4,4,4,4,4,8,8,8,8,8,8,8,8];4;true;true;2;2;128;[2];0.25;4.
128;128.832;8;32;[1,1,1,1,1,1,1,1,2,2,2,2,4,4,4,4,4,4,4,4,4,4,4,4,8,8,8,8,8,8,8,8];4;true;true;2;2;128;[2];0.25;4.
128;128.833;8;32;[1,1,1,1,1,1,1,1,2,2,2,2,4,4,4,4,4,4,4,4,4,4,4,4,8,8,8,8,8,8,8,8];4;true;true;2;2;128;[2];0.25;4.
128;128.834;4;26;[1,1,1,1,2,2,2,2,2,2,4,4,4,4,8,8,8,8,8,8,8,8,8,8,8,8];4;true;true;2;2;128;[2];0.203125;4.9230769230769234
128;128.835;4;26;[1,1,1,1,2,2,2,2,2,2,4,4,4,4,8,8,8,8,8,8,8,8,8,8,8,8];4;true;true;2;2;128;[2];0.203125;4.9230769230769234
128;128.836;2;23;[1,1,2,2,2,2,2,2,2,8,8,8,8,8,8,8,8,8,8,8,8,8,8];3;true;true;2;2;128;[2];0.1796875;5.5652173913043477
128;128.837;128;128;[1,1,1,1,1,1,1,1,1,1,1,1,1,1,1,1,1,1,1,1,1,1,1,1,1,1,1,1,1,1,1,1,1,1,1,1,1,1,1,1,1,1,1,1,1,1,1,1,1,1,1,1,1,1,1,1,1,1,1,1,1,1,1,1,1,1,1,1,1,1,1,1,1,1,1,1,1,1,1,1,1,1,1,1,1,1,1,1,1,1,1,1,1,1,1,1,1,1,1,1,1,1,1,1,1,1,1,1,1,1,1,1,1,1,1,1,1,1,1,1,1,1,1,1,1,1,1,1];1;true;true;1;1;128;[2];1.;1.
128;128.838;32;80;[1,1,1,1,1,1,1,1,1,1,1,1,1,1,1,1,1,1,1,1,1,1,1,1,1,1,1,1,1,1,1,1,2,2,2,2,2,2,2,2,2,2,2,2,2,2,2,2,2,2,2,2,2,2,2,2,2,2,2,2,2,2,2,2,2,2,2,2,2,2,2,2,2,2,2,2,2,2,2,2];2;true;true;2;2;128;[2];0.625;1.6000000000000001
128;128.839;32;80;[1,1,1,1,1,1,1,1,1,1,1,1,1,1,1,1,1,1,1,1,1,1,1,1,1,1,1,1,1,1,1,1,2,2,2,2,2,2,2,2,2,2,2,2,2,2,2,2,2,2,2,2,2,2,2,2,2,2,2,2,2,2,2,2,2,2,2,2,2,2,2,2,2,2,2,2,2,2,2,2];2;true;true;2;2;128;[2];0.625;1.6000000000000001
128;128.840;32;80;[1,1,1,1,1,1,1,1,1,1,1,1,1,1,1,1,1,1,1,1,1,1,1,1,1,1,1,1,1,1,1,1,2,2,2,2,2,2,2,2,2,2,2,2,2,2,2,2,2,2,2,2,2,2,2,2,2,2,2,2,2,2,2,2,2,2,2,2,2,2,2,2,2,2,2,2,2,2,2,2];2;true;true;2;2;128;[2];0.625;1.6000000000000001
128;128.841;8;44;[1,1,1,1,1,1,1,1,2,2,2,2,2,2,2,2,2,2,2,2,4,4,4,4,4,4,4,4,4,4,4,4,4,4,4,4,4,4,4,4,4,4,4,4];3;true;true;2;2;128;[2];0.34375;2.9090909090909092
128;128.842;8;44;[1,1,1,1,1,1,1,1,2,2,2,2,2,2,2,2,2,2,2,2,4,4,4,4,4,4,4,4,4,4,4,4,4,4,4,4,4,4,4,4,4,4,4,4];3;true;true;2;2;128;[2];0.34375;2.9090909090909092
128;128.843;32;80;[1,1,1,1,1,1,1,1,1,1,1,1,1,1,1,1,1,1,1,1,1,1,1,1,1,1,1,1,1,1,1,1,2,2,2,2,2,2,2,2,2,2,2,2,2,2,2,2,2,2,2,2,2,2,2,2,2,2,2,2,2,2,2,2,2,2,2,2,2,2,2,2,2,2,2,2,2,2,2,2];2;true;true;2;2;128;[2];0.625;1.6000000000000001
128;128.844;16;56;[1,1,1,1,1,1,1,1,1,1,1,1,1,1,1,1,2,2,2,2,2,2,2,2,2,2,2,2,2,2,2,2,2,2,2,2,2,2,2,2,4,4,4,4,4,4,4,4,4,4,4,4,4,4,4,4];3;true;true;2;2;128;[2];0.4375;2.2857142857142856
128;128.845;16;56;[1,1,1,1,1,1,1,1,1,1,1,1,1,1,1,1,2,2,2,2,2,2,2,2,2,2,2,2,2,2,2,2,2,2,2,2,2,2,2,2,4,4,4,4,4,4,4,4,4,4,4,4,4,4,4,4];3;true;true;2;2;128;[2];0.4375;2.2857142857142856
128;128.846;8;44;[1,1,1,1,1,1,1,1,2,2,2,2,2,2,2,2,2,2,2,2,4,4,4,4,4,4,4,4,4,4,4,4,4,4,4,4,4,4,4,4,4,4,4,4];3;true;true;2;2;128;[2];0.34375;2.9090909090909092
128;128.847;8;44;[1,1,1,1,1,1,1,1,2,2,2,2,2,2,2,2,2,2,2,2,4,4,4,4,4,4,4,4,4,4,4,4,4,4,4,4,4,4,4,4,4,4,4,4];3;true;true;2;2;128;[2];0.34375;2.9090909090909092
128;128.848;16;56;[1,1,1,1,1,1,1,1,1,1,1,1,1,1,1,1,2,2,2,2,2,2,2,2,2,2,2,2,2,2,2,2,2,2,2,2,2,2,2,2,4,4,4,4,4,4,4,4,4,4,4,4,4,4,4,4];3;true;true;2;2;128;[2];0.4375;2.2857142857142856
128;128.849;8;44;[1,1,1,1,1,1,1,1,2,2,2,2,2,2,2,2,2,2,2,2,4,4,4,4,4,4,4,4,4,4,4,4,4,4,4,4,4,4,4,4,4,4,4,4];3;true;true;2;2;128;[2];0.34375;2.9090909090909092
128;128.850;4;26;[1,1,1,1,2,2,4,4,4,4,4,4,4,4,4,4,8,8,8,8,8,8,8,8,8,8];4;true;true;2;2;128;[2];0.203125;4.9230769230769234
128;128.851;4;26;[1,1,1,1,2,2,4,4,4,4,4,4,4,4,4,4,8,8,8,8,8,8,8,8,8,8];4;true;true;2;2;128;[2];0.203125;4.9230769230769234
128;128.852;4;26;[1,1,1,1,2,2,4,4,4,4,4,4,4,4,4,4,8,8,8,8,8,8,8,8,8,8];4;true;true;2;2;128;[2];0.203125;4.9230769230769234
128;128.853;2;23;[1,1,2,2,2,4,4,4,4,4,4,8,8,8,8,8,8,8,8,8,8,8,8];4;true;true;2;2;128;[2];0.1796875;5.5652173913043477
128;128.854;2;23;[1,1,2,2,2,4,4,4,4,4,4,8,8,8,8,8,8,8,8,8,8,8,8];4;true;true;2;2;128;[2];0.1796875;5.5652173913043477
128;128.855;2;23;[1,1,2,2,2,4,4,4,4,4,4,8,8,8,8,8,8,8,8,8,8,8,8];4;true;true;2;2;128;[2];0.1796875;5.5652173913043477
128;128.856;4;26;[1,1,1,1,2,2,4,4,4,4,4,4,4,4,4,4,8,8,8,8,8,8,8,8,8,8];4;true;true;2;2;128;[2];0.203125;4.9230769230769234
128;128.857;4;26;[1,1,1,1,2,2,4,4,4,4,4,4,4,4,4,4,8,8,8,8,8,8,8,8,8,8];4;true;true;2;2;128;[2];0.203125;4.9230769230769234
128;128.858;4;26;[1,1,1,1,2,2,4,4,4,4,4,4,4,4,4,4,8,8,8,8,8,8,8,8,8,8];4;true;true;2;2;128;[2];0.203125;4.9230769230769234
128;128.859;2;23;[1,1,2,2,2,4,4,4,4,4,4,8,8,8,8,8,8,8,8,8,8,8,8];4;true;true;2;2;128;[2];0.1796875;5.5652173913043477
128;128.860;2;23;[1,1,2,2,2,4,4,4,4,4,4,8,8,8,8,8,8,8,8,8,8,8,8];4;true;true;2;2;128;[2];0.1796875;5.5652173913043477
128;128.861;2;23;[1,1,2,2,2,4,4,4,4,4,4,8,8,8,8,8,8,8,8,8,8,8,8];4;true;true;2;2;128;[2];0.1796875;5.5652173913043477
128;128.862;4;26;[1,1,1,1,2,2,4,4,4,4,4,4,4,4,4,4,8,8,8,8,8,8,8,8,8,8];4;true;true;2;2;128;[2];0.203125;4.9230769230769234
128;128.863;4;26;[1,1,1,1,2,2,4,4,4,4,4,4,4,4,4,4,8,8,8,8,8,8,8,8,8,8];4;true;true;2;2;128;[2];0.203125;4.9230769230769234
128;128.864;4;26;[1,1,1,1,2,2,4,4,4,4,4,4,4,4,4,4,8,8,8,8,8,8,8,8,8,8];4;true;true;2;2;128;[2];0.203125;4.9230769230769234
128;128.865;2;23;[1,1,2,2,2,4,4,4,4,4,4,8,8,8,8,8,8,8,8,8,8,8,8];4;true;true;2;2;128;[2];0.1796875;5.5652173913043477
128;128.866;2;23;[1,1,2,2,2,4,4,4,4,4,4,8,8,8,8,8,8,8,8,8,8,8,8];4;true;true;2;2;128;[2];0.1796875;5.5652173913043477
128;128.867;2;23;[1,1,2,2,2,4,4,4,4,4,4,8,8,8,8,8,8,8,8,8,8,8,8];4;true;true;2;2;128;[2];0.1796875;5.5652173913043477
128;128.868;8;44;[1,1,1,1,1,1,1,1,2,2,2,2,2,2,2,2,2,2,2,2,2,2,2,2,2,2,2,2,2,2,2,2,2,2,2,2,8,8,8,8,8,8,8,8];3;true;true;2;2;128;[2];0.34375;2.9090909090909092
128;128.869;8;44;[1,1,1,1,1,1,1,1,2,2,2,2,2,2,2,2,2,2,2,2,2,2,2,2,2,2,2,2,2,2,2,2,2,2,2,2,8,8,8,8,8,8,8,8];3;true;true;2;2;128;[2];0.34375;2.9090909090909092
128;128.870;8;44;[1,1,1,1,1,1,1,1,2,2,2,2,2,2,2,2,2,2,2,2,2,2,2,2,2,2,2,2,2,2,2,2,2,2,2,2,8,8,8,8,8,8,8,8];3;true;true;2;2;128;[2];0.34375;2.9090909090909092
128;128.871;4;32;[1,1,1,1,2,2,2,2,2,2,2,2,2,2,4,4,4,4,4,4,4,4,4,4,8,8,8,8,8,8,8,8];4;true;true;2;2;128;[2];0.25;4.
128;128.872;4;32;[1,1,1,1,2,2,2,2,2,2,2,2,2,2,4,4,4,4,4,4,4,4,4,4,8,8,8,8,8,8,8,8];4;true;true;2;2;128;[2];0.25;4.
128;128.873;4;32;[1,1,1,1,2,2,2,2,2,2,2,2,2,2,4,4,4,4,4,4,4,4,4,4,8,8,8,8,8,8,8,8];4;true;true;2;2;128;[2];0.25;4.
128;128.874;8;44;[1,1,1,1,1,1,1,1,2,2,2,2,2,2,2,2,2,2,2,2,2,2,2,2,2,2,2,2,2,2,2,2,2,2,2,2,8,8,8,8,8,8,8,8];3;true;true;2;2;128;[2];0.34375;2.9090909090909092
128;128.875;4;32;[1,1,1,1,2,2,2,2,2,2,2,2,2,2,4,4,4,4,4,4,4,4,4,4,8,8,8,8,8,8,8,8];4;true;true;2;2;128;[2];0.25;4.
128;128.876;4;32;[1,1,1,1,2,2,2,2,2,2,2,2,2,2,4,4,4,4,4,4,4,4,4,4,8,8,8,8,8,8,8,8];4;true;true;2;2;128;[2];0.25;4.
128;128.877;4;32;[1,1,1,1,2,2,2,2,2,2,2,2,2,2,4,4,4,4,4,4,4,4,4,4,8,8,8,8,8,8,8,8];4;true;true;2;2;128;[2];0.25;4.
128;128.878;4;32;[1,1,1,1,2,2,2,2,2,2,2,2,2,2,4,4,4,4,4,4,4,4,4,4,8,8,8,8,8,8,8,8];4;true;true;2;2;128;[2];0.25;4.
128;128.879;4;32;[1,1,1,1,2,2,2,2,2,2,2,2,2,2,4,4,4,4,4,4,4,4,4,4,8,8,8,8,8,8,8,8];4;true;true;2;2;128;[2];0.25;4.
128;128.880;4;32;[1,1,1,1,2,2,2,2,2,2,2,2,2,2,4,4,4,4,4,4,4,4,4,4,8,8,8,8,8,8,8,8];4;true;true;2;2;128;[2];0.25;4.
128;128.881;32;80;[1,1,1,1,1,1,1,1,1,1,1,1,1,1,1,1,1,1,1,1,1,1,1,1,1,1,1,1,1,1,1,1,2,2,2,2,2,2,2,2,2,2,2,2,2,2,2,2,2,2,2,2,2,2,2,2,2,2,2,2,2,2,2,2,2,2,2,2,2,2,2,2,2,2,2,2,2,2,2,2];2;true;true;2;2;128;[2];0.625;1.6000000000000001
128;128.882;16;56;[1,1,1,1,1,1,1,1,1,1,1,1,1,1,1,1,2,2,2,2,2,2,2,2,2,2,2,2,2,2,2,2,2,2,2,2,2,2,2,2,4,4,4,4,4,4,4,4,4,4,4,4,4,4,4,4];3;true;true;2;2;128;[2];0.4375;2.2857142857142856
128;128.883;16;56;[1,1,1,1,1,1,1,1,1,1,1,1,1,1,1,1,2,2,2,2,2,2,2,2,2,2,2,2,2,2,2,2,2,2,2,2,2,2,2,2,4,4,4,4,4,4,4,4,4,4,4,4,4,4,4,4];3;true;true;2;2;128;[2];0.4375;2.2857142857142856
128;128.884;16;56;[1,1,1,1,1,1,1,1,1,1,1,1,1,1,1,1,2,2,2,2,2,2,2,2,2,2,2,2,2,2,2,2,2,2,2,2,2,2,2,2,4,4,4,4,4,4,4,4,4,4,4,4,4,4,4,4];3;true;true;2;2;128;[2];0.4375;2.2857142857142856
128;128.885;8;44;[1,1,1,1,1,1,1,1,2,2,2,2,2,2,2,2,2,2,2,2,4,4,4,4,4,4,4,4,4,4,4,4,4,4,4,4,4,4,4,4,4,4,4,4];3;true;true;2;2;128;[2];0.34375;2.9090909090909092
128;128.886;4;32;[1,1,1,1,2,2,2,2,2,2,2,2,2,2,4,4,4,4,4,4,4,4,4,4,8,8,8,8,8,8,8,8];4;true;true;2;2;128;[2];0.25;4.
128;128.887;4;32;[1,1,1,1,2,2,2,2,2,2,2,2,2,2,4,4,4,4,4,4,4,4,4,4,8,8,8,8,8,8,8,8];4;true;true;2;2;128;[2];0.25;4.
128;128.888;8;44;[1,1,1,1,1,1,1,1,2,2,2,2,2,2,2,2,2,2,2,2,2,2,2,2,2,2,2,2,2,2,2,2,2,2,2,2,8,8,8,8,8,8,8,8];3;true;true;2;2;128;[2];0.34375;2.9090909090909092
128;128.889;8;44;[1,1,1,1,1,1,1,1,2,2,2,2,2,2,2,2,2,2,2,2,2,2,2,2,2,2,2,2,2,2,2,2,2,2,2,2,8,8,8,8,8,8,8,8];3;true;true;2;2;128;[2];0.34375;2.9090909090909092
128;128.890;8;44;[1,1,1,1,1,1,1,1,2,2,2,2,2,2,2,2,2,2,2,2,2,2,2,2,2,2,2,2,2,2,2,2,2,2,2,2,8,8,8,8,8,8,8,8];3;true;true;2;2;128;[2];0.34375;2.9090909090909092
128;128.891;4;32;[1,1,1,1,2,2,2,2,2,2,2,2,2,2,4,4,4,4,4,4,4,4,4,4,8,8,8,8,8,8,8,8];4;true;true;2;2;128;[2];0.25;4.
128;128.892;8;44;[1,1,1,1,1,1,1,1,2,2,2,2,2,2,2,2,2,2,2,2,2,2,2,2,2,2,2,2,2,2,2,2,2,2,2,2,8,8,8,8,8,8,8,8];3;true;true;2;2;128;[2];0.34375;2.9090909090909092
128;128.893;4;32;[1,1,1,1,2,2,2,2,2,2,2,2,2,2,4,4,4,4,4,4,4,4,4,4,8,8,8,8,8,8,8,8];4;true;true;2;2;128;[2];0.25;4.
128;128.894;32;80;[1,1,1,1,1,1,1,1,1,1,1,1,1,1,1,1,1,1,1,1,1,1,1,1,1,1,1,1,1,1,1,1,2,2,2,2,2,2,2,2,2,2,2,2,2,2,2,2,2,2,2,2,2,2,2,2,2,2,2,2,2,2,2,2,2,2,2,2,2,2,2,2,2,2,2,2,2,2,2,2];2;true;true;2;2;128;[2];0.625;1.6000000000000001
128;128.895;16;56;[1,1,1,1,1,1,1,1,1,1,1,1,1,1,1,1,2,2,2,2,2,2,2,2,2,2,2,2,2,2,2,2,2,2,2,2,2,2,2,2,4,4,4,4,4,4,4,4,4,4,4,4,4,4,4,4];3;true;true;2;2;128;[2];0.4375;2.2857142857142856
128;128.896;16;56;[1,1,1,1,1,1,1,1,1,1,1,1,1,1,1,1,2,2,2,2,2,2,2,2,2,2,2,2,2,2,2,2,2,2,2,2,2,2,2,2,4,4,4,4,4,4,4,4,4,4,4,4,4,4,4,4];3;true;true;2;2;128;[2];0.4375;2.2857142857142856
128;128.897;4;32;[1,1,1,1,2,2,2,2,2,2,2,2,2,2,4,4,4,4,4,4,4,4,4,4,8,8,8,8,8,8,8,8];4;true;true;2;2;128;[2];0.25;4.
128;128.898;4;32;[1,1,1,1,2,2,2,2,2,2,2,2,2,2,4,4,4,4,4,4,4,4,4,4,8,8,8,8,8,8,8,8];4;true;true;2;2;128;[2];0.25;4.
128;128.899;32;80;[1,1,1,1,1,1,1,1,1,1,1,1,1,1,1,1,1,1,1,1,1,1,1,1,1,1,1,1,1,1,1,1,2,2,2,2,2,2,2,2,2,2,2,2,2,2,2,2,2,2,2,2,2,2,2,2,2,2,2,2,2,2,2,2,2,2,2,2,2,2,2,2,2,2,2,2,2,2,2,2];2;true;true;2;2;128;[2];0.625;1.6000000000000001
128;128.900;16;56;[1,1,1,1,1,1,1,1,1,1,1,1,1,1,1,1,2,2,2,2,2,2,2,2,2,2,2,2,2,2,2,2,2,2,2,2,2,2,2,2,4,4,4,4,4,4,4,4,4,4,4,4,4,4,4,4];3;true;true;2;2;128;[2];0.4375;2.2857142857142856
128;128.901;16;56;[1,1,1,1,1,1,1,1,1,1,1,1,1,1,1,1,2,2,2,2,2,2,2,2,2,2,2,2,2,2,2,2,2,2,2,2,2,2,2,2,4,4,4,4,4,4,4,4,4,4,4,4,4,4,4,4];3;true;true;2;2;128;[2];0.4375;2.2857142857142856
128;128.902;16;56;[1,1,1,1,1,1,1,1,1,1,1,1,1,1,1,1,2,2,2,2,2,2,2,2,2,2,2,2,2,2,2,2,2,2,2,2,2,2,2,2,4,4,4,4,4,4,4,4,4,4,4,4,4,4,4,4];3;true;true;2;2;128;[2];0.4375;2.2857142857142856
128;128.903;8;44;[1,1,1,1,1,1,1,1,2,2,2,2,2,2,2,2,2,2,2,2,4,4,4,4,4,4,4,4,4,4,4,4,4,4,4,4,4,4,4,4,4,4,4,4];3;true;true;2;2;128;[2];0.34375;2.9090909090909092
128;128.904;8;44;[1,1,1,1,1,1,1,1,2,2,2,2,2,2,2,2,2,2,2,2,2,2,2,2,2,2,2,2,2,2,2,2,2,2,2,2,8,8,8,8,8,8,8,8];3;true;true;2;2;128;[2];0.34375;2.9090909090909092
128;128.905;8;44;[1,1,1,1,1,1,1,1,2,2,2,2,2,2,2,2,2,2,2,2,2,2,2,2,2,2,2,2,2,2,2,2,2,2,2,2,8,8,8,8,8,8,8,8];3;true;true;2;2;128;[2];0.34375;2.9090909090909092
128;128.906;8;44;[1,1,1,1,1,1,1,1,2,2,2,2,2,2,2,2,2,2,2,2,2,2,2,2,2,2,2,2,2,2,2,2,2,2,2,2,8,8,8,8,8,8,8,8];3;true;true;2;2;128;[2];0.34375;2.9090909090909092
128;128.907;4;32;[1,1,1,1,2,2,2,2,2,2,2,2,2,2,4,4,4,4,4,4,4,4,4,4,8,8,8,8,8,8,8,8];4;true;true;2;2;128;[2];0.25;4.
128;128.908;4;32;[1,1,1,1,2,2,2,2,2,2,2,2,2,2,4,4,4,4,4,4,4,4,4,4,8,8,8,8,8,8,8,8];4;true;true;2;2;128;[2];0.25;4.
128;128.909;4;32;[1,1,1,1,2,2,2,2,2,2,2,2,2,2,4,4,4,4,4,4,4,4,4,4,8,8,8,8,8,8,8,8];4;true;true;2;2;128;[2];0.25;4.
128;128.910;8;44;[1,1,1,1,1,1,1,1,2,2,2,2,2,2,2,2,2,2,2,2,2,2,2,2,2,2,2,2,2,2,2,2,2,2,2,2,8,8,8,8,8,8,8,8];3;true;true;2;2;128;[2];0.34375;2.9090909090909092
128;128.911;4;32;[1,1,1,1,2,2,2,2,2,2,2,2,2,2,4,4,4,4,4,4,4,4,4,4,8,8,8,8,8,8,8,8];4;true;true;2;2;128;[2];0.25;4.
128;128.912;2;23;[1,1,2,2,2,4,4,4,4,4,4,8,8,8,8,8,8,8,8,8,8,8,8];4;true;true;2;2;128;[2];0.1796875;5.5652173913043477
128;128.913;2;23;[1,1,2,2,2,4,4,4,4,4,4,8,8,8,8,8,8,8,8,8,8,8,8];4;true;true;2;2;128;[2];0.1796875;5.5652173913043477
128;128.914;32;80;[1,1,1,1,1,1,1,1,1,1,1,1,1,1,1,1,1,1,1,1,1,1,1,1,1,1,1,1,1,1,1,1,2,2,2,2,2,2,2,2,2,2,2,2,2,2,2,2,2,2,2,2,2,2,2,2,2,2,2,2,2,2,2,2,2,2,2,2,2,2,2,2,2,2,2,2,2,2,2,2];2;true;true;2;2;128;[2];0.625;1.6000000000000001
128;128.915;16;56;[1,1,1,1,1,1,1,1,1,1,1,1,1,1,1,1,2,2,2,2,2,2,2,2,2,2,2,2,2,2,2,2,2,2,2,2,2,2,2,2,4,4,4,4,4,4,4,4,4,4,4,4,4,4,4,4];3;true;true;2;2;128;[2];0.4375;2.2857142857142856
128;128.916;4;29;[1,1,1,1,2,2,2,2,2,2,2,2,4,4,4,4,4,4,4,4,4,4,4,8,8,8,8,16,16];5;true;true;2;2;128;[2];0.2265625;4.4137931034482758
128;128.917;4;29;[1,1,1,1,2,2,2,2,2,2,2,2,4,4,4,4,4,4,4,4,4,4,4,8,8,8,8,16,16];5;true;true;2;2;128;[2];0.2265625;4.4137931034482758
128;128.918;4;29;[1,1,1,1,2,2,2,2,2,2,2,2,4,4,4,4,4,4,4,4,4,4,4,8,8,8,8,16,16];5;true;true;2;2;128;[2];0.2265625;4.4137931034482758
128;128.919;4;29;[1,1,1,1,2,2,2,2,2,2,2,2,4,4,4,4,4,4,4,4,4,4,4,8,8,8,8,16,16];5;true;true;2;2;128;[2];0.2265625;4.4137931034482758
128;128.920;4;29;[1,1,1,1,2,2,2,2,2,2,2,2,4,4,4,4,4,4,4,4,4,4,4,8,8,8,8,16,16];5;true;true;2;2;128;[2];0.2265625;4.4137931034482758
128;128.921;4;29;[1,1,1,1,2,2,2,2,2,2,2,2,4,4,4,4,4,4,4,4,4,4,4,8,8,8,8,16,16];5;true;true;2;2;128;[2];0.2265625;4.4137931034482758
128;128.922;2;20;[1,1,2,2,2,4,4,4,4,8,8,8,8,8,8,8,8,8,16,16];5;true;true;2;2;128;[2];0.15625;6.4000000000000004
128;128.923;2;20;[1,1,2,2,2,4,4,4,4,8,8,8,8,8,8,8,8,8,16,16];5;true;true;2;2;128;[2];0.15625;6.4000000000000004
128;128.924;2;23;[1,1,2,2,2,2,2,4,4,4,4,4,4,4,8,8,8,8,8,8,8,16,16];5;true;true;2;2;128;[2];0.1796875;5.5652173913043477
128;128.925;2;23;[1,1,2,2,2,2,2,4,4,4,4,4,4,4,8,8,8,8,8,8,8,16,16];5;true;true;2;2;128;[2];0.1796875;5.5652173913043477
128;128.926;2;23;[1,1,2,2,2,2,2,4,4,4,4,4,4,4,8,8,8,8,8,8,8,16,16];5;true;true;2;2;128;[2];0.1796875;5.5652173913043477
128;128.927;2;23;[1,1,2,2,2,2,2,4,4,4,4,4,4,4,8,8,8,8,8,8,8,16,16];5;true;true;2;2;128;[2];0.1796875;5.5652173913043477
128;128.928;2;20;[1,1,2,4,4,4,4,4,4,4,4,4,8,8,8,8,8,16,16,16];5;true;true;3;3;128;[2];0.15625;6.4000000000000004
128;128.929;2;20;[1,1,2,4,4,4,4,4,4,4,4,4,8,8,8,8,8,16,16,16];5;true;true;3;3;128;[2];0.15625;6.4000000000000004
128;128.930;2;20;[1,1,2,4,4,4,4,4,4,4,4,4,8,8,8,8,8,16,16,16];5;true;true;3;3;128;[2];0.15625;6.4000000000000004
128;128.931;2;17;[1,1,2,4,4,4,8,8,8,8,8,8,8,8,16,16,16];5;true;true;3;3;128;[2];0.1328125;7.5294117647058822
128;128.932;2;17;[1,1,2,4,4,4,8,8,8,8,8,8,8,8,16,16,16];5;true;true;3;3;128;[2];0.1328125;7.5294117647058822
128;128.933;2;17;[1,1,2,4,4,4,8,8,8,8,8,8,8,8,16,16,16];5;true;true;3;3;128;[2];0.1328125;7.5294117647058822
128;128.934;2;17;[1,1,2,4,4,4,8,8,8,8,8,8,8,8,16,16,16];5;true;true;3;3;128;[2];0.1328125;7.5294117647058822
128;128.935;2;17;[1,1,2,4,4,4,8,8,8,8,8,8,8,8,16,16,16];5;true;true;3;3;128;[2];0.1328125;7.5294117647058822
128;128.936;2;20;[1,1,2,4,4,4,4,4,4,4,4,4,8,8,8,8,8,16,16,16];5;true;true;3;3;128;[2];0.15625;6.4000000000000004
128;128.937;2;20;[1,1,2,4,4,4,4,4,4,4,4,4,8,8,8,8,8,16,16,16];5;true;true;3;3;128;[2];0.15625;6.4000000000000004
128;128.938;4;29;[1,1,1,1,2,2,2,2,2,2,2,2,4,4,4,4,4,4,4,4,4,4,4,8,8,8,8,16,16];5;true;true;2;2;128;[2];0.2265625;4.4137931034482758
128;128.939;4;29;[1,1,1,1,2,2,2,2,2,2,2,2,4,4,4,4,4,4,4,4,4,4,4,8,8,8,8,16,16];5;true;true;2;2;128;[2];0.2265625;4.4137931034482758
128;128.940;4;29;[1,1,1,1,2,2,2,2,2,2,2,2,4,4,4,4,4,4,4,4,4,4,4,8,8,8,8,16,16];5;true;true;2;2;128;[2];0.2265625;4.4137931034482758
128;128.941;4;29;[1,1,1,1,2,2,2,2,2,2,2,2,4,4,4,4,4,4,4,4,4,4,4,8,8,8,8,16,16];5;true;true;2;2;128;[2];0.2265625;4.4137931034482758
128;128.942;4;29;[1,1,1,1,2,2,2,2,2,2,2,2,4,4,4,4,4,4,4,4,4,4,4,8,8,8,8,16,16];5;true;true;2;2;128;[2];0.2265625;4.4137931034482758
128;128.943;4;29;[1,1,1,1,2,2,2,2,2,2,2,2,4,4,4,4,4,4,4,4,4,4,4,8,8,8,8,16,16];5;true;true;2;2;128;[2];0.2265625;4.4137931034482758
128;128.944;2;23;[1,1,2,2,2,2,2,2,2,4,4,4,4,8,8,8,8,8,8,8,8,16,16];5;true;true;2;2;128;[2];0.1796875;5.5652173913043477
128;128.945;2;23;[1,1,2,2,2,2,2,2,2,4,4,4,4,8,8,8,8,8,8,8,8,16,16];5;true;true;2;2;128;[2];0.1796875;5.5652173913043477
128;128.946;2;23;[1,1,2,2,2,2,2,2,2,4,4,4,4,8,8,8,8,8,8,8,8,16,16];5;true;true;2;2;128;[2];0.1796875;5.5652173913043477
128;128.947;4;38;[1,1,1,1,2,2,2,2,2,2,2,2,2,2,2,2,2,2,2,2,2,2,2,2,2,2,2,2,2,2,2,2,2,2,16,16,16,16];3;true;true;2;2;128;[2];0.296875;3.3684210526315788
128;128.948;4;38;[1,1,1,1,2,2,2,2,2,2,2,2,2,2,2,2,2,2,2,2,2,2,2,2,2,2,2,2,2,2,2,2,2,2,16,16,16,16];3;true;true;2;2;128;[2];0.296875;3.3684210526315788
128;128.949;4;38;[1,1,1,1,2,2,2,2,2,2,2,2,2,2,2,2,2,2,2,2,2,2,2,2,2,2,2,2,2,2,2,2,2,2,16,16,16,16];3;true;true;2;2;128;[2];0.296875;3.3684210526315788
128;128.950;4;26;[1,1,1,1,2,2,2,2,2,2,4,4,4,4,4,4,4,4,4,4,4,4,16,16,16,16];4;true;true;2;2;128;[2];0.203125;4.9230769230769234
128;128.951;4;26;[1,1,1,1,2,2,2,2,2,2,4,4,4,4,4,4,4,4,4,4,4,4,16,16,16,16];4;true;true;2;2;128;[2];0.203125;4.9230769230769234
128;128.952;4;26;[1,1,1,1,2,2,2,2,2,2,4,4,4,4,4,4,4,4,4,4,4,4,16,16,16,16];4;true;true;2;2;128;[2];0.203125;4.9230769230769234
128;128.953;2;26;[1,1,2,2,2,2,2,2,2,2,2,4,4,4,4,4,4,4,4,4,4,4,16,16,16,16];4;true;true;2;2;128;[2];0.203125;4.9230769230769234
128;128.954;2;26;[1,1,2,2,2,2,2,2,2,2,2,4,4,4,4,4,4,4,4,4,4,4,16,16,16,16];4;true;true;2;2;128;[2];0.203125;4.9230769230769234
128;128.955;2;26;[1,1,2,2,2,2,2,2,2,2,2,4,4,4,4,4,4,4,4,4,4,4,16,16,16,16];4;true;true;2;2;128;[2];0.203125;4.9230769230769234
128;128.956;4;29;[1,1,1,1,2,2,2,2,2,2,2,2,4,4,4,4,4,4,4,4,4,4,4,8,8,8,8,16,16];5;true;true;2;2;128;[2];0.2265625;4.4137931034482758
128;128.957;4;29;[1,1,1,1,2,2,2,2,2,2,2,2,4,4,4,4,4,4,4,4,4,4,4,8,8,8,8,16,16];5;true;true;2;2;128;[2];0.2265625;4.4137931034482758
128;128.958;4;29;[1,1,1,1,2,2,2,2,2,2,2,2,4,4,4,4,4,4,4,4,4,4,4,8,8,8,8,16,16];5;true;true;2;2;128;[2];0.2265625;4.4137931034482758
128;128.959;4;29;[1,1,1,1,2,2,2,2,2,2,2,2,4,4,4,4,4,4,4,4,4,4,4,8,8,8,8,16,16];5;true;true;2;2;128;[2];0.2265625;4.4137931034482758
128;128.960;4;29;[1,1,1,1,2,2,2,2,2,2,2,2,4,4,4,4,4,4,4,4,4,4,4,8,8,8,8,16,16];5;true;true;2;2;128;[2];0.2265625;4.4137931034482758
128;128.961;4;29;[1,1,1,1,2,2,2,2,2,2,2,2,4,4,4,4,4,4,4,4,4,4,4,8,8,8,8,16,16];5;true;true;2;2;128;[2];0.2265625;4.4137931034482758
128;128.962;2;23;[1,1,2,2,2,2,2,2,2,4,4,4,4,8,8,8,8,8,8,8,8,16,16];5;true;true;2;2;128;[2];0.1796875;5.5652173913043477
128;128.963;2;23;[1,1,2,2,2,2,2,2,2,4,4,4,4,8,8,8,8,8,8,8,8,16,16];5;true;true;2;2;128;[2];0.1796875;5.5652173913043477
128;128.964;4;29;[1,1,1,1,2,2,2,2,2,2,2,2,4,4,4,4,4,4,4,4,4,4,4,8,8,8,8,16,16];5;true;true;2;2;128;[2];0.2265625;4.4137931034482758
128;128.965;4;29;[1,1,1,1,2,2,2,2,2,2,2,2,4,4,4,4,4,4,4,4,4,4,4,8,8,8,8,16,16];5;true;true;2;2;128;[2];0.2265625;4.4137931034482758
128;128.966;4;29;[1,1,1,1,2,2,2,2,2,2,2,2,4,4,4,4,4,4,4,4,4,4,4,8,8,8,8,16,16];5;true;true;2;2;128;[2];0.2265625;4.4137931034482758
128;128.967;4;29;[1,1,1,1,2,2,2,2,2,2,2,2,4,4,4,4,4,4,4,4,4,4,4,8,8,8,8,16,16];5;true;true;2;2;128;[2];0.2265625;4.4137931034482758
128;128.968;4;29;[1,1,1,1,2,2,2,2,2,2,2,2,4,4,4,4,4,4,4,4,4,4,4,8,8,8,8,16,16];5;true;true;2;2;128;[2];0.2265625;4.4137931034482758
128;128.969;4;29;[1,1,1,1,2,2,2,2,2,2,2,2,4,4,4,4,4,4,4,4,4,4,4,8,8,8,8,16,16];5;true;true;2;2;128;[2];0.2265625;4.4137931034482758
128;128.970;2;20;[1,1,2,2,2,4,4,4,4,8,8,8,8,8,8,8,8,8,16,16];5;true;true;2;2;128;[2];0.15625;6.4000000000000004
128;128.971;2;20;[1,1,2,2,2,4,4,4,4,8,8,8,8,8,8,8,8,8,16,16];5;true;true;2;2;128;[2];0.15625;6.4000000000000004
128;128.972;4;38;[1,1,1,1,2,2,2,2,2,2,2,2,2,2,2,2,2,2,2,2,2,2,2,2,2,2,2,2,2,2,2,2,2,2,16,16,16,16];3;true;true;2;2;128;[2];0.296875;3.3684210526315788
128;128.973;4;38;[1,1,1,1,2,2,2,2,2,2,2,2,2,2,2,2,2,2,2,2,2,2,2,2,2,2,2,2,2,2,2,2,2,2,16,16,16,16];3;true;true;2;2;128;[2];0.296875;3.3684210526315788
128;128.974;4;38;[1,1,1,1,2,2,2,2,2,2,2,2,2,2,2,2,2,2,2,2,2,2,2,2,2,2,2,2,2,2,2,2,2,2,16,16,16,16];3;true;true;2;2;128;[2];0.296875;3.3684210526315788
128;128.975;4;26;[1,1,1,1,2,2,2,2,2,2,4,4,4,4,4,4,4,4,4,4,4,4,16,16,16,16];4;true;true;2;2;128;[2];0.203125;4.9230769230769234
128;128.976;4;26;[1,1,1,1,2,2,2,2,2,2,4,4,4,4,4,4,4,4,4,4,4,4,16,16,16,16];4;true;true;2;2;128;[2];0.203125;4.9230769230769234
128;128.977;4;26;[1,1,1,1,2,2,2,2,2,2,4,4,4,4,4,4,4,4,4,4,4,4,16,16,16,16];4;true;true;2;2;128;[2];0.203125;4.9230769230769234
128;128.978;4;38;[1,1,1,1,2,2,2,2,2,2,2,2,2,2,2,2,2,2,2,2,2,2,2,2,2,2,2,2,2,2,2,2,2,2,16,16,16,16];3;true;true;2;2;128;[2];0.296875;3.3684210526315788
128;128.979;4;38;[1,1,1,1,2,2,2,2,2,2,2,2,2,2,2,2,2,2,2,2,2,2,2,2,2,2,2,2,2,2,2,2,2,2,16,16,16,16];3;true;true;2;2;128;[2];0.296875;3.3684210526315788
128;128.980;4;38;[1,1,1,1,2,2,2,2,2,2,2,2,2,2,2,2,2,2,2,2,2,2,2,2,2,2,2,2,2,2,2,2,2,2,16,16,16,16];3;true;true;2;2;128;[2];0.296875;3.3684210526315788
128;128.981;4;38;[1,1,1,1,2,2,2,2,2,2,2,2,2,2,2,2,2,2,2,2,2,2,2,2,2,2,2,2,2,2,2,2,2,2,16,16,16,16];3;true;true;2;2;128;[2];0.296875;3.3684210526315788
128;128.982;4;26;[1,1,1,1,2,2,2,2,2,2,4,4,4,4,4,4,4,4,4,4,4,4,16,16,16,16];4;true;true;2;2;128;[2];0.203125;4.9230769230769234
128;128.983;4;26;[1,1,1,1,2,2,2,2,2,2,4,4,4,4,4,4,4,4,4,4,4,4,16,16,16,16];4;true;true;2;2;128;[2];0.203125;4.9230769230769234
128;128.984;4;38;[1,1,1,1,2,2,2,2,2,2,2,2,2,2,2,2,2,2,2,2,2,2,2,2,2,2,2,2,2,2,2,2,2,2,16,16,16,16];3;true;true;2;2;128;[2];0.296875;3.3684210526315788
128;128.985;4;38;[1,1,1,1,2,2,2,2,2,2,2,2,2,2,2,2,2,2,2,2,2,2,2,2,2,2,2,2,2,2,2,2,2,2,16,16,16,16];3;true;true;2;2;128;[2];0.296875;3.3684210526315788
128;128.986;4;38;[1,1,1,1,2,2,2,2,2,2,2,2,2,2,2,2,2,2,2,2,2,2,2,2,2,2,2,2,2,2,2,2,2,2,16,16,16,16];3;true;true;2;2;128;[2];0.296875;3.3684210526315788
128;128.987;4;26;[1,1,1,1,2,2,2,2,2,2,4,4,4,4,4,4,4,4,4,4,4,4,16,16,16,16];4;true;true;2;2;128;[2];0.203125;4.9230769230769234
128;128.988;128;128;[1,1,1,1,1,1,1,1,1,1,1,1,1,1,1,1,1,1,1,1,1,1,1,1,1,1,1,1,1,1,1,1,1,1,1,1,1,1,1,1,1,1,1,1,1,1,1,1,1,1,1,1,1,1,1,1,1,1,1,1,1,1,1,1,1,1,1,1,1,1,1,1,1,1,1,1,1,1,1,1,1,1,1,1,1,1,1,1,1,1,1,1,1,1,1,1,1,1,1,1,1,1,1,1,1,1,1,1,1,1,1,1,1,1,1,1,1,1,1,1,1,1,1,1,1,1,1,1];1;true;true;1;1;128;[2];1.;1.
128;128.989;32;80;[1,1,1,1,1,1,1,1,1,1,1,1,1,1,1,1,1,1,1,1,1,1,1,1,1,1,1,1,1,1,1,1,2,2,2,2,2,2,2,2,2,2,2,2,2,2,2,2,2,2,2,2,2,2,2,2,2,2,2,2,2,2,2,2,2,2,2,2,2,2,2,2,2,2,2,2,2,2,2,2];2;true;true;2;2;128;[2];0.625;1.6000000000000001
128;128.990;32;80;[1,1,1,1,1,1,1,1,1,1,1,1,1,1,1,1,1,1,1,1,1,1,1,1,1,1,1,1,1,1,1,1,2,2,2,2,2,2,2,2,2,2,2,2,2,2,2,2,2,2,2,2,2,2,2,2,2,2,2,2,2,2,2,2,2,2,2,2,2,2,2,2,2,2,2,2,2,2,2,2];2;true;true;2;2;128;[2];0.625;1.6000000000000001
128;128.991;4;38;[1,1,1,1,2,2,2,2,2,2,2,2,2,2,2,2,2,2,2,2,2,2,2,2,2,2,2,2,2,2,2,2,2,2,16,16,16,16];3;true;true;2;2;128;[2];0.296875;3.3684210526315788
128;128.992;4;38;[1,1,1,1,2,2,2,2,2,2,2,2,2,2,2,2,2,2,2,2,2,2,2,2,2,2,2,2,2,2,2,2,2,2,16,16,16,16];3;true;true;2;2;128;[2];0.296875;3.3684210526315788
128;128.993;4;38;[1,1,1,1,2,2,2,2,2,2,2,2,2,2,2,2,2,2,2,2,2,2,2,2,2,2,2,2,2,2,2,2,2,2,16,16,16,16];3;true;true;2;2;128;[2];0.296875;3.3684210526315788
128;128.994;4;38;[1,1,1,1,2,2,2,2,2,2,2,2,2,2,2,2,2,2,2,2,2,2,2,2,2,2,2,2,2,2,2,2,2,2,16,16,16,16];3;true;true;2;2;128;[2];0.296875;3.3684210526315788
128;128.995;2;26;[1,1,2,2,2,2,2,2,2,2,2,4,4,4,4,4,4,4,4,4,4,4,16,16,16,16];4;true;true;2;2;128;[2];0.203125;4.9230769230769234
128;128.996;2;26;[1,1,2,2,2,2,2,2,2,2,2,4,4,4,4,4,4,4,4,4,4,4,16,16,16,16];4;true;true;2;2;128;[2];0.203125;4.9230769230769234
128;128.997;128;128;[1,1,1,1,1,1,1,1,1,1,1,1,1,1,1,1,1,1,1,1,1,1,1,1,1,1,1,1,1,1,1,1,1,1,1,1,1,1,1,1,1,1,1,1,1,1,1,1,1,1,1,1,1,1,1,1,1,1,1,1,1,1,1,1,1,1,1,1,1,1,1,1,1,1,1,1,1,1,1,1,1,1,1,1,1,1,1,1,1,1,1,1,1,1,1,1,1,1,1,1,1,1,1,1,1,1,1,1,1,1,1,1,1,1,1,1,1,1,1,1,1,1,1,1,1,1,1,1];1;true;true;1;1;128;[2];1.;1.
128;128.998;32;80;[1,1,1,1,1,1,1,1,1,1,1,1,1,1,1,1,1,1,1,1,1,1,1,1,1,1,1,1,1,1,1,1,2,2,2,2,2,2,2,2,2,2,2,2,2,2,2,2,2,2,2,2,2,2,2,2,2,2,2,2,2,2,2,2,2,2,2,2,2,2,2,2,2,2,2,2,2,2,2,2];2;true;true;2;2;128;[2];0.625;1.6000000000000001
128;128.999;32;80;[1,1,1,1,1,1,1,1,1,1,1,1,1,1,1,1,1,1,1,1,1,1,1,1,1,1,1,1,1,1,1,1,2,2,2,2,2,2,2,2,2,2,2,2,2,2,2,2,2,2,2,2,2,2,2,2,2,2,2,2,2,2,2,2,2,2,2,2,2,2,2,2,2,2,2,2,2,2,2,2];2;true;true;2;2;128;[2];0.625;1.6000000000000001
128;128.1000;32;80;[1,1,1,1,1,1,1,1,1,1,1,1,1,1,1,1,1,1,1,1,1,1,1,1,1,1,1,1,1,1,1,1,2,2,2,2,2,2,2,2,2,2,2,2,2,2,2,2,2,2,2,2,2,2,2,2,2,2,2,2,2,2,2,2,2,2,2,2,2,2,2,2,2,2,2,2,2,2,2,2];2;true;true;2;2;128;[2];0.625;1.6000000000000001
128;128.1001;32;80;[1,1,1,1,1,1,1,1,1,1,1,1,1,1,1,1,1,1,1,1,1,1,1,1,1,1,1,1,1,1,1,1,2,2,2,2,2,2,2,2,2,2,2,2,2,2,2,2,2,2,2,2,2,2,2,2,2,2,2,2,2,2,2,2,2,2,2,2,2,2,2,2,2,2,2,2,2,2,2,2];2;true;true;2;2;128;[2];0.625;1.6000000000000001
128;128.1002;32;80;[1,1,1,1,1,1,1,1,1,1,1,1,1,1,1,1,1,1,1,1,1,1,1,1,1,1,1,1,1,1,1,1,2,2,2,2,2,2,2,2,2,2,2,2,2,2,2,2,2,2,2,2,2,2,2,2,2,2,2,2,2,2,2,2,2,2,2,2,2,2,2,2,2,2,2,2,2,2,2,2];2;true;true;2;2;128;[2];0.625;1.6000000000000001
128;128.1003;32;80;[1,1,1,1,1,1,1,1,1,1,1,1,1,1,1,1,1,1,1,1,1,1,1,1,1,1,1,1,1,1,1,1,2,2,2,2,2,2,2,2,2,2,2,2,2,2,2,2,2,2,2,2,2,2,2,2,2,2,2,2,2,2,2,2,2,2,2,2,2,2,2,2,2,2,2,2,2,2,2,2];2;true;true;2;2;128;[2];0.625;1.6000000000000001
128;128.1004;32;80;[1,1,1,1,1,1,1,1,1,1,1,1,1,1,1,1,1,1,1,1,1,1,1,1,1,1,1,1,1,1,1,1,2,2,2,2,2,2,2,2,2,2,2,2,2,2,2,2,2,2,2,2,2,2,2,2,2,2,2,2,2,2,2,2,2,2,2,2,2,2,2,2,2,2,2,2,2,2,2,2];2;true;true;2;2;128;[2];0.625;1.6000000000000001
128;128.1005;8;68;[1,1,1,1,1,1,1,1,2,2,2,2,2,2,2,2,2,2,2,2,2,2,2,2,2,2,2,2,2,2,2,2,2,2,2,2,2,2,2,2,2,2,2,2,2,2,2,2,2,2,2,2,2,2,2,2,2,2,2,2,2,2,2,2,2,2,2,2];2;true;true;2;2;128;[2];0.53125;1.8823529411764706
128;128.1006;8;68;[1,1,1,1,1,1,1,1,2,2,2,2,2,2,2,2,2,2,2,2,2,2,2,2,2,2,2,2,2,2,2,2,2,2,2,2,2,2,2,2,2,2,2,2,2,2,2,2,2,2,2,2,2,2,2,2,2,2,2,2,2,2,2,2,2,2,2,2];2;true;true;2;2;128;[2];0.53125;1.8823529411764706
128;128.1007;8;68;[1,1,1,1,1,1,1,1,2,2,2,2,2,2,2,2,2,2,2,2,2,2,2,2,2,2,2,2,2,2,2,2,2,2,2,2,2,2,2,2,2,2,2,2,2,2,2,2,2,2,2,2,2,2,2,2,2,2,2,2,2,2,2,2,2,2,2,2];2;true;true;2;2;128;[2];0.53125;1.8823529411764706
128;128.1008;8;68;[1,1,1,1,1,1,1,1,2,2,2,2,2,2,2,2,2,2,2,2,2,2,2,2,2,2,2,2,2,2,2,2,2,2,2,2,2,2,2,2,2,2,2,2,2,2,2,2,2,2,2,2,2,2,2,2,2,2,2,2,2,2,2,2,2,2,2,2];2;true;true;2;2;128;[2];0.53125;1.8823529411764706
128;128.1009;16;56;[1,1,1,1,1,1,1,1,1,1,1,1,1,1,1,1,2,2,2,2,2,2,2,2,2,2,2,2,2,2,2,2,2,2,2,2,2,2,2,2,4,4,4,4,4,4,4,4,4,4,4,4,4,4,4,4];3;true;true;2;2;128;[2];0.4375;2.2857142857142856
128;128.1010;16;56;[1,1,1,1,1,1,1,1,1,1,1,1,1,1,1,1,2,2,2,2,2,2,2,2,2,2,2,2,2,2,2,2,2,2,2,2,2,2,2,2,4,4,4,4,4,4,4,4,4,4,4,4,4,4,4,4];3;true;true;2;2;128;[2];0.4375;2.2857142857142856
128;128.1011;16;56;[1,1,1,1,1,1,1,1,1,1,1,1,1,1,1,1,2,2,2,2,2,2,2,2,2,2,2,2,2,2,2,2,2,2,2,2,2,2,2,2,4,4,4,4,4,4,4,4,4,4,4,4,4,4,4,4];3;true;true;2;2;128;[2];0.4375;2.2857142857142856
128;128.1012;16;56;[1,1,1,1,1,1,1,1,1,1,1,1,1,1,1,1,2,2,2,2,2,2,2,2,2,2,2,2,2,2,2,2,2,2,2,2,2,2,2,2,4,4,4,4,4,4,4,4,4,4,4,4,4,4,4,4];3;true;true;2;2;128;[2];0.4375;2.2857142857142856
128;128.1013;16;56;[1,1,1,1,1,1,1,1,1,1,1,1,1,1,1,1,2,2,2,2,2,2,2,2,2,2,2,2,2,2,2,2,2,2,2,2,2,2,2,2,4,4,4,4,4,4,4,4,4,4,4,4,4,4,4,4];3;true;true;2;2;128;[2];0.4375;2.2857142857142856
128;128.1014;16;56;[1,1,1,1,1,1,1,1,1,1,1,1,1,1,1,1,2,2,2,2,2,2,2,2,2,2,2,2,2,2,2,2,2,2,2,2,2,2,2,2,4,4,4,4,4,4,4,4,4,4,4,4,4,4,4,4];3;true;true;2;2;128;[2];0.4375;2.2857142857142856
128;128.1015;16;56;[1,1,1,1,1,1,1,1,1,1,1,1,1,1,1,1,2,2,2,2,2,2,2,2,2,2,2,2,2,2,2,2,2,2,2,2,2,2,2,2,4,4,4,4,4,4,4,4,4,4,4,4,4,4,4,4];3;true;true;2;2;128;[2];0.4375;2.2857142857142856
128;128.1016;16;56;[1,1,1,1,1,1,1,1,1,1,1,1,1,1,1,1,2,2,2,2,2,2,2,2,2,2,2,2,2,2,2,2,2,2,2,2,2,2,2,2,4,4,4,4,4,4,4,4,4,4,4,4,4,4,4,4];3;true;true;2;2;128;[2];0.4375;2.2857142857142856
128;128.1017;16;56;[1,1,1,1,1,1,1,1,1,1,1,1,1,1,1,1,2,2,2,2,2,2,2,2,2,2,2,2,2,2,2,2,2,2,2,2,2,2,2,2,4,4,4,4,4,4,4,4,4,4,4,4,4,4,4,4];3;true;true;2;2;128;[2];0.4375;2.2857142857142856
128;128.1018;16;56;[1,1,1,1,1,1,1,1,1,1,1,1,1,1,1,1,2,2,2,2,2,2,2,2,2,2,2,2,2,2,2,2,2,2,2,2,2,2,2,2,4,4,4,4,4,4,4,4,4,4,4,4,4,4,4,4];3;true;true;2;2;128;[2];0.4375;2.2857142857142856
128;128.1019;16;56;[1,1,1,1,1,1,1,1,1,1,1,1,1,1,1,1,2,2,2,2,2,2,2,2,2,2,2,2,2,2,2,2,2,2,2,2,2,2,2,2,4,4,4,4,4,4,4,4,4,4,4,4,4,4,4,4];3;true;true;2;2;128;[2];0.4375;2.2857142857142856
128;128.1020;16;56;[1,1,1,1,1,1,1,1,1,1,1,1,1,1,1,1,2,2,2,2,2,2,2,2,2,2,2,2,2,2,2,2,2,2,2,2,2,2,2,2,4,4,4,4,4,4,4,4,4,4,4,4,4,4,4,4];3;true;true;2;2;128;[2];0.4375;2.2857142857142856
128;128.1021;16;56;[1,1,1,1,1,1,1,1,1,1,1,1,1,1,1,1,2,2,2,2,2,2,2,2,2,2,2,2,2,2,2,2,2,2,2,2,2,2,2,2,4,4,4,4,4,4,4,4,4,4,4,4,4,4,4,4];3;true;true;2;2;128;[2];0.4375;2.2857142857142856
128;128.1022;16;56;[1,1,1,1,1,1,1,1,1,1,1,1,1,1,1,1,2,2,2,2,2,2,2,2,2,2,2,2,2,2,2,2,2,2,2,2,2,2,2,2,4,4,4,4,4,4,4,4,4,4,4,4,4,4,4,4];3;true;true;2;2;128;[2];0.4375;2.2857142857142856
128;128.1023;16;56;[1,1,1,1,1,1,1,1,1,1,1,1,1,1,1,1,2,2,2,2,2,2,2,2,2,2,2,2,2,2,2,2,2,2,2,2,2,2,2,2,4,4,4,4,4,4,4,4,4,4,4,4,4,4,4,4];3;true;true;2;2;128;[2];0.4375;2.2857142857142856
128;128.1024;16;56;[1,1,1,1,1,1,1,1,1,1,1,1,1,1,1,1,2,2,2,2,2,2,2,2,2,2,2,2,2,2,2,2,2,2,2,2,2,2,2,2,4,4,4,4,4,4,4,4,4,4,4,4,4,4,4,4];3;true;true;2;2;128;[2];0.4375;2.2857142857142856
128;128.1025;16;56;[1,1,1,1,1,1,1,1,1,1,1,1,1,1,1,1,2,2,2,2,2,2,2,2,2,2,2,2,2,2,2,2,2,2,2,2,2,2,2,2,4,4,4,4,4,4,4,4,4,4,4,4,4,4,4,4];3;true;true;2;2;128;[2];0.4375;2.2857142857142856
128;128.1026;16;56;[1,1,1,1,1,1,1,1,1,1,1,1,1,1,1,1,2,2,2,2,2,2,2,2,2,2,2,2,2,2,2,2,2,2,2,2,2,2,2,2,4,4,4,4,4,4,4,4,4,4,4,4,4,4,4,4];3;true;true;2;2;128;[2];0.4375;2.2857142857142856
128;128.1027;16;56;[1,1,1,1,1,1,1,1,1,1,1,1,1,1,1,1,2,2,2,2,2,2,2,2,2,2,2,2,2,2,2,2,2,2,2,2,2,2,2,2,4,4,4,4,4,4,4,4,4,4,4,4,4,4,4,4];3;true;true;2;2;128;[2];0.4375;2.2857142857142856
128;128.1028;16;56;[1,1,1,1,1,1,1,1,1,1,1,1,1,1,1,1,2,2,2,2,2,2,2,2,2,2,2,2,2,2,2,2,2,2,2,2,2,2,2,2,4,4,4,4,4,4,4,4,4,4,4,4,4,4,4,4];3;true;true;2;2;128;[2];0.4375;2.2857142857142856
128;128.1029;16;56;[1,1,1,1,1,1,1,1,1,1,1,1,1,1,1,1,2,2,2,2,2,2,2,2,2,2,2,2,2,2,2,2,2,2,2,2,2,2,2,2,4,4,4,4,4,4,4,4,4,4,4,4,4,4,4,4];3;true;true;2;2;128;[2];0.4375;2.2857142857142856
128;128.1030;16;56;[1,1,1,1,1,1,1,1,1,1,1,1,1,1,1,1,2,2,2,2,2,2,2,2,2,2,2,2,2,2,2,2,2,2,2,2,2,2,2,2,4,4,4,4,4,4,4,4,4,4,4,4,4,4,4,4];3;true;true;2;2;128;[2];0.4375;2.2857142857142856
128;128.1031;16;56;[1,1,1,1,1,1,1,1,1,1,1,1,1,1,1,1,2,2,2,2,2,2,2,2,2,2,2,2,2,2,2,2,2,2,2,2,2,2,2,2,4,4,4,4,4,4,4,4,4,4,4,4,4,4,4,4];3;true;true;2;2;128;[2];0.4375;2.2857142857142856
128;128.1032;16;56;[1,1,1,1,1,1,1,1,1,1,1,1,1,1,1,1,2,2,2,2,2,2,2,2,2,2,2,2,2,2,2,2,2,2,2,2,2,2,2,2,4,4,4,4,4,4,4,4,4,4,4,4,4,4,4,4];3;true;true;2;2;128;[2];0.4375;2.2857142857142856
128;128.1033;16;56;[1,1,1,1,1,1,1,1,1,1,1,1,1,1,1,1,2,2,2,2,2,2,2,2,2,2,2,2,2,2,2,2,2,2,2,2,2,2,2,2,4,4,4,4,4,4,4,4,4,4,4,4,4,4,4,4];3;true;true;2;2;128;[2];0.4375;2.2857142857142856
128;128.1034;16;56;[1,1,1,1,1,1,1,1,1,1,1,1,1,1,1,1,2,2,2,2,2,2,2,2,2,2,2,2,2,2,2,2,2,2,2,2,2,2,2,2,4,4,4,4,4,4,4,4,4,4,4,4,4,4,4,4];3;true;true;2;2;128;[2];0.4375;2.2857142857142856
128;128.1035;16;56;[1,1,1,1,1,1,1,1,1,1,1,1,1,1,1,1,2,2,2,2,2,2,2,2,2,2,2,2,2,2,2,2,2,2,2,2,2,2,2,2,4,4,4,4,4,4,4,4,4,4,4,4,4,4,4,4];3;true;true;2;2;128;[2];0.4375;2.2857142857142856
128;128.1036;16;56;[1,1,1,1,1,1,1,1,1,1,1,1,1,1,1,1,2,2,2,2,2,2,2,2,2,2,2,2,2,2,2,2,2,2,2,2,2,2,2,2,4,4,4,4,4,4,4,4,4,4,4,4,4,4,4,4];3;true;true;2;2;128;[2];0.4375;2.2857142857142856
128;128.1037;16;56;[1,1,1,1,1,1,1,1,1,1,1,1,1,1,1,1,2,2,2,2,2,2,2,2,2,2,2,2,2,2,2,2,2,2,2,2,2,2,2,2,4,4,4,4,4,4,4,4,4,4,4,4,4,4,4,4];3;true;true;2;2;128;[2];0.4375;2.2857142857142856
128;128.1038;16;56;[1,1,1,1,1,1,1,1,1,1,1,1,1,1,1,1,2,2,2,2,2,2,2,2,2,2,2,2,2,2,2,2,2,2,2,2,2,2,2,2,4,4,4,4,4,4,4,4,4,4,4,4,4,4,4,4];3;true;true;2;2;128;[2];0.4375;2.2857142857142856
128;128.1039;16;56;[1,1,1,1,1,1,1,1,1,1,1,1,1,1,1,1,2,2,2,2,2,2,2,2,2,2,2,2,2,2,2,2,2,2,2,2,2,2,2,2,4,4,4,4,4,4,4,4,4,4,4,4,4,4,4,4];3;true;true;2;2;128;[2];0.4375;2.2857142857142856
128;128.1040;8;44;[1,1,1,1,1,1,1,1,2,2,2,2,2,2,2,2,2,2,2,2,4,4,4,4,4,4,4,4,4,4,4,4,4,4,4,4,4,4,4,4,4,4,4,4];3;true;true;2;2;128;[2];0.34375;2.9090909090909092
128;128.1041;8;44;[1,1,1,1,1,1,1,1,2,2,2,2,2,2,2,2,2,2,2,2,4,4,4,4,4,4,4,4,4,4,4,4,4,4,4,4,4,4,4,4,4,4,4,4];3;true;true;2;2;128;[2];0.34375;2.9090909090909092
128;128.1042;8;44;[1,1,1,1,1,1,1,1,2,2,2,2,2,2,2,2,2,2,2,2,4,4,4,4,4,4,4,4,4,4,4,4,4,4,4,4,4,4,4,4,4,4,4,4];3;true;true;2;2;128;[2];0.34375;2.9090909090909092
128;128.1043;8;44;[1,1,1,1,1,1,1,1,2,2,2,2,2,2,2,2,2,2,2,2,4,4,4,4,4,4,4,4,4,4,4,4,4,4,4,4,4,4,4,4,4,4,4,4];3;true;true;2;2;128;[2];0.34375;2.9090909090909092
128;128.1044;8;44;[1,1,1,1,1,1,1,1,2,2,2,2,2,2,2,2,2,2,2,2,4,4,4,4,4,4,4,4,4,4,4,4,4,4,4,4,4,4,4,4,4,4,4,4];3;true;true;2;2;128;[2];0.34375;2.9090909090909092
128;128.1045;8;44;[1,1,1,1,1,1,1,1,2,2,2,2,2,2,2,2,2,2,2,2,4,4,4,4,4,4,4,4,4,4,4,4,4,4,4,4,4,4,4,4,4,4,4,4];3;true;true;2;2;128;[2];0.34375;2.9090909090909092
128;128.1046;8;44;[1,1,1,1,1,1,1,1,2,2,2,2,2,2,2,2,2,2,2,2,4,4,4,4,4,4,4,4,4,4,4,4,4,4,4,4,4,4,4,4,4,4,4,4];3;true;true;2;2;128;[2];0.34375;2.9090909090909092
128;128.1047;8;44;[1,1,1,1,1,1,1,1,2,2,2,2,2,2,2,2,2,2,2,2,4,4,4,4,4,4,4,4,4,4,4,4,4,4,4,4,4,4,4,4,4,4,4,4];3;true;true;2;2;128;[2];0.34375;2.9090909090909092
128;128.1048;8;44;[1,1,1,1,1,1,1,1,2,2,2,2,2,2,2,2,2,2,2,2,4,4,4,4,4,4,4,4,4,4,4,4,4,4,4,4,4,4,4,4,4,4,4,4];3;true;true;2;2;128;[2];0.34375;2.9090909090909092
128;128.1049;8;44;[1,1,1,1,1,1,1,1,2,2,2,2,2,2,2,2,2,2,2,2,4,4,4,4,4,4,4,4,4,4,4,4,4,4,4,4,4,4,4,4,4,4,4,4];3;true;true;2;2;128;[2];0.34375;2.9090909090909092
128;128.1050;8;44;[1,1,1,1,1,1,1,1,2,2,2,2,2,2,2,2,2,2,2,2,4,4,4,4,4,4,4,4,4,4,4,4,4,4,4,4,4,4,4,4,4,4,4,4];3;true;true;2;2;128;[2];0.34375;2.9090909090909092
128;128.1051;8;44;[1,1,1,1,1,1,1,1,2,2,2,2,2,2,2,2,2,2,2,2,4,4,4,4,4,4,4,4,4,4,4,4,4,4,4,4,4,4,4,4,4,4,4,4];3;true;true;2;2;128;[2];0.34375;2.9090909090909092
128;128.1052;8;44;[1,1,1,1,1,1,1,1,2,2,2,2,2,2,2,2,2,2,2,2,4,4,4,4,4,4,4,4,4,4,4,4,4,4,4,4,4,4,4,4,4,4,4,4];3;true;true;2;2;128;[2];0.34375;2.9090909090909092
128;128.1053;8;44;[1,1,1,1,1,1,1,1,2,2,2,2,2,2,2,2,2,2,2,2,4,4,4,4,4,4,4,4,4,4,4,4,4,4,4,4,4,4,4,4,4,4,4,4];3;true;true;2;2;128;[2];0.34375;2.9090909090909092
128;128.1054;8;44;[1,1,1,1,1,1,1,1,2,2,2,2,2,2,2,2,2,2,2,2,4,4,4,4,4,4,4,4,4,4,4,4,4,4,4,4,4,4,4,4,4,4,4,4];3;true;true;2;2;128;[2];0.34375;2.9090909090909092
128;128.1055;8;44;[1,1,1,1,1,1,1,1,2,2,2,2,2,2,2,2,2,2,2,2,4,4,4,4,4,4,4,4,4,4,4,4,4,4,4,4,4,4,4,4,4,4,4,4];3;true;true;2;2;128;[2];0.34375;2.9090909090909092
128;128.1056;8;44;[1,1,1,1,1,1,1,1,2,2,2,2,2,2,2,2,2,2,2,2,4,4,4,4,4,4,4,4,4,4,4,4,4,4,4,4,4,4,4,4,4,4,4,4];3;true;true;2;2;128;[2];0.34375;2.9090909090909092
128;128.1057;8;44;[1,1,1,1,1,1,1,1,2,2,2,2,2,2,2,2,2,2,2,2,4,4,4,4,4,4,4,4,4,4,4,4,4,4,4,4,4,4,4,4,4,4,4,4];3;true;true;2;2;128;[2];0.34375;2.9090909090909092
128;128.1058;8;44;[1,1,1,1,1,1,1,1,2,2,2,2,2,2,2,2,2,2,2,2,4,4,4,4,4,4,4,4,4,4,4,4,4,4,4,4,4,4,4,4,4,4,4,4];3;true;true;2;2;128;[2];0.34375;2.9090909090909092
128;128.1059;8;44;[1,1,1,1,1,1,1,1,2,2,2,2,2,2,2,2,2,2,2,2,4,4,4,4,4,4,4,4,4,4,4,4,4,4,4,4,4,4,4,4,4,4,4,4];3;true;true;2;2;128;[2];0.34375;2.9090909090909092
128;128.1060;8;44;[1,1,1,1,1,1,1,1,2,2,2,2,2,2,2,2,2,2,2,2,4,4,4,4,4,4,4,4,4,4,4,4,4,4,4,4,4,4,4,4,4,4,4,4];3;true;true;2;2;128;[2];0.34375;2.9090909090909092
128;128.1061;8;44;[1,1,1,1,1,1,1,1,2,2,2,2,2,2,2,2,2,2,2,2,4,4,4,4,4,4,4,4,4,4,4,4,4,4,4,4,4,4,4,4,4,4,4,4];3;true;true;2;2;128;[2];0.34375;2.9090909090909092
128;128.1062;8;44;[1,1,1,1,1,1,1,1,2,2,2,2,2,2,2,2,2,2,2,2,4,4,4,4,4,4,4,4,4,4,4,4,4,4,4,4,4,4,4,4,4,4,4,4];3;true;true;2;2;128;[2];0.34375;2.9090909090909092
128;128.1063;8;44;[1,1,1,1,1,1,1,1,2,2,2,2,2,2,2,2,2,2,2,2,4,4,4,4,4,4,4,4,4,4,4,4,4,4,4,4,4,4,4,4,4,4,4,4];3;true;true;2;2;128;[2];0.34375;2.9090909090909092
128;128.1064;8;44;[1,1,1,1,1,1,1,1,2,2,2,2,2,2,2,2,2,2,2,2,4,4,4,4,4,4,4,4,4,4,4,4,4,4,4,4,4,4,4,4,4,4,4,4];3;true;true;2;2;128;[2];0.34375;2.9090909090909092
128;128.1065;8;44;[1,1,1,1,1,1,1,1,2,2,2,2,2,2,2,2,2,2,2,2,4,4,4,4,4,4,4,4,4,4,4,4,4,4,4,4,4,4,4,4,4,4,4,4];3;true;true;2;2;128;[2];0.34375;2.9090909090909092
128;128.1066;8;44;[1,1,1,1,1,1,1,1,2,2,2,2,2,2,2,2,2,2,2,2,4,4,4,4,4,4,4,4,4,4,4,4,4,4,4,4,4,4,4,4,4,4,4,4];3;true;true;2;2;128;[2];0.34375;2.9090909090909092
128;128.1067;8;44;[1,1,1,1,1,1,1,1,2,2,2,2,2,2,2,2,2,2,2,2,4,4,4,4,4,4,4,4,4,4,4,4,4,4,4,4,4,4,4,4,4,4,4,4];3;true;true;2;2;128;[2];0.34375;2.9090909090909092
128;128.1068;8;44;[1,1,1,1,1,1,1,1,2,2,2,2,2,2,2,2,2,2,2,2,4,4,4,4,4,4,4,4,4,4,4,4,4,4,4,4,4,4,4,4,4,4,4,4];3;true;true;2;2;128;[2];0.34375;2.9090909090909092
128;128.1069;8;44;[1,1,1,1,1,1,1,1,2,2,2,2,2,2,2,2,2,2,2,2,4,4,4,4,4,4,4,4,4,4,4,4,4,4,4,4,4,4,4,4,4,4,4,4];3;true;true;2;2;128;[2];0.34375;2.9090909090909092
128;128.1070;8;50;[1,1,1,1,1,1,1,1,2,2,2,2,2,2,2,2,2,2,2,2,2,2,2,2,2,2,2,2,2,2,2,2,4,4,4,4,4,4,4,4,4,4,4,4,4,4,4,4,4,4];3;true;true;2;2;128;[2];0.390625;2.5600000000000001
128;128.1071;8;50;[1,1,1,1,1,1,1,1,2,2,2,2,2,2,2,2,2,2,2,2,2,2,2,2,2,2,2,2,2,2,2,2,4,4,4,4,4,4,4,4,4,4,4,4,4,4,4,4,4,4];3;true;true;2;2;128;[2];0.390625;2.5600000000000001
128;128.1072;8;50;[1,1,1,1,1,1,1,1,2,2,2,2,2,2,2,2,2,2,2,2,2,2,2,2,2,2,2,2,2,2,2,2,4,4,4,4,4,4,4,4,4,4,4,4,4,4,4,4,4,4];3;true;true;2;2;128;[2];0.390625;2.5600000000000001
128;128.1073;8;50;[1,1,1,1,1,1,1,1,2,2,2,2,2,2,2,2,2,2,2,2,2,2,2,2,2,2,2,2,2,2,2,2,4,4,4,4,4,4,4,4,4,4,4,4,4,4,4,4,4,4];3;true;true;2;2;128;[2];0.390625;2.5600000000000001
128;128.1074;8;50;[1,1,1,1,1,1,1,1,2,2,2,2,2,2,2,2,2,2,2,2,2,2,2,2,2,2,2,2,2,2,2,2,4,4,4,4,4,4,4,4,4,4,4,4,4,4,4,4,4,4];3;true;true;2;2;128;[2];0.390625;2.5600000000000001
128;128.1075;8;50;[1,1,1,1,1,1,1,1,2,2,2,2,2,2,2,2,2,2,2,2,2,2,2,2,2,2,2,2,2,2,2,2,4,4,4,4,4,4,4,4,4,4,4,4,4,4,4,4,4,4];3;true;true;2;2;128;[2];0.390625;2.5600000000000001
128;128.1076;8;50;[1,1,1,1,1,1,1,1,2,2,2,2,2,2,2,2,2,2,2,2,2,2,2,2,2,2,2,2,2,2,2,2,4,4,4,4,4,4,4,4,4,4,4,4,4,4,4,4,4,4];3;true;true;2;2;128;[2];0.390625;2.5600000000000001
128;128.1077;8;50;[1,1,1,1,1,1,1,1,2,2,2,2,2,2,2,2,2,2,2,2,2,2,2,2,2,2,2,2,2,2,2,2,4,4,4,4,4,4,4,4,4,4,4,4,4,4,4,4,4,4];3;true;true;2;2;128;[2];0.390625;2.5600000000000001
128;128.1078;8;50;[1,1,1,1,1,1,1,1,2,2,2,2,2,2,2,2,2,2,2,2,2,2,2,2,2,2,2,2,2,2,2,2,4,4,4,4,4,4,4,4,4,4,4,4,4,4,4,4,4,4];3;true;true;2;2;128;[2];0.390625;2.5600000000000001
128;128.1079;8;50;[1,1,1,1,1,1,1,1,2,2,2,2,2,2,2,2,2,2,2,2,2,2,2,2,2,2,2,2,2,2,2,2,4,4,4,4,4,4,4,4,4,4,4,4,4,4,4,4,4,4];3;true;true;2;2;128;[2];0.390625;2.5600000000000001
128;128.1080;8;50;[1,1,1,1,1,1,1,1,2,2,2,2,2,2,2,2,2,2,2,2,2,2,2,2,2,2,2,2,2,2,2,2,4,4,4,4,4,4,4,4,4,4,4,4,4,4,4,4,4,4];3;true;true;2;2;128;[2];0.390625;2.5600000000000001
128;128.1081;8;50;[1,1,1,1,1,1,1,1,2,2,2,2,2,2,2,2,2,2,2,2,2,2,2,2,2,2,2,2,2,2,2,2,4,4,4,4,4,4,4,4,4,4,4,4,4,4,4,4,4,4];3;true;true;2;2;128;[2];0.390625;2.5600000000000001
128;128.1082;8;50;[1,1,1,1,1,1,1,1,2,2,2,2,2,2,2,2,2,2,2,2,2,2,2,2,2,2,2,2,2,2,2,2,4,4,4,4,4,4,4,4,4,4,4,4,4,4,4,4,4,4];3;true;true;2;2;128;[2];0.390625;2.5600000000000001
128;128.1083;8;50;[1,1,1,1,1,1,1,1,2,2,2,2,2,2,2,2,2,2,2,2,2,2,2,2,2,2,2,2,2,2,2,2,4,4,4,4,4,4,4,4,4,4,4,4,4,4,4,4,4,4];3;true;true;2;2;128;[2];0.390625;2.5600000000000001
128;128.1084;8;50;[1,1,1,1,1,1,1,1,2,2,2,2,2,2,2,2,2,2,2,2,2,2,2,2,2,2,2,2,2,2,2,2,4,4,4,4,4,4,4,4,4,4,4,4,4,4,4,4,4,4];3;true;true;2;2;128;[2];0.390625;2.5600000000000001
128;128.1085;8;50;[1,1,1,1,1,1,1,1,2,2,2,2,2,2,2,2,2,2,2,2,2,2,2,2,2,2,2,2,2,2,2,2,4,4,4,4,4,4,4,4,4,4,4,4,4,4,4,4,4,4];3;true;true;2;2;128;[2];0.390625;2.5600000000000001
128;128.1086;8;50;[1,1,1,1,1,1,1,1,2,2,2,2,2,2,2,2,2,2,2,2,2,2,2,2,2,2,2,2,2,2,2,2,4,4,4,4,4,4,4,4,4,4,4,4,4,4,4,4,4,4];3;true;true;2;2;128;[2];0.390625;2.5600000000000001
128;128.1087;8;50;[1,1,1,1,1,1,1,1,2,2,2,2,2,2,2,2,2,2,2,2,2,2,2,2,2,2,2,2,2,2,2,2,4,4,4,4,4,4,4,4,4,4,4,4,4,4,4,4,4,4];3;true;true;2;2;128;[2];0.390625;2.5600000000000001
128;128.1088;8;50;[1,1,1,1,1,1,1,1,2,2,2,2,2,2,2,2,2,2,2,2,2,2,2,2,2,2,2,2,2,2,2,2,4,4,4,4,4,4,4,4,4,4,4,4,4,4,4,4,4,4];3;true;true;2;2;128;[2];0.390625;2.5600000000000001
128;128.1089;8;50;[1,1,1,1,1,1,1,1,2,2,2,2,2,2,2,2,2,2,2,2,2,2,2,2,2,2,2,2,2,2,2,2,4,4,4,4,4,4,4,4,4,4,4,4,4,4,4,4,4,4];3;true;true;2;2;128;[2];0.390625;2.5600000000000001
128;128.1090;8;50;[1,1,1,1,1,1,1,1,2,2,2,2,2,2,2,2,2,2,2,2,2,2,2,2,2,2,2,2,2,2,2,2,4,4,4,4,4,4,4,4,4,4,4,4,4,4,4,4,4,4];3;true;true;2;2;128;[2];0.390625;2.5600000000000001
128;128.1091;8;50;[1,1,1,1,1,1,1,1,2,2,2,2,2,2,2,2,2,2,2,2,2,2,2,2,2,2,2,2,2,2,2,2,4,4,4,4,4,4,4,4,4,4,4,4,4,4,4,4,4,4];3;true;true;2;2;128;[2];0.390625;2.5600000000000001
128;128.1092;8;50;[1,1,1,1,1,1,1,1,2,2,2,2,2,2,2,2,2,2,2,2,2,2,2,2,2,2,2,2,2,2,2,2,4,4,4,4,4,4,4,4,4,4,4,4,4,4,4,4,4,4];3;true;true;2;2;128;[2];0.390625;2.5600000000000001
128;128.1093;8;50;[1,1,1,1,1,1,1,1,2,2,2,2,2,2,2,2,2,2,2,2,2,2,2,2,2,2,2,2,2,2,2,2,4,4,4,4,4,4,4,4,4,4,4,4,4,4,4,4,4,4];3;true;true;2;2;128;[2];0.390625;2.5600000000000001
128;128.1094;8;50;[1,1,1,1,1,1,1,1,2,2,2,2,2,2,2,2,2,2,2,2,2,2,2,2,2,2,2,2,2,2,2,2,4,4,4,4,4,4,4,4,4,4,4,4,4,4,4,4,4,4];3;true;true;2;2;128;[2];0.390625;2.5600000000000001
128;128.1095;8;50;[1,1,1,1,1,1,1,1,2,2,2,2,2,2,2,2,2,2,2,2,2,2,2,2,2,2,2,2,2,2,2,2,4,4,4,4,4,4,4,4,4,4,4,4,4,4,4,4,4,4];3;true;true;2;2;128;[2];0.390625;2.5600000000000001
128;128.1096;8;50;[1,1,1,1,1,1,1,1,2,2,2,2,2,2,2,2,2,2,2,2,2,2,2,2,2,2,2,2,2,2,2,2,4,4,4,4,4,4,4,4,4,4,4,4,4,4,4,4,4,4];3;true;true;2;2;128;[2];0.390625;2.5600000000000001
128;128.1097;8;50;[1,1,1,1,1,1,1,1,2,2,2,2,2,2,2,2,2,2,2,2,2,2,2,2,2,2,2,2,2,2,2,2,4,4,4,4,4,4,4,4,4,4,4,4,4,4,4,4,4,4];3;true;true;2;2;128;[2];0.390625;2.5600000000000001
128;128.1098;8;50;[1,1,1,1,1,1,1,1,2,2,2,2,2,2,2,2,2,2,2,2,2,2,2,2,2,2,2,2,2,2,2,2,4,4,4,4,4,4,4,4,4,4,4,4,4,4,4,4,4,4];3;true;true;2;2;128;[2];0.390625;2.5600000000000001
128;128.1099;8;50;[1,1,1,1,1,1,1,1,2,2,2,2,2,2,2,2,2,2,2,2,2,2,2,2,2,2,2,2,2,2,2,2,4,4,4,4,4,4,4,4,4,4,4,4,4,4,4,4,4,4];3;true;true;2;2;128;[2];0.390625;2.5600000000000001
128;128.1100;8;50;[1,1,1,1,1,1,1,1,2,2,2,2,2,2,2,2,2,2,2,2,2,2,2,2,2,2,2,2,2,2,2,2,4,4,4,4,4,4,4,4,4,4,4,4,4,4,4,4,4,4];3;true;true;2;2;128;[2];0.390625;2.5600000000000001
128;128.1101;8;50;[1,1,1,1,1,1,1,1,2,2,2,2,2,2,2,2,2,2,2,2,2,2,2,2,2,2,2,2,2,2,2,2,4,4,4,4,4,4,4,4,4,4,4,4,4,4,4,4,4,4];3;true;true;2;2;128;[2];0.390625;2.5600000000000001
128;128.1102;8;50;[1,1,1,1,1,1,1,1,2,2,2,2,2,2,2,2,2,2,2,2,2,2,2,2,2,2,2,2,2,2,2,2,4,4,4,4,4,4,4,4,4,4,4,4,4,4,4,4,4,4];3;true;true;2;2;128;[2];0.390625;2.5600000000000001
128;128.1103;8;50;[1,1,1,1,1,1,1,1,2,2,2,2,2,2,2,2,2,2,2,2,2,2,2,2,2,2,2,2,2,2,2,2,4,4,4,4,4,4,4,4,4,4,4,4,4,4,4,4,4,4];3;true;true;2;2;128;[2];0.390625;2.5600000000000001
128;128.1104;8;50;[1,1,1,1,1,1,1,1,2,2,2,2,2,2,2,2,2,2,2,2,2,2,2,2,2,2,2,2,2,2,2,2,4,4,4,4,4,4,4,4,4,4,4,4,4,4,4,4,4,4];3;true;true;2;2;128;[2];0.390625;2.5600000000000001
128;128.1105;8;50;[1,1,1,1,1,1,1,1,2,2,2,2,2,2,2,2,2,2,2,2,2,2,2,2,2,2,2,2,2,2,2,2,4,4,4,4,4,4,4,4,4,4,4,4,4,4,4,4,4,4];3;true;true;2;2;128;[2];0.390625;2.5600000000000001
128;128.1106;8;50;[1,1,1,1,1,1,1,1,2,2,2,2,2,2,2,2,2,2,2,2,2,2,2,2,2,2,2,2,2,2,2,2,4,4,4,4,4,4,4,4,4,4,4,4,4,4,4,4,4,4];3;true;true;2;2;128;[2];0.390625;2.5600000000000001
128;128.1107;8;38;[1,1,1,1,1,1,1,1,4,4,4,4,4,4,4,4,4,4,4,4,4,4,4,4,4,4,4,4,4,4,4,4,4,4,4,4,4,4];2;true;true;2;2;128;[2];0.296875;3.3684210526315788
128;128.1108;8;38;[1,1,1,1,1,1,1,1,4,4,4,4,4,4,4,4,4,4,4,4,4,4,4,4,4,4,4,4,4,4,4,4,4,4,4,4,4,4];2;true;true;2;2;128;[2];0.296875;3.3684210526315788
128;128.1109;8;38;[1,1,1,1,1,1,1,1,4,4,4,4,4,4,4,4,4,4,4,4,4,4,4,4,4,4,4,4,4,4,4,4,4,4,4,4,4,4];2;true;true;2;2;128;[2];0.296875;3.3684210526315788
128;128.1110;8;38;[1,1,1,1,1,1,1,1,4,4,4,4,4,4,4,4,4,4,4,4,4,4,4,4,4,4,4,4,4,4,4,4,4,4,4,4,4,4];2;true;true;2;2;128;[2];0.296875;3.3684210526315788
128;128.1111;8;38;[1,1,1,1,1,1,1,1,4,4,4,4,4,4,4,4,4,4,4,4,4,4,4,4,4,4,4,4,4,4,4,4,4,4,4,4,4,4];2;true;true;2;2;128;[2];0.296875;3.3684210526315788
128;128.1112;8;38;[1,1,1,1,1,1,1,1,4,4,4,4,4,4,4,4,4,4,4,4,4,4,4,4,4,4,4,4,4,4,4,4,4,4,4,4,4,4];2;true;true;2;2;128;[2];0.296875;3.3684210526315788
128;128.1113;8;38;[1,1,1,1,1,1,1,1,4,4,4,4,4,4,4,4,4,4,4,4,4,4,4,4,4,4,4,4,4,4,4,4,4,4,4,4,4,4];2;true;true;2;2;128;[2];0.296875;3.3684210526315788
128;128.1114;8;38;[1,1,1,1,1,1,1,1,4,4,4,4,4,4,4,4,4,4,4,4,4,4,4,4,4,4,4,4,4,4,4,4,4,4,4,4,4,4];2;true;true;2;2;128;[2];0.296875;3.3684210526315788
128;128.1115;8;38;[1,1,1,1,1,1,1,1,4,4,4,4,4,4,4,4,4,4,4,4,4,4,4,4,4,4,4,4,4,4,4,4,4,4,4,4,4,4];2;true;true;2;2;128;[2];0.296875;3.3684210526315788
128;128.1116;16;44;[1,1,1,1,1,1,1,1,1,1,1,1,1,1,1,1,4,4,4,4,4,4,4,4,4,4,4,4,4,4,4,4,4,4,4,4,4,4,4,4,4,4,4,4];2;true;true;2;2;128;[2];0.34375;2.9090909090909092
128;128.1117;16;44;[1,1,1,1,1,1,1,1,1,1,1,1,1,1,1,1,4,4,4,4,4,4,4,4,4,4,4,4,4,4,4,4,4,4,4,4,4,4,4,4,4,4,4,4];2;true;true;2;2;128;[2];0.34375;2.9090909090909092
128;128.1118;16;44;[1,1,1,1,1,1,1,1,1,1,1,1,1,1,1,1,4,4,4,4,4,4,4,4,4,4,4,4,4,4,4,4,4,4,4,4,4,4,4,4,4,4,4,4];2;true;true;2;2;128;[2];0.34375;2.9090909090909092
128;128.1119;16;44;[1,1,1,1,1,1,1,1,1,1,1,1,1,1,1,1,4,4,4,4,4,4,4,4,4,4,4,4,4,4,4,4,4,4,4,4,4,4,4,4,4,4,4,4];2;true;true;2;2;128;[2];0.34375;2.9090909090909092
128;128.1120;16;44;[1,1,1,1,1,1,1,1,1,1,1,1,1,1,1,1,4,4,4,4,4,4,4,4,4,4,4,4,4,4,4,4,4,4,4,4,4,4,4,4,4,4,4,4];2;true;true;2;2;128;[2];0.34375;2.9090909090909092
128;128.1121;16;44;[1,1,1,1,1,1,1,1,1,1,1,1,1,1,1,1,4,4,4,4,4,4,4,4,4,4,4,4,4,4,4,4,4,4,4,4,4,4,4,4,4,4,4,4];2;true;true;2;2;128;[2];0.34375;2.9090909090909092
128;128.1122;16;44;[1,1,1,1,1,1,1,1,1,1,1,1,1,1,1,1,4,4,4,4,4,4,4,4,4,4,4,4,4,4,4,4,4,4,4,4,4,4,4,4,4,4,4,4];2;true;true;2;2;128;[2];0.34375;2.9090909090909092
128;128.1123;16;44;[1,1,1,1,1,1,1,1,1,1,1,1,1,1,1,1,4,4,4,4,4,4,4,4,4,4,4,4,4,4,4,4,4,4,4,4,4,4,4,4,4,4,4,4];2;true;true;2;2;128;[2];0.34375;2.9090909090909092
128;128.1124;16;44;[1,1,1,1,1,1,1,1,1,1,1,1,1,1,1,1,4,4,4,4,4,4,4,4,4,4,4,4,4,4,4,4,4,4,4,4,4,4,4,4,4,4,4,4];2;true;true;2;2;128;[2];0.34375;2.9090909090909092
128;128.1125;16;44;[1,1,1,1,1,1,1,1,1,1,1,1,1,1,1,1,4,4,4,4,4,4,4,4,4,4,4,4,4,4,4,4,4,4,4,4,4,4,4,4,4,4,4,4];2;true;true;2;2;128;[2];0.34375;2.9090909090909092
128;128.1126;16;44;[1,1,1,1,1,1,1,1,1,1,1,1,1,1,1,1,4,4,4,4,4,4,4,4,4,4,4,4,4,4,4,4,4,4,4,4,4,4,4,4,4,4,4,4];2;true;true;2;2;128;[2];0.34375;2.9090909090909092
128;128.1127;16;44;[1,1,1,1,1,1,1,1,1,1,1,1,1,1,1,1,4,4,4,4,4,4,4,4,4,4,4,4,4,4,4,4,4,4,4,4,4,4,4,4,4,4,4,4];2;true;true;2;2;128;[2];0.34375;2.9090909090909092
128;128.1128;16;44;[1,1,1,1,1,1,1,1,1,1,1,1,1,1,1,1,4,4,4,4,4,4,4,4,4,4,4,4,4,4,4,4,4,4,4,4,4,4,4,4,4,4,4,4];2;true;true;2;2;128;[2];0.34375;2.9090909090909092
128;128.1129;16;44;[1,1,1,1,1,1,1,1,1,1,1,1,1,1,1,1,4,4,4,4,4,4,4,4,4,4,4,4,4,4,4,4,4,4,4,4,4,4,4,4,4,4,4,4];2;true;true;2;2;128;[2];0.34375;2.9090909090909092
128;128.1130;16;44;[1,1,1,1,1,1,1,1,1,1,1,1,1,1,1,1,4,4,4,4,4,4,4,4,4,4,4,4,4,4,4,4,4,4,4,4,4,4,4,4,4,4,4,4];2;true;true;2;2;128;[2];0.34375;2.9090909090909092
128;128.1131;16;44;[1,1,1,1,1,1,1,1,1,1,1,1,1,1,1,1,4,4,4,4,4,4,4,4,4,4,4,4,4,4,4,4,4,4,4,4,4,4,4,4,4,4,4,4];2;true;true;2;2;128;[2];0.34375;2.9090909090909092
128;128.1132;16;44;[1,1,1,1,1,1,1,1,1,1,1,1,1,1,1,1,4,4,4,4,4,4,4,4,4,4,4,4,4,4,4,4,4,4,4,4,4,4,4,4,4,4,4,4];2;true;true;2;2;128;[2];0.34375;2.9090909090909092
128;128.1133;16;44;[1,1,1,1,1,1,1,1,1,1,1,1,1,1,1,1,4,4,4,4,4,4,4,4,4,4,4,4,4,4,4,4,4,4,4,4,4,4,4,4,4,4,4,4];2;true;true;2;2;128;[2];0.34375;2.9090909090909092
128;128.1134;16;44;[1,1,1,1,1,1,1,1,1,1,1,1,1,1,1,1,4,4,4,4,4,4,4,4,4,4,4,4,4,4,4,4,4,4,4,4,4,4,4,4,4,4,4,4];2;true;true;2;2;128;[2];0.34375;2.9090909090909092
128;128.1135;8;38;[1,1,1,1,1,1,1,1,2,2,2,2,2,2,2,2,4,4,4,4,4,4,4,4,4,4,4,4,4,4,4,4,4,4,8,8,8,8];4;true;true;2;2;128;[2];0.296875;3.3684210526315788
128;128.1136;8;38;[1,1,1,1,1,1,1,1,2,2,2,2,2,2,2,2,4,4,4,4,4,4,4,4,4,4,4,4,4,4,4,4,4,4,8,8,8,8];4;true;true;2;2;128;[2];0.296875;3.3684210526315788
128;128.1137;8;38;[1,1,1,1,1,1,1,1,2,2,2,2,2,2,2,2,4,4,4,4,4,4,4,4,4,4,4,4,4,4,4,4,4,4,8,8,8,8];4;true;true;2;2;128;[2];0.296875;3.3684210526315788
128;128.1138;8;38;[1,1,1,1,1,1,1,1,2,2,2,2,2,2,2,2,4,4,4,4,4,4,4,4,4,4,4,4,4,4,4,4,4,4,8,8,8,8];4;true;true;2;2;128;[2];0.296875;3.3684210526315788
128;128.1139;8;38;[1,1,1,1,1,1,1,1,2,2,2,2,2,2,2,2,4,4,4,4,4,4,4,4,4,4,4,4,4,4,4,4,4,4,8,8,8,8];4;true;true;2;2;128;[2];0.296875;3.3684210526315788
128;128.1140;8;38;[1,1,1,1,1,1,1,1,2,2,2,2,2,2,2,2,4,4,4,4,4,4,4,4,4,4,4,4,4,4,4,4,4,4,8,8,8,8];4;true;true;2;2;128;[2];0.296875;3.3684210526315788
128;128.1141;8;38;[1,1,1,1,1,1,1,1,2,2,2,2,2,2,2,2,4,4,4,4,4,4,4,4,4,4,4,4,4,4,4,4,4,4,8,8,8,8];4;true;true;2;2;128;[2];0.296875;3.3684210526315788
128;128.1142;8;38;[1,1,1,1,1,1,1,1,2,2,2,2,2,2,2,2,4,4,4,4,4,4,4,4,4,4,4,4,4,4,4,4,4,4,8,8,8,8];4;true;true;2;2;128;[2];0.296875;3.3684210526315788
128;128.1143;8;38;[1,1,1,1,1,1,1,1,2,2,2,2,2,2,2,2,4,4,4,4,4,4,4,4,4,4,4,4,4,4,4,4,4,4,8,8,8,8];4;true;true;2;2;128;[2];0.296875;3.3684210526315788
128;128.1144;8;38;[1,1,1,1,1,1,1,1,2,2,2,2,2,2,2,2,4,4,4,4,4,4,4,4,4,4,4,4,4,4,4,4,4,4,8,8,8,8];4;true;true;2;2;128;[2];0.296875;3.3684210526315788
128;128.1145;8;38;[1,1,1,1,1,1,1,1,2,2,2,2,2,2,2,2,4,4,4,4,4,4,4,4,4,4,4,4,4,4,4,4,4,4,8,8,8,8];4;true;true;2;2;128;[2];0.296875;3.3684210526315788
128;128.1146;8;38;[1,1,1,1,1,1,1,1,2,2,2,2,2,2,2,2,4,4,4,4,4,4,4,4,4,4,4,4,4,4,4,4,4,4,8,8,8,8];4;true;true;2;2;128;[2];0.296875;3.3684210526315788
128;128.1147;8;38;[1,1,1,1,1,1,1,1,2,2,2,2,2,2,2,2,4,4,4,4,4,4,4,4,4,4,4,4,4,4,4,4,4,4,8,8,8,8];4;true;true;2;2;128;[2];0.296875;3.3684210526315788
128;128.1148;8;38;[1,1,1,1,1,1,1,1,2,2,2,2,2,2,2,2,4,4,4,4,4,4,4,4,4,4,4,4,4,4,4,4,4,4,8,8,8,8];4;true;true;2;2;128;[2];0.296875;3.3684210526315788
128;128.1149;8;38;[1,1,1,1,1,1,1,1,2,2,2,2,2,2,2,2,4,4,4,4,4,4,4,4,4,4,4,4,4,4,4,4,4,4,8,8,8,8];4;true;true;2;2;128;[2];0.296875;3.3684210526315788
128;128.1150;8;38;[1,1,1,1,1,1,1,1,2,2,2,2,2,2,2,2,4,4,4,4,4,4,4,4,4,4,4,4,4,4,4,4,4,4,8,8,8,8];4;true;true;2;2;128;[2];0.296875;3.3684210526315788
128;128.1151;8;38;[1,1,1,1,1,1,1,1,2,2,2,2,2,2,2,2,4,4,4,4,4,4,4,4,4,4,4,4,4,4,4,4,4,4,8,8,8,8];4;true;true;2;2;128;[2];0.296875;3.3684210526315788
128;128.1152;8;38;[1,1,1,1,1,1,1,1,2,2,2,2,2,2,2,2,4,4,4,4,4,4,4,4,4,4,4,4,4,4,4,4,4,4,8,8,8,8];4;true;true;2;2;128;[2];0.296875;3.3684210526315788
128;128.1153;8;38;[1,1,1,1,1,1,1,1,2,2,2,2,2,2,2,2,4,4,4,4,4,4,4,4,4,4,4,4,4,4,4,4,4,4,8,8,8,8];4;true;true;2;2;128;[2];0.296875;3.3684210526315788
128;128.1154;8;38;[1,1,1,1,1,1,1,1,2,2,2,2,2,2,2,2,4,4,4,4,4,4,4,4,4,4,4,4,4,4,4,4,4,4,8,8,8,8];4;true;true;2;2;128;[2];0.296875;3.3684210526315788
128;128.1155;8;38;[1,1,1,1,1,1,1,1,2,2,2,2,2,2,2,2,4,4,4,4,4,4,4,4,4,4,4,4,4,4,4,4,4,4,8,8,8,8];4;true;true;2;2;128;[2];0.296875;3.3684210526315788
128;128.1156;8;38;[1,1,1,1,1,1,1,1,2,2,2,2,2,2,2,2,4,4,4,4,4,4,4,4,4,4,4,4,4,4,4,4,4,4,8,8,8,8];4;true;true;2;2;128;[2];0.296875;3.3684210526315788
128;128.1157;8;38;[1,1,1,1,1,1,1,1,2,2,2,2,2,2,2,2,4,4,4,4,4,4,4,4,4,4,4,4,4,4,4,4,4,4,8,8,8,8];4;true;true;2;2;128;[2];0.296875;3.3684210526315788
128;128.1158;8;38;[1,1,1,1,1,1,1,1,2,2,2,2,2,2,2,2,4,4,4,4,4,4,4,4,4,4,4,4,4,4,4,4,4,4,8,8,8,8];4;true;true;2;2;128;[2];0.296875;3.3684210526315788
128;128.1159;8;38;[1,1,1,1,1,1,1,1,2,2,2,2,2,2,2,2,4,4,4,4,4,4,4,4,4,4,4,4,4,4,4,4,4,4,8,8,8,8];4;true;true;2;2;128;[2];0.296875;3.3684210526315788
128;128.1160;8;38;[1,1,1,1,1,1,1,1,2,2,2,2,2,2,2,2,4,4,4,4,4,4,4,4,4,4,4,4,4,4,4,4,4,4,8,8,8,8];4;true;true;2;2;128;[2];0.296875;3.3684210526315788
128;128.1161;8;38;[1,1,1,1,1,1,1,1,2,2,2,2,2,2,2,2,4,4,4,4,4,4,4,4,4,4,4,4,4,4,4,4,4,4,8,8,8,8];4;true;true;2;2;128;[2];0.296875;3.3684210526315788
128;128.1162;8;38;[1,1,1,1,1,1,1,1,2,2,2,2,2,2,2,2,4,4,4,4,4,4,4,4,4,4,4,4,4,4,4,4,4,4,8,8,8,8];4;true;true;2;2;128;[2];0.296875;3.3684210526315788
128;128.1163;8;38;[1,1,1,1,1,1,1,1,2,2,2,2,2,2,2,2,4,4,4,4,4,4,4,4,4,4,4,4,4,4,4,4,4,4,8,8,8,8];4;true;true;2;2;128;[2];0.296875;3.3684210526315788
128;128.1164;8;38;[1,1,1,1,1,1,1,1,2,2,2,2,2,2,2,2,4,4,4,4,4,4,4,4,4,4,4,4,4,4,4,4,4,4,8,8,8,8];4;true;true;2;2;128;[2];0.296875;3.3684210526315788
128;128.1165;8;38;[1,1,1,1,1,1,1,1,2,2,2,2,2,2,2,2,4,4,4,4,4,4,4,4,4,4,4,4,4,4,4,4,4,4,8,8,8,8];4;true;true;2;2;128;[2];0.296875;3.3684210526315788
128;128.1166;8;38;[1,1,1,1,1,1,1,1,2,2,2,2,2,2,2,2,4,4,4,4,4,4,4,4,4,4,4,4,4,4,4,4,4,4,8,8,8,8];4;true;true;2;2;128;[2];0.296875;3.3684210526315788
128;128.1167;8;38;[1,1,1,1,1,1,1,1,2,2,2,2,2,2,2,2,4,4,4,4,4,4,4,4,4,4,4,4,4,4,4,4,4,4,8,8,8,8];4;true;true;2;2;128;[2];0.296875;3.3684210526315788
128;128.1168;8;38;[1,1,1,1,1,1,1,1,2,2,2,2,2,2,2,2,4,4,4,4,4,4,4,4,4,4,4,4,4,4,4,4,4,4,8,8,8,8];4;true;true;2;2;128;[2];0.296875;3.3684210526315788
128;128.1169;8;38;[1,1,1,1,1,1,1,1,2,2,2,2,2,2,2,2,4,4,4,4,4,4,4,4,4,4,4,4,4,4,4,4,4,4,8,8,8,8];4;true;true;2;2;128;[2];0.296875;3.3684210526315788
128;128.1170;8;38;[1,1,1,1,1,1,1,1,2,2,2,2,2,2,2,2,4,4,4,4,4,4,4,4,4,4,4,4,4,4,4,4,4,4,8,8,8,8];4;true;true;2;2;128;[2];0.296875;3.3684210526315788
128;128.1171;8;38;[1,1,1,1,1,1,1,1,2,2,2,2,2,2,2,2,4,4,4,4,4,4,4,4,4,4,4,4,4,4,4,4,4,4,8,8,8,8];4;true;true;2;2;128;[2];0.296875;3.3684210526315788
128;128.1172;8;38;[1,1,1,1,1,1,1,1,2,2,2,2,2,2,2,2,4,4,4,4,4,4,4,4,4,4,4,4,4,4,4,4,4,4,8,8,8,8];4;true;true;2;2;128;[2];0.296875;3.3684210526315788
128;128.1173;8;38;[1,1,1,1,1,1,1,1,2,2,2,2,2,2,2,2,4,4,4,4,4,4,4,4,4,4,4,4,4,4,4,4,4,4,8,8,8,8];4;true;true;2;2;128;[2];0.296875;3.3684210526315788
128;128.1174;8;38;[1,1,1,1,1,1,1,1,2,2,2,2,2,2,2,2,4,4,4,4,4,4,4,4,4,4,4,4,4,4,4,4,4,4,8,8,8,8];4;true;true;2;2;128;[2];0.296875;3.3684210526315788
128;128.1175;8;38;[1,1,1,1,1,1,1,1,2,2,2,2,2,2,2,2,4,4,4,4,4,4,4,4,4,4,4,4,4,4,4,4,4,4,8,8,8,8];4;true;true;2;2;128;[2];0.296875;3.3684210526315788
128;128.1176;8;38;[1,1,1,1,1,1,1,1,2,2,2,2,2,2,2,2,4,4,4,4,4,4,4,4,4,4,4,4,4,4,4,4,4,4,8,8,8,8];4;true;true;2;2;128;[2];0.296875;3.3684210526315788
128;128.1177;8;38;[1,1,1,1,1,1,1,1,2,2,2,2,2,2,2,2,4,4,4,4,4,4,4,4,4,4,4,4,4,4,4,4,4,4,8,8,8,8];4;true;true;2;2;128;[2];0.296875;3.3684210526315788
128;128.1178;8;38;[1,1,1,1,1,1,1,1,2,2,2,2,2,2,2,2,4,4,4,4,4,4,4,4,4,4,4,4,4,4,4,4,4,4,8,8,8,8];4;true;true;2;2;128;[2];0.296875;3.3684210526315788
128;128.1179;8;38;[1,1,1,1,1,1,1,1,2,2,2,2,2,2,2,2,4,4,4,4,4,4,4,4,4,4,4,4,4,4,4,4,4,4,8,8,8,8];4;true;true;2;2;128;[2];0.296875;3.3684210526315788
128;128.1180;8;38;[1,1,1,1,1,1,1,1,2,2,2,2,2,2,2,2,4,4,4,4,4,4,4,4,4,4,4,4,4,4,4,4,4,4,8,8,8,8];4;true;true;2;2;128;[2];0.296875;3.3684210526315788
128;128.1181;8;38;[1,1,1,1,1,1,1,1,2,2,2,2,2,2,2,2,4,4,4,4,4,4,4,4,4,4,4,4,4,4,4,4,4,4,8,8,8,8];4;true;true;2;2;128;[2];0.296875;3.3684210526315788
128;128.1182;8;38;[1,1,1,1,1,1,1,1,2,2,2,2,2,2,2,2,4,4,4,4,4,4,4,4,4,4,4,4,4,4,4,4,4,4,8,8,8,8];4;true;true;2;2;128;[2];0.296875;3.3684210526315788
128;128.1183;8;38;[1,1,1,1,1,1,1,1,2,2,2,2,2,2,2,2,4,4,4,4,4,4,4,4,4,4,4,4,4,4,4,4,4,4,8,8,8,8];4;true;true;2;2;128;[2];0.296875;3.3684210526315788
128;128.1184;8;38;[1,1,1,1,1,1,1,1,2,2,2,2,2,2,2,2,4,4,4,4,4,4,4,4,4,4,4,4,4,4,4,4,4,4,8,8,8,8];4;true;true;2;2;128;[2];0.296875;3.3684210526315788
128;128.1185;8;38;[1,1,1,1,1,1,1,1,2,2,2,2,2,2,2,2,4,4,4,4,4,4,4,4,4,4,4,4,4,4,4,4,4,4,8,8,8,8];4;true;true;2;2;128;[2];0.296875;3.3684210526315788
128;128.1186;8;38;[1,1,1,1,1,1,1,1,2,2,2,2,2,2,2,2,4,4,4,4,4,4,4,4,4,4,4,4,4,4,4,4,4,4,8,8,8,8];4;true;true;2;2;128;[2];0.296875;3.3684210526315788
128;128.1187;8;38;[1,1,1,1,1,1,1,1,2,2,2,2,2,2,2,2,4,4,4,4,4,4,4,4,4,4,4,4,4,4,4,4,4,4,8,8,8,8];4;true;true;2;2;128;[2];0.296875;3.3684210526315788
128;128.1188;8;38;[1,1,1,1,1,1,1,1,2,2,2,2,2,2,2,2,4,4,4,4,4,4,4,4,4,4,4,4,4,4,4,4,4,4,8,8,8,8];4;true;true;2;2;128;[2];0.296875;3.3684210526315788
128;128.1189;8;38;[1,1,1,1,1,1,1,1,2,2,2,2,2,2,2,2,4,4,4,4,4,4,4,4,4,4,4,4,4,4,4,4,4,4,8,8,8,8];4;true;true;2;2;128;[2];0.296875;3.3684210526315788
128;128.1190;8;38;[1,1,1,1,1,1,1,1,2,2,2,2,2,2,2,2,4,4,4,4,4,4,4,4,4,4,4,4,4,4,4,4,4,4,8,8,8,8];4;true;true;2;2;128;[2];0.296875;3.3684210526315788
128;128.1191;8;38;[1,1,1,1,1,1,1,1,2,2,2,2,2,2,2,2,4,4,4,4,4,4,4,4,4,4,4,4,4,4,4,4,4,4,8,8,8,8];4;true;true;2;2;128;[2];0.296875;3.3684210526315788
128;128.1192;8;38;[1,1,1,1,1,1,1,1,2,2,2,2,2,2,2,2,4,4,4,4,4,4,4,4,4,4,4,4,4,4,4,4,4,4,8,8,8,8];4;true;true;2;2;128;[2];0.296875;3.3684210526315788
128;128.1193;8;38;[1,1,1,1,1,1,1,1,2,2,2,2,2,2,2,2,4,4,4,4,4,4,4,4,4,4,4,4,4,4,4,4,4,4,8,8,8,8];4;true;true;2;2;128;[2];0.296875;3.3684210526315788
128;128.1194;8;38;[1,1,1,1,1,1,1,1,2,2,2,2,2,2,2,2,4,4,4,4,4,4,4,4,4,4,4,4,4,4,4,4,4,4,8,8,8,8];4;true;true;2;2;128;[2];0.296875;3.3684210526315788
128;128.1195;8;38;[1,1,1,1,1,1,1,1,2,2,2,2,2,2,2,2,4,4,4,4,4,4,4,4,4,4,4,4,4,4,4,4,4,4,8,8,8,8];4;true;true;2;2;128;[2];0.296875;3.3684210526315788
128;128.1196;8;38;[1,1,1,1,1,1,1,1,2,2,2,2,2,2,2,2,4,4,4,4,4,4,4,4,4,4,4,4,4,4,4,4,4,4,8,8,8,8];4;true;true;2;2;128;[2];0.296875;3.3684210526315788
128;128.1197;8;38;[1,1,1,1,1,1,1,1,2,2,2,2,2,2,2,2,4,4,4,4,4,4,4,4,4,4,4,4,4,4,4,4,4,4,8,8,8,8];4;true;true;2;2;128;[2];0.296875;3.3684210526315788
128;128.1198;8;38;[1,1,1,1,1,1,1,1,2,2,2,2,2,2,2,2,4,4,4,4,4,4,4,4,4,4,4,4,4,4,4,4,4,4,8,8,8,8];4;true;true;2;2;128;[2];0.296875;3.3684210526315788
128;128.1199;8;38;[1,1,1,1,1,1,1,1,2,2,2,2,2,2,2,2,4,4,4,4,4,4,4,4,4,4,4,4,4,4,4,4,4,4,8,8,8,8];4;true;true;2;2;128;[2];0.296875;3.3684210526315788
128;128.1200;8;38;[1,1,1,1,1,1,1,1,2,2,2,2,2,2,2,2,4,4,4,4,4,4,4,4,4,4,4,4,4,4,4,4,4,4,8,8,8,8];4;true;true;2;2;128;[2];0.296875;3.3684210526315788
128;128.1201;8;38;[1,1,1,1,1,1,1,1,2,2,2,2,2,2,2,2,4,4,4,4,4,4,4,4,4,4,4,4,4,4,4,4,4,4,8,8,8,8];4;true;true;2;2;128;[2];0.296875;3.3684210526315788
128;128.1202;8;38;[1,1,1,1,1,1,1,1,2,2,2,2,2,2,2,2,4,4,4,4,4,4,4,4,4,4,4,4,4,4,4,4,4,4,8,8,8,8];4;true;true;2;2;128;[2];0.296875;3.3684210526315788
128;128.1203;8;38;[1,1,1,1,1,1,1,1,2,2,2,2,2,2,2,2,4,4,4,4,4,4,4,4,4,4,4,4,4,4,4,4,4,4,8,8,8,8];4;true;true;2;2;128;[2];0.296875;3.3684210526315788
128;128.1204;8;38;[1,1,1,1,1,1,1,1,2,2,2,2,2,2,2,2,4,4,4,4,4,4,4,4,4,4,4,4,4,4,4,4,4,4,8,8,8,8];4;true;true;2;2;128;[2];0.296875;3.3684210526315788
128;128.1205;8;38;[1,1,1,1,1,1,1,1,2,2,2,2,2,2,2,2,4,4,4,4,4,4,4,4,4,4,4,4,4,4,4,4,4,4,8,8,8,8];4;true;true;2;2;128;[2];0.296875;3.3684210526315788
128;128.1206;8;38;[1,1,1,1,1,1,1,1,2,2,2,2,2,2,2,2,4,4,4,4,4,4,4,4,4,4,4,4,4,4,4,4,4,4,8,8,8,8];4;true;true;2;2;128;[2];0.296875;3.3684210526315788
128;128.1207;8;38;[1,1,1,1,1,1,1,1,2,2,2,2,2,2,2,2,4,4,4,4,4,4,4,4,4,4,4,4,4,4,4,4,4,4,8,8,8,8];4;true;true;2;2;128;[2];0.296875;3.3684210526315788
128;128.1208;8;38;[1,1,1,1,1,1,1,1,2,2,2,2,2,2,2,2,4,4,4,4,4,4,4,4,4,4,4,4,4,4,4,4,4,4,8,8,8,8];4;true;true;2;2;128;[2];0.296875;3.3684210526315788
128;128.1209;8;38;[1,1,1,1,1,1,1,1,2,2,2,2,2,2,2,2,4,4,4,4,4,4,4,4,4,4,4,4,4,4,4,4,4,4,8,8,8,8];4;true;true;2;2;128;[2];0.296875;3.3684210526315788
128;128.1210;8;38;[1,1,1,1,1,1,1,1,2,2,2,2,2,2,2,2,4,4,4,4,4,4,4,4,4,4,4,4,4,4,4,4,4,4,8,8,8,8];4;true;true;2;2;128;[2];0.296875;3.3684210526315788
128;128.1211;8;38;[1,1,1,1,1,1,1,1,2,2,2,2,2,2,2,2,4,4,4,4,4,4,4,4,4,4,4,4,4,4,4,4,4,4,8,8,8,8];4;true;true;2;2;128;[2];0.296875;3.3684210526315788
128;128.1212;8;38;[1,1,1,1,1,1,1,1,2,2,2,2,2,2,2,2,4,4,4,4,4,4,4,4,4,4,4,4,4,4,4,4,4,4,8,8,8,8];4;true;true;2;2;128;[2];0.296875;3.3684210526315788
128;128.1213;8;38;[1,1,1,1,1,1,1,1,2,2,2,2,2,2,2,2,4,4,4,4,4,4,4,4,4,4,4,4,4,4,4,4,4,4,8,8,8,8];4;true;true;2;2;128;[2];0.296875;3.3684210526315788
128;128.1214;8;38;[1,1,1,1,1,1,1,1,2,2,2,2,2,2,2,2,4,4,4,4,4,4,4,4,4,4,4,4,4,4,4,4,4,4,8,8,8,8];4;true;true;2;2;128;[2];0.296875;3.3684210526315788
128;128.1215;8;38;[1,1,1,1,1,1,1,1,2,2,2,2,2,2,2,2,4,4,4,4,4,4,4,4,4,4,4,4,4,4,4,4,4,4,8,8,8,8];4;true;true;2;2;128;[2];0.296875;3.3684210526315788
128;128.1216;8;38;[1,1,1,1,1,1,1,1,2,2,2,2,2,2,2,2,4,4,4,4,4,4,4,4,4,4,4,4,4,4,4,4,4,4,8,8,8,8];4;true;true;2;2;128;[2];0.296875;3.3684210526315788
128;128.1217;8;38;[1,1,1,1,1,1,1,1,2,2,2,2,2,2,2,2,4,4,4,4,4,4,4,4,4,4,4,4,4,4,4,4,4,4,8,8,8,8];4;true;true;2;2;128;[2];0.296875;3.3684210526315788
128;128.1218;8;38;[1,1,1,1,1,1,1,1,2,2,2,2,2,2,2,2,4,4,4,4,4,4,4,4,4,4,4,4,4,4,4,4,4,4,8,8,8,8];4;true;true;2;2;128;[2];0.296875;3.3684210526315788
128;128.1219;8;38;[1,1,1,1,1,1,1,1,2,2,2,2,2,2,2,2,4,4,4,4,4,4,4,4,4,4,4,4,4,4,4,4,4,4,8,8,8,8];4;true;true;2;2;128;[2];0.296875;3.3684210526315788
128;128.1220;8;38;[1,1,1,1,1,1,1,1,2,2,2,2,2,2,2,2,4,4,4,4,4,4,4,4,4,4,4,4,4,4,4,4,4,4,8,8,8,8];4;true;true;2;2;128;[2];0.296875;3.3684210526315788
128;128.1221;8;38;[1,1,1,1,1,1,1,1,2,2,2,2,2,2,2,2,4,4,4,4,4,4,4,4,4,4,4,4,4,4,4,4,4,4,8,8,8,8];4;true;true;2;2;128;[2];0.296875;3.3684210526315788
128;128.1222;8;38;[1,1,1,1,1,1,1,1,2,2,2,2,2,2,2,2,4,4,4,4,4,4,4,4,4,4,4,4,4,4,4,4,4,4,8,8,8,8];4;true;true;2;2;128;[2];0.296875;3.3684210526315788
128;128.1223;8;38;[1,1,1,1,1,1,1,1,2,2,2,2,2,2,2,2,4,4,4,4,4,4,4,4,4,4,4,4,4,4,4,4,4,4,8,8,8,8];4;true;true;2;2;128;[2];0.296875;3.3684210526315788
128;128.1224;8;38;[1,1,1,1,1,1,1,1,2,2,2,2,2,2,2,2,4,4,4,4,4,4,4,4,4,4,4,4,4,4,4,4,4,4,8,8,8,8];4;true;true;2;2;128;[2];0.296875;3.3684210526315788
128;128.1225;8;38;[1,1,1,1,1,1,1,1,2,2,2,2,2,2,2,2,4,4,4,4,4,4,4,4,4,4,4,4,4,4,4,4,4,4,8,8,8,8];4;true;true;2;2;128;[2];0.296875;3.3684210526315788
128;128.1226;8;38;[1,1,1,1,1,1,1,1,2,2,2,2,2,2,2,2,4,4,4,4,4,4,4,4,4,4,4,4,4,4,4,4,4,4,8,8,8,8];4;true;true;2;2;128;[2];0.296875;3.3684210526315788
128;128.1227;8;38;[1,1,1,1,1,1,1,1,2,2,2,2,2,2,2,2,4,4,4,4,4,4,4,4,4,4,4,4,4,4,4,4,4,4,8,8,8,8];4;true;true;2;2;128;[2];0.296875;3.3684210526315788
128;128.1228;8;38;[1,1,1,1,1,1,1,1,2,2,2,2,2,2,2,2,4,4,4,4,4,4,4,4,4,4,4,4,4,4,4,4,4,4,8,8,8,8];4;true;true;2;2;128;[2];0.296875;3.3684210526315788
128;128.1229;8;38;[1,1,1,1,1,1,1,1,2,2,2,2,2,2,2,2,4,4,4,4,4,4,4,4,4,4,4,4,4,4,4,4,4,4,8,8,8,8];4;true;true;2;2;128;[2];0.296875;3.3684210526315788
128;128.1230;8;38;[1,1,1,1,1,1,1,1,2,2,2,2,2,2,2,2,4,4,4,4,4,4,4,4,4,4,4,4,4,4,4,4,4,4,8,8,8,8];4;true;true;2;2;128;[2];0.296875;3.3684210526315788
128;128.1231;8;38;[1,1,1,1,1,1,1,1,2,2,2,2,2,2,2,2,4,4,4,4,4,4,4,4,4,4,4,4,4,4,4,4,4,4,8,8,8,8];4;true;true;2;2;128;[2];0.296875;3.3684210526315788
128;128.1232;8;38;[1,1,1,1,1,1,1,1,2,2,2,2,2,2,2,2,4,4,4,4,4,4,4,4,4,4,4,4,4,4,4,4,4,4,8,8,8,8];4;true;true;2;2;128;[2];0.296875;3.3684210526315788
128;128.1233;8;38;[1,1,1,1,1,1,1,1,2,2,2,2,2,2,2,2,4,4,4,4,4,4,4,4,4,4,4,4,4,4,4,4,4,4,8,8,8,8];4;true;true;2;2;128;[2];0.296875;3.3684210526315788
128;128.1234;8;38;[1,1,1,1,1,1,1,1,2,2,2,2,2,2,2,2,4,4,4,4,4,4,4,4,4,4,4,4,4,4,4,4,4,4,8,8,8,8];4;true;true;2;2;128;[2];0.296875;3.3684210526315788
128;128.1235;8;38;[1,1,1,1,1,1,1,1,2,2,2,2,2,2,2,2,4,4,4,4,4,4,4,4,4,4,4,4,4,4,4,4,4,4,8,8,8,8];4;true;true;2;2;128;[2];0.296875;3.3684210526315788
128;128.1236;8;38;[1,1,1,1,1,1,1,1,2,2,2,2,2,2,2,2,4,4,4,4,4,4,4,4,4,4,4,4,4,4,4,4,4,4,8,8,8,8];4;true;true;2;2;128;[2];0.296875;3.3684210526315788
128;128.1237;8;38;[1,1,1,1,1,1,1,1,2,2,2,2,2,2,2,2,4,4,4,4,4,4,4,4,4,4,4,4,4,4,4,4,4,4,8,8,8,8];4;true;true;2;2;128;[2];0.296875;3.3684210526315788
128;128.1238;8;38;[1,1,1,1,1,1,1,1,2,2,2,2,2,2,2,2,4,4,4,4,4,4,4,4,4,4,4,4,4,4,4,4,4,4,8,8,8,8];4;true;true;2;2;128;[2];0.296875;3.3684210526315788
128;128.1239;8;38;[1,1,1,1,1,1,1,1,2,2,2,2,2,2,2,2,4,4,4,4,4,4,4,4,4,4,4,4,4,4,4,4,4,4,8,8,8,8];4;true;true;2;2;128;[2];0.296875;3.3684210526315788
128;128.1240;8;38;[1,1,1,1,1,1,1,1,2,2,2,2,2,2,2,2,4,4,4,4,4,4,4,4,4,4,4,4,4,4,4,4,4,4,8,8,8,8];4;true;true;2;2;128;[2];0.296875;3.3684210526315788
128;128.1241;8;38;[1,1,1,1,1,1,1,1,2,2,2,2,2,2,2,2,4,4,4,4,4,4,4,4,4,4,4,4,4,4,4,4,4,4,8,8,8,8];4;true;true;2;2;128;[2];0.296875;3.3684210526315788
128;128.1242;8;38;[1,1,1,1,1,1,1,1,2,2,2,2,2,2,2,2,4,4,4,4,4,4,4,4,4,4,4,4,4,4,4,4,4,4,8,8,8,8];4;true;true;2;2;128;[2];0.296875;3.3684210526315788
128;128.1243;8;38;[1,1,1,1,1,1,1,1,2,2,2,2,2,2,2,2,4,4,4,4,4,4,4,4,4,4,4,4,4,4,4,4,4,4,8,8,8,8];4;true;true;2;2;128;[2];0.296875;3.3684210526315788
128;128.1244;8;38;[1,1,1,1,1,1,1,1,2,2,2,2,2,2,2,2,4,4,4,4,4,4,4,4,4,4,4,4,4,4,4,4,4,4,8,8,8,8];4;true;true;2;2;128;[2];0.296875;3.3684210526315788
128;128.1245;8;38;[1,1,1,1,1,1,1,1,2,2,2,2,2,2,2,2,4,4,4,4,4,4,4,4,4,4,4,4,4,4,4,4,4,4,8,8,8,8];4;true;true;2;2;128;[2];0.296875;3.3684210526315788
128;128.1246;8;38;[1,1,1,1,1,1,1,1,2,2,2,2,2,2,2,2,4,4,4,4,4,4,4,4,4,4,4,4,4,4,4,4,4,4,8,8,8,8];4;true;true;2;2;128;[2];0.296875;3.3684210526315788
128;128.1247;8;38;[1,1,1,1,1,1,1,1,2,2,2,2,2,2,2,2,4,4,4,4,4,4,4,4,4,4,4,4,4,4,4,4,4,4,8,8,8,8];4;true;true;2;2;128;[2];0.296875;3.3684210526315788
128;128.1248;8;38;[1,1,1,1,1,1,1,1,2,2,2,2,2,2,2,2,4,4,4,4,4,4,4,4,4,4,4,4,4,4,4,4,4,4,8,8,8,8];4;true;true;2;2;128;[2];0.296875;3.3684210526315788
128;128.1249;8;38;[1,1,1,1,1,1,1,1,2,2,2,2,2,2,2,2,4,4,4,4,4,4,4,4,4,4,4,4,4,4,4,4,4,4,8,8,8,8];4;true;true;2;2;128;[2];0.296875;3.3684210526315788
128;128.1250;8;38;[1,1,1,1,1,1,1,1,2,2,2,2,2,2,2,2,4,4,4,4,4,4,4,4,4,4,4,4,4,4,4,4,4,4,8,8,8,8];4;true;true;2;2;128;[2];0.296875;3.3684210526315788
128;128.1251;8;38;[1,1,1,1,1,1,1,1,2,2,2,2,2,2,2,2,4,4,4,4,4,4,4,4,4,4,4,4,4,4,4,4,4,4,8,8,8,8];4;true;true;2;2;128;[2];0.296875;3.3684210526315788
128;128.1252;8;38;[1,1,1,1,1,1,1,1,2,2,2,2,2,2,2,2,4,4,4,4,4,4,4,4,4,4,4,4,4,4,4,4,4,4,8,8,8,8];4;true;true;2;2;128;[2];0.296875;3.3684210526315788
128;128.1253;8;38;[1,1,1,1,1,1,1,1,2,2,2,2,2,2,2,2,4,4,4,4,4,4,4,4,4,4,4,4,4,4,4,4,4,4,8,8,8,8];4;true;true;2;2;128;[2];0.296875;3.3684210526315788
128;128.1254;8;38;[1,1,1,1,1,1,1,1,2,2,2,2,2,2,2,2,4,4,4,4,4,4,4,4,4,4,4,4,4,4,4,4,4,4,8,8,8,8];4;true;true;2;2;128;[2];0.296875;3.3684210526315788
128;128.1255;8;38;[1,1,1,1,1,1,1,1,2,2,2,2,2,2,2,2,4,4,4,4,4,4,4,4,4,4,4,4,4,4,4,4,4,4,8,8,8,8];4;true;true;2;2;128;[2];0.296875;3.3684210526315788
128;128.1256;8;38;[1,1,1,1,1,1,1,1,2,2,2,2,2,2,2,2,4,4,4,4,4,4,4,4,4,4,4,4,4,4,4,4,4,4,8,8,8,8];4;true;true;2;2;128;[2];0.296875;3.3684210526315788
128;128.1257;8;38;[1,1,1,1,1,1,1,1,2,2,2,2,2,2,2,2,4,4,4,4,4,4,4,4,4,4,4,4,4,4,4,4,4,4,8,8,8,8];4;true;true;2;2;128;[2];0.296875;3.3684210526315788
128;128.1258;8;38;[1,1,1,1,1,1,1,1,2,2,2,2,2,2,2,2,4,4,4,4,4,4,4,4,4,4,4,4,4,4,4,4,4,4,8,8,8,8];4;true;true;2;2;128;[2];0.296875;3.3684210526315788
128;128.1259;8;38;[1,1,1,1,1,1,1,1,2,2,2,2,2,2,2,2,4,4,4,4,4,4,4,4,4,4,4,4,4,4,4,4,4,4,8,8,8,8];4;true;true;2;2;128;[2];0.296875;3.3684210526315788
128;128.1260;8;38;[1,1,1,1,1,1,1,1,2,2,2,2,2,2,2,2,4,4,4,4,4,4,4,4,4,4,4,4,4,4,4,4,4,4,8,8,8,8];4;true;true;2;2;128;[2];0.296875;3.3684210526315788
128;128.1261;8;38;[1,1,1,1,1,1,1,1,2,2,2,2,2,2,2,2,4,4,4,4,4,4,4,4,4,4,4,4,4,4,4,4,4,4,8,8,8,8];4;true;true;2;2;128;[2];0.296875;3.3684210526315788
128;128.1262;8;38;[1,1,1,1,1,1,1,1,2,2,2,2,2,2,2,2,4,4,4,4,4,4,4,4,4,4,4,4,4,4,4,4,4,4,8,8,8,8];4;true;true;2;2;128;[2];0.296875;3.3684210526315788
128;128.1263;8;38;[1,1,1,1,1,1,1,1,2,2,2,2,2,2,2,2,4,4,4,4,4,4,4,4,4,4,4,4,4,4,4,4,4,4,8,8,8,8];4;true;true;2;2;128;[2];0.296875;3.3684210526315788
128;128.1264;8;38;[1,1,1,1,1,1,1,1,2,2,2,2,2,2,2,2,4,4,4,4,4,4,4,4,4,4,4,4,4,4,4,4,4,4,8,8,8,8];4;true;true;2;2;128;[2];0.296875;3.3684210526315788
128;128.1265;8;38;[1,1,1,1,1,1,1,1,2,2,2,2,2,2,2,2,4,4,4,4,4,4,4,4,4,4,4,4,4,4,4,4,4,4,8,8,8,8];4;true;true;2;2;128;[2];0.296875;3.3684210526315788
128;128.1266;8;38;[1,1,1,1,1,1,1,1,2,2,2,2,2,2,2,2,4,4,4,4,4,4,4,4,4,4,4,4,4,4,4,4,4,4,8,8,8,8];4;true;true;2;2;128;[2];0.296875;3.3684210526315788
128;128.1267;8;38;[1,1,1,1,1,1,1,1,2,2,2,2,2,2,2,2,4,4,4,4,4,4,4,4,4,4,4,4,4,4,4,4,4,4,8,8,8,8];4;true;true;2;2;128;[2];0.296875;3.3684210526315788
128;128.1268;8;38;[1,1,1,1,1,1,1,1,2,2,2,2,2,2,2,2,4,4,4,4,4,4,4,4,4,4,4,4,4,4,4,4,4,4,8,8,8,8];4;true;true;2;2;128;[2];0.296875;3.3684210526315788
128;128.1269;8;38;[1,1,1,1,1,1,1,1,2,2,2,2,2,2,2,2,4,4,4,4,4,4,4,4,4,4,4,4,4,4,4,4,4,4,8,8,8,8];4;true;true;2;2;128;[2];0.296875;3.3684210526315788
128;128.1270;8;38;[1,1,1,1,1,1,1,1,2,2,2,2,2,2,2,2,4,4,4,4,4,4,4,4,4,4,4,4,4,4,4,4,4,4,8,8,8,8];4;true;true;2;2;128;[2];0.296875;3.3684210526315788
128;128.1271;8;38;[1,1,1,1,1,1,1,1,2,2,2,2,2,2,2,2,4,4,4,4,4,4,4,4,4,4,4,4,4,4,4,4,4,4,8,8,8,8];4;true;true;2;2;128;[2];0.296875;3.3684210526315788
128;128.1272;8;38;[1,1,1,1,1,1,1,1,2,2,2,2,2,2,2,2,4,4,4,4,4,4,4,4,4,4,4,4,4,4,4,4,4,4,8,8,8,8];4;true;true;2;2;128;[2];0.296875;3.3684210526315788
128;128.1273;8;38;[1,1,1,1,1,1,1,1,2,2,2,2,2,2,2,2,4,4,4,4,4,4,4,4,4,4,4,4,4,4,4,4,4,4,8,8,8,8];4;true;true;2;2;128;[2];0.296875;3.3684210526315788
128;128.1274;8;38;[1,1,1,1,1,1,1,1,2,2,2,2,2,2,2,2,4,4,4,4,4,4,4,4,4,4,4,4,4,4,4,4,4,4,8,8,8,8];4;true;true;2;2;128;[2];0.296875;3.3684210526315788
128;128.1275;8;38;[1,1,1,1,1,1,1,1,2,2,2,2,2,2,2,2,4,4,4,4,4,4,4,4,4,4,4,4,4,4,4,4,4,4,8,8,8,8];4;true;true;2;2;128;[2];0.296875;3.3684210526315788
128;128.1276;8;38;[1,1,1,1,1,1,1,1,2,2,2,2,2,2,2,2,4,4,4,4,4,4,4,4,4,4,4,4,4,4,4,4,4,4,8,8,8,8];4;true;true;2;2;128;[2];0.296875;3.3684210526315788
128;128.1277;8;38;[1,1,1,1,1,1,1,1,2,2,2,2,2,2,2,2,4,4,4,4,4,4,4,4,4,4,4,4,4,4,4,4,4,4,8,8,8,8];4;true;true;2;2;128;[2];0.296875;3.3684210526315788
128;128.1278;8;38;[1,1,1,1,1,1,1,1,2,2,2,2,2,2,2,2,4,4,4,4,4,4,4,4,4,4,4,4,4,4,4,4,4,4,8,8,8,8];4;true;true;2;2;128;[2];0.296875;3.3684210526315788
128;128.1279;8;38;[1,1,1,1,1,1,1,1,2,2,2,2,2,2,2,2,4,4,4,4,4,4,4,4,4,4,4,4,4,4,4,4,4,4,8,8,8,8];4;true;true;2;2;128;[2];0.296875;3.3684210526315788
128;128.1280;8;38;[1,1,1,1,1,1,1,1,2,2,2,2,2,2,2,2,4,4,4,4,4,4,4,4,4,4,4,4,4,4,4,4,4,4,8,8,8,8];4;true;true;2;2;128;[2];0.296875;3.3684210526315788
128;128.1281;8;38;[1,1,1,1,1,1,1,1,2,2,2,2,2,2,2,2,4,4,4,4,4,4,4,4,4,4,4,4,4,4,4,4,4,4,8,8,8,8];4;true;true;2;2;128;[2];0.296875;3.3684210526315788
128;128.1282;8;38;[1,1,1,1,1,1,1,1,2,2,2,2,2,2,2,2,4,4,4,4,4,4,4,4,4,4,4,4,4,4,4,4,4,4,8,8,8,8];4;true;true;2;2;128;[2];0.296875;3.3684210526315788
128;128.1283;8;38;[1,1,1,1,1,1,1,1,2,2,2,2,2,2,2,2,4,4,4,4,4,4,4,4,4,4,4,4,4,4,4,4,4,4,8,8,8,8];4;true;true;2;2;128;[2];0.296875;3.3684210526315788
128;128.1284;8;38;[1,1,1,1,1,1,1,1,2,2,2,2,2,2,2,2,4,4,4,4,4,4,4,4,4,4,4,4,4,4,4,4,4,4,8,8,8,8];4;true;true;2;2;128;[2];0.296875;3.3684210526315788
128;128.1285;8;38;[1,1,1,1,1,1,1,1,2,2,2,2,2,2,2,2,4,4,4,4,4,4,4,4,4,4,4,4,4,4,4,4,4,4,8,8,8,8];4;true;true;2;2;128;[2];0.296875;3.3684210526315788
128;128.1286;8;38;[1,1,1,1,1,1,1,1,2,2,2,2,2,2,2,2,4,4,4,4,4,4,4,4,4,4,4,4,4,4,4,4,4,4,8,8,8,8];4;true;true;2;2;128;[2];0.296875;3.3684210526315788
128;128.1287;8;38;[1,1,1,1,1,1,1,1,2,2,2,2,2,2,2,2,4,4,4,4,4,4,4,4,4,4,4,4,4,4,4,4,4,4,8,8,8,8];4;true;true;2;2;128;[2];0.296875;3.3684210526315788
128;128.1288;8;38;[1,1,1,1,1,1,1,1,2,2,2,2,2,2,2,2,4,4,4,4,4,4,4,4,4,4,4,4,4,4,4,4,4,4,8,8,8,8];4;true;true;2;2;128;[2];0.296875;3.3684210526315788
128;128.1289;8;38;[1,1,1,1,1,1,1,1,2,2,2,2,2,2,2,2,4,4,4,4,4,4,4,4,4,4,4,4,4,4,4,4,4,4,8,8,8,8];4;true;true;2;2;128;[2];0.296875;3.3684210526315788
128;128.1290;8;38;[1,1,1,1,1,1,1,1,2,2,2,2,2,2,2,2,4,4,4,4,4,4,4,4,4,4,4,4,4,4,4,4,4,4,8,8,8,8];4;true;true;2;2;128;[2];0.296875;3.3684210526315788
128;128.1291;8;38;[1,1,1,1,1,1,1,1,2,2,2,2,2,2,2,2,4,4,4,4,4,4,4,4,4,4,4,4,4,4,4,4,4,4,8,8,8,8];4;true;true;2;2;128;[2];0.296875;3.3684210526315788
128;128.1292;8;38;[1,1,1,1,1,1,1,1,2,2,2,2,2,2,2,2,4,4,4,4,4,4,4,4,4,4,4,4,4,4,4,4,4,4,8,8,8,8];4;true;true;2;2;128;[2];0.296875;3.3684210526315788
128;128.1293;8;38;[1,1,1,1,1,1,1,1,2,2,2,2,2,2,2,2,4,4,4,4,4,4,4,4,4,4,4,4,4,4,4,4,4,4,8,8,8,8];4;true;true;2;2;128;[2];0.296875;3.3684210526315788
128;128.1294;8;38;[1,1,1,1,1,1,1,1,2,2,2,2,2,2,2,2,4,4,4,4,4,4,4,4,4,4,4,4,4,4,4,4,4,4,8,8,8,8];4;true;true;2;2;128;[2];0.296875;3.3684210526315788
128;128.1295;8;38;[1,1,1,1,1,1,1,1,2,2,2,2,2,2,2,2,4,4,4,4,4,4,4,4,4,4,4,4,4,4,4,4,4,4,8,8,8,8];4;true;true;2;2;128;[2];0.296875;3.3684210526315788
128;128.1296;8;38;[1,1,1,1,1,1,1,1,2,2,2,2,2,2,2,2,4,4,4,4,4,4,4,4,4,4,4,4,4,4,4,4,4,4,8,8,8,8];4;true;true;2;2;128;[2];0.296875;3.3684210526315788
128;128.1297;8;38;[1,1,1,1,1,1,1,1,2,2,2,2,2,2,2,2,4,4,4,4,4,4,4,4,4,4,4,4,4,4,4,4,4,4,8,8,8,8];4;true;true;2;2;128;[2];0.296875;3.3684210526315788
128;128.1298;8;38;[1,1,1,1,1,1,1,1,2,2,2,2,2,2,2,2,4,4,4,4,4,4,4,4,4,4,4,4,4,4,4,4,4,4,8,8,8,8];4;true;true;2;2;128;[2];0.296875;3.3684210526315788
128;128.1299;8;38;[1,1,1,1,1,1,1,1,2,2,2,2,2,2,2,2,4,4,4,4,4,4,4,4,4,4,4,4,4,4,4,4,4,4,8,8,8,8];4;true;true;2;2;128;[2];0.296875;3.3684210526315788
128;128.1300;8;38;[1,1,1,1,1,1,1,1,2,2,2,2,2,2,2,2,4,4,4,4,4,4,4,4,4,4,4,4,4,4,4,4,4,4,8,8,8,8];4;true;true;2;2;128;[2];0.296875;3.3684210526315788
128;128.1301;8;38;[1,1,1,1,1,1,1,1,2,2,2,2,2,2,2,2,4,4,4,4,4,4,4,4,4,4,4,4,4,4,4,4,4,4,8,8,8,8];4;true;true;2;2;128;[2];0.296875;3.3684210526315788
128;128.1302;8;38;[1,1,1,1,1,1,1,1,2,2,2,2,2,2,2,2,4,4,4,4,4,4,4,4,4,4,4,4,4,4,4,4,4,4,8,8,8,8];4;true;true;2;2;128;[2];0.296875;3.3684210526315788
128;128.1303;8;38;[1,1,1,1,1,1,1,1,2,2,2,2,2,2,2,2,4,4,4,4,4,4,4,4,4,4,4,4,4,4,4,4,4,4,8,8,8,8];4;true;true;2;2;128;[2];0.296875;3.3684210526315788
128;128.1304;8;38;[1,1,1,1,1,1,1,1,2,2,2,2,2,2,2,2,4,4,4,4,4,4,4,4,4,4,4,4,4,4,4,4,4,4,8,8,8,8];4;true;true;2;2;128;[2];0.296875;3.3684210526315788
128;128.1305;8;38;[1,1,1,1,1,1,1,1,2,2,2,2,2,2,2,2,4,4,4,4,4,4,4,4,4,4,4,4,4,4,4,4,4,4,8,8,8,8];4;true;true;2;2;128;[2];0.296875;3.3684210526315788
128;128.1306;8;38;[1,1,1,1,1,1,1,1,2,2,2,2,2,2,2,2,4,4,4,4,4,4,4,4,4,4,4,4,4,4,4,4,4,4,8,8,8,8];4;true;true;2;2;128;[2];0.296875;3.3684210526315788
128;128.1307;8;38;[1,1,1,1,1,1,1,1,2,2,2,2,2,2,2,2,4,4,4,4,4,4,4,4,4,4,4,4,4,4,4,4,4,4,8,8,8,8];4;true;true;2;2;128;[2];0.296875;3.3684210526315788
128;128.1308;8;38;[1,1,1,1,1,1,1,1,2,2,2,2,2,2,2,2,4,4,4,4,4,4,4,4,4,4,4,4,4,4,4,4,4,4,8,8,8,8];4;true;true;2;2;128;[2];0.296875;3.3684210526315788
128;128.1309;8;38;[1,1,1,1,1,1,1,1,2,2,2,2,2,2,2,2,4,4,4,4,4,4,4,4,4,4,4,4,4,4,4,4,4,4,8,8,8,8];4;true;true;2;2;128;[2];0.296875;3.3684210526315788
128;128.1310;8;38;[1,1,1,1,1,1,1,1,2,2,2,2,2,2,2,2,4,4,4,4,4,4,4,4,4,4,4,4,4,4,4,4,4,4,8,8,8,8];4;true;true;2;2;128;[2];0.296875;3.3684210526315788
128;128.1311;8;38;[1,1,1,1,1,1,1,1,2,2,2,2,2,2,2,2,4,4,4,4,4,4,4,4,4,4,4,4,4,4,4,4,4,4,8,8,8,8];4;true;true;2;2;128;[2];0.296875;3.3684210526315788
128;128.1312;8;38;[1,1,1,1,1,1,1,1,2,2,2,2,2,2,2,2,4,4,4,4,4,4,4,4,4,4,4,4,4,4,4,4,4,4,8,8,8,8];4;true;true;2;2;128;[2];0.296875;3.3684210526315788
128;128.1313;8;38;[1,1,1,1,1,1,1,1,2,2,2,2,2,2,2,2,4,4,4,4,4,4,4,4,4,4,4,4,4,4,4,4,4,4,8,8,8,8];4;true;true;2;2;128;[2];0.296875;3.3684210526315788
128;128.1314;8;38;[1,1,1,1,1,1,1,1,2,2,2,2,2,2,2,2,4,4,4,4,4,4,4,4,4,4,4,4,4,4,4,4,4,4,8,8,8,8];4;true;true;2;2;128;[2];0.296875;3.3684210526315788
128;128.1315;8;38;[1,1,1,1,1,1,1,1,2,2,2,2,2,2,2,2,4,4,4,4,4,4,4,4,4,4,4,4,4,4,4,4,4,4,8,8,8,8];4;true;true;2;2;128;[2];0.296875;3.3684210526315788
128;128.1316;8;38;[1,1,1,1,1,1,1,1,2,2,2,2,2,2,2,2,4,4,4,4,4,4,4,4,4,4,4,4,4,4,4,4,4,4,8,8,8,8];4;true;true;2;2;128;[2];0.296875;3.3684210526315788
128;128.1317;8;38;[1,1,1,1,1,1,1,1,2,2,2,2,2,2,2,2,4,4,4,4,4,4,4,4,4,4,4,4,4,4,4,4,4,4,8,8,8,8];4;true;true;2;2;128;[2];0.296875;3.3684210526315788
128;128.1318;8;38;[1,1,1,1,1,1,1,1,2,2,2,2,2,2,2,2,4,4,4,4,4,4,4,4,4,4,4,4,4,4,4,4,4,4,8,8,8,8];4;true;true;2;2;128;[2];0.296875;3.3684210526315788
128;128.1319;8;38;[1,1,1,1,1,1,1,1,2,2,2,2,2,2,2,2,4,4,4,4,4,4,4,4,4,4,4,4,4,4,4,4,4,4,8,8,8,8];4;true;true;2;2;128;[2];0.296875;3.3684210526315788
128;128.1320;8;38;[1,1,1,1,1,1,1,1,2,2,2,2,2,2,2,2,4,4,4,4,4,4,4,4,4,4,4,4,4,4,4,4,4,4,8,8,8,8];4;true;true;2;2;128;[2];0.296875;3.3684210526315788
128;128.1321;8;38;[1,1,1,1,1,1,1,1,2,2,2,2,2,2,2,2,4,4,4,4,4,4,4,4,4,4,4,4,4,4,4,4,4,4,8,8,8,8];4;true;true;2;2;128;[2];0.296875;3.3684210526315788
128;128.1322;8;38;[1,1,1,1,1,1,1,1,2,2,2,2,2,2,2,2,4,4,4,4,4,4,4,4,4,4,4,4,4,4,4,4,4,4,8,8,8,8];4;true;true;2;2;128;[2];0.296875;3.3684210526315788
128;128.1323;8;38;[1,1,1,1,1,1,1,1,2,2,2,2,2,2,2,2,4,4,4,4,4,4,4,4,4,4,4,4,4,4,4,4,4,4,8,8,8,8];4;true;true;2;2;128;[2];0.296875;3.3684210526315788
128;128.1324;8;38;[1,1,1,1,1,1,1,1,2,2,2,2,2,2,2,2,4,4,4,4,4,4,4,4,4,4,4,4,4,4,4,4,4,4,8,8,8,8];4;true;true;2;2;128;[2];0.296875;3.3684210526315788
128;128.1325;8;38;[1,1,1,1,1,1,1,1,2,2,2,2,2,2,2,2,4,4,4,4,4,4,4,4,4,4,4,4,4,4,4,4,4,4,8,8,8,8];4;true;true;2;2;128;[2];0.296875;3.3684210526315788
128;128.1326;8;38;[1,1,1,1,1,1,1,1,2,2,2,2,2,2,2,2,4,4,4,4,4,4,4,4,4,4,4,4,4,4,4,4,4,4,8,8,8,8];4;true;true;2;2;128;[2];0.296875;3.3684210526315788
128;128.1327;8;38;[1,1,1,1,1,1,1,1,2,2,2,2,2,2,2,2,4,4,4,4,4,4,4,4,4,4,4,4,4,4,4,4,4,4,8,8,8,8];4;true;true;2;2;128;[2];0.296875;3.3684210526315788
128;128.1328;8;38;[1,1,1,1,1,1,1,1,2,2,2,2,2,2,2,2,4,4,4,4,4,4,4,4,4,4,4,4,4,4,4,4,4,4,8,8,8,8];4;true;true;2;2;128;[2];0.296875;3.3684210526315788
128;128.1329;8;38;[1,1,1,1,1,1,1,1,2,2,2,2,2,2,2,2,4,4,4,4,4,4,4,4,4,4,4,4,4,4,4,4,4,4,8,8,8,8];4;true;true;2;2;128;[2];0.296875;3.3684210526315788
128;128.1330;8;38;[1,1,1,1,1,1,1,1,2,2,2,2,2,2,2,2,4,4,4,4,4,4,4,4,4,4,4,4,4,4,4,4,4,4,8,8,8,8];4;true;true;2;2;128;[2];0.296875;3.3684210526315788
128;128.1331;8;38;[1,1,1,1,1,1,1,1,2,2,2,2,2,2,2,2,4,4,4,4,4,4,4,4,4,4,4,4,4,4,4,4,4,4,8,8,8,8];4;true;true;2;2;128;[2];0.296875;3.3684210526315788
128;128.1332;8;38;[1,1,1,1,1,1,1,1,2,2,2,2,2,2,2,2,4,4,4,4,4,4,4,4,4,4,4,4,4,4,4,4,4,4,8,8,8,8];4;true;true;2;2;128;[2];0.296875;3.3684210526315788
128;128.1333;8;38;[1,1,1,1,1,1,1,1,2,2,2,2,2,2,2,2,4,4,4,4,4,4,4,4,4,4,4,4,4,4,4,4,4,4,8,8,8,8];4;true;true;2;2;128;[2];0.296875;3.3684210526315788
128;128.1334;8;38;[1,1,1,1,1,1,1,1,2,2,2,2,2,2,2,2,4,4,4,4,4,4,4,4,4,4,4,4,4,4,4,4,4,4,8,8,8,8];4;true;true;2;2;128;[2];0.296875;3.3684210526315788
128;128.1335;8;38;[1,1,1,1,1,1,1,1,2,2,2,2,2,2,2,2,4,4,4,4,4,4,4,4,4,4,4,4,4,4,4,4,4,4,8,8,8,8];4;true;true;2;2;128;[2];0.296875;3.3684210526315788
128;128.1336;8;38;[1,1,1,1,1,1,1,1,2,2,2,2,2,2,2,2,4,4,4,4,4,4,4,4,4,4,4,4,4,4,4,4,4,4,8,8,8,8];4;true;true;2;2;128;[2];0.296875;3.3684210526315788
128;128.1337;8;38;[1,1,1,1,1,1,1,1,2,2,2,2,2,2,2,2,4,4,4,4,4,4,4,4,4,4,4,4,4,4,4,4,4,4,8,8,8,8];4;true;true;2;2;128;[2];0.296875;3.3684210526315788
128;128.1338;8;38;[1,1,1,1,1,1,1,1,2,2,2,2,2,2,2,2,4,4,4,4,4,4,4,4,4,4,4,4,4,4,4,4,4,4,8,8,8,8];4;true;true;2;2;128;[2];0.296875;3.3684210526315788
128;128.1339;8;38;[1,1,1,1,1,1,1,1,2,2,2,2,2,2,2,2,4,4,4,4,4,4,4,4,4,4,4,4,4,4,4,4,4,4,8,8,8,8];4;true;true;2;2;128;[2];0.296875;3.3684210526315788
128;128.1340;8;38;[1,1,1,1,1,1,1,1,2,2,2,2,2,2,2,2,4,4,4,4,4,4,4,4,4,4,4,4,4,4,4,4,4,4,8,8,8,8];4;true;true;2;2;128;[2];0.296875;3.3684210526315788
128;128.1341;8;38;[1,1,1,1,1,1,1,1,2,2,2,2,2,2,2,2,4,4,4,4,4,4,4,4,4,4,4,4,4,4,4,4,4,4,8,8,8,8];4;true;true;2;2;128;[2];0.296875;3.3684210526315788
128;128.1342;8;38;[1,1,1,1,1,1,1,1,2,2,2,2,2,2,2,2,4,4,4,4,4,4,4,4,4,4,4,4,4,4,4,4,4,4,8,8,8,8];4;true;true;2;2;128;[2];0.296875;3.3684210526315788
128;128.1343;8;38;[1,1,1,1,1,1,1,1,2,2,2,2,2,2,2,2,4,4,4,4,4,4,4,4,4,4,4,4,4,4,4,4,4,4,8,8,8,8];4;true;true;2;2;128;[2];0.296875;3.3684210526315788
128;128.1344;8;38;[1,1,1,1,1,1,1,1,2,2,2,2,2,2,2,2,4,4,4,4,4,4,4,4,4,4,4,4,4,4,4,4,4,4,8,8,8,8];4;true;true;2;2;128;[2];0.296875;3.3684210526315788
128;128.1345;8;32;[1,1,1,1,1,1,1,1,2,2,2,2,4,4,4,4,4,4,4,4,4,4,4,4,8,8,8,8,8,8,8,8];4;true;true;2;2;128;[2];0.25;4.
128;128.1346;8;32;[1,1,1,1,1,1,1,1,2,2,2,2,4,4,4,4,4,4,4,4,4,4,4,4,8,8,8,8,8,8,8,8];4;true;true;2;2;128;[2];0.25;4.
128;128.1347;8;32;[1,1,1,1,1,1,1,1,2,2,2,2,4,4,4,4,4,4,4,4,4,4,4,4,8,8,8,8,8,8,8,8];4;true;true;2;2;128;[2];0.25;4.
128;128.1348;8;32;[1,1,1,1,1,1,1,1,2,2,2,2,4,4,4,4,4,4,4,4,4,4,4,4,8,8,8,8,8,8,8,8];4;true;true;2;2;128;[2];0.25;4.
128;128.1349;8;32;[1,1,1,1,1,1,1,1,2,2,2,2,4,4,4,4,4,4,4,4,4,4,4,4,8,8,8,8,8,8,8,8];4;true;true;2;2;128;[2];0.25;4.
128;128.1350;8;32;[1,1,1,1,1,1,1,1,2,2,2,2,4,4,4,4,4,4,4,4,4,4,4,4,8,8,8,8,8,8,8,8];4;true;true;2;2;128;[2];0.25;4.
128;128.1351;8;32;[1,1,1,1,1,1,1,1,2,2,2,2,4,4,4,4,4,4,4,4,4,4,4,4,8,8,8,8,8,8,8,8];4;true;true;2;2;128;[2];0.25;4.
128;128.1352;8;32;[1,1,1,1,1,1,1,1,2,2,2,2,4,4,4,4,4,4,4,4,4,4,4,4,8,8,8,8,8,8,8,8];4;true;true;2;2;128;[2];0.25;4.
128;128.1353;8;32;[1,1,1,1,1,1,1,1,2,2,2,2,4,4,4,4,4,4,4,4,4,4,4,4,8,8,8,8,8,8,8,8];4;true;true;2;2;128;[2];0.25;4.
128;128.1354;8;32;[1,1,1,1,1,1,1,1,2,2,2,2,4,4,4,4,4,4,4,4,4,4,4,4,8,8,8,8,8,8,8,8];4;true;true;2;2;128;[2];0.25;4.
128;128.1355;8;32;[1,1,1,1,1,1,1,1,2,2,2,2,4,4,4,4,4,4,4,4,4,4,4,4,8,8,8,8,8,8,8,8];4;true;true;2;2;128;[2];0.25;4.
128;128.1356;8;32;[1,1,1,1,1,1,1,1,2,2,2,2,4,4,4,4,4,4,4,4,4,4,4,4,8,8,8,8,8,8,8,8];4;true;true;2;2;128;[2];0.25;4.
128;128.1357;8;32;[1,1,1,1,1,1,1,1,2,2,2,2,4,4,4,4,4,4,4,4,4,4,4,4,8,8,8,8,8,8,8,8];4;true;true;2;2;128;[2];0.25;4.
128;128.1358;8;32;[1,1,1,1,1,1,1,1,2,2,2,2,4,4,4,4,4,4,4,4,4,4,4,4,8,8,8,8,8,8,8,8];4;true;true;2;2;128;[2];0.25;4.
128;128.1359;8;32;[1,1,1,1,1,1,1,1,2,2,2,2,4,4,4,4,4,4,4,4,4,4,4,4,8,8,8,8,8,8,8,8];4;true;true;2;2;128;[2];0.25;4.
128;128.1360;8;32;[1,1,1,1,1,1,1,1,2,2,2,2,4,4,4,4,4,4,4,4,4,4,4,4,8,8,8,8,8,8,8,8];4;true;true;2;2;128;[2];0.25;4.
128;128.1361;8;32;[1,1,1,1,1,1,1,1,2,2,2,2,4,4,4,4,4,4,4,4,4,4,4,4,8,8,8,8,8,8,8,8];4;true;true;2;2;128;[2];0.25;4.
128;128.1362;8;32;[1,1,1,1,1,1,1,1,2,2,2,2,4,4,4,4,4,4,4,4,4,4,4,4,8,8,8,8,8,8,8,8];4;true;true;2;2;128;[2];0.25;4.
128;128.1363;8;32;[1,1,1,1,1,1,1,1,2,2,2,2,4,4,4,4,4,4,4,4,4,4,4,4,8,8,8,8,8,8,8,8];4;true;true;2;2;128;[2];0.25;4.
128;128.1364;8;32;[1,1,1,1,1,1,1,1,2,2,2,2,4,4,4,4,4,4,4,4,4,4,4,4,8,8,8,8,8,8,8,8];4;true;true;2;2;128;[2];0.25;4.
128;128.1365;8;32;[1,1,1,1,1,1,1,1,2,2,2,2,4,4,4,4,4,4,4,4,4,4,4,4,8,8,8,8,8,8,8,8];4;true;true;2;2;128;[2];0.25;4.
128;128.1366;8;32;[1,1,1,1,1,1,1,1,2,2,2,2,4,4,4,4,4,4,4,4,4,4,4,4,8,8,8,8,8,8,8,8];4;true;true;2;2;128;[2];0.25;4.
128;128.1367;8;32;[1,1,1,1,1,1,1,1,2,2,2,2,4,4,4,4,4,4,4,4,4,4,4,4,8,8,8,8,8,8,8,8];4;true;true;2;2;128;[2];0.25;4.
128;128.1368;8;32;[1,1,1,1,1,1,1,1,2,2,2,2,4,4,4,4,4,4,4,4,4,4,4,4,8,8,8,8,8,8,8,8];4;true;true;2;2;128;[2];0.25;4.
128;128.1369;8;32;[1,1,1,1,1,1,1,1,2,2,2,2,4,4,4,4,4,4,4,4,4,4,4,4,8,8,8,8,8,8,8,8];4;true;true;2;2;128;[2];0.25;4.
128;128.1370;8;32;[1,1,1,1,1,1,1,1,2,2,2,2,4,4,4,4,4,4,4,4,4,4,4,4,8,8,8,8,8,8,8,8];4;true;true;2;2;128;[2];0.25;4.
128;128.1371;8;32;[1,1,1,1,1,1,1,1,2,2,2,2,4,4,4,4,4,4,4,4,4,4,4,4,8,8,8,8,8,8,8,8];4;true;true;2;2;128;[2];0.25;4.
128;128.1372;8;32;[1,1,1,1,1,1,1,1,2,2,2,2,4,4,4,4,4,4,4,4,4,4,4,4,8,8,8,8,8,8,8,8];4;true;true;2;2;128;[2];0.25;4.
128;128.1373;8;32;[1,1,1,1,1,1,1,1,2,2,2,2,4,4,4,4,4,4,4,4,4,4,4,4,8,8,8,8,8,8,8,8];4;true;true;2;2;128;[2];0.25;4.
128;128.1374;8;32;[1,1,1,1,1,1,1,1,2,2,2,2,4,4,4,4,4,4,4,4,4,4,4,4,8,8,8,8,8,8,8,8];4;true;true;2;2;128;[2];0.25;4.
128;128.1375;8;32;[1,1,1,1,1,1,1,1,2,2,2,2,4,4,4,4,4,4,4,4,4,4,4,4,8,8,8,8,8,8,8,8];4;true;true;2;2;128;[2];0.25;4.
128;128.1376;8;32;[1,1,1,1,1,1,1,1,2,2,2,2,4,4,4,4,4,4,4,4,4,4,4,4,8,8,8,8,8,8,8,8];4;true;true;2;2;128;[2];0.25;4.
128;128.1377;8;32;[1,1,1,1,1,1,1,1,2,2,2,2,4,4,4,4,4,4,4,4,4,4,4,4,8,8,8,8,8,8,8,8];4;true;true;2;2;128;[2];0.25;4.
128;128.1378;8;32;[1,1,1,1,1,1,1,1,2,2,2,2,4,4,4,4,4,4,4,4,4,4,4,4,8,8,8,8,8,8,8,8];4;true;true;2;2;128;[2];0.25;4.
128;128.1379;8;32;[1,1,1,1,1,1,1,1,2,2,2,2,4,4,4,4,4,4,4,4,4,4,4,4,8,8,8,8,8,8,8,8];4;true;true;2;2;128;[2];0.25;4.
128;128.1380;8;32;[1,1,1,1,1,1,1,1,2,2,2,2,4,4,4,4,4,4,4,4,4,4,4,4,8,8,8,8,8,8,8,8];4;true;true;2;2;128;[2];0.25;4.
128;128.1381;8;32;[1,1,1,1,1,1,1,1,2,2,2,2,4,4,4,4,4,4,4,4,4,4,4,4,8,8,8,8,8,8,8,8];4;true;true;2;2;128;[2];0.25;4.
128;128.1382;8;32;[1,1,1,1,1,1,1,1,2,2,2,2,4,4,4,4,4,4,4,4,4,4,4,4,8,8,8,8,8,8,8,8];4;true;true;2;2;128;[2];0.25;4.
128;128.1383;8;32;[1,1,1,1,1,1,1,1,2,2,2,2,4,4,4,4,4,4,4,4,4,4,4,4,8,8,8,8,8,8,8,8];4;true;true;2;2;128;[2];0.25;4.
128;128.1384;8;32;[1,1,1,1,1,1,1,1,2,2,2,2,4,4,4,4,4,4,4,4,4,4,4,4,8,8,8,8,8,8,8,8];4;true;true;2;2;128;[2];0.25;4.
128;128.1385;8;32;[1,1,1,1,1,1,1,1,2,2,2,2,4,4,4,4,4,4,4,4,4,4,4,4,8,8,8,8,8,8,8,8];4;true;true;2;2;128;[2];0.25;4.
128;128.1386;8;32;[1,1,1,1,1,1,1,1,2,2,2,2,4,4,4,4,4,4,4,4,4,4,4,4,8,8,8,8,8,8,8,8];4;true;true;2;2;128;[2];0.25;4.
128;128.1387;8;32;[1,1,1,1,1,1,1,1,2,2,2,2,4,4,4,4,4,4,4,4,4,4,4,4,8,8,8,8,8,8,8,8];4;true;true;2;2;128;[2];0.25;4.
128;128.1388;8;32;[1,1,1,1,1,1,1,1,2,2,2,2,4,4,4,4,4,4,4,4,4,4,4,4,8,8,8,8,8,8,8,8];4;true;true;2;2;128;[2];0.25;4.
128;128.1389;8;32;[1,1,1,1,1,1,1,1,2,2,2,2,4,4,4,4,4,4,4,4,4,4,4,4,8,8,8,8,8,8,8,8];4;true;true;2;2;128;[2];0.25;4.
128;128.1390;8;32;[1,1,1,1,1,1,1,1,2,2,2,2,4,4,4,4,4,4,4,4,4,4,4,4,8,8,8,8,8,8,8,8];4;true;true;2;2;128;[2];0.25;4.
128;128.1391;8;32;[1,1,1,1,1,1,1,1,2,2,2,2,4,4,4,4,4,4,4,4,4,4,4,4,8,8,8,8,8,8,8,8];4;true;true;2;2;128;[2];0.25;4.
128;128.1392;8;32;[1,1,1,1,1,1,1,1,2,2,2,2,4,4,4,4,4,4,4,4,4,4,4,4,8,8,8,8,8,8,8,8];4;true;true;2;2;128;[2];0.25;4.
128;128.1393;8;32;[1,1,1,1,1,1,1,1,2,2,2,2,4,4,4,4,4,4,4,4,4,4,4,4,8,8,8,8,8,8,8,8];4;true;true;2;2;128;[2];0.25;4.
128;128.1394;8;32;[1,1,1,1,1,1,1,1,2,2,2,2,4,4,4,4,4,4,4,4,4,4,4,4,8,8,8,8,8,8,8,8];4;true;true;2;2;128;[2];0.25;4.
128;128.1395;8;32;[1,1,1,1,1,1,1,1,2,2,2,2,4,4,4,4,4,4,4,4,4,4,4,4,8,8,8,8,8,8,8,8];4;true;true;2;2;128;[2];0.25;4.
128;128.1396;8;32;[1,1,1,1,1,1,1,1,2,2,2,2,4,4,4,4,4,4,4,4,4,4,4,4,8,8,8,8,8,8,8,8];4;true;true;2;2;128;[2];0.25;4.
128;128.1397;8;32;[1,1,1,1,1,1,1,1,2,2,2,2,4,4,4,4,4,4,4,4,4,4,4,4,8,8,8,8,8,8,8,8];4;true;true;2;2;128;[2];0.25;4.
128;128.1398;8;32;[1,1,1,1,1,1,1,1,2,2,2,2,4,4,4,4,4,4,4,4,4,4,4,4,8,8,8,8,8,8,8,8];4;true;true;2;2;128;[2];0.25;4.
128;128.1399;8;32;[1,1,1,1,1,1,1,1,2,2,2,2,4,4,4,4,4,4,4,4,4,4,4,4,8,8,8,8,8,8,8,8];4;true;true;2;2;128;[2];0.25;4.
128;128.1400;8;32;[1,1,1,1,1,1,1,1,4,4,4,4,4,4,4,4,4,4,4,4,4,4,4,4,4,4,8,8,8,8,8,8];3;true;true;2;2;128;[2];0.25;4.
128;128.1401;8;32;[1,1,1,1,1,1,1,1,4,4,4,4,4,4,4,4,4,4,4,4,4,4,4,4,4,4,8,8,8,8,8,8];3;true;true;2;2;128;[2];0.25;4.
128;128.1402;8;32;[1,1,1,1,1,1,1,1,4,4,4,4,4,4,4,4,4,4,4,4,4,4,4,4,4,4,8,8,8,8,8,8];3;true;true;2;2;128;[2];0.25;4.
128;128.1403;8;32;[1,1,1,1,1,1,1,1,4,4,4,4,4,4,4,4,4,4,4,4,4,4,4,4,4,4,8,8,8,8,8,8];3;true;true;2;2;128;[2];0.25;4.
128;128.1404;8;32;[1,1,1,1,1,1,1,1,4,4,4,4,4,4,4,4,4,4,4,4,4,4,4,4,4,4,8,8,8,8,8,8];3;true;true;2;2;128;[2];0.25;4.
128;128.1405;8;32;[1,1,1,1,1,1,1,1,4,4,4,4,4,4,4,4,4,4,4,4,4,4,4,4,4,4,8,8,8,8,8,8];3;true;true;2;2;128;[2];0.25;4.
128;128.1406;8;32;[1,1,1,1,1,1,1,1,4,4,4,4,4,4,4,4,4,4,4,4,4,4,4,4,4,4,8,8,8,8,8,8];3;true;true;2;2;128;[2];0.25;4.
128;128.1407;8;32;[1,1,1,1,1,1,1,1,4,4,4,4,4,4,4,4,4,4,4,4,4,4,4,4,4,4,8,8,8,8,8,8];3;true;true;2;2;128;[2];0.25;4.
128;128.1408;8;32;[1,1,1,1,1,1,1,1,4,4,4,4,4,4,4,4,4,4,4,4,4,4,4,4,4,4,8,8,8,8,8,8];3;true;true;2;2;128;[2];0.25;4.
128;128.1409;8;32;[1,1,1,1,1,1,1,1,4,4,4,4,4,4,4,4,4,4,4,4,4,4,4,4,4,4,8,8,8,8,8,8];3;true;true;2;2;128;[2];0.25;4.
128;128.1410;8;32;[1,1,1,1,1,1,1,1,4,4,4,4,4,4,4,4,4,4,4,4,4,4,4,4,4,4,8,8,8,8,8,8];3;true;true;2;2;128;[2];0.25;4.
128;128.1411;8;32;[1,1,1,1,1,1,1,1,4,4,4,4,4,4,4,4,4,4,4,4,4,4,4,4,4,4,8,8,8,8,8,8];3;true;true;2;2;128;[2];0.25;4.
128;128.1412;8;32;[1,1,1,1,1,1,1,1,4,4,4,4,4,4,4,4,4,4,4,4,4,4,4,4,4,4,8,8,8,8,8,8];3;true;true;2;2;128;[2];0.25;4.
128;128.1413;8;32;[1,1,1,1,1,1,1,1,4,4,4,4,4,4,4,4,4,4,4,4,4,4,4,4,4,4,8,8,8,8,8,8];3;true;true;2;2;128;[2];0.25;4.
128;128.1414;8;32;[1,1,1,1,1,1,1,1,4,4,4,4,4,4,4,4,4,4,4,4,4,4,4,4,4,4,8,8,8,8,8,8];3;true;true;2;2;128;[2];0.25;4.
128;128.1415;8;32;[1,1,1,1,1,1,1,1,4,4,4,4,4,4,4,4,4,4,4,4,4,4,4,4,4,4,8,8,8,8,8,8];3;true;true;2;2;128;[2];0.25;4.
128;128.1416;8;32;[1,1,1,1,1,1,1,1,4,4,4,4,4,4,4,4,4,4,4,4,4,4,4,4,4,4,8,8,8,8,8,8];3;true;true;2;2;128;[2];0.25;4.
128;128.1417;8;32;[1,1,1,1,1,1,1,1,4,4,4,4,4,4,4,4,4,4,4,4,4,4,4,4,4,4,8,8,8,8,8,8];3;true;true;2;2;128;[2];0.25;4.
128;128.1418;8;32;[1,1,1,1,1,1,1,1,4,4,4,4,4,4,4,4,4,4,4,4,4,4,4,4,4,4,8,8,8,8,8,8];3;true;true;2;2;128;[2];0.25;4.
128;128.1419;8;32;[1,1,1,1,1,1,1,1,4,4,4,4,4,4,4,4,4,4,4,4,4,4,4,4,4,4,8,8,8,8,8,8];3;true;true;2;2;128;[2];0.25;4.
128;128.1420;8;32;[1,1,1,1,1,1,1,1,4,4,4,4,4,4,4,4,4,4,4,4,4,4,4,4,4,4,8,8,8,8,8,8];3;true;true;2;2;128;[2];0.25;4.
128;128.1421;8;32;[1,1,1,1,1,1,1,1,4,4,4,4,4,4,4,4,4,4,4,4,4,4,4,4,4,4,8,8,8,8,8,8];3;true;true;2;2;128;[2];0.25;4.
128;128.1422;8;32;[1,1,1,1,1,1,1,1,4,4,4,4,4,4,4,4,4,4,4,4,4,4,4,4,4,4,8,8,8,8,8,8];3;true;true;2;2;128;[2];0.25;4.
128;128.1423;8;32;[1,1,1,1,1,1,1,1,4,4,4,4,4,4,4,4,4,4,4,4,4,4,4,4,4,4,8,8,8,8,8,8];3;true;true;2;2;128;[2];0.25;4.
128;128.1424;8;32;[1,1,1,1,1,1,1,1,4,4,4,4,4,4,4,4,4,4,4,4,4,4,4,4,4,4,8,8,8,8,8,8];3;true;true;2;2;128;[2];0.25;4.
128;128.1425;8;32;[1,1,1,1,1,1,1,1,4,4,4,4,4,4,4,4,4,4,4,4,4,4,4,4,4,4,8,8,8,8,8,8];3;true;true;2;2;128;[2];0.25;4.
128;128.1426;8;32;[1,1,1,1,1,1,1,1,4,4,4,4,4,4,4,4,4,4,4,4,4,4,4,4,4,4,8,8,8,8,8,8];3;true;true;2;2;128;[2];0.25;4.
128;128.1427;8;32;[1,1,1,1,1,1,1,1,4,4,4,4,4,4,4,4,4,4,4,4,4,4,4,4,4,4,8,8,8,8,8,8];3;true;true;2;2;128;[2];0.25;4.
128;128.1428;8;32;[1,1,1,1,1,1,1,1,4,4,4,4,4,4,4,4,4,4,4,4,4,4,4,4,4,4,8,8,8,8,8,8];3;true;true;2;2;128;[2];0.25;4.
128;128.1429;8;32;[1,1,1,1,1,1,1,1,4,4,4,4,4,4,4,4,4,4,4,4,4,4,4,4,4,4,8,8,8,8,8,8];3;true;true;2;2;128;[2];0.25;4.
128;128.1430;8;32;[1,1,1,1,1,1,1,1,4,4,4,4,4,4,4,4,4,4,4,4,4,4,4,4,4,4,8,8,8,8,8,8];3;true;true;2;2;128;[2];0.25;4.
128;128.1431;8;32;[1,1,1,1,1,1,1,1,4,4,4,4,4,4,4,4,4,4,4,4,4,4,4,4,4,4,8,8,8,8,8,8];3;true;true;2;2;128;[2];0.25;4.
128;128.1432;8;32;[1,1,1,1,1,1,1,1,4,4,4,4,4,4,4,4,4,4,4,4,4,4,4,4,4,4,8,8,8,8,8,8];3;true;true;2;2;128;[2];0.25;4.
128;128.1433;8;32;[1,1,1,1,1,1,1,1,4,4,4,4,4,4,4,4,4,4,4,4,4,4,4,4,4,4,8,8,8,8,8,8];3;true;true;2;2;128;[2];0.25;4.
128;128.1434;8;32;[1,1,1,1,1,1,1,1,4,4,4,4,4,4,4,4,4,4,4,4,4,4,4,4,4,4,8,8,8,8,8,8];3;true;true;2;2;128;[2];0.25;4.
128;128.1435;8;32;[1,1,1,1,1,1,1,1,4,4,4,4,4,4,4,4,4,4,4,4,4,4,4,4,4,4,8,8,8,8,8,8];3;true;true;2;2;128;[2];0.25;4.
128;128.1436;8;32;[1,1,1,1,1,1,1,1,4,4,4,4,4,4,4,4,4,4,4,4,4,4,4,4,4,4,8,8,8,8,8,8];3;true;true;2;2;128;[2];0.25;4.
128;128.1437;8;32;[1,1,1,1,1,1,1,1,4,4,4,4,4,4,4,4,4,4,4,4,4,4,4,4,4,4,8,8,8,8,8,8];3;true;true;2;2;128;[2];0.25;4.
128;128.1438;8;32;[1,1,1,1,1,1,1,1,4,4,4,4,4,4,4,4,4,4,4,4,4,4,4,4,4,4,8,8,8,8,8,8];3;true;true;2;2;128;[2];0.25;4.
128;128.1439;8;32;[1,1,1,1,1,1,1,1,4,4,4,4,4,4,4,4,4,4,4,4,4,4,4,4,4,4,8,8,8,8,8,8];3;true;true;2;2;128;[2];0.25;4.
128;128.1440;8;32;[1,1,1,1,1,1,1,1,4,4,4,4,4,4,4,4,4,4,4,4,4,4,4,4,4,4,8,8,8,8,8,8];3;true;true;2;2;128;[2];0.25;4.
128;128.1441;8;32;[1,1,1,1,1,1,1,1,4,4,4,4,4,4,4,4,4,4,4,4,4,4,4,4,4,4,8,8,8,8,8,8];3;true;true;2;2;128;[2];0.25;4.
128;128.1442;8;32;[1,1,1,1,1,1,1,1,4,4,4,4,4,4,4,4,4,4,4,4,4,4,4,4,4,4,8,8,8,8,8,8];3;true;true;2;2;128;[2];0.25;4.
128;128.1443;8;32;[1,1,1,1,1,1,1,1,4,4,4,4,4,4,4,4,4,4,4,4,4,4,4,4,4,4,8,8,8,8,8,8];3;true;true;2;2;128;[2];0.25;4.
128;128.1444;8;32;[1,1,1,1,1,1,1,1,4,4,4,4,4,4,4,4,4,4,4,4,4,4,4,4,4,4,8,8,8,8,8,8];3;true;true;2;2;128;[2];0.25;4.
128;128.1445;8;32;[1,1,1,1,1,1,1,1,4,4,4,4,4,4,4,4,4,4,4,4,4,4,4,4,4,4,8,8,8,8,8,8];3;true;true;2;2;128;[2];0.25;4.
128;128.1446;8;32;[1,1,1,1,1,1,1,1,4,4,4,4,4,4,4,4,4,4,4,4,4,4,4,4,4,4,8,8,8,8,8,8];3;true;true;2;2;128;[2];0.25;4.
128;128.1447;8;32;[1,1,1,1,1,1,1,1,4,4,4,4,4,4,4,4,4,4,4,4,4,4,4,4,4,4,8,8,8,8,8,8];3;true;true;2;2;128;[2];0.25;4.
128;128.1448;8;32;[1,1,1,1,1,1,1,1,4,4,4,4,4,4,4,4,4,4,4,4,4,4,4,4,4,4,8,8,8,8,8,8];3;true;true;2;2;128;[2];0.25;4.
128;128.1449;8;32;[1,1,1,1,1,1,1,1,4,4,4,4,4,4,4,4,4,4,4,4,4,4,4,4,4,4,8,8,8,8,8,8];3;true;true;2;2;128;[2];0.25;4.
128;128.1450;8;32;[1,1,1,1,1,1,1,1,4,4,4,4,4,4,4,4,4,4,4,4,4,4,4,4,4,4,8,8,8,8,8,8];3;true;true;2;2;128;[2];0.25;4.
128;128.1451;8;32;[1,1,1,1,1,1,1,1,4,4,4,4,4,4,4,4,4,4,4,4,4,4,4,4,4,4,8,8,8,8,8,8];3;true;true;2;2;128;[2];0.25;4.
128;128.1452;8;32;[1,1,1,1,1,1,1,1,4,4,4,4,4,4,4,4,4,4,4,4,4,4,4,4,4,4,8,8,8,8,8,8];3;true;true;2;2;128;[2];0.25;4.
128;128.1453;8;32;[1,1,1,1,1,1,1,1,4,4,4,4,4,4,4,4,4,4,4,4,4,4,4,4,4,4,8,8,8,8,8,8];3;true;true;2;2;128;[2];0.25;4.
128;128.1454;8;32;[1,1,1,1,1,1,1,1,4,4,4,4,4,4,4,4,4,4,4,4,4,4,4,4,4,4,8,8,8,8,8,8];3;true;true;2;2;128;[2];0.25;4.
128;128.1455;8;32;[1,1,1,1,1,1,1,1,4,4,4,4,4,4,4,4,4,4,4,4,4,4,4,4,4,4,8,8,8,8,8,8];3;true;true;2;2;128;[2];0.25;4.
128;128.1456;8;32;[1,1,1,1,1,1,1,1,4,4,4,4,4,4,4,4,4,4,4,4,4,4,4,4,4,4,8,8,8,8,8,8];3;true;true;2;2;128;[2];0.25;4.
128;128.1457;8;32;[1,1,1,1,1,1,1,1,4,4,4,4,4,4,4,4,4,4,4,4,4,4,4,4,4,4,8,8,8,8,8,8];3;true;true;2;2;128;[2];0.25;4.
128;128.1458;8;32;[1,1,1,1,1,1,1,1,4,4,4,4,4,4,4,4,4,4,4,4,4,4,4,4,4,4,8,8,8,8,8,8];3;true;true;2;2;128;[2];0.25;4.
128;128.1459;8;32;[1,1,1,1,1,1,1,1,4,4,4,4,4,4,4,4,4,4,4,4,4,4,4,4,4,4,8,8,8,8,8,8];3;true;true;2;2;128;[2];0.25;4.
128;128.1460;8;32;[1,1,1,1,1,1,1,1,4,4,4,4,4,4,4,4,4,4,4,4,4,4,4,4,4,4,8,8,8,8,8,8];3;true;true;2;2;128;[2];0.25;4.
128;128.1461;8;32;[1,1,1,1,1,1,1,1,4,4,4,4,4,4,4,4,4,4,4,4,4,4,4,4,4,4,8,8,8,8,8,8];3;true;true;2;2;128;[2];0.25;4.
128;128.1462;8;32;[1,1,1,1,1,1,1,1,4,4,4,4,4,4,4,4,4,4,4,4,4,4,4,4,4,4,8,8,8,8,8,8];3;true;true;2;2;128;[2];0.25;4.
128;128.1463;8;32;[1,1,1,1,1,1,1,1,4,4,4,4,4,4,4,4,4,4,4,4,4,4,4,4,4,4,8,8,8,8,8,8];3;true;true;2;2;128;[2];0.25;4.
128;128.1464;8;32;[1,1,1,1,1,1,1,1,4,4,4,4,4,4,4,4,4,4,4,4,4,4,4,4,4,4,8,8,8,8,8,8];3;true;true;2;2;128;[2];0.25;4.
128;128.1465;8;32;[1,1,1,1,1,1,1,1,4,4,4,4,4,4,4,4,4,4,4,4,4,4,4,4,4,4,8,8,8,8,8,8];3;true;true;2;2;128;[2];0.25;4.
128;128.1466;8;32;[1,1,1,1,1,1,1,1,4,4,4,4,4,4,4,4,4,4,4,4,4,4,4,4,4,4,8,8,8,8,8,8];3;true;true;2;2;128;[2];0.25;4.
128;128.1467;8;32;[1,1,1,1,1,1,1,1,4,4,4,4,4,4,4,4,4,4,4,4,4,4,4,4,4,4,8,8,8,8,8,8];3;true;true;2;2;128;[2];0.25;4.
128;128.1468;8;32;[1,1,1,1,1,1,1,1,4,4,4,4,4,4,4,4,4,4,4,4,4,4,4,4,4,4,8,8,8,8,8,8];3;true;true;2;2;128;[2];0.25;4.
128;128.1469;8;32;[1,1,1,1,1,1,1,1,4,4,4,4,4,4,4,4,4,4,4,4,4,4,4,4,4,4,8,8,8,8,8,8];3;true;true;2;2;128;[2];0.25;4.
128;128.1470;8;32;[1,1,1,1,1,1,1,1,4,4,4,4,4,4,4,4,4,4,4,4,4,4,4,4,4,4,8,8,8,8,8,8];3;true;true;2;2;128;[2];0.25;4.
128;128.1471;8;32;[1,1,1,1,1,1,1,1,4,4,4,4,4,4,4,4,4,4,4,4,4,4,4,4,4,4,8,8,8,8,8,8];3;true;true;2;2;128;[2];0.25;4.
128;128.1472;8;32;[1,1,1,1,1,1,1,1,4,4,4,4,4,4,4,4,4,4,4,4,4,4,4,4,4,4,8,8,8,8,8,8];3;true;true;2;2;128;[2];0.25;4.
128;128.1473;8;32;[1,1,1,1,1,1,1,1,4,4,4,4,4,4,4,4,4,4,4,4,4,4,4,4,4,4,8,8,8,8,8,8];3;true;true;2;2;128;[2];0.25;4.
128;128.1474;8;32;[1,1,1,1,1,1,1,1,4,4,4,4,4,4,4,4,4,4,4,4,4,4,4,4,4,4,8,8,8,8,8,8];3;true;true;2;2;128;[2];0.25;4.
128;128.1475;8;32;[1,1,1,1,1,1,1,1,4,4,4,4,4,4,4,4,4,4,4,4,4,4,4,4,4,4,8,8,8,8,8,8];3;true;true;2;2;128;[2];0.25;4.
128;128.1476;8;32;[1,1,1,1,1,1,1,1,4,4,4,4,4,4,4,4,4,4,4,4,4,4,4,4,4,4,8,8,8,8,8,8];3;true;true;2;2;128;[2];0.25;4.
128;128.1477;8;32;[1,1,1,1,1,1,1,1,4,4,4,4,4,4,4,4,4,4,4,4,4,4,4,4,4,4,8,8,8,8,8,8];3;true;true;2;2;128;[2];0.25;4.
128;128.1478;8;32;[1,1,1,1,1,1,1,1,4,4,4,4,4,4,4,4,4,4,4,4,4,4,4,4,4,4,8,8,8,8,8,8];3;true;true;2;2;128;[2];0.25;4.
128;128.1479;8;32;[1,1,1,1,1,1,1,1,4,4,4,4,4,4,4,4,4,4,4,4,4,4,4,4,4,4,8,8,8,8,8,8];3;true;true;2;2;128;[2];0.25;4.
128;128.1480;8;32;[1,1,1,1,1,1,1,1,4,4,4,4,4,4,4,4,4,4,4,4,4,4,4,4,4,4,8,8,8,8,8,8];3;true;true;2;2;128;[2];0.25;4.
128;128.1481;8;32;[1,1,1,1,1,1,1,1,4,4,4,4,4,4,4,4,4,4,4,4,4,4,4,4,4,4,8,8,8,8,8,8];3;true;true;2;2;128;[2];0.25;4.
128;128.1482;8;32;[1,1,1,1,1,1,1,1,4,4,4,4,4,4,4,4,4,4,4,4,4,4,4,4,4,4,8,8,8,8,8,8];3;true;true;2;2;128;[2];0.25;4.
128;128.1483;8;32;[1,1,1,1,1,1,1,1,4,4,4,4,4,4,4,4,4,4,4,4,4,4,4,4,4,4,8,8,8,8,8,8];3;true;true;2;2;128;[2];0.25;4.
128;128.1484;8;32;[1,1,1,1,1,1,1,1,4,4,4,4,4,4,4,4,4,4,4,4,4,4,4,4,4,4,8,8,8,8,8,8];3;true;true;2;2;128;[2];0.25;4.
128;128.1485;8;32;[1,1,1,1,1,1,1,1,4,4,4,4,4,4,4,4,4,4,4,4,4,4,4,4,4,4,8,8,8,8,8,8];3;true;true;2;2;128;[2];0.25;4.
128;128.1486;8;32;[1,1,1,1,1,1,1,1,4,4,4,4,4,4,4,4,4,4,4,4,4,4,4,4,4,4,8,8,8,8,8,8];3;true;true;2;2;128;[2];0.25;4.
128;128.1487;8;32;[1,1,1,1,1,1,1,1,4,4,4,4,4,4,4,4,4,4,4,4,4,4,4,4,4,4,8,8,8,8,8,8];3;true;true;2;2;128;[2];0.25;4.
128;128.1488;8;32;[1,1,1,1,1,1,1,1,4,4,4,4,4,4,4,4,4,4,4,4,4,4,4,4,4,4,8,8,8,8,8,8];3;true;true;2;2;128;[2];0.25;4.
128;128.1489;8;32;[1,1,1,1,1,1,1,1,4,4,4,4,4,4,4,4,4,4,4,4,4,4,4,4,4,4,8,8,8,8,8,8];3;true;true;2;2;128;[2];0.25;4.
128;128.1490;8;32;[1,1,1,1,1,1,1,1,4,4,4,4,4,4,4,4,4,4,4,4,4,4,4,4,4,4,8,8,8,8,8,8];3;true;true;2;2;128;[2];0.25;4.
128;128.1491;8;32;[1,1,1,1,1,1,1,1,4,4,4,4,4,4,4,4,4,4,4,4,4,4,4,4,4,4,8,8,8,8,8,8];3;true;true;2;2;128;[2];0.25;4.
128;128.1492;8;32;[1,1,1,1,1,1,1,1,4,4,4,4,4,4,4,4,4,4,4,4,4,4,4,4,4,4,8,8,8,8,8,8];3;true;true;2;2;128;[2];0.25;4.
128;128.1493;8;32;[1,1,1,1,1,1,1,1,4,4,4,4,4,4,4,4,4,4,4,4,4,4,4,4,4,4,8,8,8,8,8,8];3;true;true;2;2;128;[2];0.25;4.
128;128.1494;8;32;[1,1,1,1,1,1,1,1,4,4,4,4,4,4,4,4,4,4,4,4,4,4,4,4,4,4,8,8,8,8,8,8];3;true;true;2;2;128;[2];0.25;4.
128;128.1495;8;32;[1,1,1,1,1,1,1,1,4,4,4,4,4,4,4,4,4,4,4,4,4,4,4,4,4,4,8,8,8,8,8,8];3;true;true;2;2;128;[2];0.25;4.
128;128.1496;8;32;[1,1,1,1,1,1,1,1,4,4,4,4,4,4,4,4,4,4,4,4,4,4,4,4,4,4,8,8,8,8,8,8];3;true;true;2;2;128;[2];0.25;4.
128;128.1497;8;32;[1,1,1,1,1,1,1,1,4,4,4,4,4,4,4,4,4,4,4,4,4,4,4,4,4,4,8,8,8,8,8,8];3;true;true;2;2;128;[2];0.25;4.
128;128.1498;8;32;[1,1,1,1,1,1,1,1,4,4,4,4,4,4,4,4,4,4,4,4,4,4,4,4,4,4,8,8,8,8,8,8];3;true;true;2;2;128;[2];0.25;4.
128;128.1499;8;32;[1,1,1,1,1,1,1,1,4,4,4,4,4,4,4,4,4,4,4,4,4,4,4,4,4,4,8,8,8,8,8,8];3;true;true;2;2;128;[2];0.25;4.
128;128.1500;8;32;[1,1,1,1,1,1,1,1,4,4,4,4,4,4,4,4,4,4,4,4,4,4,4,4,4,4,8,8,8,8,8,8];3;true;true;2;2;128;[2];0.25;4.
128;128.1501;8;32;[1,1,1,1,1,1,1,1,4,4,4,4,4,4,4,4,4,4,4,4,4,4,4,4,4,4,8,8,8,8,8,8];3;true;true;2;2;128;[2];0.25;4.
128;128.1502;8;32;[1,1,1,1,1,1,1,1,4,4,4,4,4,4,4,4,4,4,4,4,4,4,4,4,4,4,8,8,8,8,8,8];3;true;true;2;2;128;[2];0.25;4.
128;128.1503;8;32;[1,1,1,1,1,1,1,1,4,4,4,4,4,4,4,4,4,4,4,4,4,4,4,4,4,4,8,8,8,8,8,8];3;true;true;2;2;128;[2];0.25;4.
128;128.1504;8;32;[1,1,1,1,1,1,1,1,4,4,4,4,4,4,4,4,4,4,4,4,4,4,4,4,4,4,8,8,8,8,8,8];3;true;true;2;2;128;[2];0.25;4.
128;128.1505;8;32;[1,1,1,1,1,1,1,1,4,4,4,4,4,4,4,4,4,4,4,4,4,4,4,4,4,4,8,8,8,8,8,8];3;true;true;2;2;128;[2];0.25;4.
128;128.1506;8;32;[1,1,1,1,1,1,1,1,4,4,4,4,4,4,4,4,4,4,4,4,4,4,4,4,4,4,8,8,8,8,8,8];3;true;true;2;2;128;[2];0.25;4.
128;128.1507;8;32;[1,1,1,1,1,1,1,1,4,4,4,4,4,4,4,4,4,4,4,4,4,4,4,4,4,4,8,8,8,8,8,8];3;true;true;2;2;128;[2];0.25;4.
128;128.1508;8;32;[1,1,1,1,1,1,1,1,4,4,4,4,4,4,4,4,4,4,4,4,4,4,4,4,4,4,8,8,8,8,8,8];3;true;true;2;2;128;[2];0.25;4.
128;128.1509;8;32;[1,1,1,1,1,1,1,1,4,4,4,4,4,4,4,4,4,4,4,4,4,4,4,4,4,4,8,8,8,8,8,8];3;true;true;2;2;128;[2];0.25;4.
128;128.1510;8;32;[1,1,1,1,1,1,1,1,4,4,4,4,4,4,4,4,4,4,4,4,4,4,4,4,4,4,8,8,8,8,8,8];3;true;true;2;2;128;[2];0.25;4.
128;128.1511;8;32;[1,1,1,1,1,1,1,1,4,4,4,4,4,4,4,4,4,4,4,4,4,4,4,4,4,4,8,8,8,8,8,8];3;true;true;2;2;128;[2];0.25;4.
128;128.1512;8;32;[1,1,1,1,1,1,1,1,4,4,4,4,4,4,4,4,4,4,4,4,4,4,4,4,4,4,8,8,8,8,8,8];3;true;true;2;2;128;[2];0.25;4.
128;128.1513;8;32;[1,1,1,1,1,1,1,1,4,4,4,4,4,4,4,4,4,4,4,4,4,4,4,4,4,4,8,8,8,8,8,8];3;true;true;2;2;128;[2];0.25;4.
128;128.1514;8;32;[1,1,1,1,1,1,1,1,4,4,4,4,4,4,4,4,4,4,4,4,4,4,4,4,4,4,8,8,8,8,8,8];3;true;true;2;2;128;[2];0.25;4.
128;128.1515;8;32;[1,1,1,1,1,1,1,1,4,4,4,4,4,4,4,4,4,4,4,4,4,4,4,4,4,4,8,8,8,8,8,8];3;true;true;2;2;128;[2];0.25;4.
128;128.1516;8;32;[1,1,1,1,1,1,1,1,4,4,4,4,4,4,4,4,4,4,4,4,4,4,4,4,4,4,8,8,8,8,8,8];3;true;true;2;2;128;[2];0.25;4.
128;128.1517;8;32;[1,1,1,1,1,1,1,1,4,4,4,4,4,4,4,4,4,4,4,4,4,4,4,4,4,4,8,8,8,8,8,8];3;true;true;2;2;128;[2];0.25;4.
128;128.1518;8;32;[1,1,1,1,1,1,1,1,4,4,4,4,4,4,4,4,4,4,4,4,4,4,4,4,4,4,8,8,8,8,8,8];3;true;true;2;2;128;[2];0.25;4.
128;128.1519;8;32;[1,1,1,1,1,1,1,1,4,4,4,4,4,4,4,4,4,4,4,4,4,4,4,4,4,4,8,8,8,8,8,8];3;true;true;2;2;128;[2];0.25;4.
128;128.1520;8;32;[1,1,1,1,1,1,1,1,4,4,4,4,4,4,4,4,4,4,4,4,4,4,4,4,4,4,8,8,8,8,8,8];3;true;true;2;2;128;[2];0.25;4.
128;128.1521;8;32;[1,1,1,1,1,1,1,1,4,4,4,4,4,4,4,4,4,4,4,4,4,4,4,4,4,4,8,8,8,8,8,8];3;true;true;2;2;128;[2];0.25;4.
128;128.1522;8;32;[1,1,1,1,1,1,1,1,4,4,4,4,4,4,4,4,4,4,4,4,4,4,4,4,4,4,8,8,8,8,8,8];3;true;true;2;2;128;[2];0.25;4.
128;128.1523;8;32;[1,1,1,1,1,1,1,1,4,4,4,4,4,4,4,4,4,4,4,4,4,4,4,4,4,4,8,8,8,8,8,8];3;true;true;2;2;128;[2];0.25;4.
128;128.1524;8;32;[1,1,1,1,1,1,1,1,4,4,4,4,4,4,4,4,4,4,4,4,4,4,4,4,4,4,8,8,8,8,8,8];3;true;true;2;2;128;[2];0.25;4.
128;128.1525;8;32;[1,1,1,1,1,1,1,1,4,4,4,4,4,4,4,4,4,4,4,4,4,4,4,4,4,4,8,8,8,8,8,8];3;true;true;2;2;128;[2];0.25;4.
128;128.1526;8;32;[1,1,1,1,1,1,1,1,4,4,4,4,4,4,4,4,4,4,4,4,4,4,4,4,4,4,8,8,8,8,8,8];3;true;true;2;2;128;[2];0.25;4.
128;128.1527;8;32;[1,1,1,1,1,1,1,1,4,4,4,4,4,4,4,4,4,4,4,4,4,4,4,4,4,4,8,8,8,8,8,8];3;true;true;2;2;128;[2];0.25;4.
128;128.1528;8;32;[1,1,1,1,1,1,1,1,4,4,4,4,4,4,4,4,4,4,4,4,4,4,4,4,4,4,8,8,8,8,8,8];3;true;true;2;2;128;[2];0.25;4.
128;128.1529;8;32;[1,1,1,1,1,1,1,1,4,4,4,4,4,4,4,4,4,4,4,4,4,4,4,4,4,4,8,8,8,8,8,8];3;true;true;2;2;128;[2];0.25;4.
128;128.1530;8;32;[1,1,1,1,1,1,1,1,4,4,4,4,4,4,4,4,4,4,4,4,4,4,4,4,4,4,8,8,8,8,8,8];3;true;true;2;2;128;[2];0.25;4.
128;128.1531;8;32;[1,1,1,1,1,1,1,1,4,4,4,4,4,4,4,4,4,4,4,4,4,4,4,4,4,4,8,8,8,8,8,8];3;true;true;2;2;128;[2];0.25;4.
128;128.1532;8;32;[1,1,1,1,1,1,1,1,4,4,4,4,4,4,4,4,4,4,4,4,4,4,4,4,4,4,8,8,8,8,8,8];3;true;true;2;2;128;[2];0.25;4.
128;128.1533;8;32;[1,1,1,1,1,1,1,1,4,4,4,4,4,4,4,4,4,4,4,4,4,4,4,4,4,4,8,8,8,8,8,8];3;true;true;2;2;128;[2];0.25;4.
128;128.1534;8;32;[1,1,1,1,1,1,1,1,4,4,4,4,4,4,4,4,4,4,4,4,4,4,4,4,4,4,8,8,8,8,8,8];3;true;true;2;2;128;[2];0.25;4.
128;128.1535;8;32;[1,1,1,1,1,1,1,1,4,4,4,4,4,4,4,4,4,4,4,4,4,4,4,4,4,4,8,8,8,8,8,8];3;true;true;2;2;128;[2];0.25;4.
128;128.1536;8;32;[1,1,1,1,1,1,1,1,4,4,4,4,4,4,4,4,4,4,4,4,4,4,4,4,4,4,8,8,8,8,8,8];3;true;true;2;2;128;[2];0.25;4.
128;128.1537;8;32;[1,1,1,1,1,1,1,1,4,4,4,4,4,4,4,4,4,4,4,4,4,4,4,4,4,4,8,8,8,8,8,8];3;true;true;2;2;128;[2];0.25;4.
128;128.1538;8;32;[1,1,1,1,1,1,1,1,4,4,4,4,4,4,4,4,4,4,4,4,4,4,4,4,4,4,8,8,8,8,8,8];3;true;true;2;2;128;[2];0.25;4.
128;128.1539;8;32;[1,1,1,1,1,1,1,1,4,4,4,4,4,4,4,4,4,4,4,4,4,4,4,4,4,4,8,8,8,8,8,8];3;true;true;2;2;128;[2];0.25;4.
128;128.1540;8;32;[1,1,1,1,1,1,1,1,4,4,4,4,4,4,4,4,4,4,4,4,4,4,4,4,4,4,8,8,8,8,8,8];3;true;true;2;2;128;[2];0.25;4.
128;128.1541;8;32;[1,1,1,1,1,1,1,1,4,4,4,4,4,4,4,4,4,4,4,4,4,4,4,4,4,4,8,8,8,8,8,8];3;true;true;2;2;128;[2];0.25;4.
128;128.1542;8;32;[1,1,1,1,1,1,1,1,4,4,4,4,4,4,4,4,4,4,4,4,4,4,4,4,4,4,8,8,8,8,8,8];3;true;true;2;2;128;[2];0.25;4.
128;128.1543;8;32;[1,1,1,1,1,1,1,1,4,4,4,4,4,4,4,4,4,4,4,4,4,4,4,4,4,4,8,8,8,8,8,8];3;true;true;2;2;128;[2];0.25;4.
128;128.1544;8;26;[1,1,1,1,1,1,1,1,4,4,4,4,4,4,8,8,8,8,8,8,8,8,8,8,8,8];3;true;true;2;2;128;[2];0.203125;4.9230769230769234
128;128.1545;8;26;[1,1,1,1,1,1,1,1,4,4,4,4,4,4,8,8,8,8,8,8,8,8,8,8,8,8];3;true;true;2;2;128;[2];0.203125;4.9230769230769234
128;128.1546;8;26;[1,1,1,1,1,1,1,1,4,4,4,4,4,4,8,8,8,8,8,8,8,8,8,8,8,8];3;true;true;2;2;128;[2];0.203125;4.9230769230769234
128;128.1547;8;26;[1,1,1,1,1,1,1,1,4,4,4,4,4,4,8,8,8,8,8,8,8,8,8,8,8,8];3;true;true;2;2;128;[2];0.203125;4.9230769230769234
128;128.1548;8;26;[1,1,1,1,1,1,1,1,4,4,4,4,4,4,8,8,8,8,8,8,8,8,8,8,8,8];3;true;true;2;2;128;[2];0.203125;4.9230769230769234
128;128.1549;8;26;[1,1,1,1,1,1,1,1,4,4,4,4,4,4,8,8,8,8,8,8,8,8,8,8,8,8];3;true;true;2;2;128;[2];0.203125;4.9230769230769234
128;128.1550;8;26;[1,1,1,1,1,1,1,1,4,4,4,4,4,4,8,8,8,8,8,8,8,8,8,8,8,8];3;true;true;2;2;128;[2];0.203125;4.9230769230769234
128;128.1551;8;26;[1,1,1,1,1,1,1,1,4,4,4,4,4,4,8,8,8,8,8,8,8,8,8,8,8,8];3;true;true;2;2;128;[2];0.203125;4.9230769230769234
128;128.1552;8;26;[1,1,1,1,1,1,1,1,4,4,4,4,4,4,8,8,8,8,8,8,8,8,8,8,8,8];3;true;true;2;2;128;[2];0.203125;4.9230769230769234
128;128.1553;8;26;[1,1,1,1,1,1,1,1,4,4,4,4,4,4,8,8,8,8,8,8,8,8,8,8,8,8];3;true;true;2;2;128;[2];0.203125;4.9230769230769234
128;128.1554;8;26;[1,1,1,1,1,1,1,1,4,4,4,4,4,4,8,8,8,8,8,8,8,8,8,8,8,8];3;true;true;2;2;128;[2];0.203125;4.9230769230769234
128;128.1555;8;26;[1,1,1,1,1,1,1,1,4,4,4,4,4,4,8,8,8,8,8,8,8,8,8,8,8,8];3;true;true;2;2;128;[2];0.203125;4.9230769230769234
128;128.1556;8;26;[1,1,1,1,1,1,1,1,4,4,4,4,4,4,8,8,8,8,8,8,8,8,8,8,8,8];3;true;true;2;2;128;[2];0.203125;4.9230769230769234
128;128.1557;8;26;[1,1,1,1,1,1,1,1,4,4,4,4,4,4,8,8,8,8,8,8,8,8,8,8,8,8];3;true;true;2;2;128;[2];0.203125;4.9230769230769234
128;128.1558;8;26;[1,1,1,1,1,1,1,1,4,4,4,4,4,4,8,8,8,8,8,8,8,8,8,8,8,8];3;true;true;2;2;128;[2];0.203125;4.9230769230769234
128;128.1559;8;26;[1,1,1,1,1,1,1,1,4,4,4,4,4,4,8,8,8,8,8,8,8,8,8,8,8,8];3;true;true;2;2;128;[2];0.203125;4.9230769230769234
128;128.1560;8;26;[1,1,1,1,1,1,1,1,4,4,4,4,4,4,8,8,8,8,8,8,8,8,8,8,8,8];3;true;true;2;2;128;[2];0.203125;4.9230769230769234
128;128.1561;8;26;[1,1,1,1,1,1,1,1,4,4,4,4,4,4,8,8,8,8,8,8,8,8,8,8,8,8];3;true;true;2;2;128;[2];0.203125;4.9230769230769234
128;128.1562;8;26;[1,1,1,1,1,1,1,1,4,4,4,4,4,4,8,8,8,8,8,8,8,8,8,8,8,8];3;true;true;2;2;128;[2];0.203125;4.9230769230769234
128;128.1563;8;26;[1,1,1,1,1,1,1,1,4,4,4,4,4,4,8,8,8,8,8,8,8,8,8,8,8,8];3;true;true;2;2;128;[2];0.203125;4.9230769230769234
128;128.1564;8;26;[1,1,1,1,1,1,1,1,4,4,4,4,4,4,8,8,8,8,8,8,8,8,8,8,8,8];3;true;true;2;2;128;[2];0.203125;4.9230769230769234
128;128.1565;8;26;[1,1,1,1,1,1,1,1,4,4,4,4,4,4,8,8,8,8,8,8,8,8,8,8,8,8];3;true;true;2;2;128;[2];0.203125;4.9230769230769234
128;128.1566;8;26;[1,1,1,1,1,1,1,1,4,4,4,4,4,4,8,8,8,8,8,8,8,8,8,8,8,8];3;true;true;2;2;128;[2];0.203125;4.9230769230769234
128;128.1567;8;26;[1,1,1,1,1,1,1,1,4,4,4,4,4,4,8,8,8,8,8,8,8,8,8,8,8,8];3;true;true;2;2;128;[2];0.203125;4.9230769230769234
128;128.1568;8;26;[1,1,1,1,1,1,1,1,4,4,4,4,4,4,8,8,8,8,8,8,8,8,8,8,8,8];3;true;true;2;2;128;[2];0.203125;4.9230769230769234
128;128.1569;8;26;[1,1,1,1,1,1,1,1,4,4,4,4,4,4,8,8,8,8,8,8,8,8,8,8,8,8];3;true;true;2;2;128;[2];0.203125;4.9230769230769234
128;128.1570;8;26;[1,1,1,1,1,1,1,1,4,4,4,4,4,4,8,8,8,8,8,8,8,8,8,8,8,8];3;true;true;2;2;128;[2];0.203125;4.9230769230769234
128;128.1571;8;26;[1,1,1,1,1,1,1,1,4,4,4,4,4,4,8,8,8,8,8,8,8,8,8,8,8,8];3;true;true;2;2;128;[2];0.203125;4.9230769230769234
128;128.1572;8;26;[1,1,1,1,1,1,1,1,4,4,4,4,4,4,8,8,8,8,8,8,8,8,8,8,8,8];3;true;true;2;2;128;[2];0.203125;4.9230769230769234
128;128.1573;8;26;[1,1,1,1,1,1,1,1,4,4,4,4,4,4,8,8,8,8,8,8,8,8,8,8,8,8];3;true;true;2;2;128;[2];0.203125;4.9230769230769234
128;128.1574;8;26;[1,1,1,1,1,1,1,1,4,4,4,4,4,4,8,8,8,8,8,8,8,8,8,8,8,8];3;true;true;2;2;128;[2];0.203125;4.9230769230769234
128;128.1575;8;26;[1,1,1,1,1,1,1,1,4,4,4,4,4,4,8,8,8,8,8,8,8,8,8,8,8,8];3;true;true;2;2;128;[2];0.203125;4.9230769230769234
128;128.1576;8;26;[1,1,1,1,1,1,1,1,4,4,4,4,4,4,8,8,8,8,8,8,8,8,8,8,8,8];3;true;true;2;2;128;[2];0.203125;4.9230769230769234
128;128.1577;8;26;[1,1,1,1,1,1,1,1,4,4,4,4,4,4,8,8,8,8,8,8,8,8,8,8,8,8];3;true;true;2;2;128;[2];0.203125;4.9230769230769234
128;128.1578;8;44;[1,1,1,1,1,1,1,1,2,2,2,2,2,2,2,2,2,2,2,2,2,2,2,2,2,2,2,2,2,2,2,2,2,2,2,2,8,8,8,8,8,8,8,8];3;true;true;2;2;128;[2];0.34375;2.9090909090909092
128;128.1579;8;44;[1,1,1,1,1,1,1,1,2,2,2,2,2,2,2,2,2,2,2,2,2,2,2,2,2,2,2,2,2,2,2,2,2,2,2,2,8,8,8,8,8,8,8,8];3;true;true;2;2;128;[2];0.34375;2.9090909090909092
128;128.1580;8;44;[1,1,1,1,1,1,1,1,2,2,2,2,2,2,2,2,2,2,2,2,2,2,2,2,2,2,2,2,2,2,2,2,2,2,2,2,8,8,8,8,8,8,8,8];3;true;true;2;2;128;[2];0.34375;2.9090909090909092
128;128.1581;8;44;[1,1,1,1,1,1,1,1,2,2,2,2,2,2,2,2,2,2,2,2,2,2,2,2,2,2,2,2,2,2,2,2,2,2,2,2,8,8,8,8,8,8,8,8];3;true;true;2;2;128;[2];0.34375;2.9090909090909092
128;128.1582;8;44;[1,1,1,1,1,1,1,1,2,2,2,2,2,2,2,2,2,2,2,2,2,2,2,2,2,2,2,2,2,2,2,2,2,2,2,2,8,8,8,8,8,8,8,8];3;true;true;2;2;128;[2];0.34375;2.9090909090909092
128;128.1583;8;44;[1,1,1,1,1,1,1,1,2,2,2,2,2,2,2,2,2,2,2,2,2,2,2,2,2,2,2,2,2,2,2,2,2,2,2,2,8,8,8,8,8,8,8,8];3;true;true;2;2;128;[2];0.34375;2.9090909090909092
128;128.1584;8;44;[1,1,1,1,1,1,1,1,2,2,2,2,2,2,2,2,2,2,2,2,2,2,2,2,2,2,2,2,2,2,2,2,2,2,2,2,8,8,8,8,8,8,8,8];3;true;true;2;2;128;[2];0.34375;2.9090909090909092
128;128.1585;8;44;[1,1,1,1,1,1,1,1,2,2,2,2,2,2,2,2,2,2,2,2,2,2,2,2,2,2,2,2,2,2,2,2,2,2,2,2,8,8,8,8,8,8,8,8];3;true;true;2;2;128;[2];0.34375;2.9090909090909092
128;128.1586;8;44;[1,1,1,1,1,1,1,1,2,2,2,2,2,2,2,2,2,2,2,2,2,2,2,2,2,2,2,2,2,2,2,2,2,2,2,2,8,8,8,8,8,8,8,8];3;true;true;2;2;128;[2];0.34375;2.9090909090909092
128;128.1587;8;44;[1,1,1,1,1,1,1,1,2,2,2,2,2,2,2,2,2,2,2,2,2,2,2,2,2,2,2,2,2,2,2,2,2,2,2,2,8,8,8,8,8,8,8,8];3;true;true;2;2;128;[2];0.34375;2.9090909090909092
128;128.1588;8;44;[1,1,1,1,1,1,1,1,2,2,2,2,2,2,2,2,2,2,2,2,2,2,2,2,2,2,2,2,2,2,2,2,2,2,2,2,8,8,8,8,8,8,8,8];3;true;true;2;2;128;[2];0.34375;2.9090909090909092
128;128.1589;8;44;[1,1,1,1,1,1,1,1,2,2,2,2,2,2,2,2,2,2,2,2,2,2,2,2,2,2,2,2,2,2,2,2,2,2,2,2,8,8,8,8,8,8,8,8];3;true;true;2;2;128;[2];0.34375;2.9090909090909092
128;128.1590;8;44;[1,1,1,1,1,1,1,1,2,2,2,2,2,2,2,2,2,2,2,2,2,2,2,2,2,2,2,2,2,2,2,2,2,2,2,2,8,8,8,8,8,8,8,8];3;true;true;2;2;128;[2];0.34375;2.9090909090909092
128;128.1591;8;44;[1,1,1,1,1,1,1,1,2,2,2,2,2,2,2,2,2,2,2,2,2,2,2,2,2,2,2,2,2,2,2,2,2,2,2,2,8,8,8,8,8,8,8,8];3;true;true;2;2;128;[2];0.34375;2.9090909090909092
128;128.1592;8;44;[1,1,1,1,1,1,1,1,2,2,2,2,2,2,2,2,2,2,2,2,2,2,2,2,2,2,2,2,2,2,2,2,2,2,2,2,8,8,8,8,8,8,8,8];3;true;true;2;2;128;[2];0.34375;2.9090909090909092
128;128.1593;8;44;[1,1,1,1,1,1,1,1,2,2,2,2,2,2,2,2,2,2,2,2,2,2,2,2,2,2,2,2,2,2,2,2,2,2,2,2,8,8,8,8,8,8,8,8];3;true;true;2;2;128;[2];0.34375;2.9090909090909092
128;128.1594;8;44;[1,1,1,1,1,1,1,1,2,2,2,2,2,2,2,2,2,2,2,2,2,2,2,2,2,2,2,2,2,2,2,2,2,2,2,2,8,8,8,8,8,8,8,8];3;true;true;2;2;128;[2];0.34375;2.9090909090909092
128;128.1595;8;44;[1,1,1,1,1,1,1,1,2,2,2,2,2,2,2,2,2,2,2,2,2,2,2,2,2,2,2,2,2,2,2,2,2,2,2,2,8,8,8,8,8,8,8,8];3;true;true;2;2;128;[2];0.34375;2.9090909090909092
128;128.1596;8;44;[1,1,1,1,1,1,1,1,2,2,2,2,2,2,2,2,2,2,2,2,2,2,2,2,2,2,2,2,2,2,2,2,2,2,2,2,8,8,8,8,8,8,8,8];3;true;true;2;2;128;[2];0.34375;2.9090909090909092
128;128.1597;8;44;[1,1,1,1,1,1,1,1,2,2,2,2,2,2,2,2,2,2,2,2,2,2,2,2,2,2,2,2,2,2,2,2,2,2,2,2,8,8,8,8,8,8,8,8];3;true;true;2;2;128;[2];0.34375;2.9090909090909092
128;128.1598;8;44;[1,1,1,1,1,1,1,1,2,2,2,2,2,2,2,2,2,2,2,2,2,2,2,2,2,2,2,2,2,2,2,2,2,2,2,2,8,8,8,8,8,8,8,8];3;true;true;2;2;128;[2];0.34375;2.9090909090909092
128;128.1599;8;44;[1,1,1,1,1,1,1,1,2,2,2,2,2,2,2,2,2,2,2,2,2,2,2,2,2,2,2,2,2,2,2,2,2,2,2,2,8,8,8,8,8,8,8,8];3;true;true;2;2;128;[2];0.34375;2.9090909090909092
128;128.1600;8;44;[1,1,1,1,1,1,1,1,2,2,2,2,2,2,2,2,2,2,2,2,2,2,2,2,2,2,2,2,2,2,2,2,2,2,2,2,8,8,8,8,8,8,8,8];3;true;true;2;2;128;[2];0.34375;2.9090909090909092
128;128.1601;128;128;[1,1,1,1,1,1,1,1,1,1,1,1,1,1,1,1,1,1,1,1,1,1,1,1,1,1,1,1,1,1,1,1,1,1,1,1,1,1,1,1,1,1,1,1,1,1,1,1,1,1,1,1,1,1,1,1,1,1,1,1,1,1,1,1,1,1,1,1,1,1,1,1,1,1,1,1,1,1,1,1,1,1,1,1,1,1,1,1,1,1,1,1,1,1,1,1,1,1,1,1,1,1,1,1,1,1,1,1,1,1,1,1,1,1,1,1,1,1,1,1,1,1,1,1,1,1,1,1];1;true;true;1;1;128;[2];1.;1.
128;128.1602;32;80;[1,1,1,1,1,1,1,1,1,1,1,1,1,1,1,1,1,1,1,1,1,1,1,1,1,1,1,1,1,1,1,1,2,2,2,2,2,2,2,2,2,2,2,2,2,2,2,2,2,2,2,2,2,2,2,2,2,2,2,2,2,2,2,2,2,2,2,2,2,2,2,2,2,2,2,2,2,2,2,2];2;true;true;2;2;128;[2];0.625;1.6000000000000001
128;128.1603;32;80;[1,1,1,1,1,1,1,1,1,1,1,1,1,1,1,1,1,1,1,1,1,1,1,1,1,1,1,1,1,1,1,1,2,2,2,2,2,2,2,2,2,2,2,2,2,2,2,2,2,2,2,2,2,2,2,2,2,2,2,2,2,2,2,2,2,2,2,2,2,2,2,2,2,2,2,2,2,2,2,2];2;true;true;2;2;128;[2];0.625;1.6000000000000001
128;128.1604;32;80;[1,1,1,1,1,1,1,1,1,1,1,1,1,1,1,1,1,1,1,1,1,1,1,1,1,1,1,1,1,1,1,1,2,2,2,2,2,2,2,2,2,2,2,2,2,2,2,2,2,2,2,2,2,2,2,2,2,2,2,2,2,2,2,2,2,2,2,2,2,2,2,2,2,2,2,2,2,2,2,2];2;true;true;2;2;128;[2];0.625;1.6000000000000001
128;128.1605;8;68;[1,1,1,1,1,1,1,1,2,2,2,2,2,2,2,2,2,2,2,2,2,2,2,2,2,2,2,2,2,2,2,2,2,2,2,2,2,2,2,2,2,2,2,2,2,2,2,2,2,2,2,2,2,2,2,2,2,2,2,2,2,2,2,2,2,2,2,2];2;true;true;2;2;128;[2];0.53125;1.8823529411764706
128;128.1606;32;80;[1,1,1,1,1,1,1,1,1,1,1,1,1,1,1,1,1,1,1,1,1,1,1,1,1,1,1,1,1,1,1,1,2,2,2,2,2,2,2,2,2,2,2,2,2,2,2,2,2,2,2,2,2,2,2,2,2,2,2,2,2,2,2,2,2,2,2,2,2,2,2,2,2,2,2,2,2,2,2,2];2;true;true;2;2;128;[2];0.625;1.6000000000000001
128;128.1607;8;68;[1,1,1,1,1,1,1,1,2,2,2,2,2,2,2,2,2,2,2,2,2,2,2,2,2,2,2,2,2,2,2,2,2,2,2,2,2,2,2,2,2,2,2,2,2,2,2,2,2,2,2,2,2,2,2,2,2,2,2,2,2,2,2,2,2,2,2,2];2;true;true;2;2;128;[2];0.53125;1.8823529411764706
128;128.1608;32;80;[1,1,1,1,1,1,1,1,1,1,1,1,1,1,1,1,1,1,1,1,1,1,1,1,1,1,1,1,1,1,1,1,2,2,2,2,2,2,2,2,2,2,2,2,2,2,2,2,2,2,2,2,2,2,2,2,2,2,2,2,2,2,2,2,2,2,2,2,2,2,2,2,2,2,2,2,2,2,2,2];2;true;true;2;2;128;[2];0.625;1.6000000000000001
128;128.1609;16;56;[1,1,1,1,1,1,1,1,1,1,1,1,1,1,1,1,2,2,2,2,2,2,2,2,2,2,2,2,2,2,2,2,2,2,2,2,2,2,2,2,4,4,4,4,4,4,4,4,4,4,4,4,4,4,4,4];3;true;true;2;2;128;[2];0.4375;2.2857142857142856
128;128.1610;16;56;[1,1,1,1,1,1,1,1,1,1,1,1,1,1,1,1,2,2,2,2,2,2,2,2,2,2,2,2,2,2,2,2,2,2,2,2,2,2,2,2,4,4,4,4,4,4,4,4,4,4,4,4,4,4,4,4];3;true;true;2;2;128;[2];0.4375;2.2857142857142856
128;128.1611;8;44;[1,1,1,1,1,1,1,1,2,2,2,2,2,2,2,2,2,2,2,2,4,4,4,4,4,4,4,4,4,4,4,4,4,4,4,4,4,4,4,4,4,4,4,4];3;true;true;2;2;128;[2];0.34375;2.9090909090909092
128;128.1612;8;50;[1,1,1,1,1,1,1,1,2,2,2,2,2,2,2,2,2,2,2,2,2,2,2,2,2,2,2,2,2,2,2,2,4,4,4,4,4,4,4,4,4,4,4,4,4,4,4,4,4,4];3;true;true;2;2;128;[2];0.390625;2.5600000000000001
128;128.1613;8;44;[1,1,1,1,1,1,1,1,2,2,2,2,2,2,2,2,2,2,2,2,4,4,4,4,4,4,4,4,4,4,4,4,4,4,4,4,4,4,4,4,4,4,4,4];3;true;true;2;2;128;[2];0.34375;2.9090909090909092
128;128.1614;8;44;[1,1,1,1,1,1,1,1,2,2,2,2,2,2,2,2,2,2,2,2,4,4,4,4,4,4,4,4,4,4,4,4,4,4,4,4,4,4,4,4,4,4,4,4];3;true;true;2;2;128;[2];0.34375;2.9090909090909092
128;128.1615;2;41;[1,1,2,2,2,2,2,2,2,2,2,2,2,2,2,2,2,4,4,4,4,4,4,4,4,4,4,4,4,4,4,4,4,4,4,4,4,4,4,4,4];3;true;true;2;2;128;[2];0.3203125;3.1219512195121952
128;128.1616;2;41;[1,1,2,2,2,2,2,2,2,2,2,2,2,2,2,2,2,4,4,4,4,4,4,4,4,4,4,4,4,4,4,4,4,4,4,4,4,4,4,4,4];3;true;true;2;2;128;[2];0.3203125;3.1219512195121952
128;128.1617;8;44;[1,1,1,1,1,1,1,1,2,2,2,2,2,2,2,2,2,2,2,2,4,4,4,4,4,4,4,4,4,4,4,4,4,4,4,4,4,4,4,4,4,4,4,4];3;true;true;2;2;128;[2];0.34375;2.9090909090909092
128;128.1618;8;44;[1,1,1,1,1,1,1,1,2,2,2,2,2,2,2,2,2,2,2,2,4,4,4,4,4,4,4,4,4,4,4,4,4,4,4,4,4,4,4,4,4,4,4,4];3;true;true;2;2;128;[2];0.34375;2.9090909090909092
128;128.1619;8;44;[1,1,1,1,1,1,1,1,2,2,2,2,2,2,2,2,2,2,2,2,4,4,4,4,4,4,4,4,4,4,4,4,4,4,4,4,4,4,4,4,4,4,4,4];3;true;true;2;2;128;[2];0.34375;2.9090909090909092
128;128.1620;2;41;[1,1,2,2,2,2,2,2,2,2,2,2,2,2,2,2,2,4,4,4,4,4,4,4,4,4,4,4,4,4,4,4,4,4,4,4,4,4,4,4,4];3;true;true;2;2;128;[2];0.3203125;3.1219512195121952
128;128.1621;2;41;[1,1,2,2,2,2,2,2,2,2,2,2,2,2,2,2,2,4,4,4,4,4,4,4,4,4,4,4,4,4,4,4,4,4,4,4,4,4,4,4,4];3;true;true;2;2;128;[2];0.3203125;3.1219512195121952
128;128.1622;16;56;[1,1,1,1,1,1,1,1,1,1,1,1,1,1,1,1,2,2,2,2,2,2,2,2,2,2,2,2,2,2,2,2,2,2,2,2,2,2,2,2,4,4,4,4,4,4,4,4,4,4,4,4,4,4,4,4];3;true;true;2;2;128;[2];0.4375;2.2857142857142856
128;128.1623;16;56;[1,1,1,1,1,1,1,1,1,1,1,1,1,1,1,1,2,2,2,2,2,2,2,2,2,2,2,2,2,2,2,2,2,2,2,2,2,2,2,2,4,4,4,4,4,4,4,4,4,4,4,4,4,4,4,4];3;true;true;2;2;128;[2];0.4375;2.2857142857142856
128;128.1624;16;56;[1,1,1,1,1,1,1,1,1,1,1,1,1,1,1,1,2,2,2,2,2,2,2,2,2,2,2,2,2,2,2,2,2,2,2,2,2,2,2,2,4,4,4,4,4,4,4,4,4,4,4,4,4,4,4,4];3;true;true;2;2;128;[2];0.4375;2.2857142857142856
128;128.1625;8;44;[1,1,1,1,1,1,1,1,2,2,2,2,2,2,2,2,2,2,2,2,4,4,4,4,4,4,4,4,4,4,4,4,4,4,4,4,4,4,4,4,4,4,4,4];3;true;true;2;2;128;[2];0.34375;2.9090909090909092
128;128.1626;8;44;[1,1,1,1,1,1,1,1,2,2,2,2,2,2,2,2,2,2,2,2,4,4,4,4,4,4,4,4,4,4,4,4,4,4,4,4,4,4,4,4,4,4,4,4];3;true;true;2;2;128;[2];0.34375;2.9090909090909092
128;128.1627;8;44;[1,1,1,1,1,1,1,1,2,2,2,2,2,2,2,2,2,2,2,2,4,4,4,4,4,4,4,4,4,4,4,4,4,4,4,4,4,4,4,4,4,4,4,4];3;true;true;2;2;128;[2];0.34375;2.9090909090909092
128;128.1628;8;44;[1,1,1,1,1,1,1,1,2,2,2,2,2,2,2,2,2,2,2,2,4,4,4,4,4,4,4,4,4,4,4,4,4,4,4,4,4,4,4,4,4,4,4,4];3;true;true;2;2;128;[2];0.34375;2.9090909090909092
128;128.1629;4;44;[1,1,1,1,2,2,2,2,2,2,2,2,2,2,2,2,2,2,2,2,2,2,4,4,4,4,4,4,4,4,4,4,4,4,4,4,4,4,4,4,4,4,4,4];3;true;true;2;2;128;[2];0.34375;2.9090909090909092
128;128.1630;4;44;[1,1,1,1,2,2,2,2,2,2,2,2,2,2,2,2,2,2,2,2,2,2,4,4,4,4,4,4,4,4,4,4,4,4,4,4,4,4,4,4,4,4,4,4];3;true;true;2;2;128;[2];0.34375;2.9090909090909092
128;128.1631;16;56;[1,1,1,1,1,1,1,1,1,1,1,1,1,1,1,1,2,2,2,2,2,2,2,2,2,2,2,2,2,2,2,2,2,2,2,2,2,2,2,2,4,4,4,4,4,4,4,4,4,4,4,4,4,4,4,4];3;true;true;2;2;128;[2];0.4375;2.2857142857142856
128;128.1632;8;44;[1,1,1,1,1,1,1,1,2,2,2,2,2,2,2,2,2,2,2,2,4,4,4,4,4,4,4,4,4,4,4,4,4,4,4,4,4,4,4,4,4,4,4,4];3;true;true;2;2;128;[2];0.34375;2.9090909090909092
128;128.1633;4;44;[1,1,1,1,2,2,2,2,2,2,2,2,2,2,2,2,2,2,2,2,2,2,4,4,4,4,4,4,4,4,4,4,4,4,4,4,4,4,4,4,4,4,4,4];3;true;true;2;2;128;[2];0.34375;2.9090909090909092
128;128.1634;32;80;[1,1,1,1,1,1,1,1,1,1,1,1,1,1,1,1,1,1,1,1,1,1,1,1,1,1,1,1,1,1,1,1,2,2,2,2,2,2,2,2,2,2,2,2,2,2,2,2,2,2,2,2,2,2,2,2,2,2,2,2,2,2,2,2,2,2,2,2,2,2,2,2,2,2,2,2,2,2,2,2];2;true;true;2;2;128;[2];0.625;1.6000000000000001
128;128.1635;16;56;[1,1,1,1,1,1,1,1,1,1,1,1,1,1,1,1,2,2,2,2,2,2,2,2,2,2,2,2,2,2,2,2,2,2,2,2,2,2,2,2,4,4,4,4,4,4,4,4,4,4,4,4,4,4,4,4];3;true;true;2;2;128;[2];0.4375;2.2857142857142856
128;128.1636;16;56;[1,1,1,1,1,1,1,1,1,1,1,1,1,1,1,1,2,2,2,2,2,2,2,2,2,2,2,2,2,2,2,2,2,2,2,2,2,2,2,2,4,4,4,4,4,4,4,4,4,4,4,4,4,4,4,4];3;true;true;2;2;128;[2];0.4375;2.2857142857142856
128;128.1637;8;44;[1,1,1,1,1,1,1,1,2,2,2,2,2,2,2,2,2,2,2,2,4,4,4,4,4,4,4,4,4,4,4,4,4,4,4,4,4,4,4,4,4,4,4,4];3;true;true;2;2;128;[2];0.34375;2.9090909090909092
128;128.1638;8;50;[1,1,1,1,1,1,1,1,2,2,2,2,2,2,2,2,2,2,2,2,2,2,2,2,2,2,2,2,2,2,2,2,4,4,4,4,4,4,4,4,4,4,4,4,4,4,4,4,4,4];3;true;true;2;2;128;[2];0.390625;2.5600000000000001
128;128.1639;16;56;[1,1,1,1,1,1,1,1,1,1,1,1,1,1,1,1,2,2,2,2,2,2,2,2,2,2,2,2,2,2,2,2,2,2,2,2,2,2,2,2,4,4,4,4,4,4,4,4,4,4,4,4,4,4,4,4];3;true;true;2;2;128;[2];0.4375;2.2857142857142856
128;128.1640;16;56;[1,1,1,1,1,1,1,1,1,1,1,1,1,1,1,1,2,2,2,2,2,2,2,2,2,2,2,2,2,2,2,2,2,2,2,2,2,2,2,2,4,4,4,4,4,4,4,4,4,4,4,4,4,4,4,4];3;true;true;2;2;128;[2];0.4375;2.2857142857142856
128;128.1641;16;56;[1,1,1,1,1,1,1,1,1,1,1,1,1,1,1,1,2,2,2,2,2,2,2,2,2,2,2,2,2,2,2,2,2,2,2,2,2,2,2,2,4,4,4,4,4,4,4,4,4,4,4,4,4,4,4,4];3;true;true;2;2;128;[2];0.4375;2.2857142857142856
128;128.1642;8;44;[1,1,1,1,1,1,1,1,2,2,2,2,2,2,2,2,2,2,2,2,4,4,4,4,4,4,4,4,4,4,4,4,4,4,4,4,4,4,4,4,4,4,4,4];3;true;true;2;2;128;[2];0.34375;2.9090909090909092
128;128.1643;8;44;[1,1,1,1,1,1,1,1,2,2,2,2,2,2,2,2,2,2,2,2,4,4,4,4,4,4,4,4,4,4,4,4,4,4,4,4,4,4,4,4,4,4,4,4];3;true;true;2;2;128;[2];0.34375;2.9090909090909092
128;128.1644;4;44;[1,1,1,1,2,2,2,2,2,2,2,2,2,2,2,2,2,2,2,2,2,2,4,4,4,4,4,4,4,4,4,4,4,4,4,4,4,4,4,4,4,4,4,4];3;true;true;2;2;128;[2];0.34375;2.9090909090909092
128;128.1645;4;44;[1,1,1,1,2,2,2,2,2,2,2,2,2,2,2,2,2,2,2,2,2,2,4,4,4,4,4,4,4,4,4,4,4,4,4,4,4,4,4,4,4,4,4,4];3;true;true;2;2;128;[2];0.34375;2.9090909090909092
128;128.1646;16;56;[1,1,1,1,1,1,1,1,1,1,1,1,1,1,1,1,2,2,2,2,2,2,2,2,2,2,2,2,2,2,2,2,2,2,2,2,2,2,2,2,4,4,4,4,4,4,4,4,4,4,4,4,4,4,4,4];3;true;true;2;2;128;[2];0.4375;2.2857142857142856
128;128.1647;8;44;[1,1,1,1,1,1,1,1,2,2,2,2,2,2,2,2,2,2,2,2,4,4,4,4,4,4,4,4,4,4,4,4,4,4,4,4,4,4,4,4,4,4,4,4];3;true;true;2;2;128;[2];0.34375;2.9090909090909092
128;128.1648;4;44;[1,1,1,1,2,2,2,2,2,2,2,2,2,2,2,2,2,2,2,2,2,2,4,4,4,4,4,4,4,4,4,4,4,4,4,4,4,4,4,4,4,4,4,4];3;true;true;2;2;128;[2];0.34375;2.9090909090909092
128;128.1649;32;80;[1,1,1,1,1,1,1,1,1,1,1,1,1,1,1,1,1,1,1,1,1,1,1,1,1,1,1,1,1,1,1,1,2,2,2,2,2,2,2,2,2,2,2,2,2,2,2,2,2,2,2,2,2,2,2,2,2,2,2,2,2,2,2,2,2,2,2,2,2,2,2,2,2,2,2,2,2,2,2,2];2;true;true;2;2;128;[2];0.625;1.6000000000000001
128;128.1650;16;56;[1,1,1,1,1,1,1,1,1,1,1,1,1,1,1,1,2,2,2,2,2,2,2,2,2,2,2,2,2,2,2,2,2,2,2,2,2,2,2,2,4,4,4,4,4,4,4,4,4,4,4,4,4,4,4,4];3;true;true;2;2;128;[2];0.4375;2.2857142857142856
128;128.1651;16;56;[1,1,1,1,1,1,1,1,1,1,1,1,1,1,1,1,2,2,2,2,2,2,2,2,2,2,2,2,2,2,2,2,2,2,2,2,2,2,2,2,4,4,4,4,4,4,4,4,4,4,4,4,4,4,4,4];3;true;true;2;2;128;[2];0.4375;2.2857142857142856
128;128.1652;16;56;[1,1,1,1,1,1,1,1,1,1,1,1,1,1,1,1,2,2,2,2,2,2,2,2,2,2,2,2,2,2,2,2,2,2,2,2,2,2,2,2,4,4,4,4,4,4,4,4,4,4,4,4,4,4,4,4];3;true;true;2;2;128;[2];0.4375;2.2857142857142856
128;128.1653;8;44;[1,1,1,1,1,1,1,1,2,2,2,2,2,2,2,2,2,2,2,2,4,4,4,4,4,4,4,4,4,4,4,4,4,4,4,4,4,4,4,4,4,4,4,4];3;true;true;2;2;128;[2];0.34375;2.9090909090909092
128;128.1654;16;56;[1,1,1,1,1,1,1,1,1,1,1,1,1,1,1,1,2,2,2,2,2,2,2,2,2,2,2,2,2,2,2,2,2,2,2,2,2,2,2,2,4,4,4,4,4,4,4,4,4,4,4,4,4,4,4,4];3;true;true;2;2;128;[2];0.4375;2.2857142857142856
128;128.1655;8;44;[1,1,1,1,1,1,1,1,2,2,2,2,2,2,2,2,2,2,2,2,4,4,4,4,4,4,4,4,4,4,4,4,4,4,4,4,4,4,4,4,4,4,4,4];3;true;true;2;2;128;[2];0.34375;2.9090909090909092
128;128.1656;8;50;[1,1,1,1,1,1,1,1,2,2,2,2,2,2,2,2,2,2,2,2,2,2,2,2,2,2,2,2,2,2,2,2,4,4,4,4,4,4,4,4,4,4,4,4,4,4,4,4,4,4];3;true;true;2;2;128;[2];0.390625;2.5600000000000001
128;128.1657;8;50;[1,1,1,1,1,1,1,1,2,2,2,2,2,2,2,2,2,2,2,2,2,2,2,2,2,2,2,2,2,2,2,2,4,4,4,4,4,4,4,4,4,4,4,4,4,4,4,4,4,4];3;true;true;2;2;128;[2];0.390625;2.5600000000000001
128;128.1658;32;80;[1,1,1,1,1,1,1,1,1,1,1,1,1,1,1,1,1,1,1,1,1,1,1,1,1,1,1,1,1,1,1,1,2,2,2,2,2,2,2,2,2,2,2,2,2,2,2,2,2,2,2,2,2,2,2,2,2,2,2,2,2,2,2,2,2,2,2,2,2,2,2,2,2,2,2,2,2,2,2,2];2;true;true;2;2;128;[2];0.625;1.6000000000000001
128;128.1659;16;56;[1,1,1,1,1,1,1,1,1,1,1,1,1,1,1,1,2,2,2,2,2,2,2,2,2,2,2,2,2,2,2,2,2,2,2,2,2,2,2,2,4,4,4,4,4,4,4,4,4,4,4,4,4,4,4,4];3;true;true;2;2;128;[2];0.4375;2.2857142857142856
128;128.1660;16;56;[1,1,1,1,1,1,1,1,1,1,1,1,1,1,1,1,2,2,2,2,2,2,2,2,2,2,2,2,2,2,2,2,2,2,2,2,2,2,2,2,4,4,4,4,4,4,4,4,4,4,4,4,4,4,4,4];3;true;true;2;2;128;[2];0.4375;2.2857142857142856
128;128.1661;16;56;[1,1,1,1,1,1,1,1,1,1,1,1,1,1,1,1,2,2,2,2,2,2,2,2,2,2,2,2,2,2,2,2,2,2,2,2,2,2,2,2,4,4,4,4,4,4,4,4,4,4,4,4,4,4,4,4];3;true;true;2;2;128;[2];0.4375;2.2857142857142856
128;128.1662;8;44;[1,1,1,1,1,1,1,1,2,2,2,2,2,2,2,2,2,2,2,2,4,4,4,4,4,4,4,4,4,4,4,4,4,4,4,4,4,4,4,4,4,4,4,4];3;true;true;2;2;128;[2];0.34375;2.9090909090909092
128;128.1663;16;56;[1,1,1,1,1,1,1,1,1,1,1,1,1,1,1,1,2,2,2,2,2,2,2,2,2,2,2,2,2,2,2,2,2,2,2,2,2,2,2,2,4,4,4,4,4,4,4,4,4,4,4,4,4,4,4,4];3;true;true;2;2;128;[2];0.4375;2.2857142857142856
128;128.1664;8;44;[1,1,1,1,1,1,1,1,2,2,2,2,2,2,2,2,2,2,2,2,4,4,4,4,4,4,4,4,4,4,4,4,4,4,4,4,4,4,4,4,4,4,4,4];3;true;true;2;2;128;[2];0.34375;2.9090909090909092
128;128.1665;8;50;[1,1,1,1,1,1,1,1,2,2,2,2,2,2,2,2,2,2,2,2,2,2,2,2,2,2,2,2,2,2,2,2,4,4,4,4,4,4,4,4,4,4,4,4,4,4,4,4,4,4];3;true;true;2;2;128;[2];0.390625;2.5600000000000001
128;128.1666;8;50;[1,1,1,1,1,1,1,1,2,2,2,2,2,2,2,2,2,2,2,2,2,2,2,2,2,2,2,2,2,2,2,2,4,4,4,4,4,4,4,4,4,4,4,4,4,4,4,4,4,4];3;true;true;2;2;128;[2];0.390625;2.5600000000000001
128;128.1667;8;50;[1,1,1,1,1,1,1,1,2,2,2,2,2,2,2,2,2,2,2,2,2,2,2,2,2,2,2,2,2,2,2,2,4,4,4,4,4,4,4,4,4,4,4,4,4,4,4,4,4,4];3;true;true;2;2;128;[2];0.390625;2.5600000000000001
128;128.1668;16;56;[1,1,1,1,1,1,1,1,1,1,1,1,1,1,1,1,2,2,2,2,2,2,2,2,2,2,2,2,2,2,2,2,2,2,2,2,2,2,2,2,4,4,4,4,4,4,4,4,4,4,4,4,4,4,4,4];3;true;true;2;2;128;[2];0.4375;2.2857142857142856
128;128.1669;16;56;[1,1,1,1,1,1,1,1,1,1,1,1,1,1,1,1,2,2,2,2,2,2,2,2,2,2,2,2,2,2,2,2,2,2,2,2,2,2,2,2,4,4,4,4,4,4,4,4,4,4,4,4,4,4,4,4];3;true;true;2;2;128;[2];0.4375;2.2857142857142856
128;128.1670;16;56;[1,1,1,1,1,1,1,1,1,1,1,1,1,1,1,1,2,2,2,2,2,2,2,2,2,2,2,2,2,2,2,2,2,2,2,2,2,2,2,2,4,4,4,4,4,4,4,4,4,4,4,4,4,4,4,4];3;true;true;2;2;128;[2];0.4375;2.2857142857142856
128;128.1671;16;56;[1,1,1,1,1,1,1,1,1,1,1,1,1,1,1,1,2,2,2,2,2,2,2,2,2,2,2,2,2,2,2,2,2,2,2,2,2,2,2,2,4,4,4,4,4,4,4,4,4,4,4,4,4,4,4,4];3;true;true;2;2;128;[2];0.4375;2.2857142857142856
128;128.1672;8;44;[1,1,1,1,1,1,1,1,2,2,2,2,2,2,2,2,2,2,2,2,4,4,4,4,4,4,4,4,4,4,4,4,4,4,4,4,4,4,4,4,4,4,4,4];3;true;true;2;2;128;[2];0.34375;2.9090909090909092
128;128.1673;8;44;[1,1,1,1,1,1,1,1,2,2,2,2,2,2,2,2,2,2,2,2,4,4,4,4,4,4,4,4,4,4,4,4,4,4,4,4,4,4,4,4,4,4,4,4];3;true;true;2;2;128;[2];0.34375;2.9090909090909092
128;128.1674;8;44;[1,1,1,1,1,1,1,1,2,2,2,2,2,2,2,2,2,2,2,2,4,4,4,4,4,4,4,4,4,4,4,4,4,4,4,4,4,4,4,4,4,4,4,4];3;true;true;2;2;128;[2];0.34375;2.9090909090909092
128;128.1675;8;44;[1,1,1,1,1,1,1,1,2,2,2,2,2,2,2,2,2,2,2,2,4,4,4,4,4,4,4,4,4,4,4,4,4,4,4,4,4,4,4,4,4,4,4,4];3;true;true;2;2;128;[2];0.34375;2.9090909090909092
128;128.1676;8;44;[1,1,1,1,1,1,1,1,2,2,2,2,2,2,2,2,2,2,2,2,4,4,4,4,4,4,4,4,4,4,4,4,4,4,4,4,4,4,4,4,4,4,4,4];3;true;true;2;2;128;[2];0.34375;2.9090909090909092
128;128.1677;8;44;[1,1,1,1,1,1,1,1,2,2,2,2,2,2,2,2,2,2,2,2,4,4,4,4,4,4,4,4,4,4,4,4,4,4,4,4,4,4,4,4,4,4,4,4];3;true;true;2;2;128;[2];0.34375;2.9090909090909092
128;128.1678;4;44;[1,1,1,1,2,2,2,2,2,2,2,2,2,2,2,2,2,2,2,2,2,2,4,4,4,4,4,4,4,4,4,4,4,4,4,4,4,4,4,4,4,4,4,4];3;true;true;2;2;128;[2];0.34375;2.9090909090909092
128;128.1679;4;44;[1,1,1,1,2,2,2,2,2,2,2,2,2,2,2,2,2,2,2,2,2,2,4,4,4,4,4,4,4,4,4,4,4,4,4,4,4,4,4,4,4,4,4,4];3;true;true;2;2;128;[2];0.34375;2.9090909090909092
128;128.1680;4;44;[1,1,1,1,2,2,2,2,2,2,2,2,2,2,2,2,2,2,2,2,2,2,4,4,4,4,4,4,4,4,4,4,4,4,4,4,4,4,4,4,4,4,4,4];3;true;true;2;2;128;[2];0.34375;2.9090909090909092
128;128.1681;4;44;[1,1,1,1,2,2,2,2,2,2,2,2,2,2,2,2,2,2,2,2,2,2,4,4,4,4,4,4,4,4,4,4,4,4,4,4,4,4,4,4,4,4,4,4];3;true;true;2;2;128;[2];0.34375;2.9090909090909092
128;128.1682;4;44;[1,1,1,1,2,2,2,2,2,2,2,2,2,2,2,2,2,2,2,2,2,2,4,4,4,4,4,4,4,4,4,4,4,4,4,4,4,4,4,4,4,4,4,4];3;true;true;2;2;128;[2];0.34375;2.9090909090909092
128;128.1683;4;44;[1,1,1,1,2,2,2,2,2,2,2,2,2,2,2,2,2,2,2,2,2,2,4,4,4,4,4,4,4,4,4,4,4,4,4,4,4,4,4,4,4,4,4,4];3;true;true;2;2;128;[2];0.34375;2.9090909090909092
128;128.1684;4;44;[1,1,1,1,2,2,2,2,2,2,2,2,2,2,2,2,2,2,2,2,2,2,4,4,4,4,4,4,4,4,4,4,4,4,4,4,4,4,4,4,4,4,4,4];3;true;true;2;2;128;[2];0.34375;2.9090909090909092
128;128.1685;16;56;[1,1,1,1,1,1,1,1,1,1,1,1,1,1,1,1,2,2,2,2,2,2,2,2,2,2,2,2,2,2,2,2,2,2,2,2,2,2,2,2,4,4,4,4,4,4,4,4,4,4,4,4,4,4,4,4];3;true;true;2;2;128;[2];0.4375;2.2857142857142856
128;128.1686;8;44;[1,1,1,1,1,1,1,1,2,2,2,2,2,2,2,2,2,2,2,2,4,4,4,4,4,4,4,4,4,4,4,4,4,4,4,4,4,4,4,4,4,4,4,4];3;true;true;2;2;128;[2];0.34375;2.9090909090909092
128;128.1687;8;44;[1,1,1,1,1,1,1,1,2,2,2,2,2,2,2,2,2,2,2,2,4,4,4,4,4,4,4,4,4,4,4,4,4,4,4,4,4,4,4,4,4,4,4,4];3;true;true;2;2;128;[2];0.34375;2.9090909090909092
128;128.1688;4;44;[1,1,1,1,2,2,2,2,2,2,2,2,2,2,2,2,2,2,2,2,2,2,4,4,4,4,4,4,4,4,4,4,4,4,4,4,4,4,4,4,4,4,4,4];3;true;true;2;2;128;[2];0.34375;2.9090909090909092
128;128.1689;4;44;[1,1,1,1,2,2,2,2,2,2,2,2,2,2,2,2,2,2,2,2,2,2,4,4,4,4,4,4,4,4,4,4,4,4,4,4,4,4,4,4,4,4,4,4];3;true;true;2;2;128;[2];0.34375;2.9090909090909092
128;128.1690;32;80;[1,1,1,1,1,1,1,1,1,1,1,1,1,1,1,1,1,1,1,1,1,1,1,1,1,1,1,1,1,1,1,1,2,2,2,2,2,2,2,2,2,2,2,2,2,2,2,2,2,2,2,2,2,2,2,2,2,2,2,2,2,2,2,2,2,2,2,2,2,2,2,2,2,2,2,2,2,2,2,2];2;true;true;2;2;128;[2];0.625;1.6000000000000001
128;128.1691;16;56;[1,1,1,1,1,1,1,1,1,1,1,1,1,1,1,1,2,2,2,2,2,2,2,2,2,2,2,2,2,2,2,2,2,2,2,2,2,2,2,2,4,4,4,4,4,4,4,4,4,4,4,4,4,4,4,4];3;true;true;2;2;128;[2];0.4375;2.2857142857142856
128;128.1692;16;56;[1,1,1,1,1,1,1,1,1,1,1,1,1,1,1,1,2,2,2,2,2,2,2,2,2,2,2,2,2,2,2,2,2,2,2,2,2,2,2,2,4,4,4,4,4,4,4,4,4,4,4,4,4,4,4,4];3;true;true;2;2;128;[2];0.4375;2.2857142857142856
128;128.1693;8;44;[1,1,1,1,1,1,1,1,2,2,2,2,2,2,2,2,2,2,2,2,4,4,4,4,4,4,4,4,4,4,4,4,4,4,4,4,4,4,4,4,4,4,4,4];3;true;true;2;2;128;[2];0.34375;2.9090909090909092
128;128.1694;8;50;[1,1,1,1,1,1,1,1,2,2,2,2,2,2,2,2,2,2,2,2,2,2,2,2,2,2,2,2,2,2,2,2,4,4,4,4,4,4,4,4,4,4,4,4,4,4,4,4,4,4];3;true;true;2;2;128;[2];0.390625;2.5600000000000001
128;128.1695;8;50;[1,1,1,1,1,1,1,1,2,2,2,2,2,2,2,2,2,2,2,2,2,2,2,2,2,2,2,2,2,2,2,2,4,4,4,4,4,4,4,4,4,4,4,4,4,4,4,4,4,4];3;true;true;2;2;128;[2];0.390625;2.5600000000000001
128;128.1696;32;80;[1,1,1,1,1,1,1,1,1,1,1,1,1,1,1,1,1,1,1,1,1,1,1,1,1,1,1,1,1,1,1,1,2,2,2,2,2,2,2,2,2,2,2,2,2,2,2,2,2,2,2,2,2,2,2,2,2,2,2,2,2,2,2,2,2,2,2,2,2,2,2,2,2,2,2,2,2,2,2,2];2;true;true;2;2;128;[2];0.625;1.6000000000000001
128;128.1697;16;56;[1,1,1,1,1,1,1,1,1,1,1,1,1,1,1,1,2,2,2,2,2,2,2,2,2,2,2,2,2,2,2,2,2,2,2,2,2,2,2,2,4,4,4,4,4,4,4,4,4,4,4,4,4,4,4,4];3;true;true;2;2;128;[2];0.4375;2.2857142857142856
128;128.1698;16;56;[1,1,1,1,1,1,1,1,1,1,1,1,1,1,1,1,2,2,2,2,2,2,2,2,2,2,2,2,2,2,2,2,2,2,2,2,2,2,2,2,4,4,4,4,4,4,4,4,4,4,4,4,4,4,4,4];3;true;true;2;2;128;[2];0.4375;2.2857142857142856
128;128.1699;8;44;[1,1,1,1,1,1,1,1,2,2,2,2,2,2,2,2,2,2,2,2,4,4,4,4,4,4,4,4,4,4,4,4,4,4,4,4,4,4,4,4,4,4,4,4];3;true;true;2;2;128;[2];0.34375;2.9090909090909092
128;128.1700;8;50;[1,1,1,1,1,1,1,1,2,2,2,2,2,2,2,2,2,2,2,2,2,2,2,2,2,2,2,2,2,2,2,2,4,4,4,4,4,4,4,4,4,4,4,4,4,4,4,4,4,4];3;true;true;2;2;128;[2];0.390625;2.5600000000000001
128;128.1701;8;50;[1,1,1,1,1,1,1,1,2,2,2,2,2,2,2,2,2,2,2,2,2,2,2,2,2,2,2,2,2,2,2,2,4,4,4,4,4,4,4,4,4,4,4,4,4,4,4,4,4,4];3;true;true;2;2;128;[2];0.390625;2.5600000000000001
128;128.1702;8;50;[1,1,1,1,1,1,1,1,2,2,2,2,2,2,2,2,2,2,2,2,2,2,2,2,2,2,2,2,2,2,2,2,4,4,4,4,4,4,4,4,4,4,4,4,4,4,4,4,4,4];3;true;true;2;2;128;[2];0.390625;2.5600000000000001
128;128.1703;8;50;[1,1,1,1,1,1,1,1,2,2,2,2,2,2,2,2,2,2,2,2,2,2,2,2,2,2,2,2,2,2,2,2,4,4,4,4,4,4,4,4,4,4,4,4,4,4,4,4,4,4];3;true;true;2;2;128;[2];0.390625;2.5600000000000001
128;128.1704;8;68;[1,1,1,1,1,1,1,1,2,2,2,2,2,2,2,2,2,2,2,2,2,2,2,2,2,2,2,2,2,2,2,2,2,2,2,2,2,2,2,2,2,2,2,2,2,2,2,2,2,2,2,2,2,2,2,2,2,2,2,2,2,2,2,2,2,2,2,2];2;true;true;2;2;128;[2];0.53125;1.8823529411764706
128;128.1705;8;44;[1,1,1,1,1,1,1,1,2,2,2,2,2,2,2,2,2,2,2,2,4,4,4,4,4,4,4,4,4,4,4,4,4,4,4,4,4,4,4,4,4,4,4,4];3;true;true;2;2;128;[2];0.34375;2.9090909090909092
128;128.1706;8;50;[1,1,1,1,1,1,1,1,2,2,2,2,2,2,2,2,2,2,2,2,2,2,2,2,2,2,2,2,2,2,2,2,4,4,4,4,4,4,4,4,4,4,4,4,4,4,4,4,4,4];3;true;true;2;2;128;[2];0.390625;2.5600000000000001
128;128.1707;8;44;[1,1,1,1,1,1,1,1,2,2,2,2,2,2,2,2,2,2,2,2,4,4,4,4,4,4,4,4,4,4,4,4,4,4,4,4,4,4,4,4,4,4,4,4];3;true;true;2;2;128;[2];0.34375;2.9090909090909092
128;128.1708;8;44;[1,1,1,1,1,1,1,1,2,2,2,2,2,2,2,2,2,2,2,2,4,4,4,4,4,4,4,4,4,4,4,4,4,4,4,4,4,4,4,4,4,4,4,4];3;true;true;2;2;128;[2];0.34375;2.9090909090909092
128;128.1709;8;50;[1,1,1,1,1,1,1,1,2,2,2,2,2,2,2,2,2,2,2,2,2,2,2,2,2,2,2,2,2,2,2,2,4,4,4,4,4,4,4,4,4,4,4,4,4,4,4,4,4,4];3;true;true;2;2;128;[2];0.390625;2.5600000000000001
128;128.1710;8;38;[1,1,1,1,1,1,1,1,4,4,4,4,4,4,4,4,4,4,4,4,4,4,4,4,4,4,4,4,4,4,4,4,4,4,4,4,4,4];2;true;true;2;2;128;[2];0.296875;3.3684210526315788
128;128.1711;8;50;[1,1,1,1,1,1,1,1,2,2,2,2,2,2,2,2,2,2,2,2,2,2,2,2,2,2,2,2,2,2,2,2,4,4,4,4,4,4,4,4,4,4,4,4,4,4,4,4,4,4];3;true;true;2;2;128;[2];0.390625;2.5600000000000001
128;128.1712;8;38;[1,1,1,1,1,1,1,1,4,4,4,4,4,4,4,4,4,4,4,4,4,4,4,4,4,4,4,4,4,4,4,4,4,4,4,4,4,4];2;true;true;2;2;128;[2];0.296875;3.3684210526315788
128;128.1713;8;44;[1,1,1,1,1,1,1,1,2,2,2,2,2,2,2,2,2,2,2,2,4,4,4,4,4,4,4,4,4,4,4,4,4,4,4,4,4,4,4,4,4,4,4,4];3;true;true;2;2;128;[2];0.34375;2.9090909090909092
128;128.1714;8;68;[1,1,1,1,1,1,1,1,2,2,2,2,2,2,2,2,2,2,2,2,2,2,2,2,2,2,2,2,2,2,2,2,2,2,2,2,2,2,2,2,2,2,2,2,2,2,2,2,2,2,2,2,2,2,2,2,2,2,2,2,2,2,2,2,2,2,2,2];2;true;true;2;2;128;[2];0.53125;1.8823529411764706
128;128.1715;8;44;[1,1,1,1,1,1,1,1,2,2,2,2,2,2,2,2,2,2,2,2,4,4,4,4,4,4,4,4,4,4,4,4,4,4,4,4,4,4,4,4,4,4,4,4];3;true;true;2;2;128;[2];0.34375;2.9090909090909092
128;128.1716;8;50;[1,1,1,1,1,1,1,1,2,2,2,2,2,2,2,2,2,2,2,2,2,2,2,2,2,2,2,2,2,2,2,2,4,4,4,4,4,4,4,4,4,4,4,4,4,4,4,4,4,4];3;true;true;2;2;128;[2];0.390625;2.5600000000000001
128;128.1717;8;44;[1,1,1,1,1,1,1,1,2,2,2,2,2,2,2,2,2,2,2,2,4,4,4,4,4,4,4,4,4,4,4,4,4,4,4,4,4,4,4,4,4,4,4,4];3;true;true;2;2;128;[2];0.34375;2.9090909090909092
128;128.1718;8;50;[1,1,1,1,1,1,1,1,2,2,2,2,2,2,2,2,2,2,2,2,2,2,2,2,2,2,2,2,2,2,2,2,4,4,4,4,4,4,4,4,4,4,4,4,4,4,4,4,4,4];3;true;true;2;2;128;[2];0.390625;2.5600000000000001
128;128.1719;8;38;[1,1,1,1,1,1,1,1,4,4,4,4,4,4,4,4,4,4,4,4,4,4,4,4,4,4,4,4,4,4,4,4,4,4,4,4,4,4];2;true;true;2;2;128;[2];0.296875;3.3684210526315788
128;128.1720;8;68;[1,1,1,1,1,1,1,1,2,2,2,2,2,2,2,2,2,2,2,2,2,2,2,2,2,2,2,2,2,2,2,2,2,2,2,2,2,2,2,2,2,2,2,2,2,2,2,2,2,2,2,2,2,2,2,2,2,2,2,2,2,2,2,2,2,2,2,2];2;true;true;2;2;128;[2];0.53125;1.8823529411764706
128;128.1721;8;44;[1,1,1,1,1,1,1,1,2,2,2,2,2,2,2,2,2,2,2,2,4,4,4,4,4,4,4,4,4,4,4,4,4,4,4,4,4,4,4,4,4,4,4,4];3;true;true;2;2;128;[2];0.34375;2.9090909090909092
128;128.1722;8;50;[1,1,1,1,1,1,1,1,2,2,2,2,2,2,2,2,2,2,2,2,2,2,2,2,2,2,2,2,2,2,2,2,4,4,4,4,4,4,4,4,4,4,4,4,4,4,4,4,4,4];3;true;true;2;2;128;[2];0.390625;2.5600000000000001
128;128.1723;8;50;[1,1,1,1,1,1,1,1,2,2,2,2,2,2,2,2,2,2,2,2,2,2,2,2,2,2,2,2,2,2,2,2,4,4,4,4,4,4,4,4,4,4,4,4,4,4,4,4,4,4];3;true;true;2;2;128;[2];0.390625;2.5600000000000001
128;128.1724;8;44;[1,1,1,1,1,1,1,1,2,2,2,2,2,2,2,2,2,2,2,2,4,4,4,4,4,4,4,4,4,4,4,4,4,4,4,4,4,4,4,4,4,4,4,4];3;true;true;2;2;128;[2];0.34375;2.9090909090909092
128;128.1725;8;44;[1,1,1,1,1,1,1,1,2,2,2,2,2,2,2,2,2,2,2,2,4,4,4,4,4,4,4,4,4,4,4,4,4,4,4,4,4,4,4,4,4,4,4,4];3;true;true;2;2;128;[2];0.34375;2.9090909090909092
128;128.1726;8;50;[1,1,1,1,1,1,1,1,2,2,2,2,2,2,2,2,2,2,2,2,2,2,2,2,2,2,2,2,2,2,2,2,4,4,4,4,4,4,4,4,4,4,4,4,4,4,4,4,4,4];3;true;true;2;2;128;[2];0.390625;2.5600000000000001
128;128.1727;8;38;[1,1,1,1,1,1,1,1,4,4,4,4,4,4,4,4,4,4,4,4,4,4,4,4,4,4,4,4,4,4,4,4,4,4,4,4,4,4];2;true;true;2;2;128;[2];0.296875;3.3684210526315788
128;128.1728;8;38;[1,1,1,1,1,1,1,1,2,2,2,2,2,2,2,2,4,4,4,4,4,4,4,4,4,4,4,4,4,4,4,4,4,4,8,8,8,8];4;true;true;2;2;128;[2];0.296875;3.3684210526315788
128;128.1729;8;38;[1,1,1,1,1,1,1,1,2,2,2,2,2,2,2,2,4,4,4,4,4,4,4,4,4,4,4,4,4,4,4,4,4,4,8,8,8,8];4;true;true;2;2;128;[2];0.296875;3.3684210526315788
128;128.1730;8;38;[1,1,1,1,1,1,1,1,2,2,2,2,2,2,2,2,4,4,4,4,4,4,4,4,4,4,4,4,4,4,4,4,4,4,8,8,8,8];4;true;true;2;2;128;[2];0.296875;3.3684210526315788
128;128.1731;8;38;[1,1,1,1,1,1,1,1,2,2,2,2,2,2,2,2,4,4,4,4,4,4,4,4,4,4,4,4,4,4,4,4,4,4,8,8,8,8];4;true;true;2;2;128;[2];0.296875;3.3684210526315788
128;128.1732;8;38;[1,1,1,1,1,1,1,1,2,2,2,2,2,2,2,2,4,4,4,4,4,4,4,4,4,4,4,4,4,4,4,4,4,4,8,8,8,8];4;true;true;2;2;128;[2];0.296875;3.3684210526315788
128;128.1733;8;38;[1,1,1,1,1,1,1,1,2,2,2,2,2,2,2,2,4,4,4,4,4,4,4,4,4,4,4,4,4,4,4,4,4,4,8,8,8,8];4;true;true;2;2;128;[2];0.296875;3.3684210526315788
128;128.1734;8;38;[1,1,1,1,1,1,1,1,2,2,2,2,2,2,2,2,4,4,4,4,4,4,4,4,4,4,4,4,4,4,4,4,4,4,8,8,8,8];4;true;true;2;2;128;[2];0.296875;3.3684210526315788
128;128.1735;4;32;[1,1,1,1,2,2,2,2,2,2,2,2,2,2,4,4,4,4,4,4,4,4,4,4,8,8,8,8,8,8,8,8];4;true;true;2;2;128;[2];0.25;4.
128;128.1736;4;32;[1,1,1,1,2,2,2,2,2,2,2,2,2,2,4,4,4,4,4,4,4,4,4,4,8,8,8,8,8,8,8,8];4;true;true;2;2;128;[2];0.25;4.
128;128.1737;4;32;[1,1,1,1,2,2,2,2,2,2,2,2,2,2,4,4,4,4,4,4,4,4,4,4,8,8,8,8,8,8,8,8];4;true;true;2;2;128;[2];0.25;4.
128;128.1738;4;32;[1,1,1,1,2,2,2,2,2,2,2,2,2,2,4,4,4,4,4,4,4,4,4,4,8,8,8,8,8,8,8,8];4;true;true;2;2;128;[2];0.25;4.
128;128.1739;4;32;[1,1,1,1,2,2,2,2,2,2,2,2,2,2,4,4,4,4,4,4,4,4,4,4,8,8,8,8,8,8,8,8];4;true;true;2;2;128;[2];0.25;4.
128;128.1740;4;32;[1,1,1,1,2,2,2,2,2,2,4,4,4,4,4,4,4,4,4,4,4,4,4,4,4,4,8,8,8,8,8,8];4;true;true;2;2;128;[2];0.25;4.
128;128.1741;4;32;[1,1,1,1,2,2,2,2,2,2,4,4,4,4,4,4,4,4,4,4,4,4,4,4,4,4,8,8,8,8,8,8];4;true;true;2;2;128;[2];0.25;4.
128;128.1742;4;32;[1,1,1,1,2,2,2,2,2,2,4,4,4,4,4,4,4,4,4,4,4,4,4,4,4,4,8,8,8,8,8,8];4;true;true;2;2;128;[2];0.25;4.
128;128.1743;4;32;[1,1,1,1,2,2,2,2,2,2,4,4,4,4,4,4,4,4,4,4,4,4,4,4,4,4,8,8,8,8,8,8];4;true;true;2;2;128;[2];0.25;4.
128;128.1744;4;32;[1,1,1,1,2,2,2,2,2,2,4,4,4,4,4,4,4,4,4,4,4,4,4,4,4,4,8,8,8,8,8,8];4;true;true;2;2;128;[2];0.25;4.
128;128.1745;4;32;[1,1,1,1,2,2,2,2,2,2,4,4,4,4,4,4,4,4,4,4,4,4,4,4,4,4,8,8,8,8,8,8];4;true;true;2;2;128;[2];0.25;4.
128;128.1746;4;32;[1,1,1,1,2,2,2,2,2,2,4,4,4,4,4,4,4,4,4,4,4,4,4,4,4,4,8,8,8,8,8,8];4;true;true;2;2;128;[2];0.25;4.
128;128.1747;4;32;[1,1,1,1,2,2,2,2,2,2,4,4,4,4,4,4,4,4,4,4,4,4,4,4,4,4,8,8,8,8,8,8];4;true;true;2;2;128;[2];0.25;4.
128;128.1748;4;32;[1,1,1,1,2,2,2,2,2,2,4,4,4,4,4,4,4,4,4,4,4,4,4,4,4,4,8,8,8,8,8,8];4;true;true;2;2;128;[2];0.25;4.
128;128.1749;4;32;[1,1,1,1,2,2,2,2,2,2,4,4,4,4,4,4,4,4,4,4,4,4,4,4,4,4,8,8,8,8,8,8];4;true;true;2;2;128;[2];0.25;4.
128;128.1750;4;32;[1,1,1,1,2,2,2,2,2,2,4,4,4,4,4,4,4,4,4,4,4,4,4,4,4,4,8,8,8,8,8,8];4;true;true;2;2;128;[2];0.25;4.
128;128.1751;2;29;[1,1,2,2,2,2,2,2,2,4,4,4,4,4,4,4,4,4,4,4,4,8,8,8,8,8,8,8,8];4;true;true;2;2;128;[2];0.2265625;4.4137931034482758
128;128.1752;2;29;[1,1,2,2,2,2,2,2,2,4,4,4,4,4,4,4,4,4,4,4,4,8,8,8,8,8,8,8,8];4;true;true;2;2;128;[2];0.2265625;4.4137931034482758
128;128.1753;2;29;[1,1,2,2,2,2,2,2,2,4,4,4,4,4,4,4,4,4,4,4,4,8,8,8,8,8,8,8,8];4;true;true;2;2;128;[2];0.2265625;4.4137931034482758
128;128.1754;2;29;[1,1,2,2,2,2,2,2,2,4,4,4,4,4,4,4,4,4,4,4,4,8,8,8,8,8,8,8,8];4;true;true;2;2;128;[2];0.2265625;4.4137931034482758
128;128.1755;4;32;[1,1,1,1,2,2,2,2,2,2,4,4,4,4,4,4,4,4,4,4,4,4,4,4,4,4,8,8,8,8,8,8];4;true;true;2;2;128;[2];0.25;4.
128;128.1756;4;32;[1,1,1,1,2,2,2,2,2,2,4,4,4,4,4,4,4,4,4,4,4,4,4,4,4,4,8,8,8,8,8,8];4;true;true;2;2;128;[2];0.25;4.
128;128.1757;4;32;[1,1,1,1,2,2,2,2,2,2,4,4,4,4,4,4,4,4,4,4,4,4,4,4,4,4,8,8,8,8,8,8];4;true;true;2;2;128;[2];0.25;4.
128;128.1758;2;29;[1,1,2,2,2,2,2,2,2,4,4,4,4,4,4,4,4,4,4,4,4,8,8,8,8,8,8,8,8];4;true;true;2;2;128;[2];0.2265625;4.4137931034482758
128;128.1759;2;29;[1,1,2,2,2,2,2,2,2,4,4,4,4,4,4,4,4,4,4,4,4,8,8,8,8,8,8,8,8];4;true;true;2;2;128;[2];0.2265625;4.4137931034482758
128;128.1760;2;29;[1,1,2,2,2,2,2,2,2,4,4,4,4,4,4,4,4,4,4,4,4,8,8,8,8,8,8,8,8];4;true;true;2;2;128;[2];0.2265625;4.4137931034482758
128;128.1761;8;38;[1,1,1,1,1,1,1,1,2,2,2,2,2,2,2,2,4,4,4,4,4,4,4,4,4,4,4,4,4,4,4,4,4,4,8,8,8,8];4;true;true;2;2;128;[2];0.296875;3.3684210526315788
128;128.1762;8;38;[1,1,1,1,1,1,1,1,2,2,2,2,2,2,2,2,4,4,4,4,4,4,4,4,4,4,4,4,4,4,4,4,4,4,8,8,8,8];4;true;true;2;2;128;[2];0.296875;3.3684210526315788
128;128.1763;8;38;[1,1,1,1,1,1,1,1,2,2,2,2,2,2,2,2,4,4,4,4,4,4,4,4,4,4,4,4,4,4,4,4,4,4,8,8,8,8];4;true;true;2;2;128;[2];0.296875;3.3684210526315788
128;128.1764;8;38;[1,1,1,1,1,1,1,1,2,2,2,2,2,2,2,2,4,4,4,4,4,4,4,4,4,4,4,4,4,4,4,4,4,4,8,8,8,8];4;true;true;2;2;128;[2];0.296875;3.3684210526315788
128;128.1765;8;38;[1,1,1,1,1,1,1,1,2,2,2,2,2,2,2,2,4,4,4,4,4,4,4,4,4,4,4,4,4,4,4,4,4,4,8,8,8,8];4;true;true;2;2;128;[2];0.296875;3.3684210526315788
128;128.1766;8;38;[1,1,1,1,1,1,1,1,2,2,2,2,2,2,2,2,4,4,4,4,4,4,4,4,4,4,4,4,4,4,4,4,4,4,8,8,8,8];4;true;true;2;2;128;[2];0.296875;3.3684210526315788
128;128.1767;8;38;[1,1,1,1,1,1,1,1,2,2,2,2,2,2,2,2,4,4,4,4,4,4,4,4,4,4,4,4,4,4,4,4,4,4,8,8,8,8];4;true;true;2;2;128;[2];0.296875;3.3684210526315788
128;128.1768;4;32;[1,1,1,1,2,2,2,2,2,2,2,2,2,2,4,4,4,4,4,4,4,4,4,4,8,8,8,8,8,8,8,8];4;true;true;2;2;128;[2];0.25;4.
128;128.1769;4;32;[1,1,1,1,2,2,2,2,2,2,2,2,2,2,4,4,4,4,4,4,4,4,4,4,8,8,8,8,8,8,8,8];4;true;true;2;2;128;[2];0.25;4.
128;128.1770;4;32;[1,1,1,1,2,2,2,2,2,2,2,2,2,2,4,4,4,4,4,4,4,4,4,4,8,8,8,8,8,8,8,8];4;true;true;2;2;128;[2];0.25;4.
128;128.1771;4;32;[1,1,1,1,2,2,2,2,2,2,2,2,2,2,4,4,4,4,4,4,4,4,4,4,8,8,8,8,8,8,8,8];4;true;true;2;2;128;[2];0.25;4.
128;128.1772;4;32;[1,1,1,1,2,2,2,2,2,2,2,2,2,2,4,4,4,4,4,4,4,4,4,4,8,8,8,8,8,8,8,8];4;true;true;2;2;128;[2];0.25;4.
128;128.1773;4;32;[1,1,1,1,2,2,2,2,2,2,4,4,4,4,4,4,4,4,4,4,4,4,4,4,4,4,8,8,8,8,8,8];4;true;true;2;2;128;[2];0.25;4.
128;128.1774;4;32;[1,1,1,1,2,2,2,2,2,2,4,4,4,4,4,4,4,4,4,4,4,4,4,4,4,4,8,8,8,8,8,8];4;true;true;2;2;128;[2];0.25;4.
128;128.1775;4;32;[1,1,1,1,2,2,2,2,2,2,4,4,4,4,4,4,4,4,4,4,4,4,4,4,4,4,8,8,8,8,8,8];4;true;true;2;2;128;[2];0.25;4.
128;128.1776;4;32;[1,1,1,1,2,2,2,2,2,2,4,4,4,4,4,4,4,4,4,4,4,4,4,4,4,4,8,8,8,8,8,8];4;true;true;2;2;128;[2];0.25;4.
128;128.1777;4;32;[1,1,1,1,2,2,2,2,2,2,4,4,4,4,4,4,4,4,4,4,4,4,4,4,4,4,8,8,8,8,8,8];4;true;true;2;2;128;[2];0.25;4.
128;128.1778;4;32;[1,1,1,1,2,2,2,2,2,2,4,4,4,4,4,4,4,4,4,4,4,4,4,4,4,4,8,8,8,8,8,8];4;true;true;2;2;128;[2];0.25;4.
128;128.1779;8;44;[1,1,1,1,1,1,1,1,2,2,2,2,2,2,2,2,2,2,2,2,2,2,2,2,2,2,2,2,2,2,2,2,2,2,2,2,8,8,8,8,8,8,8,8];3;true;true;2;2;128;[2];0.34375;2.9090909090909092
128;128.1780;8;44;[1,1,1,1,1,1,1,1,2,2,2,2,2,2,2,2,2,2,2,2,2,2,2,2,2,2,2,2,2,2,2,2,2,2,2,2,8,8,8,8,8,8,8,8];3;true;true;2;2;128;[2];0.34375;2.9090909090909092
128;128.1781;8;44;[1,1,1,1,1,1,1,1,2,2,2,2,2,2,2,2,2,2,2,2,2,2,2,2,2,2,2,2,2,2,2,2,2,2,2,2,8,8,8,8,8,8,8,8];3;true;true;2;2;128;[2];0.34375;2.9090909090909092
128;128.1782;8;44;[1,1,1,1,1,1,1,1,2,2,2,2,2,2,2,2,2,2,2,2,2,2,2,2,2,2,2,2,2,2,2,2,2,2,2,2,8,8,8,8,8,8,8,8];3;true;true;2;2;128;[2];0.34375;2.9090909090909092
128;128.1783;8;32;[1,1,1,1,1,1,1,1,2,2,2,2,4,4,4,4,4,4,4,4,4,4,4,4,8,8,8,8,8,8,8,8];4;true;true;2;2;128;[2];0.25;4.
128;128.1784;8;32;[1,1,1,1,1,1,1,1,2,2,2,2,4,4,4,4,4,4,4,4,4,4,4,4,8,8,8,8,8,8,8,8];4;true;true;2;2;128;[2];0.25;4.
128;128.1785;8;32;[1,1,1,1,1,1,1,1,2,2,2,2,4,4,4,4,4,4,4,4,4,4,4,4,8,8,8,8,8,8,8,8];4;true;true;2;2;128;[2];0.25;4.
128;128.1786;8;32;[1,1,1,1,1,1,1,1,2,2,2,2,4,4,4,4,4,4,4,4,4,4,4,4,8,8,8,8,8,8,8,8];4;true;true;2;2;128;[2];0.25;4.
128;128.1787;4;32;[1,1,1,1,2,2,2,2,2,2,2,2,2,2,4,4,4,4,4,4,4,4,4,4,8,8,8,8,8,8,8,8];4;true;true;2;2;128;[2];0.25;4.
128;128.1788;4;32;[1,1,1,1,2,2,2,2,2,2,2,2,2,2,4,4,4,4,4,4,4,4,4,4,8,8,8,8,8,8,8,8];4;true;true;2;2;128;[2];0.25;4.
128;128.1789;4;32;[1,1,1,1,2,2,2,2,2,2,2,2,2,2,4,4,4,4,4,4,4,4,4,4,8,8,8,8,8,8,8,8];4;true;true;2;2;128;[2];0.25;4.
128;128.1790;4;32;[1,1,1,1,2,2,2,2,2,2,2,2,2,2,4,4,4,4,4,4,4,4,4,4,8,8,8,8,8,8,8,8];4;true;true;2;2;128;[2];0.25;4.
128;128.1791;4;32;[1,1,1,1,2,2,2,2,2,2,2,2,2,2,4,4,4,4,4,4,4,4,4,4,8,8,8,8,8,8,8,8];4;true;true;2;2;128;[2];0.25;4.
128;128.1792;4;32;[1,1,1,1,2,2,2,2,2,2,2,2,2,2,4,4,4,4,4,4,4,4,4,4,8,8,8,8,8,8,8,8];4;true;true;2;2;128;[2];0.25;4.
128;128.1793;4;32;[1,1,1,1,2,2,2,2,2,2,2,2,2,2,4,4,4,4,4,4,4,4,4,4,8,8,8,8,8,8,8,8];4;true;true;2;2;128;[2];0.25;4.
128;128.1794;4;32;[1,1,1,1,2,2,2,2,2,2,2,2,2,2,4,4,4,4,4,4,4,4,4,4,8,8,8,8,8,8,8,8];4;true;true;2;2;128;[2];0.25;4.
128;128.1795;4;32;[1,1,1,1,2,2,2,2,2,2,2,2,2,2,4,4,4,4,4,4,4,4,4,4,8,8,8,8,8,8,8,8];4;true;true;2;2;128;[2];0.25;4.
128;128.1796;4;32;[1,1,1,1,2,2,2,2,2,2,2,2,2,2,4,4,4,4,4,4,4,4,4,4,8,8,8,8,8,8,8,8];4;true;true;2;2;128;[2];0.25;4.
128;128.1797;4;32;[1,1,1,1,2,2,2,2,2,2,2,2,2,2,4,4,4,4,4,4,4,4,4,4,8,8,8,8,8,8,8,8];4;true;true;2;2;128;[2];0.25;4.
128;128.1798;4;32;[1,1,1,1,2,2,2,2,2,2,2,2,2,2,4,4,4,4,4,4,4,4,4,4,8,8,8,8,8,8,8,8];4;true;true;2;2;128;[2];0.25;4.
128;128.1799;4;32;[1,1,1,1,2,2,2,2,2,2,2,2,2,2,4,4,4,4,4,4,4,4,4,4,8,8,8,8,8,8,8,8];4;true;true;2;2;128;[2];0.25;4.
128;128.1800;2;29;[1,1,2,2,2,2,2,2,2,4,4,4,4,4,4,4,4,4,4,4,4,8,8,8,8,8,8,8,8];4;true;true;2;2;128;[2];0.2265625;4.4137931034482758
128;128.1801;2;29;[1,1,2,2,2,2,2,2,2,4,4,4,4,4,4,4,4,4,4,4,4,8,8,8,8,8,8,8,8];4;true;true;2;2;128;[2];0.2265625;4.4137931034482758
128;128.1802;8;38;[1,1,1,1,1,1,1,1,2,2,2,2,2,2,2,2,4,4,4,4,4,4,4,4,4,4,4,4,4,4,4,4,4,4,8,8,8,8];4;true;true;2;2;128;[2];0.296875;3.3684210526315788
128;128.1803;8;38;[1,1,1,1,1,1,1,1,2,2,2,2,2,2,2,2,4,4,4,4,4,4,4,4,4,4,4,4,4,4,4,4,4,4,8,8,8,8];4;true;true;2;2;128;[2];0.296875;3.3684210526315788
128;128.1804;8;38;[1,1,1,1,1,1,1,1,2,2,2,2,2,2,2,2,4,4,4,4,4,4,4,4,4,4,4,4,4,4,4,4,4,4,8,8,8,8];4;true;true;2;2;128;[2];0.296875;3.3684210526315788
128;128.1805;8;38;[1,1,1,1,1,1,1,1,2,2,2,2,2,2,2,2,4,4,4,4,4,4,4,4,4,4,4,4,4,4,4,4,4,4,8,8,8,8];4;true;true;2;2;128;[2];0.296875;3.3684210526315788
128;128.1806;8;38;[1,1,1,1,1,1,1,1,2,2,2,2,2,2,2,2,4,4,4,4,4,4,4,4,4,4,4,4,4,4,4,4,4,4,8,8,8,8];4;true;true;2;2;128;[2];0.296875;3.3684210526315788
128;128.1807;8;38;[1,1,1,1,1,1,1,1,2,2,2,2,2,2,2,2,4,4,4,4,4,4,4,4,4,4,4,4,4,4,4,4,4,4,8,8,8,8];4;true;true;2;2;128;[2];0.296875;3.3684210526315788
128;128.1808;8;38;[1,1,1,1,1,1,1,1,2,2,2,2,2,2,2,2,4,4,4,4,4,4,4,4,4,4,4,4,4,4,4,4,4,4,8,8,8,8];4;true;true;2;2;128;[2];0.296875;3.3684210526315788
128;128.1809;4;32;[1,1,1,1,2,2,2,2,2,2,2,2,2,2,4,4,4,4,4,4,4,4,4,4,8,8,8,8,8,8,8,8];4;true;true;2;2;128;[2];0.25;4.
128;128.1810;4;32;[1,1,1,1,2,2,2,2,2,2,2,2,2,2,4,4,4,4,4,4,4,4,4,4,8,8,8,8,8,8,8,8];4;true;true;2;2;128;[2];0.25;4.
128;128.1811;4;32;[1,1,1,1,2,2,2,2,2,2,2,2,2,2,4,4,4,4,4,4,4,4,4,4,8,8,8,8,8,8,8,8];4;true;true;2;2;128;[2];0.25;4.
128;128.1812;4;32;[1,1,1,1,2,2,2,2,2,2,2,2,2,2,4,4,4,4,4,4,4,4,4,4,8,8,8,8,8,8,8,8];4;true;true;2;2;128;[2];0.25;4.
128;128.1813;4;32;[1,1,1,1,2,2,2,2,2,2,4,4,4,4,4,4,4,4,4,4,4,4,4,4,4,4,8,8,8,8,8,8];4;true;true;2;2;128;[2];0.25;4.
128;128.1814;4;32;[1,1,1,1,2,2,2,2,2,2,4,4,4,4,4,4,4,4,4,4,4,4,4,4,4,4,8,8,8,8,8,8];4;true;true;2;2;128;[2];0.25;4.
128;128.1815;4;32;[1,1,1,1,2,2,2,2,2,2,4,4,4,4,4,4,4,4,4,4,4,4,4,4,4,4,8,8,8,8,8,8];4;true;true;2;2;128;[2];0.25;4.
128;128.1816;4;32;[1,1,1,1,2,2,2,2,2,2,4,4,4,4,4,4,4,4,4,4,4,4,4,4,4,4,8,8,8,8,8,8];4;true;true;2;2;128;[2];0.25;4.
128;128.1817;8;38;[1,1,1,1,1,1,1,1,2,2,2,2,2,2,2,2,4,4,4,4,4,4,4,4,4,4,4,4,4,4,4,4,4,4,8,8,8,8];4;true;true;2;2;128;[2];0.296875;3.3684210526315788
128;128.1818;8;38;[1,1,1,1,1,1,1,1,2,2,2,2,2,2,2,2,4,4,4,4,4,4,4,4,4,4,4,4,4,4,4,4,4,4,8,8,8,8];4;true;true;2;2;128;[2];0.296875;3.3684210526315788
128;128.1819;8;38;[1,1,1,1,1,1,1,1,2,2,2,2,2,2,2,2,4,4,4,4,4,4,4,4,4,4,4,4,4,4,4,4,4,4,8,8,8,8];4;true;true;2;2;128;[2];0.296875;3.3684210526315788
128;128.1820;8;38;[1,1,1,1,1,1,1,1,2,2,2,2,2,2,2,2,4,4,4,4,4,4,4,4,4,4,4,4,4,4,4,4,4,4,8,8,8,8];4;true;true;2;2;128;[2];0.296875;3.3684210526315788
128;128.1821;8;38;[1,1,1,1,1,1,1,1,2,2,2,2,2,2,2,2,4,4,4,4,4,4,4,4,4,4,4,4,4,4,4,4,4,4,8,8,8,8];4;true;true;2;2;128;[2];0.296875;3.3684210526315788
128;128.1822;8;38;[1,1,1,1,1,1,1,1,2,2,2,2,2,2,2,2,4,4,4,4,4,4,4,4,4,4,4,4,4,4,4,4,4,4,8,8,8,8];4;true;true;2;2;128;[2];0.296875;3.3684210526315788
128;128.1823;8;38;[1,1,1,1,1,1,1,1,2,2,2,2,2,2,2,2,4,4,4,4,4,4,4,4,4,4,4,4,4,4,4,4,4,4,8,8,8,8];4;true;true;2;2;128;[2];0.296875;3.3684210526315788
128;128.1824;4;32;[1,1,1,1,2,2,2,2,2,2,2,2,2,2,4,4,4,4,4,4,4,4,4,4,8,8,8,8,8,8,8,8];4;true;true;2;2;128;[2];0.25;4.
128;128.1825;4;32;[1,1,1,1,2,2,2,2,2,2,2,2,2,2,4,4,4,4,4,4,4,4,4,4,8,8,8,8,8,8,8,8];4;true;true;2;2;128;[2];0.25;4.
128;128.1826;4;32;[1,1,1,1,2,2,2,2,2,2,2,2,2,2,4,4,4,4,4,4,4,4,4,4,8,8,8,8,8,8,8,8];4;true;true;2;2;128;[2];0.25;4.
128;128.1827;4;32;[1,1,1,1,2,2,2,2,2,2,2,2,2,2,4,4,4,4,4,4,4,4,4,4,8,8,8,8,8,8,8,8];4;true;true;2;2;128;[2];0.25;4.
128;128.1828;4;32;[1,1,1,1,2,2,2,2,2,2,4,4,4,4,4,4,4,4,4,4,4,4,4,4,4,4,8,8,8,8,8,8];4;true;true;2;2;128;[2];0.25;4.
128;128.1829;4;32;[1,1,1,1,2,2,2,2,2,2,4,4,4,4,4,4,4,4,4,4,4,4,4,4,4,4,8,8,8,8,8,8];4;true;true;2;2;128;[2];0.25;4.
128;128.1830;4;32;[1,1,1,1,2,2,2,2,2,2,4,4,4,4,4,4,4,4,4,4,4,4,4,4,4,4,8,8,8,8,8,8];4;true;true;2;2;128;[2];0.25;4.
128;128.1831;4;32;[1,1,1,1,2,2,2,2,2,2,4,4,4,4,4,4,4,4,4,4,4,4,4,4,4,4,8,8,8,8,8,8];4;true;true;2;2;128;[2];0.25;4.
128;128.1832;8;38;[1,1,1,1,1,1,1,1,2,2,2,2,2,2,2,2,4,4,4,4,4,4,4,4,4,4,4,4,4,4,4,4,4,4,8,8,8,8];4;true;true;2;2;128;[2];0.296875;3.3684210526315788
128;128.1833;8;38;[1,1,1,1,1,1,1,1,2,2,2,2,2,2,2,2,4,4,4,4,4,4,4,4,4,4,4,4,4,4,4,4,4,4,8,8,8,8];4;true;true;2;2;128;[2];0.296875;3.3684210526315788
128;128.1834;8;38;[1,1,1,1,1,1,1,1,2,2,2,2,2,2,2,2,4,4,4,4,4,4,4,4,4,4,4,4,4,4,4,4,4,4,8,8,8,8];4;true;true;2;2;128;[2];0.296875;3.3684210526315788
128;128.1835;8;38;[1,1,1,1,1,1,1,1,2,2,2,2,2,2,2,2,4,4,4,4,4,4,4,4,4,4,4,4,4,4,4,4,4,4,8,8,8,8];4;true;true;2;2;128;[2];0.296875;3.3684210526315788
128;128.1836;8;38;[1,1,1,1,1,1,1,1,2,2,2,2,2,2,2,2,4,4,4,4,4,4,4,4,4,4,4,4,4,4,4,4,4,4,8,8,8,8];4;true;true;2;2;128;[2];0.296875;3.3684210526315788
128;128.1837;8;38;[1,1,1,1,1,1,1,1,2,2,2,2,2,2,2,2,4,4,4,4,4,4,4,4,4,4,4,4,4,4,4,4,4,4,8,8,8,8];4;true;true;2;2;128;[2];0.296875;3.3684210526315788
128;128.1838;8;38;[1,1,1,1,1,1,1,1,2,2,2,2,2,2,2,2,4,4,4,4,4,4,4,4,4,4,4,4,4,4,4,4,4,4,8,8,8,8];4;true;true;2;2;128;[2];0.296875;3.3684210526315788
128;128.1839;8;38;[1,1,1,1,1,1,1,1,2,2,2,2,2,2,2,2,4,4,4,4,4,4,4,4,4,4,4,4,4,4,4,4,4,4,8,8,8,8];4;true;true;2;2;128;[2];0.296875;3.3684210526315788
128;128.1840;8;38;[1,1,1,1,1,1,1,1,2,2,2,2,2,2,2,2,4,4,4,4,4,4,4,4,4,4,4,4,4,4,4,4,4,4,8,8,8,8];4;true;true;2;2;128;[2];0.296875;3.3684210526315788
128;128.1841;4;32;[1,1,1,1,2,2,2,2,2,2,2,2,2,2,4,4,4,4,4,4,4,4,4,4,8,8,8,8,8,8,8,8];4;true;true;2;2;128;[2];0.25;4.
128;128.1842;4;32;[1,1,1,1,2,2,2,2,2,2,2,2,2,2,4,4,4,4,4,4,4,4,4,4,8,8,8,8,8,8,8,8];4;true;true;2;2;128;[2];0.25;4.
128;128.1843;4;32;[1,1,1,1,2,2,2,2,2,2,2,2,2,2,4,4,4,4,4,4,4,4,4,4,8,8,8,8,8,8,8,8];4;true;true;2;2;128;[2];0.25;4.
128;128.1844;4;32;[1,1,1,1,2,2,2,2,2,2,2,2,2,2,4,4,4,4,4,4,4,4,4,4,8,8,8,8,8,8,8,8];4;true;true;2;2;128;[2];0.25;4.
128;128.1845;4;32;[1,1,1,1,2,2,2,2,2,2,2,2,2,2,4,4,4,4,4,4,4,4,4,4,8,8,8,8,8,8,8,8];4;true;true;2;2;128;[2];0.25;4.
128;128.1846;4;32;[1,1,1,1,2,2,2,2,2,2,2,2,2,2,4,4,4,4,4,4,4,4,4,4,8,8,8,8,8,8,8,8];4;true;true;2;2;128;[2];0.25;4.
128;128.1847;4;32;[1,1,1,1,2,2,2,2,2,2,2,2,2,2,4,4,4,4,4,4,4,4,4,4,8,8,8,8,8,8,8,8];4;true;true;2;2;128;[2];0.25;4.
128;128.1848;4;32;[1,1,1,1,2,2,2,2,2,2,2,2,2,2,4,4,4,4,4,4,4,4,4,4,8,8,8,8,8,8,8,8];4;true;true;2;2;128;[2];0.25;4.
128;128.1849;4;32;[1,1,1,1,2,2,2,2,2,2,2,2,2,2,4,4,4,4,4,4,4,4,4,4,8,8,8,8,8,8,8,8];4;true;true;2;2;128;[2];0.25;4.
128;128.1850;4;32;[1,1,1,1,2,2,2,2,2,2,4,4,4,4,4,4,4,4,4,4,4,4,4,4,4,4,8,8,8,8,8,8];4;true;true;2;2;128;[2];0.25;4.
128;128.1851;4;32;[1,1,1,1,2,2,2,2,2,2,4,4,4,4,4,4,4,4,4,4,4,4,4,4,4,4,8,8,8,8,8,8];4;true;true;2;2;128;[2];0.25;4.
128;128.1852;4;32;[1,1,1,1,2,2,2,2,2,2,4,4,4,4,4,4,4,4,4,4,4,4,4,4,4,4,8,8,8,8,8,8];4;true;true;2;2;128;[2];0.25;4.
128;128.1853;4;32;[1,1,1,1,2,2,2,2,2,2,4,4,4,4,4,4,4,4,4,4,4,4,4,4,4,4,8,8,8,8,8,8];4;true;true;2;2;128;[2];0.25;4.
128;128.1854;4;32;[1,1,1,1,2,2,2,2,2,2,4,4,4,4,4,4,4,4,4,4,4,4,4,4,4,4,8,8,8,8,8,8];4;true;true;2;2;128;[2];0.25;4.
128;128.1855;4;32;[1,1,1,1,2,2,2,2,2,2,4,4,4,4,4,4,4,4,4,4,4,4,4,4,4,4,8,8,8,8,8,8];4;true;true;2;2;128;[2];0.25;4.
128;128.1856;4;32;[1,1,1,1,2,2,2,2,2,2,4,4,4,4,4,4,4,4,4,4,4,4,4,4,4,4,8,8,8,8,8,8];4;true;true;2;2;128;[2];0.25;4.
128;128.1857;4;32;[1,1,1,1,2,2,2,2,2,2,4,4,4,4,4,4,4,4,4,4,4,4,4,4,4,4,8,8,8,8,8,8];4;true;true;2;2;128;[2];0.25;4.
128;128.1858;4;32;[1,1,1,1,2,2,2,2,2,2,4,4,4,4,4,4,4,4,4,4,4,4,4,4,4,4,8,8,8,8,8,8];4;true;true;2;2;128;[2];0.25;4.
128;128.1859;4;32;[1,1,1,1,2,2,2,2,2,2,4,4,4,4,4,4,4,4,4,4,4,4,4,4,4,4,8,8,8,8,8,8];4;true;true;2;2;128;[2];0.25;4.
128;128.1860;8;44;[1,1,1,1,1,1,1,1,2,2,2,2,2,2,2,2,2,2,2,2,2,2,2,2,2,2,2,2,2,2,2,2,2,2,2,2,8,8,8,8,8,8,8,8];3;true;true;2;2;128;[2];0.34375;2.9090909090909092
128;128.1861;8;44;[1,1,1,1,1,1,1,1,2,2,2,2,2,2,2,2,2,2,2,2,2,2,2,2,2,2,2,2,2,2,2,2,2,2,2,2,8,8,8,8,8,8,8,8];3;true;true;2;2;128;[2];0.34375;2.9090909090909092
128;128.1862;8;44;[1,1,1,1,1,1,1,1,2,2,2,2,2,2,2,2,2,2,2,2,2,2,2,2,2,2,2,2,2,2,2,2,2,2,2,2,8,8,8,8,8,8,8,8];3;true;true;2;2;128;[2];0.34375;2.9090909090909092
128;128.1863;8;44;[1,1,1,1,1,1,1,1,2,2,2,2,2,2,2,2,2,2,2,2,2,2,2,2,2,2,2,2,2,2,2,2,2,2,2,2,8,8,8,8,8,8,8,8];3;true;true;2;2;128;[2];0.34375;2.9090909090909092
128;128.1864;8;32;[1,1,1,1,1,1,1,1,2,2,2,2,4,4,4,4,4,4,4,4,4,4,4,4,8,8,8,8,8,8,8,8];4;true;true;2;2;128;[2];0.25;4.
128;128.1865;8;32;[1,1,1,1,1,1,1,1,2,2,2,2,4,4,4,4,4,4,4,4,4,4,4,4,8,8,8,8,8,8,8,8];4;true;true;2;2;128;[2];0.25;4.
128;128.1866;8;32;[1,1,1,1,1,1,1,1,2,2,2,2,4,4,4,4,4,4,4,4,4,4,4,4,8,8,8,8,8,8,8,8];4;true;true;2;2;128;[2];0.25;4.
128;128.1867;8;32;[1,1,1,1,1,1,1,1,2,2,2,2,4,4,4,4,4,4,4,4,4,4,4,4,8,8,8,8,8,8,8,8];4;true;true;2;2;128;[2];0.25;4.
128;128.1868;4;32;[1,1,1,1,2,2,2,2,2,2,2,2,2,2,4,4,4,4,4,4,4,4,4,4,8,8,8,8,8,8,8,8];4;true;true;2;2;128;[2];0.25;4.
128;128.1869;4;32;[1,1,1,1,2,2,2,2,2,2,2,2,2,2,4,4,4,4,4,4,4,4,4,4,8,8,8,8,8,8,8,8];4;true;true;2;2;128;[2];0.25;4.
128;128.1870;4;32;[1,1,1,1,2,2,2,2,2,2,2,2,2,2,4,4,4,4,4,4,4,4,4,4,8,8,8,8,8,8,8,8];4;true;true;2;2;128;[2];0.25;4.
128;128.1871;4;32;[1,1,1,1,2,2,2,2,2,2,2,2,2,2,4,4,4,4,4,4,4,4,4,4,8,8,8,8,8,8,8,8];4;true;true;2;2;128;[2];0.25;4.
128;128.1872;4;32;[1,1,1,1,2,2,2,2,2,2,2,2,2,2,4,4,4,4,4,4,4,4,4,4,8,8,8,8,8,8,8,8];4;true;true;2;2;128;[2];0.25;4.
128;128.1873;4;32;[1,1,1,1,2,2,2,2,2,2,2,2,2,2,4,4,4,4,4,4,4,4,4,4,8,8,8,8,8,8,8,8];4;true;true;2;2;128;[2];0.25;4.
128;128.1874;4;32;[1,1,1,1,2,2,2,2,2,2,2,2,2,2,4,4,4,4,4,4,4,4,4,4,8,8,8,8,8,8,8,8];4;true;true;2;2;128;[2];0.25;4.
128;128.1875;8;44;[1,1,1,1,1,1,1,1,2,2,2,2,2,2,2,2,2,2,2,2,2,2,2,2,2,2,2,2,2,2,2,2,2,2,2,2,8,8,8,8,8,8,8,8];3;true;true;2;2;128;[2];0.34375;2.9090909090909092
128;128.1876;8;44;[1,1,1,1,1,1,1,1,2,2,2,2,2,2,2,2,2,2,2,2,2,2,2,2,2,2,2,2,2,2,2,2,2,2,2,2,8,8,8,8,8,8,8,8];3;true;true;2;2;128;[2];0.34375;2.9090909090909092
128;128.1877;8;44;[1,1,1,1,1,1,1,1,2,2,2,2,2,2,2,2,2,2,2,2,2,2,2,2,2,2,2,2,2,2,2,2,2,2,2,2,8,8,8,8,8,8,8,8];3;true;true;2;2;128;[2];0.34375;2.9090909090909092
128;128.1878;8;44;[1,1,1,1,1,1,1,1,2,2,2,2,2,2,2,2,2,2,2,2,2,2,2,2,2,2,2,2,2,2,2,2,2,2,2,2,8,8,8,8,8,8,8,8];3;true;true;2;2;128;[2];0.34375;2.9090909090909092
128;128.1879;8;44;[1,1,1,1,1,1,1,1,2,2,2,2,2,2,2,2,2,2,2,2,2,2,2,2,2,2,2,2,2,2,2,2,2,2,2,2,8,8,8,8,8,8,8,8];3;true;true;2;2;128;[2];0.34375;2.9090909090909092
128;128.1880;8;32;[1,1,1,1,1,1,1,1,2,2,2,2,4,4,4,4,4,4,4,4,4,4,4,4,8,8,8,8,8,8,8,8];4;true;true;2;2;128;[2];0.25;4.
128;128.1881;8;32;[1,1,1,1,1,1,1,1,2,2,2,2,4,4,4,4,4,4,4,4,4,4,4,4,8,8,8,8,8,8,8,8];4;true;true;2;2;128;[2];0.25;4.
128;128.1882;8;32;[1,1,1,1,1,1,1,1,2,2,2,2,4,4,4,4,4,4,4,4,4,4,4,4,8,8,8,8,8,8,8,8];4;true;true;2;2;128;[2];0.25;4.
128;128.1883;4;32;[1,1,1,1,2,2,2,2,2,2,2,2,2,2,4,4,4,4,4,4,4,4,4,4,8,8,8,8,8,8,8,8];4;true;true;2;2;128;[2];0.25;4.
128;128.1884;4;32;[1,1,1,1,2,2,2,2,2,2,2,2,2,2,4,4,4,4,4,4,4,4,4,4,8,8,8,8,8,8,8,8];4;true;true;2;2;128;[2];0.25;4.
128;128.1885;4;32;[1,1,1,1,2,2,2,2,2,2,2,2,2,2,4,4,4,4,4,4,4,4,4,4,8,8,8,8,8,8,8,8];4;true;true;2;2;128;[2];0.25;4.
128;128.1886;4;32;[1,1,1,1,2,2,2,2,2,2,2,2,2,2,4,4,4,4,4,4,4,4,4,4,8,8,8,8,8,8,8,8];4;true;true;2;2;128;[2];0.25;4.
128;128.1887;4;32;[1,1,1,1,2,2,2,2,2,2,2,2,2,2,4,4,4,4,4,4,4,4,4,4,8,8,8,8,8,8,8,8];4;true;true;2;2;128;[2];0.25;4.
128;128.1888;4;32;[1,1,1,1,2,2,2,2,2,2,2,2,2,2,4,4,4,4,4,4,4,4,4,4,8,8,8,8,8,8,8,8];4;true;true;2;2;128;[2];0.25;4.
128;128.1889;8;44;[1,1,1,1,1,1,1,1,2,2,2,2,2,2,2,2,2,2,2,2,2,2,2,2,2,2,2,2,2,2,2,2,2,2,2,2,8,8,8,8,8,8,8,8];3;true;true;2;2;128;[2];0.34375;2.9090909090909092
128;128.1890;8;44;[1,1,1,1,1,1,1,1,2,2,2,2,2,2,2,2,2,2,2,2,2,2,2,2,2,2,2,2,2,2,2,2,2,2,2,2,8,8,8,8,8,8,8,8];3;true;true;2;2;128;[2];0.34375;2.9090909090909092
128;128.1891;8;44;[1,1,1,1,1,1,1,1,2,2,2,2,2,2,2,2,2,2,2,2,2,2,2,2,2,2,2,2,2,2,2,2,2,2,2,2,8,8,8,8,8,8,8,8];3;true;true;2;2;128;[2];0.34375;2.9090909090909092
128;128.1892;8;44;[1,1,1,1,1,1,1,1,2,2,2,2,2,2,2,2,2,2,2,2,2,2,2,2,2,2,2,2,2,2,2,2,2,2,2,2,8,8,8,8,8,8,8,8];3;true;true;2;2;128;[2];0.34375;2.9090909090909092
128;128.1893;8;32;[1,1,1,1,1,1,1,1,2,2,2,2,4,4,4,4,4,4,4,4,4,4,4,4,8,8,8,8,8,8,8,8];4;true;true;2;2;128;[2];0.25;4.
128;128.1894;8;32;[1,1,1,1,1,1,1,1,2,2,2,2,4,4,4,4,4,4,4,4,4,4,4,4,8,8,8,8,8,8,8,8];4;true;true;2;2;128;[2];0.25;4.
128;128.1895;4;32;[1,1,1,1,2,2,2,2,2,2,2,2,2,2,4,4,4,4,4,4,4,4,4,4,8,8,8,8,8,8,8,8];4;true;true;2;2;128;[2];0.25;4.
128;128.1896;4;32;[1,1,1,1,2,2,2,2,2,2,2,2,2,2,4,4,4,4,4,4,4,4,4,4,8,8,8,8,8,8,8,8];4;true;true;2;2;128;[2];0.25;4.
128;128.1897;4;32;[1,1,1,1,2,2,2,2,2,2,2,2,2,2,4,4,4,4,4,4,4,4,4,4,8,8,8,8,8,8,8,8];4;true;true;2;2;128;[2];0.25;4.
128;128.1898;4;32;[1,1,1,1,2,2,2,2,2,2,2,2,2,2,4,4,4,4,4,4,4,4,4,4,8,8,8,8,8,8,8,8];4;true;true;2;2;128;[2];0.25;4.
128;128.1899;8;44;[1,1,1,1,1,1,1,1,2,2,2,2,2,2,2,2,2,2,2,2,2,2,2,2,2,2,2,2,2,2,2,2,2,2,2,2,8,8,8,8,8,8,8,8];3;true;true;2;2;128;[2];0.34375;2.9090909090909092
128;128.1900;8;44;[1,1,1,1,1,1,1,1,2,2,2,2,2,2,2,2,2,2,2,2,2,2,2,2,2,2,2,2,2,2,2,2,2,2,2,2,8,8,8,8,8,8,8,8];3;true;true;2;2;128;[2];0.34375;2.9090909090909092
128;128.1901;8;44;[1,1,1,1,1,1,1,1,2,2,2,2,2,2,2,2,2,2,2,2,2,2,2,2,2,2,2,2,2,2,2,2,2,2,2,2,8,8,8,8,8,8,8,8];3;true;true;2;2;128;[2];0.34375;2.9090909090909092
128;128.1902;8;44;[1,1,1,1,1,1,1,1,2,2,2,2,2,2,2,2,2,2,2,2,2,2,2,2,2,2,2,2,2,2,2,2,2,2,2,2,8,8,8,8,8,8,8,8];3;true;true;2;2;128;[2];0.34375;2.9090909090909092
128;128.1903;8;32;[1,1,1,1,1,1,1,1,2,2,2,2,4,4,4,4,4,4,4,4,4,4,4,4,8,8,8,8,8,8,8,8];4;true;true;2;2;128;[2];0.25;4.
128;128.1904;8;32;[1,1,1,1,1,1,1,1,2,2,2,2,4,4,4,4,4,4,4,4,4,4,4,4,8,8,8,8,8,8,8,8];4;true;true;2;2;128;[2];0.25;4.
128;128.1905;4;32;[1,1,1,1,2,2,2,2,2,2,2,2,2,2,4,4,4,4,4,4,4,4,4,4,8,8,8,8,8,8,8,8];4;true;true;2;2;128;[2];0.25;4.
128;128.1906;4;32;[1,1,1,1,2,2,2,2,2,2,2,2,2,2,4,4,4,4,4,4,4,4,4,4,8,8,8,8,8,8,8,8];4;true;true;2;2;128;[2];0.25;4.
128;128.1907;4;32;[1,1,1,1,2,2,2,2,2,2,2,2,2,2,4,4,4,4,4,4,4,4,4,4,8,8,8,8,8,8,8,8];4;true;true;2;2;128;[2];0.25;4.
128;128.1908;4;32;[1,1,1,1,2,2,2,2,2,2,2,2,2,2,4,4,4,4,4,4,4,4,4,4,8,8,8,8,8,8,8,8];4;true;true;2;2;128;[2];0.25;4.
128;128.1909;4;32;[1,1,1,1,2,2,2,2,2,2,2,2,2,2,4,4,4,4,4,4,4,4,4,4,8,8,8,8,8,8,8,8];4;true;true;2;2;128;[2];0.25;4.
128;128.1910;4;32;[1,1,1,1,2,2,2,2,2,2,2,2,2,2,4,4,4,4,4,4,4,4,4,4,8,8,8,8,8,8,8,8];4;true;true;2;2;128;[2];0.25;4.
128;128.1911;4;32;[1,1,1,1,2,2,2,2,2,2,2,2,2,2,4,4,4,4,4,4,4,4,4,4,8,8,8,8,8,8,8,8];4;true;true;2;2;128;[2];0.25;4.
128;128.1912;4;32;[1,1,1,1,2,2,2,2,2,2,2,2,2,2,4,4,4,4,4,4,4,4,4,4,8,8,8,8,8,8,8,8];4;true;true;2;2;128;[2];0.25;4.
128;128.1913;4;32;[1,1,1,1,2,2,2,2,2,2,2,2,2,2,4,4,4,4,4,4,4,4,4,4,8,8,8,8,8,8,8,8];4;true;true;2;2;128;[2];0.25;4.
128;128.1914;4;32;[1,1,1,1,2,2,2,2,2,2,2,2,2,2,4,4,4,4,4,4,4,4,4,4,8,8,8,8,8,8,8,8];4;true;true;2;2;128;[2];0.25;4.
128;128.1915;4;32;[1,1,1,1,2,2,2,2,2,2,2,2,2,2,4,4,4,4,4,4,4,4,4,4,8,8,8,8,8,8,8,8];4;true;true;2;2;128;[2];0.25;4.
128;128.1916;4;32;[1,1,1,1,2,2,2,2,2,2,2,2,2,2,4,4,4,4,4,4,4,4,4,4,8,8,8,8,8,8,8,8];4;true;true;2;2;128;[2];0.25;4.
128;128.1917;4;32;[1,1,1,1,2,2,2,2,2,2,2,2,2,2,4,4,4,4,4,4,4,4,4,4,8,8,8,8,8,8,8,8];4;true;true;2;2;128;[2];0.25;4.
128;128.1918;4;32;[1,1,1,1,2,2,2,2,2,2,2,2,2,2,4,4,4,4,4,4,4,4,4,4,8,8,8,8,8,8,8,8];4;true;true;2;2;128;[2];0.25;4.
128;128.1919;4;32;[1,1,1,1,2,2,2,2,2,2,2,2,2,2,4,4,4,4,4,4,4,4,4,4,8,8,8,8,8,8,8,8];4;true;true;2;2;128;[2];0.25;4.
128;128.1920;4;32;[1,1,1,1,2,2,2,2,2,2,2,2,2,2,4,4,4,4,4,4,4,4,4,4,8,8,8,8,8,8,8,8];4;true;true;2;2;128;[2];0.25;4.
128;128.1921;4;32;[1,1,1,1,2,2,2,2,2,2,2,2,2,2,4,4,4,4,4,4,4,4,4,4,8,8,8,8,8,8,8,8];4;true;true;2;2;128;[2];0.25;4.
128;128.1922;4;32;[1,1,1,1,2,2,2,2,2,2,2,2,2,2,4,4,4,4,4,4,4,4,4,4,8,8,8,8,8,8,8,8];4;true;true;2;2;128;[2];0.25;4.
128;128.1923;4;32;[1,1,1,1,2,2,2,2,2,2,2,2,2,2,4,4,4,4,4,4,4,4,4,4,8,8,8,8,8,8,8,8];4;true;true;2;2;128;[2];0.25;4.
128;128.1924;4;26;[1,1,1,1,2,2,2,2,2,2,4,4,4,4,8,8,8,8,8,8,8,8,8,8,8,8];4;true;true;2;2;128;[2];0.203125;4.9230769230769234
128;128.1925;4;26;[1,1,1,1,2,2,2,2,2,2,4,4,4,4,8,8,8,8,8,8,8,8,8,8,8,8];4;true;true;2;2;128;[2];0.203125;4.9230769230769234
128;128.1926;4;26;[1,1,1,1,2,2,2,2,2,2,4,4,4,4,8,8,8,8,8,8,8,8,8,8,8,8];4;true;true;2;2;128;[2];0.203125;4.9230769230769234
128;128.1927;4;26;[1,1,1,1,2,2,2,2,2,2,4,4,4,4,8,8,8,8,8,8,8,8,8,8,8,8];4;true;true;2;2;128;[2];0.203125;4.9230769230769234
128;128.1928;4;26;[1,1,1,1,2,2,2,2,2,2,4,4,4,4,8,8,8,8,8,8,8,8,8,8,8,8];4;true;true;2;2;128;[2];0.203125;4.9230769230769234
128;128.1929;4;26;[1,1,1,1,2,2,2,2,2,2,4,4,4,4,8,8,8,8,8,8,8,8,8,8,8,8];4;true;true;2;2;128;[2];0.203125;4.9230769230769234
128;128.1930;4;26;[1,1,1,1,2,2,4,4,4,4,4,4,4,4,4,4,8,8,8,8,8,8,8,8,8,8];4;true;true;2;2;128;[2];0.203125;4.9230769230769234
128;128.1931;4;26;[1,1,1,1,2,2,4,4,4,4,4,4,4,4,4,4,8,8,8,8,8,8,8,8,8,8];4;true;true;2;2;128;[2];0.203125;4.9230769230769234
128;128.1932;4;26;[1,1,1,1,2,2,4,4,4,4,4,4,4,4,4,4,8,8,8,8,8,8,8,8,8,8];4;true;true;2;2;128;[2];0.203125;4.9230769230769234
128;128.1933;4;26;[1,1,1,1,2,2,4,4,4,4,4,4,4,4,4,4,8,8,8,8,8,8,8,8,8,8];4;true;true;2;2;128;[2];0.203125;4.9230769230769234
128;128.1934;4;26;[1,1,1,1,2,2,4,4,4,4,4,4,4,4,4,4,8,8,8,8,8,8,8,8,8,8];4;true;true;2;2;128;[2];0.203125;4.9230769230769234
128;128.1935;4;26;[1,1,1,1,2,2,4,4,4,4,4,4,4,4,4,4,8,8,8,8,8,8,8,8,8,8];4;true;true;2;2;128;[2];0.203125;4.9230769230769234
128;128.1936;4;26;[1,1,1,1,2,2,4,4,4,4,4,4,4,4,4,4,8,8,8,8,8,8,8,8,8,8];4;true;true;2;2;128;[2];0.203125;4.9230769230769234
128;128.1937;4;32;[1,1,1,1,2,2,2,2,2,2,2,2,2,2,4,4,4,4,4,4,4,4,4,4,8,8,8,8,8,8,8,8];4;true;true;2;2;128;[2];0.25;4.
128;128.1938;4;32;[1,1,1,1,2,2,2,2,2,2,2,2,2,2,4,4,4,4,4,4,4,4,4,4,8,8,8,8,8,8,8,8];4;true;true;2;2;128;[2];0.25;4.
128;128.1939;4;32;[1,1,1,1,2,2,2,2,2,2,2,2,2,2,4,4,4,4,4,4,4,4,4,4,8,8,8,8,8,8,8,8];4;true;true;2;2;128;[2];0.25;4.
128;128.1940;4;32;[1,1,1,1,2,2,2,2,2,2,2,2,2,2,4,4,4,4,4,4,4,4,4,4,8,8,8,8,8,8,8,8];4;true;true;2;2;128;[2];0.25;4.
128;128.1941;4;32;[1,1,1,1,2,2,2,2,2,2,2,2,2,2,4,4,4,4,4,4,4,4,4,4,8,8,8,8,8,8,8,8];4;true;true;2;2;128;[2];0.25;4.
128;128.1942;4;32;[1,1,1,1,2,2,2,2,2,2,2,2,2,2,4,4,4,4,4,4,4,4,4,4,8,8,8,8,8,8,8,8];4;true;true;2;2;128;[2];0.25;4.
128;128.1943;4;32;[1,1,1,1,2,2,2,2,2,2,2,2,2,2,4,4,4,4,4,4,4,4,4,4,8,8,8,8,8,8,8,8];4;true;true;2;2;128;[2];0.25;4.
128;128.1944;4;32;[1,1,1,1,2,2,2,2,2,2,2,2,2,2,4,4,4,4,4,4,4,4,4,4,8,8,8,8,8,8,8,8];4;true;true;2;2;128;[2];0.25;4.
128;128.1945;4;26;[1,1,1,1,2,2,2,2,2,2,4,4,4,4,8,8,8,8,8,8,8,8,8,8,8,8];4;true;true;2;2;128;[2];0.203125;4.9230769230769234
128;128.1946;4;26;[1,1,1,1,2,2,2,2,2,2,4,4,4,4,8,8,8,8,8,8,8,8,8,8,8,8];4;true;true;2;2;128;[2];0.203125;4.9230769230769234
128;128.1947;4;26;[1,1,1,1,2,2,2,2,2,2,4,4,4,4,8,8,8,8,8,8,8,8,8,8,8,8];4;true;true;2;2;128;[2];0.203125;4.9230769230769234
128;128.1948;4;26;[1,1,1,1,2,2,2,2,2,2,4,4,4,4,8,8,8,8,8,8,8,8,8,8,8,8];4;true;true;2;2;128;[2];0.203125;4.9230769230769234
128;128.1949;4;26;[1,1,1,1,2,2,2,2,2,2,4,4,4,4,8,8,8,8,8,8,8,8,8,8,8,8];4;true;true;2;2;128;[2];0.203125;4.9230769230769234
128;128.1950;4;26;[1,1,1,1,2,2,2,2,2,2,4,4,4,4,8,8,8,8,8,8,8,8,8,8,8,8];4;true;true;2;2;128;[2];0.203125;4.9230769230769234
128;128.1951;4;26;[1,1,1,1,2,2,2,2,2,2,4,4,4,4,8,8,8,8,8,8,8,8,8,8,8,8];4;true;true;2;2;128;[2];0.203125;4.9230769230769234
128;128.1952;4;26;[1,1,1,1,2,2,4,4,4,4,4,4,4,4,4,4,8,8,8,8,8,8,8,8,8,8];4;true;true;2;2;128;[2];0.203125;4.9230769230769234
128;128.1953;4;26;[1,1,1,1,2,2,4,4,4,4,4,4,4,4,4,4,8,8,8,8,8,8,8,8,8,8];4;true;true;2;2;128;[2];0.203125;4.9230769230769234
128;128.1954;4;26;[1,1,1,1,2,2,4,4,4,4,4,4,4,4,4,4,8,8,8,8,8,8,8,8,8,8];4;true;true;2;2;128;[2];0.203125;4.9230769230769234
128;128.1955;4;26;[1,1,1,1,2,2,4,4,4,4,4,4,4,4,4,4,8,8,8,8,8,8,8,8,8,8];4;true;true;2;2;128;[2];0.203125;4.9230769230769234
128;128.1956;4;26;[1,1,1,1,2,2,4,4,4,4,4,4,4,4,4,4,8,8,8,8,8,8,8,8,8,8];4;true;true;2;2;128;[2];0.203125;4.9230769230769234
128;128.1957;4;26;[1,1,1,1,2,2,4,4,4,4,4,4,4,4,4,4,8,8,8,8,8,8,8,8,8,8];4;true;true;2;2;128;[2];0.203125;4.9230769230769234
128;128.1958;4;32;[1,1,1,1,2,2,2,2,2,2,2,2,2,2,4,4,4,4,4,4,4,4,4,4,8,8,8,8,8,8,8,8];4;true;true;2;2;128;[2];0.25;4.
128;128.1959;4;32;[1,1,1,1,2,2,2,2,2,2,2,2,2,2,4,4,4,4,4,4,4,4,4,4,8,8,8,8,8,8,8,8];4;true;true;2;2;128;[2];0.25;4.
128;128.1960;4;32;[1,1,1,1,2,2,2,2,2,2,2,2,2,2,4,4,4,4,4,4,4,4,4,4,8,8,8,8,8,8,8,8];4;true;true;2;2;128;[2];0.25;4.
128;128.1961;4;32;[1,1,1,1,2,2,2,2,2,2,2,2,2,2,4,4,4,4,4,4,4,4,4,4,8,8,8,8,8,8,8,8];4;true;true;2;2;128;[2];0.25;4.
128;128.1962;4;32;[1,1,1,1,2,2,2,2,2,2,2,2,2,2,4,4,4,4,4,4,4,4,4,4,8,8,8,8,8,8,8,8];4;true;true;2;2;128;[2];0.25;4.
128;128.1963;4;32;[1,1,1,1,2,2,2,2,2,2,2,2,2,2,4,4,4,4,4,4,4,4,4,4,8,8,8,8,8,8,8,8];4;true;true;2;2;128;[2];0.25;4.
128;128.1964;4;32;[1,1,1,1,2,2,2,2,2,2,2,2,2,2,4,4,4,4,4,4,4,4,4,4,8,8,8,8,8,8,8,8];4;true;true;2;2;128;[2];0.25;4.
128;128.1965;4;32;[1,1,1,1,2,2,2,2,2,2,2,2,2,2,4,4,4,4,4,4,4,4,4,4,8,8,8,8,8,8,8,8];4;true;true;2;2;128;[2];0.25;4.
128;128.1966;4;26;[1,1,1,1,2,2,2,2,2,2,4,4,4,4,8,8,8,8,8,8,8,8,8,8,8,8];4;true;true;2;2;128;[2];0.203125;4.9230769230769234
128;128.1967;4;26;[1,1,1,1,2,2,2,2,2,2,4,4,4,4,8,8,8,8,8,8,8,8,8,8,8,8];4;true;true;2;2;128;[2];0.203125;4.9230769230769234
128;128.1968;4;26;[1,1,1,1,2,2,2,2,2,2,4,4,4,4,8,8,8,8,8,8,8,8,8,8,8,8];4;true;true;2;2;128;[2];0.203125;4.9230769230769234
128;128.1969;4;26;[1,1,1,1,2,2,2,2,2,2,4,4,4,4,8,8,8,8,8,8,8,8,8,8,8,8];4;true;true;2;2;128;[2];0.203125;4.9230769230769234
128;128.1970;4;26;[1,1,1,1,2,2,2,2,2,2,4,4,4,4,8,8,8,8,8,8,8,8,8,8,8,8];4;true;true;2;2;128;[2];0.203125;4.9230769230769234
128;128.1971;4;26;[1,1,1,1,2,2,2,2,2,2,4,4,4,4,8,8,8,8,8,8,8,8,8,8,8,8];4;true;true;2;2;128;[2];0.203125;4.9230769230769234
128;128.1972;4;26;[1,1,1,1,2,2,2,2,2,2,4,4,4,4,8,8,8,8,8,8,8,8,8,8,8,8];4;true;true;2;2;128;[2];0.203125;4.9230769230769234
128;128.1973;4;26;[1,1,1,1,2,2,4,4,4,4,4,4,4,4,4,4,8,8,8,8,8,8,8,8,8,8];4;true;true;2;2;128;[2];0.203125;4.9230769230769234
128;128.1974;4;26;[1,1,1,1,2,2,4,4,4,4,4,4,4,4,4,4,8,8,8,8,8,8,8,8,8,8];4;true;true;2;2;128;[2];0.203125;4.9230769230769234
128;128.1975;4;26;[1,1,1,1,2,2,4,4,4,4,4,4,4,4,4,4,8,8,8,8,8,8,8,8,8,8];4;true;true;2;2;128;[2];0.203125;4.9230769230769234
128;128.1976;4;26;[1,1,1,1,2,2,4,4,4,4,4,4,4,4,4,4,8,8,8,8,8,8,8,8,8,8];4;true;true;2;2;128;[2];0.203125;4.9230769230769234
128;128.1977;4;32;[1,1,1,1,2,2,2,2,2,2,2,2,2,2,4,4,4,4,4,4,4,4,4,4,8,8,8,8,8,8,8,8];4;true;true;2;2;128;[2];0.25;4.
128;128.1978;4;32;[1,1,1,1,2,2,2,2,2,2,2,2,2,2,4,4,4,4,4,4,4,4,4,4,8,8,8,8,8,8,8,8];4;true;true;2;2;128;[2];0.25;4.
128;128.1979;4;32;[1,1,1,1,2,2,2,2,2,2,2,2,2,2,4,4,4,4,4,4,4,4,4,4,8,8,8,8,8,8,8,8];4;true;true;2;2;128;[2];0.25;4.
128;128.1980;4;32;[1,1,1,1,2,2,2,2,2,2,2,2,2,2,4,4,4,4,4,4,4,4,4,4,8,8,8,8,8,8,8,8];4;true;true;2;2;128;[2];0.25;4.
128;128.1981;4;32;[1,1,1,1,2,2,2,2,2,2,2,2,2,2,4,4,4,4,4,4,4,4,4,4,8,8,8,8,8,8,8,8];4;true;true;2;2;128;[2];0.25;4.
128;128.1982;4;32;[1,1,1,1,2,2,2,2,2,2,2,2,2,2,4,4,4,4,4,4,4,4,4,4,8,8,8,8,8,8,8,8];4;true;true;2;2;128;[2];0.25;4.
128;128.1983;4;26;[1,1,1,1,2,2,2,2,2,2,4,4,4,4,8,8,8,8,8,8,8,8,8,8,8,8];4;true;true;2;2;128;[2];0.203125;4.9230769230769234
128;128.1984;4;26;[1,1,1,1,2,2,2,2,2,2,4,4,4,4,8,8,8,8,8,8,8,8,8,8,8,8];4;true;true;2;2;128;[2];0.203125;4.9230769230769234
128;128.1985;4;26;[1,1,1,1,2,2,2,2,2,2,4,4,4,4,8,8,8,8,8,8,8,8,8,8,8,8];4;true;true;2;2;128;[2];0.203125;4.9230769230769234
128;128.1986;4;26;[1,1,1,1,2,2,2,2,2,2,4,4,4,4,8,8,8,8,8,8,8,8,8,8,8,8];4;true;true;2;2;128;[2];0.203125;4.9230769230769234
128;128.1987;4;26;[1,1,1,1,2,2,2,2,2,2,4,4,4,4,8,8,8,8,8,8,8,8,8,8,8,8];4;true;true;2;2;128;[2];0.203125;4.9230769230769234
128;128.1988;4;26;[1,1,1,1,2,2,2,2,2,2,4,4,4,4,8,8,8,8,8,8,8,8,8,8,8,8];4;true;true;2;2;128;[2];0.203125;4.9230769230769234
128;128.1989;4;26;[1,1,1,1,2,2,4,4,4,4,4,4,4,4,4,4,8,8,8,8,8,8,8,8,8,8];4;true;true;2;2;128;[2];0.203125;4.9230769230769234
128;128.1990;4;26;[1,1,1,1,2,2,4,4,4,4,4,4,4,4,4,4,8,8,8,8,8,8,8,8,8,8];4;true;true;2;2;128;[2];0.203125;4.9230769230769234
128;128.1991;4;26;[1,1,1,1,2,2,4,4,4,4,4,4,4,4,4,4,8,8,8,8,8,8,8,8,8,8];4;true;true;2;2;128;[2];0.203125;4.9230769230769234
128;128.1992;4;26;[1,1,1,1,2,2,4,4,4,4,4,4,4,4,4,4,8,8,8,8,8,8,8,8,8,8];4;true;true;2;2;128;[2];0.203125;4.9230769230769234
128;128.1993;4;26;[1,1,1,1,2,2,4,4,4,4,4,4,4,4,4,4,8,8,8,8,8,8,8,8,8,8];4;true;true;2;2;128;[2];0.203125;4.9230769230769234
128;128.1994;4;26;[1,1,1,1,2,2,4,4,4,4,4,4,4,4,4,4,8,8,8,8,8,8,8,8,8,8];4;true;true;2;2;128;[2];0.203125;4.9230769230769234
128;128.1995;4;26;[1,1,1,1,2,2,4,4,4,4,4,4,4,4,4,4,8,8,8,8,8,8,8,8,8,8];4;true;true;2;2;128;[2];0.203125;4.9230769230769234
128;128.1996;4;29;[1,1,1,1,2,2,2,2,4,4,4,4,4,4,4,4,4,4,4,4,4,8,8,8,8,8,8,8,8];4;true;true;2;2;128;[2];0.2265625;4.4137931034482758
128;128.1997;4;29;[1,1,1,1,2,2,2,2,4,4,4,4,4,4,4,4,4,4,4,4,4,8,8,8,8,8,8,8,8];4;true;true;2;2;128;[2];0.2265625;4.4137931034482758
128;128.1998;4;29;[1,1,1,1,2,2,2,2,4,4,4,4,4,4,4,4,4,4,4,4,4,8,8,8,8,8,8,8,8];4;true;true;2;2;128;[2];0.2265625;4.4137931034482758
128;128.1999;4;29;[1,1,1,1,2,2,2,2,4,4,4,4,4,4,4,4,4,4,4,4,4,8,8,8,8,8,8,8,8];4;true;true;2;2;128;[2];0.2265625;4.4137931034482758
128;128.2000;4;29;[1,1,1,1,2,2,2,2,4,4,4,4,4,4,4,4,4,4,4,4,4,8,8,8,8,8,8,8,8];4;true;true;2;2;128;[2];0.2265625;4.4137931034482758
128;128.2001;4;29;[1,1,1,1,2,2,2,2,4,4,4,4,4,4,4,4,4,4,4,4,4,8,8,8,8,8,8,8,8];4;true;true;2;2;128;[2];0.2265625;4.4137931034482758
128;128.2002;4;29;[1,1,1,1,2,2,2,2,4,4,4,4,4,4,4,4,4,4,4,4,4,8,8,8,8,8,8,8,8];4;true;true;2;2;128;[2];0.2265625;4.4137931034482758
128;128.2003;4;29;[1,1,1,1,2,2,2,2,4,4,4,4,4,4,4,4,4,4,4,4,4,8,8,8,8,8,8,8,8];4;true;true;2;2;128;[2];0.2265625;4.4137931034482758
128;128.2004;4;29;[1,1,1,1,2,2,2,2,4,4,4,4,4,4,4,4,4,4,4,4,4,8,8,8,8,8,8,8,8];4;true;true;2;2;128;[2];0.2265625;4.4137931034482758
128;128.2005;4;29;[1,1,1,1,2,2,2,2,4,4,4,4,4,4,4,4,4,4,4,4,4,8,8,8,8,8,8,8,8];4;true;true;2;2;128;[2];0.2265625;4.4137931034482758
128;128.2006;4;29;[1,1,1,1,2,2,2,2,4,4,4,4,4,4,4,4,4,4,4,4,4,8,8,8,8,8,8,8,8];4;true;true;2;2;128;[2];0.2265625;4.4137931034482758
128;128.2007;4;29;[1,1,1,1,2,2,2,2,4,4,4,4,4,4,4,4,4,4,4,4,4,8,8,8,8,8,8,8,8];4;true;true;2;2;128;[2];0.2265625;4.4137931034482758
128;128.2008;4;29;[1,1,1,1,2,2,2,2,4,4,4,4,4,4,4,4,4,4,4,4,4,8,8,8,8,8,8,8,8];4;true;true;2;2;128;[2];0.2265625;4.4137931034482758
128;128.2009;4;29;[1,1,1,1,2,2,2,2,4,4,4,4,4,4,4,4,4,4,4,4,4,8,8,8,8,8,8,8,8];4;true;true;2;2;128;[2];0.2265625;4.4137931034482758
128;128.2010;4;29;[1,1,1,1,2,2,2,2,4,4,4,4,4,4,4,4,4,4,4,4,4,8,8,8,8,8,8,8,8];4;true;true;2;2;128;[2];0.2265625;4.4137931034482758
128;128.2011;4;35;[1,1,1,1,2,2,2,2,2,2,2,2,2,2,2,2,4,4,4,4,4,4,4,4,4,4,4,4,4,8,8,8,8,8,8];4;true;true;2;2;128;[2];0.2734375;3.657142857142857
128;128.2012;4;35;[1,1,1,1,2,2,2,2,2,2,2,2,2,2,2,2,4,4,4,4,4,4,4,4,4,4,4,4,4,8,8,8,8,8,8];4;true;true;2;2;128;[2];0.2734375;3.657142857142857
128;128.2013;4;35;[1,1,1,1,2,2,2,2,2,2,2,2,2,2,2,2,4,4,4,4,4,4,4,4,4,4,4,4,4,8,8,8,8,8,8];4;true;true;2;2;128;[2];0.2734375;3.657142857142857
128;128.2014;4;35;[1,1,1,1,2,2,2,2,2,2,2,2,2,2,2,2,4,4,4,4,4,4,4,4,4,4,4,4,4,8,8,8,8,8,8];4;true;true;2;2;128;[2];0.2734375;3.657142857142857
128;128.2015;4;35;[1,1,1,1,2,2,2,2,2,2,2,2,2,2,2,2,4,4,4,4,4,4,4,4,4,4,4,4,4,8,8,8,8,8,8];4;true;true;2;2;128;[2];0.2734375;3.657142857142857
128;128.2016;4;35;[1,1,1,1,2,2,2,2,2,2,2,2,2,2,2,2,4,4,4,4,4,4,4,4,4,4,4,4,4,8,8,8,8,8,8];4;true;true;2;2;128;[2];0.2734375;3.657142857142857
128;128.2017;4;35;[1,1,1,1,2,2,2,2,2,2,2,2,2,2,2,2,4,4,4,4,4,4,4,4,4,4,4,4,4,8,8,8,8,8,8];4;true;true;2;2;128;[2];0.2734375;3.657142857142857
128;128.2018;4;35;[1,1,1,1,2,2,2,2,2,2,2,2,2,2,2,2,4,4,4,4,4,4,4,4,4,4,4,4,4,8,8,8,8,8,8];4;true;true;2;2;128;[2];0.2734375;3.657142857142857
128;128.2019;4;35;[1,1,1,1,2,2,2,2,2,2,2,2,2,2,2,2,4,4,4,4,4,4,4,4,4,4,4,4,4,8,8,8,8,8,8];4;true;true;2;2;128;[2];0.2734375;3.657142857142857
128;128.2020;2;26;[1,1,2,2,2,4,4,4,4,4,4,4,4,4,4,4,4,8,8,8,8,8,8,8,8,8];4;true;true;2;2;128;[2];0.203125;4.9230769230769234
128;128.2021;2;26;[1,1,2,2,2,4,4,4,4,4,4,4,4,4,4,4,4,8,8,8,8,8,8,8,8,8];4;true;true;2;2;128;[2];0.203125;4.9230769230769234
128;128.2022;2;29;[1,1,2,2,2,2,2,2,2,4,4,4,4,4,4,4,4,4,4,4,4,8,8,8,8,8,8,8,8];4;true;true;2;2;128;[2];0.2265625;4.4137931034482758
128;128.2023;2;29;[1,1,2,2,2,2,2,2,2,4,4,4,4,4,4,4,4,4,4,4,4,8,8,8,8,8,8,8,8];4;true;true;2;2;128;[2];0.2265625;4.4137931034482758
128;128.2024;2;29;[1,1,2,2,2,2,2,2,2,4,4,4,4,4,4,4,4,4,4,4,4,8,8,8,8,8,8,8,8];4;true;true;2;2;128;[2];0.2265625;4.4137931034482758
128;128.2025;2;29;[1,1,2,2,2,2,2,2,2,4,4,4,4,4,4,4,4,4,4,4,4,8,8,8,8,8,8,8,8];4;true;true;2;2;128;[2];0.2265625;4.4137931034482758
128;128.2026;4;35;[1,1,1,1,2,2,2,2,2,2,2,2,2,2,2,2,4,4,4,4,4,4,4,4,4,4,4,4,4,8,8,8,8,8,8];4;true;true;2;2;128;[2];0.2734375;3.657142857142857
128;128.2027;4;35;[1,1,1,1,2,2,2,2,2,2,2,2,2,2,2,2,4,4,4,4,4,4,4,4,4,4,4,4,4,8,8,8,8,8,8];4;true;true;2;2;128;[2];0.2734375;3.657142857142857
128;128.2028;4;35;[1,1,1,1,2,2,2,2,2,2,2,2,2,2,2,2,4,4,4,4,4,4,4,4,4,4,4,4,4,8,8,8,8,8,8];4;true;true;2;2;128;[2];0.2734375;3.657142857142857
128;128.2029;4;35;[1,1,1,1,2,2,2,2,2,2,2,2,2,2,2,2,4,4,4,4,4,4,4,4,4,4,4,4,4,8,8,8,8,8,8];4;true;true;2;2;128;[2];0.2734375;3.657142857142857
128;128.2030;4;35;[1,1,1,1,2,2,2,2,2,2,2,2,2,2,2,2,4,4,4,4,4,4,4,4,4,4,4,4,4,8,8,8,8,8,8];4;true;true;2;2;128;[2];0.2734375;3.657142857142857
128;128.2031;4;35;[1,1,1,1,2,2,2,2,2,2,2,2,2,2,2,2,4,4,4,4,4,4,4,4,4,4,4,4,4,8,8,8,8,8,8];4;true;true;2;2;128;[2];0.2734375;3.657142857142857
128;128.2032;4;35;[1,1,1,1,2,2,2,2,2,2,2,2,2,2,2,2,4,4,4,4,4,4,4,4,4,4,4,4,4,8,8,8,8,8,8];4;true;true;2;2;128;[2];0.2734375;3.657142857142857
128;128.2033;4;35;[1,1,1,1,2,2,2,2,2,2,2,2,2,2,2,2,4,4,4,4,4,4,4,4,4,4,4,4,4,8,8,8,8,8,8];4;true;true;2;2;128;[2];0.2734375;3.657142857142857
128;128.2034;4;35;[1,1,1,1,2,2,2,2,2,2,2,2,2,2,2,2,4,4,4,4,4,4,4,4,4,4,4,4,4,8,8,8,8,8,8];4;true;true;2;2;128;[2];0.2734375;3.657142857142857
128;128.2035;4;35;[1,1,1,1,2,2,2,2,2,2,2,2,2,2,2,2,4,4,4,4,4,4,4,4,4,4,4,4,4,8,8,8,8,8,8];4;true;true;2;2;128;[2];0.2734375;3.657142857142857
128;128.2036;4;35;[1,1,1,1,2,2,2,2,2,2,2,2,2,2,2,2,4,4,4,4,4,4,4,4,4,4,4,4,4,8,8,8,8,8,8];4;true;true;2;2;128;[2];0.2734375;3.657142857142857
128;128.2037;4;35;[1,1,1,1,2,2,2,2,2,2,2,2,2,2,2,2,4,4,4,4,4,4,4,4,4,4,4,4,4,8,8,8,8,8,8];4;true;true;2;2;128;[2];0.2734375;3.657142857142857
128;128.2038;4;29;[1,1,1,1,2,2,2,2,4,4,4,4,4,4,4,4,4,4,4,4,4,8,8,8,8,8,8,8,8];4;true;true;2;2;128;[2];0.2265625;4.4137931034482758
128;128.2039;4;29;[1,1,1,1,2,2,2,2,4,4,4,4,4,4,4,4,4,4,4,4,4,8,8,8,8,8,8,8,8];4;true;true;2;2;128;[2];0.2265625;4.4137931034482758
128;128.2040;4;29;[1,1,1,1,2,2,2,2,4,4,4,4,4,4,4,4,4,4,4,4,4,8,8,8,8,8,8,8,8];4;true;true;2;2;128;[2];0.2265625;4.4137931034482758
128;128.2041;4;29;[1,1,1,1,2,2,2,2,4,4,4,4,4,4,4,4,4,4,4,4,4,8,8,8,8,8,8,8,8];4;true;true;2;2;128;[2];0.2265625;4.4137931034482758
128;128.2042;4;29;[1,1,1,1,2,2,2,2,4,4,4,4,4,4,4,4,4,4,4,4,4,8,8,8,8,8,8,8,8];4;true;true;2;2;128;[2];0.2265625;4.4137931034482758
128;128.2043;4;29;[1,1,1,1,2,2,2,2,4,4,4,4,4,4,4,4,4,4,4,4,4,8,8,8,8,8,8,8,8];4;true;true;2;2;128;[2];0.2265625;4.4137931034482758
128;128.2044;4;29;[1,1,1,1,2,2,2,2,4,4,4,4,4,4,4,4,4,4,4,4,4,8,8,8,8,8,8,8,8];4;true;true;2;2;128;[2];0.2265625;4.4137931034482758
128;128.2045;4;29;[1,1,1,1,2,2,2,2,4,4,4,4,4,4,4,4,4,4,4,4,4,8,8,8,8,8,8,8,8];4;true;true;2;2;128;[2];0.2265625;4.4137931034482758
128;128.2046;4;29;[1,1,1,1,2,2,2,2,4,4,4,4,4,4,4,4,4,4,4,4,4,8,8,8,8,8,8,8,8];4;true;true;2;2;128;[2];0.2265625;4.4137931034482758
128;128.2047;4;29;[1,1,1,1,2,2,2,2,4,4,4,4,4,4,4,4,4,4,4,4,4,8,8,8,8,8,8,8,8];4;true;true;2;2;128;[2];0.2265625;4.4137931034482758
128;128.2048;4;29;[1,1,1,1,2,2,2,2,4,4,4,4,4,4,4,4,4,4,4,4,4,8,8,8,8,8,8,8,8];4;true;true;2;2;128;[2];0.2265625;4.4137931034482758
128;128.2049;4;29;[1,1,1,1,2,2,2,2,4,4,4,4,4,4,4,4,4,4,4,4,4,8,8,8,8,8,8,8,8];4;true;true;2;2;128;[2];0.2265625;4.4137931034482758
128;128.2050;4;29;[1,1,1,1,2,2,2,2,4,4,4,4,4,4,4,4,4,4,4,4,4,8,8,8,8,8,8,8,8];4;true;true;2;2;128;[2];0.2265625;4.4137931034482758
128;128.2051;4;29;[1,1,1,1,2,2,2,2,4,4,4,4,4,4,4,4,4,4,4,4,4,8,8,8,8,8,8,8,8];4;true;true;2;2;128;[2];0.2265625;4.4137931034482758
128;128.2052;4;29;[1,1,1,1,2,2,2,2,4,4,4,4,4,4,4,4,4,4,4,4,4,8,8,8,8,8,8,8,8];4;true;true;2;2;128;[2];0.2265625;4.4137931034482758
128;128.2053;4;29;[1,1,1,1,2,2,2,2,4,4,4,4,4,4,4,4,4,4,4,4,4,8,8,8,8,8,8,8,8];4;true;true;2;2;128;[2];0.2265625;4.4137931034482758
128;128.2054;4;29;[1,1,1,1,2,2,2,2,4,4,4,4,4,4,4,4,4,4,4,4,4,8,8,8,8,8,8,8,8];4;true;true;2;2;128;[2];0.2265625;4.4137931034482758
128;128.2055;4;29;[1,1,1,1,2,2,2,2,4,4,4,4,4,4,4,4,4,4,4,4,4,8,8,8,8,8,8,8,8];4;true;true;2;2;128;[2];0.2265625;4.4137931034482758
128;128.2056;4;29;[1,1,1,1,2,2,2,2,4,4,4,4,4,4,4,4,4,4,4,4,4,8,8,8,8,8,8,8,8];4;true;true;2;2;128;[2];0.2265625;4.4137931034482758
128;128.2057;4;29;[1,1,1,1,2,2,2,2,4,4,4,4,4,4,4,4,4,4,4,4,4,8,8,8,8,8,8,8,8];4;true;true;2;2;128;[2];0.2265625;4.4137931034482758
128;128.2058;4;29;[1,1,1,1,2,2,2,2,4,4,4,4,4,4,4,4,4,4,4,4,4,8,8,8,8,8,8,8,8];4;true;true;2;2;128;[2];0.2265625;4.4137931034482758
128;128.2059;4;29;[1,1,1,1,2,2,2,2,4,4,4,4,4,4,4,4,4,4,4,4,4,8,8,8,8,8,8,8,8];4;true;true;2;2;128;[2];0.2265625;4.4137931034482758
128;128.2060;4;29;[1,1,1,1,2,2,2,2,4,4,4,4,4,4,4,4,4,4,4,4,4,8,8,8,8,8,8,8,8];4;true;true;2;2;128;[2];0.2265625;4.4137931034482758
128;128.2061;4;29;[1,1,1,1,2,2,2,2,4,4,4,4,4,4,4,4,4,4,4,4,4,8,8,8,8,8,8,8,8];4;true;true;2;2;128;[2];0.2265625;4.4137931034482758
128;128.2062;4;29;[1,1,1,1,2,2,2,2,4,4,4,4,4,4,4,4,4,4,4,4,4,8,8,8,8,8,8,8,8];4;true;true;2;2;128;[2];0.2265625;4.4137931034482758
128;128.2063;4;29;[1,1,1,1,2,2,2,2,4,4,4,4,4,4,4,4,4,4,4,4,4,8,8,8,8,8,8,8,8];4;true;true;2;2;128;[2];0.2265625;4.4137931034482758
128;128.2064;4;29;[1,1,1,1,2,2,2,2,4,4,4,4,4,4,4,4,4,4,4,4,4,8,8,8,8,8,8,8,8];4;true;true;2;2;128;[2];0.2265625;4.4137931034482758
128;128.2065;4;29;[1,1,1,1,2,2,2,2,4,4,4,4,4,4,4,4,4,4,4,4,4,8,8,8,8,8,8,8,8];4;true;true;2;2;128;[2];0.2265625;4.4137931034482758
128;128.2066;4;35;[1,1,1,1,2,2,2,2,2,2,2,2,2,2,2,2,4,4,4,4,4,4,4,4,4,4,4,4,4,8,8,8,8,8,8];4;true;true;2;2;128;[2];0.2734375;3.657142857142857
128;128.2067;4;35;[1,1,1,1,2,2,2,2,2,2,2,2,2,2,2,2,4,4,4,4,4,4,4,4,4,4,4,4,4,8,8,8,8,8,8];4;true;true;2;2;128;[2];0.2734375;3.657142857142857
128;128.2068;4;35;[1,1,1,1,2,2,2,2,2,2,2,2,2,2,2,2,4,4,4,4,4,4,4,4,4,4,4,4,4,8,8,8,8,8,8];4;true;true;2;2;128;[2];0.2734375;3.657142857142857
128;128.2069;4;35;[1,1,1,1,2,2,2,2,2,2,2,2,2,2,2,2,4,4,4,4,4,4,4,4,4,4,4,4,4,8,8,8,8,8,8];4;true;true;2;2;128;[2];0.2734375;3.657142857142857
128;128.2070;4;35;[1,1,1,1,2,2,2,2,2,2,2,2,2,2,2,2,4,4,4,4,4,4,4,4,4,4,4,4,4,8,8,8,8,8,8];4;true;true;2;2;128;[2];0.2734375;3.657142857142857
128;128.2071;4;35;[1,1,1,1,2,2,2,2,2,2,2,2,2,2,2,2,4,4,4,4,4,4,4,4,4,4,4,4,4,8,8,8,8,8,8];4;true;true;2;2;128;[2];0.2734375;3.657142857142857
128;128.2072;4;35;[1,1,1,1,2,2,2,2,2,2,2,2,2,2,2,2,4,4,4,4,4,4,4,4,4,4,4,4,4,8,8,8,8,8,8];4;true;true;2;2;128;[2];0.2734375;3.657142857142857
128;128.2073;4;35;[1,1,1,1,2,2,2,2,2,2,2,2,2,2,2,2,4,4,4,4,4,4,4,4,4,4,4,4,4,8,8,8,8,8,8];4;true;true;2;2;128;[2];0.2734375;3.657142857142857
128;128.2074;4;35;[1,1,1,1,2,2,2,2,2,2,2,2,2,2,2,2,4,4,4,4,4,4,4,4,4,4,4,4,4,8,8,8,8,8,8];4;true;true;2;2;128;[2];0.2734375;3.657142857142857
128;128.2075;4;29;[1,1,1,1,2,2,2,2,4,4,4,4,4,4,4,4,4,4,4,4,4,8,8,8,8,8,8,8,8];4;true;true;2;2;128;[2];0.2265625;4.4137931034482758
128;128.2076;4;29;[1,1,1,1,2,2,2,2,4,4,4,4,4,4,4,4,4,4,4,4,4,8,8,8,8,8,8,8,8];4;true;true;2;2;128;[2];0.2265625;4.4137931034482758
128;128.2077;4;29;[1,1,1,1,2,2,2,2,4,4,4,4,4,4,4,4,4,4,4,4,4,8,8,8,8,8,8,8,8];4;true;true;2;2;128;[2];0.2265625;4.4137931034482758
128;128.2078;4;29;[1,1,1,1,2,2,2,2,4,4,4,4,4,4,4,4,4,4,4,4,4,8,8,8,8,8,8,8,8];4;true;true;2;2;128;[2];0.2265625;4.4137931034482758
128;128.2079;4;29;[1,1,1,1,2,2,2,2,4,4,4,4,4,4,4,4,4,4,4,4,4,8,8,8,8,8,8,8,8];4;true;true;2;2;128;[2];0.2265625;4.4137931034482758
128;128.2080;4;29;[1,1,1,1,2,2,2,2,4,4,4,4,4,4,4,4,4,4,4,4,4,8,8,8,8,8,8,8,8];4;true;true;2;2;128;[2];0.2265625;4.4137931034482758
128;128.2081;4;29;[1,1,1,1,2,2,2,2,4,4,4,4,4,4,4,4,4,4,4,4,4,8,8,8,8,8,8,8,8];4;true;true;2;2;128;[2];0.2265625;4.4137931034482758
128;128.2082;4;29;[1,1,1,1,2,2,2,2,4,4,4,4,4,4,4,4,4,4,4,4,4,8,8,8,8,8,8,8,8];4;true;true;2;2;128;[2];0.2265625;4.4137931034482758
128;128.2083;4;29;[1,1,1,1,2,2,2,2,4,4,4,4,4,4,4,4,4,4,4,4,4,8,8,8,8,8,8,8,8];4;true;true;2;2;128;[2];0.2265625;4.4137931034482758
128;128.2084;4;29;[1,1,1,1,2,2,2,2,4,4,4,4,4,4,4,4,4,4,4,4,4,8,8,8,8,8,8,8,8];4;true;true;2;2;128;[2];0.2265625;4.4137931034482758
128;128.2085;4;29;[1,1,1,1,2,2,2,2,4,4,4,4,4,4,4,4,4,4,4,4,4,8,8,8,8,8,8,8,8];4;true;true;2;2;128;[2];0.2265625;4.4137931034482758
128;128.2086;4;29;[1,1,1,1,2,2,2,2,4,4,4,4,4,4,4,4,4,4,4,4,4,8,8,8,8,8,8,8,8];4;true;true;2;2;128;[2];0.2265625;4.4137931034482758
128;128.2087;4;29;[1,1,1,1,2,2,2,2,4,4,4,4,4,4,4,4,4,4,4,4,4,8,8,8,8,8,8,8,8];4;true;true;2;2;128;[2];0.2265625;4.4137931034482758
128;128.2088;4;29;[1,1,1,1,2,2,2,2,4,4,4,4,4,4,4,4,4,4,4,4,4,8,8,8,8,8,8,8,8];4;true;true;2;2;128;[2];0.2265625;4.4137931034482758
128;128.2089;4;29;[1,1,1,1,2,2,2,2,4,4,4,4,4,4,4,4,4,4,4,4,4,8,8,8,8,8,8,8,8];4;true;true;2;2;128;[2];0.2265625;4.4137931034482758
128;128.2090;4;35;[1,1,1,1,2,2,2,2,2,2,2,2,2,2,2,2,4,4,4,4,4,4,4,4,4,4,4,4,4,8,8,8,8,8,8];4;true;true;2;2;128;[2];0.2734375;3.657142857142857
128;128.2091;4;35;[1,1,1,1,2,2,2,2,2,2,2,2,2,2,2,2,4,4,4,4,4,4,4,4,4,4,4,4,4,8,8,8,8,8,8];4;true;true;2;2;128;[2];0.2734375;3.657142857142857
128;128.2092;4;35;[1,1,1,1,2,2,2,2,2,2,2,2,2,2,2,2,4,4,4,4,4,4,4,4,4,4,4,4,4,8,8,8,8,8,8];4;true;true;2;2;128;[2];0.2734375;3.657142857142857
128;128.2093;4;35;[1,1,1,1,2,2,2,2,2,2,2,2,2,2,2,2,4,4,4,4,4,4,4,4,4,4,4,4,4,8,8,8,8,8,8];4;true;true;2;2;128;[2];0.2734375;3.657142857142857
128;128.2094;4;35;[1,1,1,1,2,2,2,2,2,2,2,2,2,2,2,2,4,4,4,4,4,4,4,4,4,4,4,4,4,8,8,8,8,8,8];4;true;true;2;2;128;[2];0.2734375;3.657142857142857
128;128.2095;4;35;[1,1,1,1,2,2,2,2,2,2,2,2,2,2,2,2,4,4,4,4,4,4,4,4,4,4,4,4,4,8,8,8,8,8,8];4;true;true;2;2;128;[2];0.2734375;3.657142857142857
128;128.2096;4;35;[1,1,1,1,2,2,2,2,2,2,2,2,2,2,2,2,4,4,4,4,4,4,4,4,4,4,4,4,4,8,8,8,8,8,8];4;true;true;2;2;128;[2];0.2734375;3.657142857142857
128;128.2097;4;35;[1,1,1,1,2,2,2,2,2,2,2,2,2,2,2,2,4,4,4,4,4,4,4,4,4,4,4,4,4,8,8,8,8,8,8];4;true;true;2;2;128;[2];0.2734375;3.657142857142857
128;128.2098;4;29;[1,1,1,1,2,2,2,2,4,4,4,4,4,4,4,4,4,4,4,4,4,8,8,8,8,8,8,8,8];4;true;true;2;2;128;[2];0.2265625;4.4137931034482758
128;128.2099;4;29;[1,1,1,1,2,2,2,2,4,4,4,4,4,4,4,4,4,4,4,4,4,8,8,8,8,8,8,8,8];4;true;true;2;2;128;[2];0.2265625;4.4137931034482758
128;128.2100;4;29;[1,1,1,1,2,2,2,2,4,4,4,4,4,4,4,4,4,4,4,4,4,8,8,8,8,8,8,8,8];4;true;true;2;2;128;[2];0.2265625;4.4137931034482758
128;128.2101;4;29;[1,1,1,1,2,2,2,2,4,4,4,4,4,4,4,4,4,4,4,4,4,8,8,8,8,8,8,8,8];4;true;true;2;2;128;[2];0.2265625;4.4137931034482758
128;128.2102;4;29;[1,1,1,1,2,2,2,2,4,4,4,4,4,4,4,4,4,4,4,4,4,8,8,8,8,8,8,8,8];4;true;true;2;2;128;[2];0.2265625;4.4137931034482758
128;128.2103;4;29;[1,1,1,1,2,2,2,2,4,4,4,4,4,4,4,4,4,4,4,4,4,8,8,8,8,8,8,8,8];4;true;true;2;2;128;[2];0.2265625;4.4137931034482758
128;128.2104;4;29;[1,1,1,1,2,2,2,2,4,4,4,4,4,4,4,4,4,4,4,4,4,8,8,8,8,8,8,8,8];4;true;true;2;2;128;[2];0.2265625;4.4137931034482758
128;128.2105;4;29;[1,1,1,1,2,2,2,2,4,4,4,4,4,4,4,4,4,4,4,4,4,8,8,8,8,8,8,8,8];4;true;true;2;2;128;[2];0.2265625;4.4137931034482758
128;128.2106;4;29;[1,1,1,1,2,2,2,2,4,4,4,4,4,4,4,4,4,4,4,4,4,8,8,8,8,8,8,8,8];4;true;true;2;2;128;[2];0.2265625;4.4137931034482758
128;128.2107;4;29;[1,1,1,1,2,2,2,2,4,4,4,4,4,4,4,4,4,4,4,4,4,8,8,8,8,8,8,8,8];4;true;true;2;2;128;[2];0.2265625;4.4137931034482758
128;128.2108;4;29;[1,1,1,1,2,2,2,2,4,4,4,4,4,4,4,4,4,4,4,4,4,8,8,8,8,8,8,8,8];4;true;true;2;2;128;[2];0.2265625;4.4137931034482758
128;128.2109;4;29;[1,1,1,1,2,2,2,2,4,4,4,4,4,4,4,4,4,4,4,4,4,8,8,8,8,8,8,8,8];4;true;true;2;2;128;[2];0.2265625;4.4137931034482758
128;128.2110;4;35;[1,1,1,1,2,2,2,2,2,2,2,2,2,2,2,2,4,4,4,4,4,4,4,4,4,4,4,4,4,8,8,8,8,8,8];4;true;true;2;2;128;[2];0.2734375;3.657142857142857
128;128.2111;4;35;[1,1,1,1,2,2,2,2,2,2,2,2,2,2,2,2,4,4,4,4,4,4,4,4,4,4,4,4,4,8,8,8,8,8,8];4;true;true;2;2;128;[2];0.2734375;3.657142857142857
128;128.2112;4;35;[1,1,1,1,2,2,2,2,2,2,2,2,2,2,2,2,4,4,4,4,4,4,4,4,4,4,4,4,4,8,8,8,8,8,8];4;true;true;2;2;128;[2];0.2734375;3.657142857142857
128;128.2113;4;35;[1,1,1,1,2,2,2,2,2,2,2,2,2,2,2,2,4,4,4,4,4,4,4,4,4,4,4,4,4,8,8,8,8,8,8];4;true;true;2;2;128;[2];0.2734375;3.657142857142857
128;128.2114;4;35;[1,1,1,1,2,2,2,2,2,2,2,2,2,2,2,2,4,4,4,4,4,4,4,4,4,4,4,4,4,8,8,8,8,8,8];4;true;true;2;2;128;[2];0.2734375;3.657142857142857
128;128.2115;4;35;[1,1,1,1,2,2,2,2,2,2,2,2,2,2,2,2,4,4,4,4,4,4,4,4,4,4,4,4,4,8,8,8,8,8,8];4;true;true;2;2;128;[2];0.2734375;3.657142857142857
128;128.2116;4;29;[1,1,1,1,2,2,2,2,4,4,4,4,4,4,4,4,4,4,4,4,4,8,8,8,8,8,8,8,8];4;true;true;2;2;128;[2];0.2265625;4.4137931034482758
128;128.2117;4;29;[1,1,1,1,2,2,2,2,4,4,4,4,4,4,4,4,4,4,4,4,4,8,8,8,8,8,8,8,8];4;true;true;2;2;128;[2];0.2265625;4.4137931034482758
128;128.2118;4;29;[1,1,1,1,2,2,2,2,4,4,4,4,4,4,4,4,4,4,4,4,4,8,8,8,8,8,8,8,8];4;true;true;2;2;128;[2];0.2265625;4.4137931034482758
128;128.2119;4;29;[1,1,1,1,2,2,2,2,4,4,4,4,4,4,4,4,4,4,4,4,4,8,8,8,8,8,8,8,8];4;true;true;2;2;128;[2];0.2265625;4.4137931034482758
128;128.2120;4;29;[1,1,1,1,2,2,2,2,4,4,4,4,4,4,4,4,4,4,4,4,4,8,8,8,8,8,8,8,8];4;true;true;2;2;128;[2];0.2265625;4.4137931034482758
128;128.2121;4;29;[1,1,1,1,2,2,2,2,4,4,4,4,4,4,4,4,4,4,4,4,4,8,8,8,8,8,8,8,8];4;true;true;2;2;128;[2];0.2265625;4.4137931034482758
128;128.2122;4;29;[1,1,1,1,2,2,2,2,4,4,4,4,4,4,4,4,4,4,4,4,4,8,8,8,8,8,8,8,8];4;true;true;2;2;128;[2];0.2265625;4.4137931034482758
128;128.2123;4;35;[1,1,1,1,2,2,2,2,2,2,2,2,2,2,2,2,4,4,4,4,4,4,4,4,4,4,4,4,4,8,8,8,8,8,8];4;true;true;2;2;128;[2];0.2734375;3.657142857142857
128;128.2124;4;35;[1,1,1,1,2,2,2,2,2,2,2,2,2,2,2,2,4,4,4,4,4,4,4,4,4,4,4,4,4,8,8,8,8,8,8];4;true;true;2;2;128;[2];0.2734375;3.657142857142857
128;128.2125;4;35;[1,1,1,1,2,2,2,2,2,2,2,2,2,2,2,2,4,4,4,4,4,4,4,4,4,4,4,4,4,8,8,8,8,8,8];4;true;true;2;2;128;[2];0.2734375;3.657142857142857
128;128.2126;4;35;[1,1,1,1,2,2,2,2,2,2,2,2,2,2,2,2,4,4,4,4,4,4,4,4,4,4,4,4,4,8,8,8,8,8,8];4;true;true;2;2;128;[2];0.2734375;3.657142857142857
128;128.2127;4;35;[1,1,1,1,2,2,2,2,2,2,2,2,2,2,2,2,4,4,4,4,4,4,4,4,4,4,4,4,4,8,8,8,8,8,8];4;true;true;2;2;128;[2];0.2734375;3.657142857142857
128;128.2128;4;35;[1,1,1,1,2,2,2,2,2,2,2,2,2,2,2,2,4,4,4,4,4,4,4,4,4,4,4,4,4,8,8,8,8,8,8];4;true;true;2;2;128;[2];0.2734375;3.657142857142857
128;128.2129;4;29;[1,1,1,1,2,2,2,2,4,4,4,4,4,4,4,4,4,4,4,4,4,8,8,8,8,8,8,8,8];4;true;true;2;2;128;[2];0.2265625;4.4137931034482758
128;128.2130;4;29;[1,1,1,1,2,2,2,2,4,4,4,4,4,4,4,4,4,4,4,4,4,8,8,8,8,8,8,8,8];4;true;true;2;2;128;[2];0.2265625;4.4137931034482758
128;128.2131;4;29;[1,1,1,1,2,2,2,2,4,4,4,4,4,4,4,4,4,4,4,4,4,8,8,8,8,8,8,8,8];4;true;true;2;2;128;[2];0.2265625;4.4137931034482758
128;128.2132;4;29;[1,1,1,1,2,2,2,2,4,4,4,4,4,4,4,4,4,4,4,4,4,8,8,8,8,8,8,8,8];4;true;true;2;2;128;[2];0.2265625;4.4137931034482758
128;128.2133;4;29;[1,1,1,1,2,2,2,2,4,4,4,4,4,4,4,4,4,4,4,4,4,8,8,8,8,8,8,8,8];4;true;true;2;2;128;[2];0.2265625;4.4137931034482758
128;128.2134;4;29;[1,1,1,1,2,2,2,2,4,4,4,4,4,4,4,4,4,4,4,4,4,8,8,8,8,8,8,8,8];4;true;true;2;2;128;[2];0.2265625;4.4137931034482758
128;128.2135;4;29;[1,1,1,1,2,2,2,2,4,4,4,4,4,4,4,4,4,4,4,4,4,8,8,8,8,8,8,8,8];4;true;true;2;2;128;[2];0.2265625;4.4137931034482758
128;128.2136;128;128;[1,1,1,1,1,1,1,1,1,1,1,1,1,1,1,1,1,1,1,1,1,1,1,1,1,1,1,1,1,1,1,1,1,1,1,1,1,1,1,1,1,1,1,1,1,1,1,1,1,1,1,1,1,1,1,1,1,1,1,1,1,1,1,1,1,1,1,1,1,1,1,1,1,1,1,1,1,1,1,1,1,1,1,1,1,1,1,1,1,1,1,1,1,1,1,1,1,1,1,1,1,1,1,1,1,1,1,1,1,1,1,1,1,1,1,1,1,1,1,1,1,1,1,1,1,1,1,1];1;true;true;1;1;128;[2];1.;1.
128;128.2137;32;80;[1,1,1,1,1,1,1,1,1,1,1,1,1,1,1,1,1,1,1,1,1,1,1,1,1,1,1,1,1,1,1,1,2,2,2,2,2,2,2,2,2,2,2,2,2,2,2,2,2,2,2,2,2,2,2,2,2,2,2,2,2,2,2,2,2,2,2,2,2,2,2,2,2,2,2,2,2,2,2,2];2;true;true;2;2;128;[2];0.625;1.6000000000000001
128;128.2138;32;80;[1,1,1,1,1,1,1,1,1,1,1,1,1,1,1,1,1,1,1,1,1,1,1,1,1,1,1,1,1,1,1,1,2,2,2,2,2,2,2,2,2,2,2,2,2,2,2,2,2,2,2,2,2,2,2,2,2,2,2,2,2,2,2,2,2,2,2,2,2,2,2,2,2,2,2,2,2,2,2,2];2;true;true;2;2;128;[2];0.625;1.6000000000000001
128;128.2139;8;68;[1,1,1,1,1,1,1,1,2,2,2,2,2,2,2,2,2,2,2,2,2,2,2,2,2,2,2,2,2,2,2,2,2,2,2,2,2,2,2,2,2,2,2,2,2,2,2,2,2,2,2,2,2,2,2,2,2,2,2,2,2,2,2,2,2,2,2,2];2;true;true;2;2;128;[2];0.53125;1.8823529411764706
128;128.2140;8;44;[1,1,1,1,1,1,1,1,2,2,2,2,2,2,2,2,2,2,2,2,2,2,2,2,2,2,2,2,2,2,2,2,2,2,2,2,8,8,8,8,8,8,8,8];3;true;true;2;2;128;[2];0.34375;2.9090909090909092
128;128.2141;8;44;[1,1,1,1,1,1,1,1,2,2,2,2,2,2,2,2,2,2,2,2,2,2,2,2,2,2,2,2,2,2,2,2,2,2,2,2,8,8,8,8,8,8,8,8];3;true;true;2;2;128;[2];0.34375;2.9090909090909092
128;128.2142;8;44;[1,1,1,1,1,1,1,1,2,2,2,2,2,2,2,2,2,2,2,2,2,2,2,2,2,2,2,2,2,2,2,2,2,2,2,2,8,8,8,8,8,8,8,8];3;true;true;2;2;128;[2];0.34375;2.9090909090909092
128;128.2143;8;44;[1,1,1,1,1,1,1,1,2,2,2,2,2,2,2,2,2,2,2,2,2,2,2,2,2,2,2,2,2,2,2,2,2,2,2,2,8,8,8,8,8,8,8,8];3;true;true;2;2;128;[2];0.34375;2.9090909090909092
128;128.2144;4;32;[1,1,1,1,2,2,2,2,2,2,2,2,2,2,4,4,4,4,4,4,4,4,4,4,8,8,8,8,8,8,8,8];4;true;true;2;2;128;[2];0.25;4.
128;128.2145;4;32;[1,1,1,1,2,2,2,2,2,2,2,2,2,2,4,4,4,4,4,4,4,4,4,4,8,8,8,8,8,8,8,8];4;true;true;2;2;128;[2];0.25;4.
128;128.2146;4;32;[1,1,1,1,2,2,2,2,2,2,2,2,2,2,4,4,4,4,4,4,4,4,4,4,8,8,8,8,8,8,8,8];4;true;true;2;2;128;[2];0.25;4.
128;128.2147;2;32;[1,1,2,2,2,2,2,2,2,2,2,2,2,2,2,4,4,4,4,4,4,4,4,4,8,8,8,8,8,8,8,8];4;true;true;2;2;128;[2];0.25;4.
128;128.2148;2;32;[1,1,2,2,2,2,2,2,2,2,2,2,2,2,2,4,4,4,4,4,4,4,4,4,8,8,8,8,8,8,8,8];4;true;true;2;2;128;[2];0.25;4.
128;128.2149;2;32;[1,1,2,2,2,2,2,2,2,2,2,2,2,2,2,4,4,4,4,4,4,4,4,4,8,8,8,8,8,8,8,8];4;true;true;2;2;128;[2];0.25;4.
128;128.2150;128;128;[1,1,1,1,1,1,1,1,1,1,1,1,1,1,1,1,1,1,1,1,1,1,1,1,1,1,1,1,1,1,1,1,1,1,1,1,1,1,1,1,1,1,1,1,1,1,1,1,1,1,1,1,1,1,1,1,1,1,1,1,1,1,1,1,1,1,1,1,1,1,1,1,1,1,1,1,1,1,1,1,1,1,1,1,1,1,1,1,1,1,1,1,1,1,1,1,1,1,1,1,1,1,1,1,1,1,1,1,1,1,1,1,1,1,1,1,1,1,1,1,1,1,1,1,1,1,1,1];1;true;true;1;1;128;[2];1.;1.
128;128.2151;32;80;[1,1,1,1,1,1,1,1,1,1,1,1,1,1,1,1,1,1,1,1,1,1,1,1,1,1,1,1,1,1,1,1,2,2,2,2,2,2,2,2,2,2,2,2,2,2,2,2,2,2,2,2,2,2,2,2,2,2,2,2,2,2,2,2,2,2,2,2,2,2,2,2,2,2,2,2,2,2,2,2];2;true;true;2;2;128;[2];0.625;1.6000000000000001
128;128.2152;32;80;[1,1,1,1,1,1,1,1,1,1,1,1,1,1,1,1,1,1,1,1,1,1,1,1,1,1,1,1,1,1,1,1,2,2,2,2,2,2,2,2,2,2,2,2,2,2,2,2,2,2,2,2,2,2,2,2,2,2,2,2,2,2,2,2,2,2,2,2,2,2,2,2,2,2,2,2,2,2,2,2];2;true;true;2;2;128;[2];0.625;1.6000000000000001
128;128.2153;32;80;[1,1,1,1,1,1,1,1,1,1,1,1,1,1,1,1,1,1,1,1,1,1,1,1,1,1,1,1,1,1,1,1,2,2,2,2,2,2,2,2,2,2,2,2,2,2,2,2,2,2,2,2,2,2,2,2,2,2,2,2,2,2,2,2,2,2,2,2,2,2,2,2,2,2,2,2,2,2,2,2];2;true;true;2;2;128;[2];0.625;1.6000000000000001
128;128.2154;32;80;[1,1,1,1,1,1,1,1,1,1,1,1,1,1,1,1,1,1,1,1,1,1,1,1,1,1,1,1,1,1,1,1,2,2,2,2,2,2,2,2,2,2,2,2,2,2,2,2,2,2,2,2,2,2,2,2,2,2,2,2,2,2,2,2,2,2,2,2,2,2,2,2,2,2,2,2,2,2,2,2];2;true;true;2;2;128;[2];0.625;1.6000000000000001
128;128.2155;32;80;[1,1,1,1,1,1,1,1,1,1,1,1,1,1,1,1,1,1,1,1,1,1,1,1,1,1,1,1,1,1,1,1,2,2,2,2,2,2,2,2,2,2,2,2,2,2,2,2,2,2,2,2,2,2,2,2,2,2,2,2,2,2,2,2,2,2,2,2,2,2,2,2,2,2,2,2,2,2,2,2];2;true;true;2;2;128;[2];0.625;1.6000000000000001
128;128.2156;32;80;[1,1,1,1,1,1,1,1,1,1,1,1,1,1,1,1,1,1,1,1,1,1,1,1,1,1,1,1,1,1,1,1,2,2,2,2,2,2,2,2,2,2,2,2,2,2,2,2,2,2,2,2,2,2,2,2,2,2,2,2,2,2,2,2,2,2,2,2,2,2,2,2,2,2,2,2,2,2,2,2];2;true;true;2;2;128;[2];0.625;1.6000000000000001
128;128.2157;8;68;[1,1,1,1,1,1,1,1,2,2,2,2,2,2,2,2,2,2,2,2,2,2,2,2,2,2,2,2,2,2,2,2,2,2,2,2,2,2,2,2,2,2,2,2,2,2,2,2,2,2,2,2,2,2,2,2,2,2,2,2,2,2,2,2,2,2,2,2];2;true;true;2;2;128;[2];0.53125;1.8823529411764706
128;128.2158;8;68;[1,1,1,1,1,1,1,1,2,2,2,2,2,2,2,2,2,2,2,2,2,2,2,2,2,2,2,2,2,2,2,2,2,2,2,2,2,2,2,2,2,2,2,2,2,2,2,2,2,2,2,2,2,2,2,2,2,2,2,2,2,2,2,2,2,2,2,2];2;true;true;2;2;128;[2];0.53125;1.8823529411764706
128;128.2159;8;68;[1,1,1,1,1,1,1,1,2,2,2,2,2,2,2,2,2,2,2,2,2,2,2,2,2,2,2,2,2,2,2,2,2,2,2,2,2,2,2,2,2,2,2,2,2,2,2,2,2,2,2,2,2,2,2,2,2,2,2,2,2,2,2,2,2,2,2,2];2;true;true;2;2;128;[2];0.53125;1.8823529411764706
128;128.2160;8;68;[1,1,1,1,1,1,1,1,2,2,2,2,2,2,2,2,2,2,2,2,2,2,2,2,2,2,2,2,2,2,2,2,2,2,2,2,2,2,2,2,2,2,2,2,2,2,2,2,2,2,2,2,2,2,2,2,2,2,2,2,2,2,2,2,2,2,2,2];2;true;true;2;2;128;[2];0.53125;1.8823529411764706
128;128.2161;8;68;[1,1,1,1,1,1,1,1,2,2,2,2,2,2,2,2,2,2,2,2,2,2,2,2,2,2,2,2,2,2,2,2,2,2,2,2,2,2,2,2,2,2,2,2,2,2,2,2,2,2,2,2,2,2,2,2,2,2,2,2,2,2,2,2,2,2,2,2];2;true;true;2;2;128;[2];0.53125;1.8823529411764706
128;128.2162;8;68;[1,1,1,1,1,1,1,1,2,2,2,2,2,2,2,2,2,2,2,2,2,2,2,2,2,2,2,2,2,2,2,2,2,2,2,2,2,2,2,2,2,2,2,2,2,2,2,2,2,2,2,2,2,2,2,2,2,2,2,2,2,2,2,2,2,2,2,2];2;true;true;2;2;128;[2];0.53125;1.8823529411764706
128;128.2163;16;56;[1,1,1,1,1,1,1,1,1,1,1,1,1,1,1,1,2,2,2,2,2,2,2,2,2,2,2,2,2,2,2,2,2,2,2,2,2,2,2,2,4,4,4,4,4,4,4,4,4,4,4,4,4,4,4,4];3;true;true;2;2;128;[2];0.4375;2.2857142857142856
128;128.2164;16;56;[1,1,1,1,1,1,1,1,1,1,1,1,1,1,1,1,2,2,2,2,2,2,2,2,2,2,2,2,2,2,2,2,2,2,2,2,2,2,2,2,4,4,4,4,4,4,4,4,4,4,4,4,4,4,4,4];3;true;true;2;2;128;[2];0.4375;2.2857142857142856
128;128.2165;16;56;[1,1,1,1,1,1,1,1,1,1,1,1,1,1,1,1,2,2,2,2,2,2,2,2,2,2,2,2,2,2,2,2,2,2,2,2,2,2,2,2,4,4,4,4,4,4,4,4,4,4,4,4,4,4,4,4];3;true;true;2;2;128;[2];0.4375;2.2857142857142856
128;128.2166;16;56;[1,1,1,1,1,1,1,1,1,1,1,1,1,1,1,1,2,2,2,2,2,2,2,2,2,2,2,2,2,2,2,2,2,2,2,2,2,2,2,2,4,4,4,4,4,4,4,4,4,4,4,4,4,4,4,4];3;true;true;2;2;128;[2];0.4375;2.2857142857142856
128;128.2167;16;56;[1,1,1,1,1,1,1,1,1,1,1,1,1,1,1,1,2,2,2,2,2,2,2,2,2,2,2,2,2,2,2,2,2,2,2,2,2,2,2,2,4,4,4,4,4,4,4,4,4,4,4,4,4,4,4,4];3;true;true;2;2;128;[2];0.4375;2.2857142857142856
128;128.2168;16;56;[1,1,1,1,1,1,1,1,1,1,1,1,1,1,1,1,2,2,2,2,2,2,2,2,2,2,2,2,2,2,2,2,2,2,2,2,2,2,2,2,4,4,4,4,4,4,4,4,4,4,4,4,4,4,4,4];3;true;true;2;2;128;[2];0.4375;2.2857142857142856
128;128.2169;16;56;[1,1,1,1,1,1,1,1,1,1,1,1,1,1,1,1,2,2,2,2,2,2,2,2,2,2,2,2,2,2,2,2,2,2,2,2,2,2,2,2,4,4,4,4,4,4,4,4,4,4,4,4,4,4,4,4];3;true;true;2;2;128;[2];0.4375;2.2857142857142856
128;128.2170;16;56;[1,1,1,1,1,1,1,1,1,1,1,1,1,1,1,1,2,2,2,2,2,2,2,2,2,2,2,2,2,2,2,2,2,2,2,2,2,2,2,2,4,4,4,4,4,4,4,4,4,4,4,4,4,4,4,4];3;true;true;2;2;128;[2];0.4375;2.2857142857142856
128;128.2171;16;56;[1,1,1,1,1,1,1,1,1,1,1,1,1,1,1,1,2,2,2,2,2,2,2,2,2,2,2,2,2,2,2,2,2,2,2,2,2,2,2,2,4,4,4,4,4,4,4,4,4,4,4,4,4,4,4,4];3;true;true;2;2;128;[2];0.4375;2.2857142857142856
128;128.2172;16;56;[1,1,1,1,1,1,1,1,1,1,1,1,1,1,1,1,2,2,2,2,2,2,2,2,2,2,2,2,2,2,2,2,2,2,2,2,2,2,2,2,4,4,4,4,4,4,4,4,4,4,4,4,4,4,4,4];3;true;true;2;2;128;[2];0.4375;2.2857142857142856
128;128.2173;16;56;[1,1,1,1,1,1,1,1,1,1,1,1,1,1,1,1,2,2,2,2,2,2,2,2,2,2,2,2,2,2,2,2,2,2,2,2,2,2,2,2,4,4,4,4,4,4,4,4,4,4,4,4,4,4,4,4];3;true;true;2;2;128;[2];0.4375;2.2857142857142856
128;128.2174;16;56;[1,1,1,1,1,1,1,1,1,1,1,1,1,1,1,1,2,2,2,2,2,2,2,2,2,2,2,2,2,2,2,2,2,2,2,2,2,2,2,2,4,4,4,4,4,4,4,4,4,4,4,4,4,4,4,4];3;true;true;2;2;128;[2];0.4375;2.2857142857142856
128;128.2175;16;56;[1,1,1,1,1,1,1,1,1,1,1,1,1,1,1,1,2,2,2,2,2,2,2,2,2,2,2,2,2,2,2,2,2,2,2,2,2,2,2,2,4,4,4,4,4,4,4,4,4,4,4,4,4,4,4,4];3;true;true;2;2;128;[2];0.4375;2.2857142857142856
128;128.2176;16;56;[1,1,1,1,1,1,1,1,1,1,1,1,1,1,1,1,2,2,2,2,2,2,2,2,2,2,2,2,2,2,2,2,2,2,2,2,2,2,2,2,4,4,4,4,4,4,4,4,4,4,4,4,4,4,4,4];3;true;true;2;2;128;[2];0.4375;2.2857142857142856
128;128.2177;8;44;[1,1,1,1,1,1,1,1,2,2,2,2,2,2,2,2,2,2,2,2,4,4,4,4,4,4,4,4,4,4,4,4,4,4,4,4,4,4,4,4,4,4,4,4];3;true;true;2;2;128;[2];0.34375;2.9090909090909092
128;128.2178;8;44;[1,1,1,1,1,1,1,1,2,2,2,2,2,2,2,2,2,2,2,2,4,4,4,4,4,4,4,4,4,4,4,4,4,4,4,4,4,4,4,4,4,4,4,4];3;true;true;2;2;128;[2];0.34375;2.9090909090909092
128;128.2179;8;44;[1,1,1,1,1,1,1,1,2,2,2,2,2,2,2,2,2,2,2,2,4,4,4,4,4,4,4,4,4,4,4,4,4,4,4,4,4,4,4,4,4,4,4,4];3;true;true;2;2;128;[2];0.34375;2.9090909090909092
128;128.2180;8;44;[1,1,1,1,1,1,1,1,2,2,2,2,2,2,2,2,2,2,2,2,4,4,4,4,4,4,4,4,4,4,4,4,4,4,4,4,4,4,4,4,4,4,4,4];3;true;true;2;2;128;[2];0.34375;2.9090909090909092
128;128.2181;8;44;[1,1,1,1,1,1,1,1,2,2,2,2,2,2,2,2,2,2,2,2,4,4,4,4,4,4,4,4,4,4,4,4,4,4,4,4,4,4,4,4,4,4,4,4];3;true;true;2;2;128;[2];0.34375;2.9090909090909092
128;128.2182;8;44;[1,1,1,1,1,1,1,1,2,2,2,2,2,2,2,2,2,2,2,2,4,4,4,4,4,4,4,4,4,4,4,4,4,4,4,4,4,4,4,4,4,4,4,4];3;true;true;2;2;128;[2];0.34375;2.9090909090909092
128;128.2183;8;44;[1,1,1,1,1,1,1,1,2,2,2,2,2,2,2,2,2,2,2,2,4,4,4,4,4,4,4,4,4,4,4,4,4,4,4,4,4,4,4,4,4,4,4,4];3;true;true;2;2;128;[2];0.34375;2.9090909090909092
128;128.2184;8;44;[1,1,1,1,1,1,1,1,2,2,2,2,2,2,2,2,2,2,2,2,4,4,4,4,4,4,4,4,4,4,4,4,4,4,4,4,4,4,4,4,4,4,4,4];3;true;true;2;2;128;[2];0.34375;2.9090909090909092
128;128.2185;8;44;[1,1,1,1,1,1,1,1,2,2,2,2,2,2,2,2,2,2,2,2,4,4,4,4,4,4,4,4,4,4,4,4,4,4,4,4,4,4,4,4,4,4,4,4];3;true;true;2;2;128;[2];0.34375;2.9090909090909092
128;128.2186;8;44;[1,1,1,1,1,1,1,1,2,2,2,2,2,2,2,2,2,2,2,2,4,4,4,4,4,4,4,4,4,4,4,4,4,4,4,4,4,4,4,4,4,4,4,4];3;true;true;2;2;128;[2];0.34375;2.9090909090909092
128;128.2187;8;44;[1,1,1,1,1,1,1,1,2,2,2,2,2,2,2,2,2,2,2,2,4,4,4,4,4,4,4,4,4,4,4,4,4,4,4,4,4,4,4,4,4,4,4,4];3;true;true;2;2;128;[2];0.34375;2.9090909090909092
128;128.2188;8;44;[1,1,1,1,1,1,1,1,2,2,2,2,2,2,2,2,2,2,2,2,4,4,4,4,4,4,4,4,4,4,4,4,4,4,4,4,4,4,4,4,4,4,4,4];3;true;true;2;2;128;[2];0.34375;2.9090909090909092
128;128.2189;8;44;[1,1,1,1,1,1,1,1,2,2,2,2,2,2,2,2,2,2,2,2,4,4,4,4,4,4,4,4,4,4,4,4,4,4,4,4,4,4,4,4,4,4,4,4];3;true;true;2;2;128;[2];0.34375;2.9090909090909092
128;128.2190;8;44;[1,1,1,1,1,1,1,1,2,2,2,2,2,2,2,2,2,2,2,2,4,4,4,4,4,4,4,4,4,4,4,4,4,4,4,4,4,4,4,4,4,4,4,4];3;true;true;2;2;128;[2];0.34375;2.9090909090909092
128;128.2191;8;44;[1,1,1,1,1,1,1,1,2,2,2,2,2,2,2,2,2,2,2,2,4,4,4,4,4,4,4,4,4,4,4,4,4,4,4,4,4,4,4,4,4,4,4,4];3;true;true;2;2;128;[2];0.34375;2.9090909090909092
128;128.2192;8;44;[1,1,1,1,1,1,1,1,2,2,2,2,2,2,2,2,2,2,2,2,4,4,4,4,4,4,4,4,4,4,4,4,4,4,4,4,4,4,4,4,4,4,4,4];3;true;true;2;2;128;[2];0.34375;2.9090909090909092
128;128.2193;8;44;[1,1,1,1,1,1,1,1,2,2,2,2,2,2,2,2,2,2,2,2,4,4,4,4,4,4,4,4,4,4,4,4,4,4,4,4,4,4,4,4,4,4,4,4];3;true;true;2;2;128;[2];0.34375;2.9090909090909092
128;128.2194;8;50;[1,1,1,1,1,1,1,1,2,2,2,2,2,2,2,2,2,2,2,2,2,2,2,2,2,2,2,2,2,2,2,2,4,4,4,4,4,4,4,4,4,4,4,4,4,4,4,4,4,4];3;true;true;2;2;128;[2];0.390625;2.5600000000000001
128;128.2195;8;50;[1,1,1,1,1,1,1,1,2,2,2,2,2,2,2,2,2,2,2,2,2,2,2,2,2,2,2,2,2,2,2,2,4,4,4,4,4,4,4,4,4,4,4,4,4,4,4,4,4,4];3;true;true;2;2;128;[2];0.390625;2.5600000000000001
128;128.2196;8;50;[1,1,1,1,1,1,1,1,2,2,2,2,2,2,2,2,2,2,2,2,2,2,2,2,2,2,2,2,2,2,2,2,4,4,4,4,4,4,4,4,4,4,4,4,4,4,4,4,4,4];3;true;true;2;2;128;[2];0.390625;2.5600000000000001
128;128.2197;8;50;[1,1,1,1,1,1,1,1,2,2,2,2,2,2,2,2,2,2,2,2,2,2,2,2,2,2,2,2,2,2,2,2,4,4,4,4,4,4,4,4,4,4,4,4,4,4,4,4,4,4];3;true;true;2;2;128;[2];0.390625;2.5600000000000001
128;128.2198;8;50;[1,1,1,1,1,1,1,1,2,2,2,2,2,2,2,2,2,2,2,2,2,2,2,2,2,2,2,2,2,2,2,2,4,4,4,4,4,4,4,4,4,4,4,4,4,4,4,4,4,4];3;true;true;2;2;128;[2];0.390625;2.5600000000000001
128;128.2199;8;50;[1,1,1,1,1,1,1,1,2,2,2,2,2,2,2,2,2,2,2,2,2,2,2,2,2,2,2,2,2,2,2,2,4,4,4,4,4,4,4,4,4,4,4,4,4,4,4,4,4,4];3;true;true;2;2;128;[2];0.390625;2.5600000000000001
128;128.2200;8;50;[1,1,1,1,1,1,1,1,2,2,2,2,2,2,2,2,2,2,2,2,2,2,2,2,2,2,2,2,2,2,2,2,4,4,4,4,4,4,4,4,4,4,4,4,4,4,4,4,4,4];3;true;true;2;2;128;[2];0.390625;2.5600000000000001
128;128.2201;8;50;[1,1,1,1,1,1,1,1,2,2,2,2,2,2,2,2,2,2,2,2,2,2,2,2,2,2,2,2,2,2,2,2,4,4,4,4,4,4,4,4,4,4,4,4,4,4,4,4,4,4];3;true;true;2;2;128;[2];0.390625;2.5600000000000001
128;128.2202;8;50;[1,1,1,1,1,1,1,1,2,2,2,2,2,2,2,2,2,2,2,2,2,2,2,2,2,2,2,2,2,2,2,2,4,4,4,4,4,4,4,4,4,4,4,4,4,4,4,4,4,4];3;true;true;2;2;128;[2];0.390625;2.5600000000000001
128;128.2203;8;50;[1,1,1,1,1,1,1,1,2,2,2,2,2,2,2,2,2,2,2,2,2,2,2,2,2,2,2,2,2,2,2,2,4,4,4,4,4,4,4,4,4,4,4,4,4,4,4,4,4,4];3;true;true;2;2;128;[2];0.390625;2.5600000000000001
128;128.2204;8;50;[1,1,1,1,1,1,1,1,2,2,2,2,2,2,2,2,2,2,2,2,2,2,2,2,2,2,2,2,2,2,2,2,4,4,4,4,4,4,4,4,4,4,4,4,4,4,4,4,4,4];3;true;true;2;2;128;[2];0.390625;2.5600000000000001
128;128.2205;8;50;[1,1,1,1,1,1,1,1,2,2,2,2,2,2,2,2,2,2,2,2,2,2,2,2,2,2,2,2,2,2,2,2,4,4,4,4,4,4,4,4,4,4,4,4,4,4,4,4,4,4];3;true;true;2;2;128;[2];0.390625;2.5600000000000001
128;128.2206;8;50;[1,1,1,1,1,1,1,1,2,2,2,2,2,2,2,2,2,2,2,2,2,2,2,2,2,2,2,2,2,2,2,2,4,4,4,4,4,4,4,4,4,4,4,4,4,4,4,4,4,4];3;true;true;2;2;128;[2];0.390625;2.5600000000000001
128;128.2207;8;50;[1,1,1,1,1,1,1,1,2,2,2,2,2,2,2,2,2,2,2,2,2,2,2,2,2,2,2,2,2,2,2,2,4,4,4,4,4,4,4,4,4,4,4,4,4,4,4,4,4,4];3;true;true;2;2;128;[2];0.390625;2.5600000000000001
128;128.2208;8;50;[1,1,1,1,1,1,1,1,2,2,2,2,2,2,2,2,2,2,2,2,2,2,2,2,2,2,2,2,2,2,2,2,4,4,4,4,4,4,4,4,4,4,4,4,4,4,4,4,4,4];3;true;true;2;2;128;[2];0.390625;2.5600000000000001
128;128.2209;8;50;[1,1,1,1,1,1,1,1,2,2,2,2,2,2,2,2,2,2,2,2,2,2,2,2,2,2,2,2,2,2,2,2,4,4,4,4,4,4,4,4,4,4,4,4,4,4,4,4,4,4];3;true;true;2;2;128;[2];0.390625;2.5600000000000001
128;128.2210;8;50;[1,1,1,1,1,1,1,1,2,2,2,2,2,2,2,2,2,2,2,2,2,2,2,2,2,2,2,2,2,2,2,2,4,4,4,4,4,4,4,4,4,4,4,4,4,4,4,4,4,4];3;true;true;2;2;128;[2];0.390625;2.5600000000000001
128;128.2211;8;50;[1,1,1,1,1,1,1,1,2,2,2,2,2,2,2,2,2,2,2,2,2,2,2,2,2,2,2,2,2,2,2,2,4,4,4,4,4,4,4,4,4,4,4,4,4,4,4,4,4,4];3;true;true;2;2;128;[2];0.390625;2.5600000000000001
128;128.2212;8;50;[1,1,1,1,1,1,1,1,2,2,2,2,2,2,2,2,2,2,2,2,2,2,2,2,2,2,2,2,2,2,2,2,4,4,4,4,4,4,4,4,4,4,4,4,4,4,4,4,4,4];3;true;true;2;2;128;[2];0.390625;2.5600000000000001
128;128.2213;8;50;[1,1,1,1,1,1,1,1,2,2,2,2,2,2,2,2,2,2,2,2,2,2,2,2,2,2,2,2,2,2,2,2,4,4,4,4,4,4,4,4,4,4,4,4,4,4,4,4,4,4];3;true;true;2;2;128;[2];0.390625;2.5600000000000001
128;128.2214;8;50;[1,1,1,1,1,1,1,1,2,2,2,2,2,2,2,2,2,2,2,2,2,2,2,2,2,2,2,2,2,2,2,2,4,4,4,4,4,4,4,4,4,4,4,4,4,4,4,4,4,4];3;true;true;2;2;128;[2];0.390625;2.5600000000000001
128;128.2215;8;50;[1,1,1,1,1,1,1,1,2,2,2,2,2,2,2,2,2,2,2,2,2,2,2,2,2,2,2,2,2,2,2,2,4,4,4,4,4,4,4,4,4,4,4,4,4,4,4,4,4,4];3;true;true;2;2;128;[2];0.390625;2.5600000000000001
128;128.2216;4;44;[1,1,1,1,2,2,2,2,2,2,2,2,2,2,2,2,2,2,2,2,2,2,4,4,4,4,4,4,4,4,4,4,4,4,4,4,4,4,4,4,4,4,4,4];3;true;true;2;2;128;[2];0.34375;2.9090909090909092
128;128.2217;4;44;[1,1,1,1,2,2,2,2,2,2,2,2,2,2,2,2,2,2,2,2,2,2,4,4,4,4,4,4,4,4,4,4,4,4,4,4,4,4,4,4,4,4,4,4];3;true;true;2;2;128;[2];0.34375;2.9090909090909092
128;128.2218;4;44;[1,1,1,1,2,2,2,2,2,2,2,2,2,2,2,2,2,2,2,2,2,2,4,4,4,4,4,4,4,4,4,4,4,4,4,4,4,4,4,4,4,4,4,4];3;true;true;2;2;128;[2];0.34375;2.9090909090909092
128;128.2219;4;44;[1,1,1,1,2,2,2,2,2,2,2,2,2,2,2,2,2,2,2,2,2,2,4,4,4,4,4,4,4,4,4,4,4,4,4,4,4,4,4,4,4,4,4,4];3;true;true;2;2;128;[2];0.34375;2.9090909090909092
128;128.2220;4;44;[1,1,1,1,2,2,2,2,2,2,2,2,2,2,2,2,2,2,2,2,2,2,4,4,4,4,4,4,4,4,4,4,4,4,4,4,4,4,4,4,4,4,4,4];3;true;true;2;2;128;[2];0.34375;2.9090909090909092
128;128.2221;4;44;[1,1,1,1,2,2,2,2,2,2,2,2,2,2,2,2,2,2,2,2,2,2,4,4,4,4,4,4,4,4,4,4,4,4,4,4,4,4,4,4,4,4,4,4];3;true;true;2;2;128;[2];0.34375;2.9090909090909092
128;128.2222;4;44;[1,1,1,1,2,2,2,2,2,2,2,2,2,2,2,2,2,2,2,2,2,2,4,4,4,4,4,4,4,4,4,4,4,4,4,4,4,4,4,4,4,4,4,4];3;true;true;2;2;128;[2];0.34375;2.9090909090909092
128;128.2223;4;44;[1,1,1,1,2,2,2,2,2,2,2,2,2,2,2,2,2,2,2,2,2,2,4,4,4,4,4,4,4,4,4,4,4,4,4,4,4,4,4,4,4,4,4,4];3;true;true;2;2;128;[2];0.34375;2.9090909090909092
128;128.2224;4;44;[1,1,1,1,2,2,2,2,2,2,2,2,2,2,2,2,2,2,2,2,2,2,4,4,4,4,4,4,4,4,4,4,4,4,4,4,4,4,4,4,4,4,4,4];3;true;true;2;2;128;[2];0.34375;2.9090909090909092
128;128.2225;4;44;[1,1,1,1,2,2,2,2,2,2,2,2,2,2,2,2,2,2,2,2,2,2,4,4,4,4,4,4,4,4,4,4,4,4,4,4,4,4,4,4,4,4,4,4];3;true;true;2;2;128;[2];0.34375;2.9090909090909092
128;128.2226;4;44;[1,1,1,1,2,2,2,2,2,2,2,2,2,2,2,2,2,2,2,2,2,2,4,4,4,4,4,4,4,4,4,4,4,4,4,4,4,4,4,4,4,4,4,4];3;true;true;2;2;128;[2];0.34375;2.9090909090909092
128;128.2227;4;44;[1,1,1,1,2,2,2,2,2,2,2,2,2,2,2,2,2,2,2,2,2,2,4,4,4,4,4,4,4,4,4,4,4,4,4,4,4,4,4,4,4,4,4,4];3;true;true;2;2;128;[2];0.34375;2.9090909090909092
128;128.2228;4;44;[1,1,1,1,2,2,2,2,2,2,2,2,2,2,2,2,2,2,2,2,2,2,4,4,4,4,4,4,4,4,4,4,4,4,4,4,4,4,4,4,4,4,4,4];3;true;true;2;2;128;[2];0.34375;2.9090909090909092
128;128.2229;4;44;[1,1,1,1,2,2,2,2,2,2,2,2,2,2,2,2,2,2,2,2,2,2,4,4,4,4,4,4,4,4,4,4,4,4,4,4,4,4,4,4,4,4,4,4];3;true;true;2;2;128;[2];0.34375;2.9090909090909092
128;128.2230;4;44;[1,1,1,1,2,2,2,2,2,2,2,2,2,2,2,2,2,2,2,2,2,2,4,4,4,4,4,4,4,4,4,4,4,4,4,4,4,4,4,4,4,4,4,4];3;true;true;2;2;128;[2];0.34375;2.9090909090909092
128;128.2231;4;44;[1,1,1,1,2,2,2,2,2,2,2,2,2,2,2,2,2,2,2,2,2,2,4,4,4,4,4,4,4,4,4,4,4,4,4,4,4,4,4,4,4,4,4,4];3;true;true;2;2;128;[2];0.34375;2.9090909090909092
128;128.2232;4;44;[1,1,1,1,2,2,2,2,2,2,2,2,2,2,2,2,2,2,2,2,2,2,4,4,4,4,4,4,4,4,4,4,4,4,4,4,4,4,4,4,4,4,4,4];3;true;true;2;2;128;[2];0.34375;2.9090909090909092
128;128.2233;4;44;[1,1,1,1,2,2,2,2,2,2,2,2,2,2,2,2,2,2,2,2,2,2,4,4,4,4,4,4,4,4,4,4,4,4,4,4,4,4,4,4,4,4,4,4];3;true;true;2;2;128;[2];0.34375;2.9090909090909092
128;128.2234;4;44;[1,1,1,1,2,2,2,2,2,2,2,2,2,2,2,2,2,2,2,2,2,2,4,4,4,4,4,4,4,4,4,4,4,4,4,4,4,4,4,4,4,4,4,4];3;true;true;2;2;128;[2];0.34375;2.9090909090909092
128;128.2235;4;44;[1,1,1,1,2,2,2,2,2,2,2,2,2,2,2,2,2,2,2,2,2,2,4,4,4,4,4,4,4,4,4,4,4,4,4,4,4,4,4,4,4,4,4,4];3;true;true;2;2;128;[2];0.34375;2.9090909090909092
128;128.2236;4;44;[1,1,1,1,2,2,2,2,2,2,2,2,2,2,2,2,2,2,2,2,2,2,4,4,4,4,4,4,4,4,4,4,4,4,4,4,4,4,4,4,4,4,4,4];3;true;true;2;2;128;[2];0.34375;2.9090909090909092
128;128.2237;4;44;[1,1,1,1,2,2,2,2,2,2,2,2,2,2,2,2,2,2,2,2,2,2,4,4,4,4,4,4,4,4,4,4,4,4,4,4,4,4,4,4,4,4,4,4];3;true;true;2;2;128;[2];0.34375;2.9090909090909092
128;128.2238;4;44;[1,1,1,1,2,2,2,2,2,2,2,2,2,2,2,2,2,2,2,2,2,2,4,4,4,4,4,4,4,4,4,4,4,4,4,4,4,4,4,4,4,4,4,4];3;true;true;2;2;128;[2];0.34375;2.9090909090909092
128;128.2239;4;44;[1,1,1,1,2,2,2,2,2,2,2,2,2,2,2,2,2,2,2,2,2,2,4,4,4,4,4,4,4,4,4,4,4,4,4,4,4,4,4,4,4,4,4,4];3;true;true;2;2;128;[2];0.34375;2.9090909090909092
128;128.2240;4;44;[1,1,1,1,2,2,2,2,2,2,2,2,2,2,2,2,2,2,2,2,2,2,4,4,4,4,4,4,4,4,4,4,4,4,4,4,4,4,4,4,4,4,4,4];3;true;true;2;2;128;[2];0.34375;2.9090909090909092
128;128.2241;4;44;[1,1,1,1,2,2,2,2,2,2,2,2,2,2,2,2,2,2,2,2,2,2,4,4,4,4,4,4,4,4,4,4,4,4,4,4,4,4,4,4,4,4,4,4];3;true;true;2;2;128;[2];0.34375;2.9090909090909092
128;128.2242;4;44;[1,1,1,1,2,2,2,2,2,2,2,2,2,2,2,2,2,2,2,2,2,2,4,4,4,4,4,4,4,4,4,4,4,4,4,4,4,4,4,4,4,4,4,4];3;true;true;2;2;128;[2];0.34375;2.9090909090909092
128;128.2243;4;44;[1,1,1,1,2,2,2,2,2,2,2,2,2,2,2,2,2,2,2,2,2,2,4,4,4,4,4,4,4,4,4,4,4,4,4,4,4,4,4,4,4,4,4,4];3;true;true;2;2;128;[2];0.34375;2.9090909090909092
128;128.2244;4;44;[1,1,1,1,2,2,2,2,2,2,2,2,2,2,2,2,2,2,2,2,2,2,4,4,4,4,4,4,4,4,4,4,4,4,4,4,4,4,4,4,4,4,4,4];3;true;true;2;2;128;[2];0.34375;2.9090909090909092
128;128.2245;4;44;[1,1,1,1,2,2,2,2,2,2,2,2,2,2,2,2,2,2,2,2,2,2,4,4,4,4,4,4,4,4,4,4,4,4,4,4,4,4,4,4,4,4,4,4];3;true;true;2;2;128;[2];0.34375;2.9090909090909092
128;128.2246;4;44;[1,1,1,1,2,2,2,2,2,2,2,2,2,2,2,2,2,2,2,2,2,2,4,4,4,4,4,4,4,4,4,4,4,4,4,4,4,4,4,4,4,4,4,4];3;true;true;2;2;128;[2];0.34375;2.9090909090909092
128;128.2247;4;44;[1,1,1,1,2,2,2,2,2,2,2,2,2,2,2,2,2,2,2,2,2,2,4,4,4,4,4,4,4,4,4,4,4,4,4,4,4,4,4,4,4,4,4,4];3;true;true;2;2;128;[2];0.34375;2.9090909090909092
128;128.2248;4;44;[1,1,1,1,2,2,2,2,2,2,2,2,2,2,2,2,2,2,2,2,2,2,4,4,4,4,4,4,4,4,4,4,4,4,4,4,4,4,4,4,4,4,4,4];3;true;true;2;2;128;[2];0.34375;2.9090909090909092
128;128.2249;4;44;[1,1,1,1,2,2,2,2,2,2,2,2,2,2,2,2,2,2,2,2,2,2,4,4,4,4,4,4,4,4,4,4,4,4,4,4,4,4,4,4,4,4,4,4];3;true;true;2;2;128;[2];0.34375;2.9090909090909092
128;128.2250;4;44;[1,1,1,1,2,2,2,2,2,2,2,2,2,2,2,2,2,2,2,2,2,2,4,4,4,4,4,4,4,4,4,4,4,4,4,4,4,4,4,4,4,4,4,4];3;true;true;2;2;128;[2];0.34375;2.9090909090909092
128;128.2251;4;44;[1,1,1,1,2,2,2,2,2,2,2,2,2,2,2,2,2,2,2,2,2,2,4,4,4,4,4,4,4,4,4,4,4,4,4,4,4,4,4,4,4,4,4,4];3;true;true;2;2;128;[2];0.34375;2.9090909090909092
128;128.2252;4;44;[1,1,1,1,2,2,2,2,2,2,2,2,2,2,2,2,2,2,2,2,2,2,4,4,4,4,4,4,4,4,4,4,4,4,4,4,4,4,4,4,4,4,4,4];3;true;true;2;2;128;[2];0.34375;2.9090909090909092
128;128.2253;4;44;[1,1,1,1,2,2,2,2,2,2,2,2,2,2,2,2,2,2,2,2,2,2,4,4,4,4,4,4,4,4,4,4,4,4,4,4,4,4,4,4,4,4,4,4];3;true;true;2;2;128;[2];0.34375;2.9090909090909092
128;128.2254;4;44;[1,1,1,1,2,2,2,2,2,2,2,2,2,2,2,2,2,2,2,2,2,2,4,4,4,4,4,4,4,4,4,4,4,4,4,4,4,4,4,4,4,4,4,4];3;true;true;2;2;128;[2];0.34375;2.9090909090909092
128;128.2255;4;44;[1,1,1,1,2,2,2,2,2,2,2,2,2,2,2,2,2,2,2,2,2,2,4,4,4,4,4,4,4,4,4,4,4,4,4,4,4,4,4,4,4,4,4,4];3;true;true;2;2;128;[2];0.34375;2.9090909090909092
128;128.2256;4;44;[1,1,1,1,2,2,2,2,2,2,2,2,2,2,2,2,2,2,2,2,2,2,4,4,4,4,4,4,4,4,4,4,4,4,4,4,4,4,4,4,4,4,4,4];3;true;true;2;2;128;[2];0.34375;2.9090909090909092
128;128.2257;8;38;[1,1,1,1,1,1,1,1,4,4,4,4,4,4,4,4,4,4,4,4,4,4,4,4,4,4,4,4,4,4,4,4,4,4,4,4,4,4];2;true;true;2;2;128;[2];0.296875;3.3684210526315788
128;128.2258;8;38;[1,1,1,1,1,1,1,1,4,4,4,4,4,4,4,4,4,4,4,4,4,4,4,4,4,4,4,4,4,4,4,4,4,4,4,4,4,4];2;true;true;2;2;128;[2];0.296875;3.3684210526315788
128;128.2259;8;38;[1,1,1,1,1,1,1,1,4,4,4,4,4,4,4,4,4,4,4,4,4,4,4,4,4,4,4,4,4,4,4,4,4,4,4,4,4,4];2;true;true;2;2;128;[2];0.296875;3.3684210526315788
128;128.2260;8;38;[1,1,1,1,1,1,1,1,4,4,4,4,4,4,4,4,4,4,4,4,4,4,4,4,4,4,4,4,4,4,4,4,4,4,4,4,4,4];2;true;true;2;2;128;[2];0.296875;3.3684210526315788
128;128.2261;8;38;[1,1,1,1,1,1,1,1,4,4,4,4,4,4,4,4,4,4,4,4,4,4,4,4,4,4,4,4,4,4,4,4,4,4,4,4,4,4];2;true;true;2;2;128;[2];0.296875;3.3684210526315788
128;128.2262;8;38;[1,1,1,1,1,1,1,1,4,4,4,4,4,4,4,4,4,4,4,4,4,4,4,4,4,4,4,4,4,4,4,4,4,4,4,4,4,4];2;true;true;2;2;128;[2];0.296875;3.3684210526315788
128;128.2263;8;38;[1,1,1,1,1,1,1,1,4,4,4,4,4,4,4,4,4,4,4,4,4,4,4,4,4,4,4,4,4,4,4,4,4,4,4,4,4,4];2;true;true;2;2;128;[2];0.296875;3.3684210526315788
128;128.2264;4;38;[1,1,1,1,2,2,2,2,2,2,4,4,4,4,4,4,4,4,4,4,4,4,4,4,4,4,4,4,4,4,4,4,4,4,4,4,4,4];3;true;true;2;2;128;[2];0.296875;3.3684210526315788
128;128.2265;4;38;[1,1,1,1,2,2,2,2,2,2,4,4,4,4,4,4,4,4,4,4,4,4,4,4,4,4,4,4,4,4,4,4,4,4,4,4,4,4];3;true;true;2;2;128;[2];0.296875;3.3684210526315788
128;128.2266;4;38;[1,1,1,1,2,2,2,2,2,2,4,4,4,4,4,4,4,4,4,4,4,4,4,4,4,4,4,4,4,4,4,4,4,4,4,4,4,4];3;true;true;2;2;128;[2];0.296875;3.3684210526315788
128;128.2267;4;38;[1,1,1,1,2,2,2,2,2,2,4,4,4,4,4,4,4,4,4,4,4,4,4,4,4,4,4,4,4,4,4,4,4,4,4,4,4,4];3;true;true;2;2;128;[2];0.296875;3.3684210526315788
128;128.2268;4;38;[1,1,1,1,2,2,2,2,2,2,4,4,4,4,4,4,4,4,4,4,4,4,4,4,4,4,4,4,4,4,4,4,4,4,4,4,4,4];3;true;true;2;2;128;[2];0.296875;3.3684210526315788
128;128.2269;4;38;[1,1,1,1,2,2,2,2,2,2,4,4,4,4,4,4,4,4,4,4,4,4,4,4,4,4,4,4,4,4,4,4,4,4,4,4,4,4];3;true;true;2;2;128;[2];0.296875;3.3684210526315788
128;128.2270;4;38;[1,1,1,1,2,2,2,2,2,2,4,4,4,4,4,4,4,4,4,4,4,4,4,4,4,4,4,4,4,4,4,4,4,4,4,4,4,4];3;true;true;2;2;128;[2];0.296875;3.3684210526315788
128;128.2271;4;38;[1,1,1,1,2,2,2,2,2,2,4,4,4,4,4,4,4,4,4,4,4,4,4,4,4,4,4,4,4,4,4,4,4,4,4,4,4,4];3;true;true;2;2;128;[2];0.296875;3.3684210526315788
128;128.2272;4;38;[1,1,1,1,2,2,2,2,2,2,4,4,4,4,4,4,4,4,4,4,4,4,4,4,4,4,4,4,4,4,4,4,4,4,4,4,4,4];3;true;true;2;2;128;[2];0.296875;3.3684210526315788
128;128.2273;4;38;[1,1,1,1,2,2,2,2,2,2,4,4,4,4,4,4,4,4,4,4,4,4,4,4,4,4,4,4,4,4,4,4,4,4,4,4,4,4];3;true;true;2;2;128;[2];0.296875;3.3684210526315788
128;128.2274;4;38;[1,1,1,1,2,2,2,2,2,2,4,4,4,4,4,4,4,4,4,4,4,4,4,4,4,4,4,4,4,4,4,4,4,4,4,4,4,4];3;true;true;2;2;128;[2];0.296875;3.3684210526315788
128;128.2275;4;38;[1,1,1,1,2,2,2,2,2,2,4,4,4,4,4,4,4,4,4,4,4,4,4,4,4,4,4,4,4,4,4,4,4,4,4,4,4,4];3;true;true;2;2;128;[2];0.296875;3.3684210526315788
128;128.2276;4;38;[1,1,1,1,2,2,2,2,2,2,4,4,4,4,4,4,4,4,4,4,4,4,4,4,4,4,4,4,4,4,4,4,4,4,4,4,4,4];3;true;true;2;2;128;[2];0.296875;3.3684210526315788
128;128.2277;4;38;[1,1,1,1,2,2,2,2,2,2,4,4,4,4,4,4,4,4,4,4,4,4,4,4,4,4,4,4,4,4,4,4,4,4,4,4,4,4];3;true;true;2;2;128;[2];0.296875;3.3684210526315788
128;128.2278;4;38;[1,1,1,1,2,2,2,2,2,2,4,4,4,4,4,4,4,4,4,4,4,4,4,4,4,4,4,4,4,4,4,4,4,4,4,4,4,4];3;true;true;2;2;128;[2];0.296875;3.3684210526315788
128;128.2279;4;38;[1,1,1,1,2,2,2,2,2,2,4,4,4,4,4,4,4,4,4,4,4,4,4,4,4,4,4,4,4,4,4,4,4,4,4,4,4,4];3;true;true;2;2;128;[2];0.296875;3.3684210526315788
128;128.2280;4;38;[1,1,1,1,2,2,2,2,2,2,4,4,4,4,4,4,4,4,4,4,4,4,4,4,4,4,4,4,4,4,4,4,4,4,4,4,4,4];3;true;true;2;2;128;[2];0.296875;3.3684210526315788
128;128.2281;4;38;[1,1,1,1,2,2,2,2,2,2,4,4,4,4,4,4,4,4,4,4,4,4,4,4,4,4,4,4,4,4,4,4,4,4,4,4,4,4];3;true;true;2;2;128;[2];0.296875;3.3684210526315788
128;128.2282;4;38;[1,1,1,1,2,2,2,2,2,2,4,4,4,4,4,4,4,4,4,4,4,4,4,4,4,4,4,4,4,4,4,4,4,4,4,4,4,4];3;true;true;2;2;128;[2];0.296875;3.3684210526315788
128;128.2283;4;38;[1,1,1,1,2,2,2,2,2,2,4,4,4,4,4,4,4,4,4,4,4,4,4,4,4,4,4,4,4,4,4,4,4,4,4,4,4,4];3;true;true;2;2;128;[2];0.296875;3.3684210526315788
128;128.2284;4;38;[1,1,1,1,2,2,2,2,2,2,4,4,4,4,4,4,4,4,4,4,4,4,4,4,4,4,4,4,4,4,4,4,4,4,4,4,4,4];3;true;true;2;2;128;[2];0.296875;3.3684210526315788
128;128.2285;4;38;[1,1,1,1,2,2,2,2,2,2,4,4,4,4,4,4,4,4,4,4,4,4,4,4,4,4,4,4,4,4,4,4,4,4,4,4,4,4];3;true;true;2;2;128;[2];0.296875;3.3684210526315788
128;128.2286;4;38;[1,1,1,1,2,2,2,2,2,2,4,4,4,4,4,4,4,4,4,4,4,4,4,4,4,4,4,4,4,4,4,4,4,4,4,4,4,4];3;true;true;2;2;128;[2];0.296875;3.3684210526315788
128;128.2287;4;38;[1,1,1,1,2,2,2,2,2,2,4,4,4,4,4,4,4,4,4,4,4,4,4,4,4,4,4,4,4,4,4,4,4,4,4,4,4,4];3;true;true;2;2;128;[2];0.296875;3.3684210526315788
128;128.2288;4;38;[1,1,1,1,2,2,2,2,2,2,4,4,4,4,4,4,4,4,4,4,4,4,4,4,4,4,4,4,4,4,4,4,4,4,4,4,4,4];3;true;true;2;2;128;[2];0.296875;3.3684210526315788
128;128.2289;4;38;[1,1,1,1,2,2,2,2,2,2,4,4,4,4,4,4,4,4,4,4,4,4,4,4,4,4,4,4,4,4,4,4,4,4,4,4,4,4];3;true;true;2;2;128;[2];0.296875;3.3684210526315788
128;128.2290;4;38;[1,1,1,1,2,2,2,2,2,2,4,4,4,4,4,4,4,4,4,4,4,4,4,4,4,4,4,4,4,4,4,4,4,4,4,4,4,4];3;true;true;2;2;128;[2];0.296875;3.3684210526315788
128;128.2291;4;38;[1,1,1,1,2,2,2,2,2,2,4,4,4,4,4,4,4,4,4,4,4,4,4,4,4,4,4,4,4,4,4,4,4,4,4,4,4,4];3;true;true;2;2;128;[2];0.296875;3.3684210526315788
128;128.2292;4;38;[1,1,1,1,2,2,2,2,2,2,4,4,4,4,4,4,4,4,4,4,4,4,4,4,4,4,4,4,4,4,4,4,4,4,4,4,4,4];3;true;true;2;2;128;[2];0.296875;3.3684210526315788
128;128.2293;4;38;[1,1,1,1,2,2,2,2,2,2,4,4,4,4,4,4,4,4,4,4,4,4,4,4,4,4,4,4,4,4,4,4,4,4,4,4,4,4];3;true;true;2;2;128;[2];0.296875;3.3684210526315788
128;128.2294;4;38;[1,1,1,1,2,2,2,2,2,2,4,4,4,4,4,4,4,4,4,4,4,4,4,4,4,4,4,4,4,4,4,4,4,4,4,4,4,4];3;true;true;2;2;128;[2];0.296875;3.3684210526315788
128;128.2295;4;38;[1,1,1,1,2,2,2,2,2,2,4,4,4,4,4,4,4,4,4,4,4,4,4,4,4,4,4,4,4,4,4,4,4,4,4,4,4,4];3;true;true;2;2;128;[2];0.296875;3.3684210526315788
128;128.2296;4;38;[1,1,1,1,2,2,2,2,2,2,4,4,4,4,4,4,4,4,4,4,4,4,4,4,4,4,4,4,4,4,4,4,4,4,4,4,4,4];3;true;true;2;2;128;[2];0.296875;3.3684210526315788
128;128.2297;4;38;[1,1,1,1,2,2,2,2,2,2,4,4,4,4,4,4,4,4,4,4,4,4,4,4,4,4,4,4,4,4,4,4,4,4,4,4,4,4];3;true;true;2;2;128;[2];0.296875;3.3684210526315788
128;128.2298;4;38;[1,1,1,1,2,2,2,2,2,2,4,4,4,4,4,4,4,4,4,4,4,4,4,4,4,4,4,4,4,4,4,4,4,4,4,4,4,4];3;true;true;2;2;128;[2];0.296875;3.3684210526315788
128;128.2299;4;38;[1,1,1,1,2,2,2,2,2,2,4,4,4,4,4,4,4,4,4,4,4,4,4,4,4,4,4,4,4,4,4,4,4,4,4,4,4,4];3;true;true;2;2;128;[2];0.296875;3.3684210526315788
128;128.2300;4;38;[1,1,1,1,2,2,2,2,2,2,4,4,4,4,4,4,4,4,4,4,4,4,4,4,4,4,4,4,4,4,4,4,4,4,4,4,4,4];3;true;true;2;2;128;[2];0.296875;3.3684210526315788
128;128.2301;128;128;[1,1,1,1,1,1,1,1,1,1,1,1,1,1,1,1,1,1,1,1,1,1,1,1,1,1,1,1,1,1,1,1,1,1,1,1,1,1,1,1,1,1,1,1,1,1,1,1,1,1,1,1,1,1,1,1,1,1,1,1,1,1,1,1,1,1,1,1,1,1,1,1,1,1,1,1,1,1,1,1,1,1,1,1,1,1,1,1,1,1,1,1,1,1,1,1,1,1,1,1,1,1,1,1,1,1,1,1,1,1,1,1,1,1,1,1,1,1,1,1,1,1,1,1,1,1,1,1];1;true;true;1;1;128;[2];1.;1.
128;128.2302;32;80;[1,1,1,1,1,1,1,1,1,1,1,1,1,1,1,1,1,1,1,1,1,1,1,1,1,1,1,1,1,1,1,1,2,2,2,2,2,2,2,2,2,2,2,2,2,2,2,2,2,2,2,2,2,2,2,2,2,2,2,2,2,2,2,2,2,2,2,2,2,2,2,2,2,2,2,2,2,2,2,2];2;true;true;2;2;128;[2];0.625;1.6000000000000001
128;128.2303;32;80;[1,1,1,1,1,1,1,1,1,1,1,1,1,1,1,1,1,1,1,1,1,1,1,1,1,1,1,1,1,1,1,1,2,2,2,2,2,2,2,2,2,2,2,2,2,2,2,2,2,2,2,2,2,2,2,2,2,2,2,2,2,2,2,2,2,2,2,2,2,2,2,2,2,2,2,2,2,2,2,2];2;true;true;2;2;128;[2];0.625;1.6000000000000001
128;128.2304;8;68;[1,1,1,1,1,1,1,1,2,2,2,2,2,2,2,2,2,2,2,2,2,2,2,2,2,2,2,2,2,2,2,2,2,2,2,2,2,2,2,2,2,2,2,2,2,2,2,2,2,2,2,2,2,2,2,2,2,2,2,2,2,2,2,2,2,2,2,2];2;true;true;2;2;128;[2];0.53125;1.8823529411764706
128;128.2305;8;68;[1,1,1,1,1,1,1,1,2,2,2,2,2,2,2,2,2,2,2,2,2,2,2,2,2,2,2,2,2,2,2,2,2,2,2,2,2,2,2,2,2,2,2,2,2,2,2,2,2,2,2,2,2,2,2,2,2,2,2,2,2,2,2,2,2,2,2,2];2;true;true;2;2;128;[2];0.53125;1.8823529411764706
128;128.2306;16;56;[1,1,1,1,1,1,1,1,1,1,1,1,1,1,1,1,2,2,2,2,2,2,2,2,2,2,2,2,2,2,2,2,2,2,2,2,2,2,2,2,4,4,4,4,4,4,4,4,4,4,4,4,4,4,4,4];3;true;true;2;2;128;[2];0.4375;2.2857142857142856
128;128.2307;16;56;[1,1,1,1,1,1,1,1,1,1,1,1,1,1,1,1,2,2,2,2,2,2,2,2,2,2,2,2,2,2,2,2,2,2,2,2,2,2,2,2,4,4,4,4,4,4,4,4,4,4,4,4,4,4,4,4];3;true;true;2;2;128;[2];0.4375;2.2857142857142856
128;128.2308;16;56;[1,1,1,1,1,1,1,1,1,1,1,1,1,1,1,1,2,2,2,2,2,2,2,2,2,2,2,2,2,2,2,2,2,2,2,2,2,2,2,2,4,4,4,4,4,4,4,4,4,4,4,4,4,4,4,4];3;true;true;2;2;128;[2];0.4375;2.2857142857142856
128;128.2309;16;56;[1,1,1,1,1,1,1,1,1,1,1,1,1,1,1,1,2,2,2,2,2,2,2,2,2,2,2,2,2,2,2,2,2,2,2,2,2,2,2,2,4,4,4,4,4,4,4,4,4,4,4,4,4,4,4,4];3;true;true;2;2;128;[2];0.4375;2.2857142857142856
128;128.2310;8;44;[1,1,1,1,1,1,1,1,2,2,2,2,2,2,2,2,2,2,2,2,4,4,4,4,4,4,4,4,4,4,4,4,4,4,4,4,4,4,4,4,4,4,4,4];3;true;true;2;2;128;[2];0.34375;2.9090909090909092
128;128.2311;8;44;[1,1,1,1,1,1,1,1,2,2,2,2,2,2,2,2,2,2,2,2,4,4,4,4,4,4,4,4,4,4,4,4,4,4,4,4,4,4,4,4,4,4,4,4];3;true;true;2;2;128;[2];0.34375;2.9090909090909092
128;128.2312;8;44;[1,1,1,1,1,1,1,1,2,2,2,2,2,2,2,2,2,2,2,2,4,4,4,4,4,4,4,4,4,4,4,4,4,4,4,4,4,4,4,4,4,4,4,4];3;true;true;2;2;128;[2];0.34375;2.9090909090909092
128;128.2313;4;44;[1,1,1,1,2,2,2,2,2,2,2,2,2,2,2,2,2,2,2,2,2,2,4,4,4,4,4,4,4,4,4,4,4,4,4,4,4,4,4,4,4,4,4,4];3;true;true;2;2;128;[2];0.34375;2.9090909090909092
128;128.2314;4;44;[1,1,1,1,2,2,2,2,2,2,2,2,2,2,2,2,2,2,2,2,2,2,4,4,4,4,4,4,4,4,4,4,4,4,4,4,4,4,4,4,4,4,4,4];3;true;true;2;2;128;[2];0.34375;2.9090909090909092
128;128.2315;4;44;[1,1,1,1,2,2,2,2,2,2,2,2,2,2,2,2,2,2,2,2,2,2,4,4,4,4,4,4,4,4,4,4,4,4,4,4,4,4,4,4,4,4,4,4];3;true;true;2;2;128;[2];0.34375;2.9090909090909092
128;128.2316;4;44;[1,1,1,1,2,2,2,2,2,2,2,2,2,2,2,2,2,2,2,2,2,2,4,4,4,4,4,4,4,4,4,4,4,4,4,4,4,4,4,4,4,4,4,4];3;true;true;2;2;128;[2];0.34375;2.9090909090909092
128;128.2317;2;41;[1,1,2,2,2,2,2,2,2,2,2,2,2,2,2,2,2,4,4,4,4,4,4,4,4,4,4,4,4,4,4,4,4,4,4,4,4,4,4,4,4];3;true;true;2;2;128;[2];0.3203125;3.1219512195121952
128;128.2318;2;41;[1,1,2,2,2,2,2,2,2,2,2,2,2,2,2,2,2,4,4,4,4,4,4,4,4,4,4,4,4,4,4,4,4,4,4,4,4,4,4,4,4];3;true;true;2;2;128;[2];0.3203125;3.1219512195121952
128;128.2319;128;128;[1,1,1,1,1,1,1,1,1,1,1,1,1,1,1,1,1,1,1,1,1,1,1,1,1,1,1,1,1,1,1,1,1,1,1,1,1,1,1,1,1,1,1,1,1,1,1,1,1,1,1,1,1,1,1,1,1,1,1,1,1,1,1,1,1,1,1,1,1,1,1,1,1,1,1,1,1,1,1,1,1,1,1,1,1,1,1,1,1,1,1,1,1,1,1,1,1,1,1,1,1,1,1,1,1,1,1,1,1,1,1,1,1,1,1,1,1,1,1,1,1,1,1,1,1,1,1,1];1;true;true;1;1;128;[2];1.;1.
128;128.2320;32;80;[1,1,1,1,1,1,1,1,1,1,1,1,1,1,1,1,1,1,1,1,1,1,1,1,1,1,1,1,1,1,1,1,2,2,2,2,2,2,2,2,2,2,2,2,2,2,2,2,2,2,2,2,2,2,2,2,2,2,2,2,2,2,2,2,2,2,2,2,2,2,2,2,2,2,2,2,2,2,2,2];2;true;true;2;2;128;[2];0.625;1.6000000000000001
128;128.2321;32;80;[1,1,1,1,1,1,1,1,1,1,1,1,1,1,1,1,1,1,1,1,1,1,1,1,1,1,1,1,1,1,1,1,2,2,2,2,2,2,2,2,2,2,2,2,2,2,2,2,2,2,2,2,2,2,2,2,2,2,2,2,2,2,2,2,2,2,2,2,2,2,2,2,2,2,2,2,2,2,2,2];2;true;true;2;2;128;[2];0.625;1.6000000000000001
128;128.2322;32;80;[1,1,1,1,1,1,1,1,1,1,1,1,1,1,1,1,1,1,1,1,1,1,1,1,1,1,1,1,1,1,1,1,2,2,2,2,2,2,2,2,2,2,2,2,2,2,2,2,2,2,2,2,2,2,2,2,2,2,2,2,2,2,2,2,2,2,2,2,2,2,2,2,2,2,2,2,2,2,2,2];2;true;true;2;2;128;[2];0.625;1.6000000000000001
128;128.2323;8;68;[1,1,1,1,1,1,1,1,2,2,2,2,2,2,2,2,2,2,2,2,2,2,2,2,2,2,2,2,2,2,2,2,2,2,2,2,2,2,2,2,2,2,2,2,2,2,2,2,2,2,2,2,2,2,2,2,2,2,2,2,2,2,2,2,2,2,2,2];2;true;true;2;2;128;[2];0.53125;1.8823529411764706
128;128.2324;8;68;[1,1,1,1,1,1,1,1,2,2,2,2,2,2,2,2,2,2,2,2,2,2,2,2,2,2,2,2,2,2,2,2,2,2,2,2,2,2,2,2,2,2,2,2,2,2,2,2,2,2,2,2,2,2,2,2,2,2,2,2,2,2,2,2,2,2,2,2];2;true;true;2;2;128;[2];0.53125;1.8823529411764706
128;128.2325;8;68;[1,1,1,1,1,1,1,1,2,2,2,2,2,2,2,2,2,2,2,2,2,2,2,2,2,2,2,2,2,2,2,2,2,2,2,2,2,2,2,2,2,2,2,2,2,2,2,2,2,2,2,2,2,2,2,2,2,2,2,2,2,2,2,2,2,2,2,2];2;true;true;2;2;128;[2];0.53125;1.8823529411764706
128;128.2326;2;65;[1,1,2,2,2,2,2,2,2,2,2,2,2,2,2,2,2,2,2,2,2,2,2,2,2,2,2,2,2,2,2,2,2,2,2,2,2,2,2,2,2,2,2,2,2,2,2,2,2,2,2,2,2,2,2,2,2,2,2,2,2,2,2,2,2];2;true;true;2;2;128;[2];0.5078125;1.9692307692307693
128;128.2327;2;65;[1,1,2,2,2,2,2,2,2,2,2,2,2,2,2,2,2,2,2,2,2,2,2,2,2,2,2,2,2,2,2,2,2,2,2,2,2,2,2,2,2,2,2,2,2,2,2,2,2,2,2,2,2,2,2,2,2,2,2,2,2,2,2,2,2];2;true;true;2;2;128;[2];0.5078125;1.9692307692307693
128;128.2328;128;128;[1,1,1,1,1,1,1,1,1,1,1,1,1,1,1,1,1,1,1,1,1,1,1,1,1,1,1,1,1,1,1,1,1,1,1,1,1,1,1,1,1,1,1,1,1,1,1,1,1,1,1,1,1,1,1,1,1,1,1,1,1,1,1,1,1,1,1,1,1,1,1,1,1,1,1,1,1,1,1,1,1,1,1,1,1,1,1,1,1,1,1,1,1,1,1,1,1,1,1,1,1,1,1,1,1,1,1,1,1,1,1,1,1,1,1,1,1,1,1,1,1,1,1,1,1,1,1,1];1;true;true;1;1;128;[2];1.;1.
129;129.1;1;17;[1,3,3,3,3,3,3,3,3,3,3,3,3,3,3,43,43];3;false;true;2;1;43;[3,43];0.13178294573643412;7.5882352941176467
129;129.2;129;129;[1,1,1,1,1,1,1,1,1,1,1,1,1,1,1,1,1,1,1,1,1,1,1,1,1,1,1,1,1,1,1,1,1,1,1,1,1,1,1,1,1,1,1,1,1,1,1,1,1,1,1,1,1,1,1,1,1,1,1,1,1,1,1,1,1,1,1,1,1,1,1,1,1,1,1,1,1,1,1,1,1,1,1,1,1,1,1,1,1,1,1,1,1,1,1,1,1,1,1,1,1,1,1,1,1,1,1,1,1,1,1,1,1,1,1,1,1,1,1,1,1,1,1,1,1,1,1,1,1];1;true;true;1;1;129;[3,43];1.;1.
130;130.1;13;52;[1,1,1,1,1,1,1,1,1,1,1,1,1,2,2,2,2,2,2,2,2,2,2,2,2,2,2,2,2,2,2,2,2,2,2,2,2,2,2,5,5,5,5,5,5,5,5,5,5,5,5,5];3;false;true;2;1;65;[2,5,13];0.40000000000000002;2.5
130;130.2;5;40;[1,1,1,1,1,2,2,2,2,2,2,2,2,2,2,2,2,2,2,2,2,2,2,2,2,2,2,2,2,2,2,2,2,2,2,13,13,13,13,13];3;false;true;2;1;65;[2,5,13];0.30769230769230771;3.25
130;130.3;1;34;[1,2,2,2,2,2,2,2,2,2,2,2,2,2,2,2,2,2,2,2,2,2,2,2,2,2,2,2,2,2,2,2,2,65];3;false;true;2;1;65;[2,5,13];0.26153846153846155;3.8235294117647056
130;130.4;130;130;[1,1,1,1,1,1,1,1,1,1,1,1,1,1,1,1,1,1,1,1,1,1,1,1,1,1,1,1,1,1,1,1,1,1,1,1,1,1,1,1,1,1,1,1,1,1,1,1,1,1,1,1,1,1,1,1,1,1,1,1,1,1,1,1,1,1,1,1,1,1,1,1,1,1,1,1,1,1,1,1,1,1,1,1,1,1,1,1,1,1,1,1,1,1,1,1,1,1,1,1,1,1,1,1,1,1,1,1,1,1,1,1,1,1,1,1,1,1,1,1,1,1,1,1,1,1,1,1,1,1];1;true;true;1;1;130;[2,5,13];1.;1.
131;131.1;131;131;[1,1,1,1,1,1,1,1,1,1,1,1,1,1,1,1,1,1,1,1,1,1,1,1,1,1,1,1,1,1,1,1,1,1,1,1,1,1,1,1,1,1,1,1,1,1,1,1,1,1,1,1,1,1,1,1,1,1,1,1,1,1,1,1,1,1,1,1,1,1,1,1,1,1,1,1,1,1,1,1,1,1,1,1,1,1,1,1,1,1,1,1,1,1,1,1,1,1,1,1,1,1,1,1,1,1,1,1,1,1,1,1,1,1,1,1,1,1,1,1,1,1,1,1,1,1,1,1,1,1,1];1;true;true;1;1;131;[131];1.;1.
132;132.1;22;66;[1,1,1,1,1,1,1,1,1,1,1,1,1,1,1,1,1,1,1,1,1,1,2,2,2,2,2,2,2,2,2,2,2,2,2,2,2,2,2,2,2,2,2,2,3,3,3,3,3,3,3,3,3,3,3,3,3,3,3,3,3,3,3,3,3,3];3;false;true;2;1;66;[2,3,11];0.5;2.
132;132.2;6;42;[1,1,1,1,1,1,2,2,2,2,2,2,2,2,2,2,2,2,2,2,2,2,2,2,2,2,2,2,2,2,2,2,2,2,2,2,11,11,11,11,11,11];3;false;true;2;1;66;[2,3,11];0.31818181818181818;3.1428571428571428
132;132.3;2;36;[1,1,2,2,2,2,2,2,2,2,2,2,2,2,2,2,2,2,2,2,2,2,2,2,2,2,2,2,2,2,2,2,2,2,33,33];3;false;true;2;1;66;[2,3,11];0.27272727272727271;3.6666666666666665
132;132.4;132;132;[1,1,1,1,1,1,1,1,1,1,1,1,1,1,1,1,1,1,1,1,1,1,1,1,1,1,1,1,1,1,1,1,1,1,1,1,1,1,1,1,1,1,1,1,1,1,1,1,1,1,1,1,1,1,1,1,1,1,1,1,1,1,1,1,1,1,1,1,1,1,1,1,1,1,1,1,1,1,1,1,1,1,1,1,1,1,1,1,1,1,1,1,1,1,1,1,1,1,1,1,1,1,1,1,1,1,1,1,1,1,1,1,1,1,1,1,1,1,1,1,1,1,1,1,1,1,1,1,1,1,1,1];1;true;true;1;1;132;[2,3,11];1.;1.
132;132.5;1;21;[1,2,2,2,2,2,2,3,4,4,4,4,4,6,6,6,6,6,11,22,33];8;false;true;2;1;33;[2,3,11];0.15909090909090909;6.2857142857142856
132;132.6;11;44;[1,1,1,1,1,1,1,1,1,1,1,3,3,3,3,3,3,3,3,3,3,3,4,4,4,4,4,4,4,4,4,4,4,4,4,4,4,4,4,4,4,4,4,4];3;false;true;2;1;44;[2,3,11];0.33333333333333331;3.
132;132.7;6;42;[1,1,1,1,1,1,2,2,2,2,2,2,2,2,2,2,2,2,2,2,2,2,2,2,2,2,2,2,2,2,2,2,2,2,2,2,11,11,11,11,11,11];3;false;true;2;1;66;[2,3,11];0.31818181818181818;3.1428571428571428
132;132.8;22;66;[1,1,1,1,1,1,1,1,1,1,1,1,1,1,1,1,1,1,1,1,1,1,2,2,2,2,2,2,2,2,2,2,2,2,2,2,2,2,2,2,2,2,2,2,3,3,3,3,3,3,3,3,3,3,3,3,3,3,3,3,3,3,3,3,3,3];3;false;true;2;1;66;[2,3,11];0.5;2.
132;132.9;2;36;[1,1,2,2,2,2,2,2,2,2,2,2,2,2,2,2,2,2,2,2,2,2,2,2,2,2,2,2,2,2,2,2,2,2,33,33];3;false;true;2;1;66;[2,3,11];0.27272727272727271;3.6666666666666665
132;132.10;132;132;[1,1,1,1,1,1,1,1,1,1,1,1,1,1,1,1,1,1,1,1,1,1,1,1,1,1,1,1,1,1,1,1,1,1,1,1,1,1,1,1,1,1,1,1,1,1,1,1,1,1,1,1,1,1,1,1,1,1,1,1,1,1,1,1,1,1,1,1,1,1,1,1,1,1,1,1,1,1,1,1,1,1,1,1,1,1,1,1,1,1,1,1,1,1,1,1,1,1,1,1,1,1,1,1,1,1,1,1,1,1,1,1,1,1,1,1,1,1,1,1,1,1,1,1,1,1,1,1,1,1,1,1];1;true;true;1;1;132;[2,3,11];1.;1.
133;133.1;133;133;[1,1,1,1,1,1,1,1,1,1,1,1,1,1,1,1,1,1,1,1,1,1,1,1,1,1,1,1,1,1,1,1,1,1,1,1,1,1,1,1,1,1,1,1,1,1,1,1,1,1,1,1,1,1,1,1,1,1,1,1,1,1,1,1,1,1,1,1,1,1,1,1,1,1,1,1,1,1,1,1,1,1,1,1,1,1,1,1,1,1,1,1,1,1,1,1,1,1,1,1,1,1,1,1,1,1,1,1,1,1,1,1,1,1,1,1,1,1,1,1,1,1,1,1,1,1,1,1,1,1,1,1,1];1;true;true;1;1;133;[7,19];1.;1.
134;134.1;1;35;[1,2,2,2,2,2,2,2,2,2,2,2,2,2,2,2,2,2,2,2,2,2,2,2,2,2,2,2,2,2,2,2,2,2,67];3;false;true;2;1;67;[2,67];0.26119402985074625;3.8285714285714287
134;134.2;134;134;[1,1,1,1,1,1,1,1,1,1,1,1,1,1,1,1,1,1,1,1,1,1,1,1,1,1,1,1,1,1,1,1,1,1,1,1,1,1,1,1,1,1,1,1,1,1,1,1,1,1,1,1,1,1,1,1,1,1,1,1,1,1,1,1,1,1,1,1,1,1,1,1,1,1,1,1,1,1,1,1,1,1,1,1,1,1,1,1,1,1,1,1,1,1,1,1,1,1,1,1,1,1,1,1,1,1,1,1,1,1,1,1,1,1,1,1,1,1,1,1,1,1,1,1,1,1,1,1,1,1,1,1,1,1];1;true;true;1;1;134;[2,67];1.;1.
135;135.1;135;135;[1,1,1,1,1,1,1,1,1,1,1,1,1,1,1,1,1,1,1,1,1,1,1,1,1,1,1,1,1,1,1,1,1,1,1,1,1,1,1,1,1,1,1,1,1,1,1,1,1,1,1,1,1,1,1,1,1,1,1,1,1,1,1,1,1,1,1,1,1,1,1,1,1,1,1,1,1,1,1,1,1,1,1,1,1,1,1,1,1,1,1,1,1,1,1,1,1,1,1,1,1,1,1,1,1,1,1,1,1,1,1,1,1,1,1,1,1,1,1,1,1,1,1,1,1,1,1,1,1,1,1,1,1,1,1];1;true;true;1;1;135;[3,5];1.;1.
135;135.2;135;135;[1,1,1,1,1,1,1,1,1,1,1,1,1,1,1,1,1,1,1,1,1,1,1,1,1,1,1,1,1,1,1,1,1,1,1,1,1,1,1,1,1,1,1,1,1,1,1,1,1,1,1,1,1,1,1,1,1,1,1,1,1,1,1,1,1,1,1,1,1,1,1,1,1,1,1,1,1,1,1,1,1,1,1,1,1,1,1,1,1,1,1,1,1,1,1,1,1,1,1,1,1,1,1,1,1,1,1,1,1,1,1,1,1,1,1,1,1,1,1,1,1,1,1,1,1,1,1,1,1,1,1,1,1,1,1];1;true;true;1;1;135;[3,5];1.;1.
135;135.3;15;55;[1,1,1,1,1,1,1,1,1,1,1,1,1,1,1,3,3,3,3,3,3,3,3,3,3,3,3,3,3,3,3,3,3,3,3,3,3,3,3,3,3,3,3,3,3,3,3,3,3,3,3,3,3,3,3];2;true;true;2;2;135;[3,5];0.40740740740740738;2.4545454545454546
135;135.4;15;55;[1,1,1,1,1,1,1,1,1,1,1,1,1,1,1,3,3,3,3,3,3,3,3,3,3,3,3,3,3,3,3,3,3,3,3,3,3,3,3,3,3,3,3,3,3,3,3,3,3,3,3,3,3,3,3];2;true;true;2;2;135;[3,5];0.40740740740740738;2.4545454545454546
135;135.5;135;135;[1,1,1,1,1,1,1,1,1,1,1,1,1,1,1,1,1,1,1,1,1,1,1,1,1,1,1,1,1,1,1,1,1,1,1,1,1,1,1,1,1,1,1,1,1,1,1,1,1,1,1,1,1,1,1,1,1,1,1,1,1,1,1,1,1,1,1,1,1,1,1,1,1,1,1,1,1,1,1,1,1,1,1,1,1,1,1,1,1,1,1,1,1,1,1,1,1,1,1,1,1,1,1,1,1,1,1,1,1,1,1,1,1,1,1,1,1,1,1,1,1,1,1,1,1,1,1,1,1,1,1,1,1,1,1];1;true;true;1;1;135;[3,5];1.;1.
136;136.1;4;40;[1,1,1,1,2,2,2,2,2,2,2,2,2,2,2,2,2,2,2,2,2,2,2,2,2,2,2,2,2,2,2,2,2,2,2,2,17,17,17,17];3;false;true;2;1;68;[2,17];0.29411764705882354;3.3999999999999999
136;136.2;136;136;[1,1,1,1,1,1,1,1,1,1,1,1,1,1,1,1,1,1,1,1,1,1,1,1,1,1,1,1,1,1,1,1,1,1,1,1,1,1,1,1,1,1,1,1,1,1,1,1,1,1,1,1,1,1,1,1,1,1,1,1,1,1,1,1,1,1,1,1,1,1,1,1,1,1,1,1,1,1,1,1,1,1,1,1,1,1,1,1,1,1,1,1,1,1,1,1,1,1,1,1,1,1,1,1,1,1,1,1,1,1,1,1,1,1,1,1,1,1,1,1,1,1,1,1,1,1,1,1,1,1,1,1,1,1,1,1];1;true;true;1;1;136;[2,17];1.;1.
136;136.3;2;16;[1,1,4,4,4,4,4,4,4,4,17,17,17,17,17,17];3;false;true;2;1;34;[2,17];0.11764705882352941;8.5
136;136.4;2;37;[1,1,2,2,2,2,2,2,2,2,2,2,2,2,2,2,2,2,2,2,2,2,2,2,2,2,2,2,2,2,2,2,2,2,2,34,34];3;false;true;2;1;68;[2,17];0.27205882352941174;3.6756756756756754
136;136.5;4;40;[1,1,1,1,2,2,2,2,2,2,2,2,2,2,2,2,2,2,2,2,2,2,2,2,2,2,2,2,2,2,2,2,2,2,2,2,17,17,17,17];3;false;true;2;1;68;[2,17];0.29411764705882354;3.3999999999999999
136;136.6;2;37;[1,1,2,2,2,2,2,2,2,2,2,2,2,2,2,2,2,2,2,2,2,2,2,2,2,2,2,2,2,2,2,2,2,2,2,34,34];3;false;true;2;1;68;[2,17];0.27205882352941174;3.6756756756756754
136;136.7;4;40;[1,1,1,1,2,2,2,2,2,2,2,2,2,2,2,2,2,2,2,2,2,2,2,2,2,2,2,2,2,2,2,2,2,2,2,2,17,17,17,17];3;false;true;2;1;68;[2,17];0.29411764705882354;3.3999999999999999
136;136.8;2;37;[1,1,2,2,2,2,2,2,2,2,2,2,2,2,2,2,2,2,2,2,2,2,2,2,2,2,2,2,2,2,2,2,2,2,2,34,34];3;false;true;2;1;68;[2,17];0.27205882352941174;3.6756756756756754
136;136.9;136;136;[1,1,1,1,1,1,1,1,1,1,1,1,1,1,1,1,1,1,1,1,1,1,1,1,1,1,1,1,1,1,1,1,1,1,1,1,1,1,1,1,1,1,1,1,1,1,1,1,1,1,1,1,1,1,1,1,1,1,1,1,1,1,1,1,1,1,1,1,1,1,1,1,1,1,1,1,1,1,1,1,1,1,1,1,1,1,1,1,1,1,1,1,1,1,1,1,1,1,1,1,1,1,1,1,1,1,1,1,1,1,1,1,1,1,1,1,1,1,1,1,1,1,1,1,1,1,1,1,1,1,1,1,1,1,1,1];1;true;true;1;1;136;[2,17];1.;1.
136;136.10;34;85;[1,1,1,1,1,1,1,1,1,1,1,1,1,1,1,1,1,1,1,1,1,1,1,1,1,1,1,1,1,1,1,1,1,1,2,2,2,2,2,2,2,2,2,2,2,2,2,2,2,2,2,2,2,2,2,2,2,2,2,2,2,2,2,2,2,2,2,2,2,2,2,2,2,2,2,2,2,2,2,2,2,2,2,2,2];2;true;true;2;2;136;[2,17];0.625;1.6000000000000001
136;136.11;34;85;[1,1,1,1,1,1,1,1,1,1,1,1,1,1,1,1,1,1,1,1,1,1,1,1,1,1,1,1,1,1,1,1,1,1,2,2,2,2,2,2,2,2,2,2,2,2,2,2,2,2,2,2,2,2,2,2,2,2,2,2,2,2,2,2,2,2,2,2,2,2,2,2,2,2,2,2,2,2,2,2,2,2,2,2,2];2;true;true;2;2;136;[2,17];0.625;1.6000000000000001
136;136.12;1;10;[1,8,8,17,17,17,17,17,17,17];3;false;true;2;1;17;[2,17];0.073529411764705885;13.6
136;136.13;2;16;[1,1,4,4,4,4,4,4,4,4,17,17,17,17,17,17];3;false;true;2;1;34;[2,17];0.11764705882352941;8.5
136;136.14;4;40;[1,1,1,1,2,2,2,2,2,2,2,2,2,2,2,2,2,2,2,2,2,2,2,2,2,2,2,2,2,2,2,2,2,2,2,2,17,17,17,17];3;false;true;2;1;68;[2,17];0.29411764705882354;3.3999999999999999
136;136.15;136;136;[1,1,1,1,1,1,1,1,1,1,1,1,1,1,1,1,1,1,1,1,1,1,1,1,1,1,1,1,1,1,1,1,1,1,1,1,1,1,1,1,1,1,1,1,1,1,1,1,1,1,1,1,1,1,1,1,1,1,1,1,1,1,1,1,1,1,1,1,1,1,1,1,1,1,1,1,1,1,1,1,1,1,1,1,1,1,1,1,1,1,1,1,1,1,1,1,1,1,1,1,1,1,1,1,1,1,1,1,1,1,1,1,1,1,1,1,1,1,1,1,1,1,1,1,1,1,1,1,1,1,1,1,1,1,1,1];1;true;true;1;1;136;[2,17];1.;1.
137;137.1;137;137;[1,1,1,1,1,1,1,1,1,1,1,1,1,1,1,1,1,1,1,1,1,1,1,1,1,1,1,1,1,1,1,1,1,1,1,1,1,1,1,1,1,1,1,1,1,1,1,1,1,1,1,1,1,1,1,1,1,1,1,1,1,1,1,1,1,1,1,1,1,1,1,1,1,1,1,1,1,1,1,1,1,1,1,1,1,1,1,1,1,1,1,1,1,1,1,1,1,1,1,1,1,1,1,1,1,1,1,1,1,1,1,1,1,1,1,1,1,1,1,1,1,1,1,1,1,1,1,1,1,1,1,1,1,1,1,1,1];1;true;true;1;1;137;[137];1.;1.
138;138.1;23;69;[1,1,1,1,1,1,1,1,1,1,1,1,1,1,1,1,1,1,1,1,1,1,1,2,2,2,2,2,2,2,2,2,2,2,2,2,2,2,2,2,2,2,2,2,2,2,3,3,3,3,3,3,3,3,3,3,3,3,3,3,3,3,3,3,3,3,3,3,3];3;false;true;2;1;69;[2,3,23];0.5;2.
138;138.2;3;39;[1,1,1,2,2,2,2,2,2,2,2,2,2,2,2,2,2,2,2,2,2,2,2,2,2,2,2,2,2,2,2,2,2,2,2,2,23,23,23];3;false;true;2;1;69;[2,3,23];0.28260869565217389;3.5384615384615383
138;138.3;1;36;[1,2,2,2,2,2,2,2,2,2,2,2,2,2,2,2,2,2,2,2,2,2,2,2,2,2,2,2,2,2,2,2,2,2,2,69];3;false;true;2;1;69;[2,3,23];0.2608695652173913;3.8333333333333335
138;138.4;138;138;[1,1,1,1,1,1,1,1,1,1,1,1,1,1,1,1,1,1,1,1,1,1,1,1,1,1,1,1,1,1,1,1,1,1,1,1,1,1,1,1,1,1,1,1,1,1,1,1,1,1,1,1,1,1,1,1,1,1,1,1,1,1,1,1,1,1,1,1,1,1,1,1,1,1,1,1,1,1,1,1,1,1,1,1,1,1,1,1,1,1,1,1,1,1,1,1,1,1,1,1,1,1,1,1,1,1,1,1,1,1,1,1,1,1,1,1,1,1,1,1,1,1,1,1,1,1,1,1,1,1,1,1,1,1,1,1,1,1];1;true;true;1;1;138;[2,3,23];1.;1.
139;139.1;139;139;[1,1,1,1,1,1,1,1,1,1,1,1,1,1,1,1,1,1,1,1,1,1,1,1,1,1,1,1,1,1,1,1,1,1,1,1,1,1,1,1,1,1,1,1,1,1,1,1,1,1,1,1,1,1,1,1,1,1,1,1,1,1,1,1,1,1,1,1,1,1,1,1,1,1,1,1,1,1,1,1,1,1,1,1,1,1,1,1,1,1,1,1,1,1,1,1,1,1,1,1,1,1,1,1,1,1,1,1,1,1,1,1,1,1,1,1,1,1,1,1,1,1,1,1,1,1,1,1,1,1,1,1,1,1,1,1,1,1,1];1;true;true;1;1;139;[139];1.;1.
140;140.1;14;56;[1,1,1,1,1,1,1,1,1,1,1,1,1,1,2,2,2,2,2,2,2,2,2,2,2,2,2,2,2,2,2,2,2,2,2,2,2,2,2,2,2,2,5,5,5,5,5,5,5,5,5,5,5,5,5,5];3;false;true;2;1;70;[2,5,7];0.40000000000000002;2.5
140;140.2;10;50;[1,1,1,1,1,1,1,1,1,1,2,2,2,2,2,2,2,2,2,2,2,2,2,2,2,2,2,2,2,2,2,2,2,2,2,2,2,2,2,2,7,7,7,7,7,7,7,7,7,7];3;false;true;2;1;70;[2,5,7];0.35714285714285715;2.7999999999999998
140;140.3;2;38;[1,1,2,2,2,2,2,2,2,2,2,2,2,2,2,2,2,2,2,2,2,2,2,2,2,2,2,2,2,2,2,2,2,2,2,2,35,35];3;false;true;2;1;70;[2,5,7];0.27142857142857141;3.6842105263157894
140;140.4;140;140;[1,1,1,1,1,1,1,1,1,1,1,1,1,1,1,1,1,1,1,1,1,1,1,1,1,1,1,1,1,1,1,1,1,1,1,1,1,1,1,1,1,1,1,1,1,1,1,1,1,1,1,1,1,1,1,1,1,1,1,1,1,1,1,1,1,1,1,1,1,1,1,1,1,1,1,1,1,1,1,1,1,1,1,1,1,1,1,1,1,1,1,1,1,1,1,1,1,1,1,1,1,1,1,1,1,1,1,1,1,1,1,1,1,1,1,1,1,1,1,1,1,1,1,1,1,1,1,1,1,1,1,1,1,1,1,1,1,1,1,1];1;true;true;1;1;140;[2,5,7];1.;1.
140;140.5;7;35;[1,1,1,1,1,1,1,4,4,4,4,4,4,4,5,5,5,5,5,5,5,5,5,5,5,5,5,5,5,5,5,5,5,5,5];3;false;true;2;1;35;[2,5,7];0.25;4.
140;140.6;1;17;[1,2,2,2,4,4,4,4,4,4,4,5,10,10,10,35,35];6;false;true;2;1;35;[2,5,7];0.12142857142857143;8.235294117647058
140;140.7;1;20;[1,2,2,2,2,2,4,4,4,4,4,4,5,7,10,10,10,14,14,35];8;false;true;2;1;35;[2,5,7];0.14285714285714285;7.
140;140.8;10;50;[1,1,1,1,1,1,1,1,1,1,2,2,2,2,2,2,2,2,2,2,2,2,2,2,2,2,2,2,2,2,2,2,2,2,2,2,2,2,2,2,7,7,7,7,7,7,7,7,7,7];3;false;true;2;1;70;[2,5,7];0.35714285714285715;2.7999999999999998
140;140.9;14;56;[1,1,1,1,1,1,1,1,1,1,1,1,1,1,2,2,2,2,2,2,2,2,2,2,2,2,2,2,2,2,2,2,2,2,2,2,2,2,2,2,2,2,5,5,5,5,5,5,5,5,5,5,5,5,5,5];3;false;true;2;1;70;[2,5,7];0.40000000000000002;2.5
140;140.10;2;38;[1,1,2,2,2,2,2,2,2,2,2,2,2,2,2,2,2,2,2,2,2,2,2,2,2,2,2,2,2,2,2,2,2,2,2,2,35,35];3;false;true;2;1;70;[2,5,7];0.27142857142857141;3.6842105263157894
140;140.11;140;140;[1,1,1,1,1,1,1,1,1,1,1,1,1,1,1,1,1,1,1,1,1,1,1,1,1,1,1,1,1,1,1,1,1,1,1,1,1,1,1,1,1,1,1,1,1,1,1,1,1,1,1,1,1,1,1,1,1,1,1,1,1,1,1,1,1,1,1,1,1,1,1,1,1,1,1,1,1,1,1,1,1,1,1,1,1,1,1,1,1,1,1,1,1,1,1,1,1,1,1,1,1,1,1,1,1,1,1,1,1,1,1,1,1,1,1,1,1,1,1,1,1,1,1,1,1,1,1,1,1,1,1,1,1,1,1,1,1,1,1,1];1;true;true;1;1;140;[2,5,7];1.;1.
141;141.1;141;141;[1,1,1,1,1,1,1,1,1,1,1,1,1,1,1,1,1,1,1,1,1,1,1,1,1,1,1,1,1,1,1,1,1,1,1,1,1,1,1,1,1,1,1,1,1,1,1,1,1,1,1,1,1,1,1,1,1,1,1,1,1,1,1,1,1,1,1,1,1,1,1,1,1,1,1,1,1,1,1,1,1,1,1,1,1,1,1,1,1,1,1,1,1,1,1,1,1,1,1,1,1,1,1,1,1,1,1,1,1,1,1,1,1,1,1,1,1,1,1,1,1,1,1,1,1,1,1,1,1,1,1,1,1,1,1,1,1,1,1,1,1];1;true;true;1;1;141;[3,47];1.;1.
142;142.1;1;37;[1,2,2,2,2,2,2,2,2,2,2,2,2,2,2,2,2,2,2,2,2,2,2,2,2,2,2,2,2,2,2,2,2,2,2,2,71];3;false;true;2;1;71;[2,71];0.26056338028169013;3.8378378378378377
142;142.2;142;142;[1,1,1,1,1,1,1,1,1,1,1,1,1,1,1,1,1,1,1,1,1,1,1,1,1,1,1,1,1,1,1,1,1,1,1,1,1,1,1,1,1,1,1,1,1,1,1,1,1,1,1,1,1,1,1,1,1,1,1,1,1,1,1,1,1,1,1,1,1,1,1,1,1,1,1,1,1,1,1,1,1,1,1,1,1,1,1,1,1,1,1,1,1,1,1,1,1,1,1,1,1,1,1,1,1,1,1,1,1,1,1,1,1,1,1,1,1,1,1,1,1,1,1,1,1,1,1,1,1,1,1,1,1,1,1,1,1,1,1,1,1,1];1;true;true;1;1;142;[2,71];1.;1.
143;143.1;143;143;[1,1,1,1,1,1,1,1,1,1,1,1,1,1,1,1,1,1,1,1,1,1,1,1,1,1,1,1,1,1,1,1,1,1,1,1,1,1,1,1,1,1,1,1,1,1,1,1,1,1,1,1,1,1,1,1,1,1,1,1,1,1,1,1,1,1,1,1,1,1,1,1,1,1,1,1,1,1,1,1,1,1,1,1,1,1,1,1,1,1,1,1,1,1,1,1,1,1,1,1,1,1,1,1,1,1,1,1,1,1,1,1,1,1,1,1,1,1,1,1,1,1,1,1,1,1,1,1,1,1,1,1,1,1,1,1,1,1,1,1,1,1,1];1;true;true;1;1;143;[11,13];1.;1.
144;144.1;8;48;[1,1,1,1,1,1,1,1,2,2,2,2,2,2,2,2,2,2,2,2,2,2,2,2,2,2,2,2,2,2,2,2,2,2,2,2,2,2,2,2,9,9,9,9,9,9,9,9];3;false;true;2;1;72;[2,3];0.33333333333333331;3.
144;144.2;144;144;[1,1,1,1,1,1,1,1,1,1,1,1,1,1,1,1,1,1,1,1,1,1,1,1,1,1,1,1,1,1,1,1,1,1,1,1,1,1,1,1,1,1,1,1,1,1,1,1,1,1,1,1,1,1,1,1,1,1,1,1,1,1,1,1,1,1,1,1,1,1,1,1,1,1,1,1,1,1,1,1,1,1,1,1,1,1,1,1,1,1,1,1,1,1,1,1,1,1,1,1,1,1,1,1,1,1,1,1,1,1,1,1,1,1,1,1,1,1,1,1,1,1,1,1,1,1,1,1,1,1,1,1,1,1,1,1,1,1,1,1,1,1,1,1];1;true;true;1;1;144;[2,3];1.;1.
144;144.3;3;24;[1,1,1,3,3,3,3,3,3,3,3,3,3,3,3,3,3,3,16,16,16,16,16,16];3;false;true;2;1;48;[2,3];0.16666666666666666;6.
144;144.4;2;39;[1,1,2,2,2,2,2,2,2,2,2,2,2,2,2,2,2,2,2,2,2,2,2,2,2,2,2,2,2,2,2,2,2,2,2,2,2,36,36];3;false;true;2;1;72;[2,3];0.27083333333333331;3.6923076923076925
144;144.5;8;48;[1,1,1,1,1,1,1,1,2,2,2,2,2,2,2,2,2,2,2,2,2,2,2,2,2,2,2,2,2,2,2,2,2,2,2,2,2,2,2,2,9,9,9,9,9,9,9,9];3;false;true;2;1;72;[2,3];0.33333333333333331;3.
144;144.6;4;42;[1,1,1,1,2,2,2,2,2,2,2,2,2,2,2,2,2,2,2,2,2,2,2,2,2,2,2,2,2,2,2,2,2,2,2,2,2,2,18,18,18,18];3;false;true;2;1;72;[2,3];0.29166666666666669;3.4285714285714284
144;144.7;2;39;[1,1,2,2,2,2,2,2,2,2,2,2,2,2,2,2,2,2,2,2,2,2,2,2,2,2,2,2,2,2,2,2,2,2,2,2,2,36,36];3;false;true;2;1;72;[2,3];0.27083333333333331;3.6923076923076925
144;144.8;2;39;[1,1,2,2,2,2,2,2,2,2,2,2,2,2,2,2,2,2,2,2,2,2,2,2,2,2,2,2,2,2,2,2,2,2,2,2,2,36,36];3;false;true;2;1;72;[2,3];0.27083333333333331;3.6923076923076925
144;144.9;8;48;[1,1,1,1,1,1,1,1,2,2,2,2,2,2,2,2,2,2,2,2,2,2,2,2,2,2,2,2,2,2,2,2,2,2,2,2,2,2,2,2,9,9,9,9,9,9,9,9];3;false;true;2;1;72;[2,3];0.33333333333333331;3.
144;144.10;4;42;[1,1,1,1,2,2,2,2,2,2,2,2,2,2,2,2,2,2,2,2,2,2,2,2,2,2,2,2,2,2,2,2,2,2,2,2,2,2,18,18,18,18];3;false;true;2;1;72;[2,3];0.29166666666666669;3.4285714285714284
144;144.11;8;48;[1,1,1,1,1,1,1,1,2,2,2,2,2,2,2,2,2,2,2,2,2,2,2,2,2,2,2,2,2,2,2,2,2,2,2,2,2,2,2,2,9,9,9,9,9,9,9,9];3;false;true;2;1;72;[2,3];0.33333333333333331;3.
144;144.12;4;42;[1,1,1,1,2,2,2,2,2,2,2,2,2,2,2,2,2,2,2,2,2,2,2,2,2,2,2,2,2,2,2,2,2,2,2,2,2,2,18,18,18,18];3;false;true;2;1;72;[2,3];0.29166666666666669;3.4285714285714284
144;144.13;4;42;[1,1,1,1,2,2,2,2,2,2,2,2,2,2,2,2,2,2,2,2,2,2,2,2,2,2,2,2,2,2,2,2,2,2,2,2,2,2,18,18,18,18];3;false;true;2;1;72;[2,3];0.29166666666666669;3.4285714285714284
144;144.14;4;42;[1,1,1,1,2,2,2,2,2,2,2,2,2,2,2,2,2,2,2,2,2,2,2,2,2,2,2,2,2,2,2,2,2,2,2,2,2,2,18,18,18,18];3;false;true;2;1;72;[2,3];0.29166666666666669;3.4285714285714284
144;144.15;2;27;[1,1,2,2,2,2,2,2,2,2,2,4,4,4,4,4,4,4,4,4,4,4,4,4,18,18,36];5;false;true;2;2;72;[2,3];0.1875;5.333333333333333
144;144.16;2;27;[1,1,2,2,2,2,2,2,2,2,2,4,4,4,4,4,4,4,4,4,4,4,4,4,18,18,36];5;false;true;2;2;72;[2,3];0.1875;5.333333333333333
144;144.17;2;27;[1,1,2,2,2,2,2,2,2,2,2,4,4,4,4,4,4,4,4,4,4,4,4,4,18,18,36];5;false;true;2;2;72;[2,3];0.1875;5.333333333333333
144;144.18;2;27;[1,1,2,2,2,2,2,2,2,2,2,4,4,4,4,4,4,4,4,4,4,4,4,4,18,18,36];5;false;true;2;2;72;[2,3];0.1875;5.333333333333333
144;144.19;4;42;[1,1,1,1,2,2,2,2,2,2,2,2,2,2,2,2,2,2,2,2,2,2,2,2,2,2,2,2,2,2,2,2,2,2,2,2,2,2,18,18,18,18];3;false;true;2;1;72;[2,3];0.29166666666666669;3.4285714285714284
144;144.20;144;144;[1,1,1,1,1,1,1,1,1,1,1,1,1,1,1,1,1,1,1,1,1,1,1,1,1,1,1,1,1,1,1,1,1,1,1,1,1,1,1,1,1,1,1,1,1,1,1,1,1,1,1,1,1,1,1,1,1,1,1,1,1,1,1,1,1,1,1,1,1,1,1,1,1,1,1,1,1,1,1,1,1,1,1,1,1,1,1,1,1,1,1,1,1,1,1,1,1,1,1,1,1,1,1,1,1,1,1,1,1,1,1,1,1,1,1,1,1,1,1,1,1,1,1,1,1,1,1,1,1,1,1,1,1,1,1,1,1,1,1,1,1,1,1,1];1;true;true;1;1;144;[2,3];1.;1.
144;144.21;36;90;[1,1,1,1,1,1,1,1,1,1,1,1,1,1,1,1,1,1,1,1,1,1,1,1,1,1,1,1,1,1,1,1,1,1,1,1,2,2,2,2,2,2,2,2,2,2,2,2,2,2,2,2,2,2,2,2,2,2,2,2,2,2,2,2,2,2,2,2,2,2,2,2,2,2,2,2,2,2,2,2,2,2,2,2,2,2,2,2,2,2];2;true;true;2;2;144;[2,3];0.625;1.6000000000000001
144;144.22;36;90;[1,1,1,1,1,1,1,1,1,1,1,1,1,1,1,1,1,1,1,1,1,1,1,1,1,1,1,1,1,1,1,1,1,1,1,1,2,2,2,2,2,2,2,2,2,2,2,2,2,2,2,2,2,2,2,2,2,2,2,2,2,2,2,2,2,2,2,2,2,2,2,2,2,2,2,2,2,2,2,2,2,2,2,2,2,2,2,2,2,2];2;true;true;2;2;144;[2,3];0.625;1.6000000000000001
144;144.23;144;144;[1,1,1,1,1,1,1,1,1,1,1,1,1,1,1,1,1,1,1,1,1,1,1,1,1,1,1,1,1,1,1,1,1,1,1,1,1,1,1,1,1,1,1,1,1,1,1,1,1,1,1,1,1,1,1,1,1,1,1,1,1,1,1,1,1,1,1,1,1,1,1,1,1,1,1,1,1,1,1,1,1,1,1,1,1,1,1,1,1,1,1,1,1,1,1,1,1,1,1,1,1,1,1,1,1,1,1,1,1,1,1,1,1,1,1,1,1,1,1,1,1,1,1,1,1,1,1,1,1,1,1,1,1,1,1,1,1,1,1,1,1,1,1,1];1;true;true;1;1;144;[2,3];1.;1.
144;144.24;36;90;[1,1,1,1,1,1,1,1,1,1,1,1,1,1,1,1,1,1,1,1,1,1,1,1,1,1,1,1,1,1,1,1,1,1,1,1,2,2,2,2,2,2,2,2,2,2,2,2,2,2,2,2,2,2,2,2,2,2,2,2,2,2,2,2,2,2,2,2,2,2,2,2,2,2,2,2,2,2,2,2,2,2,2,2,2,2,2,2,2,2];2;true;true;2;2;144;[2,3];0.625;1.6000000000000001
144;144.25;18;63;[1,1,1,1,1,1,1,1,1,1,1,1,1,1,1,1,1,1,2,2,2,2,2,2,2,2,2,2,2,2,2,2,2,2,2,2,2,2,2,2,2,2,2,2,2,4,4,4,4,4,4,4,4,4,4,4,4,4,4,4,4,4,4];3;true;true;2;2;144;[2,3];0.4375;2.2857142857142856
144;144.26;18;63;[1,1,1,1,1,1,1,1,1,1,1,1,1,1,1,1,1,1,2,2,2,2,2,2,2,2,2,2,2,2,2,2,2,2,2,2,2,2,2,2,2,2,2,2,2,4,4,4,4,4,4,4,4,4,4,4,4,4,4,4,4,4,4];3;true;true;2;2;144;[2,3];0.4375;2.2857142857142856
144;144.27;18;63;[1,1,1,1,1,1,1,1,1,1,1,1,1,1,1,1,1,1,2,2,2,2,2,2,2,2,2,2,2,2,2,2,2,2,2,2,2,2,2,2,2,2,2,2,2,4,4,4,4,4,4,4,4,4,4,4,4,4,4,4,4,4,4];3;true;true;2;2;144;[2,3];0.4375;2.2857142857142856
144;144.28;24;72;[1,1,1,1,1,1,1,1,1,1,1,1,1,1,1,1,1,1,1,1,1,1,1,1,2,2,2,2,2,2,2,2,2,2,2,2,2,2,2,2,2,2,2,2,2,2,2,2,3,3,3,3,3,3,3,3,3,3,3,3,3,3,3,3,3,3,3,3,3,3,3,3];3;false;true;2;1;72;[2,3];0.5;2.
144;144.29;8;48;[1,1,1,1,1,1,1,1,2,2,2,2,2,2,2,2,2,2,2,2,2,2,2,2,2,2,2,2,2,2,2,2,2,2,2,2,2,2,2,2,9,9,9,9,9,9,9,9];3;false;true;2;1;72;[2,3];0.33333333333333331;3.
144;144.30;144;144;[1,1,1,1,1,1,1,1,1,1,1,1,1,1,1,1,1,1,1,1,1,1,1,1,1,1,1,1,1,1,1,1,1,1,1,1,1,1,1,1,1,1,1,1,1,1,1,1,1,1,1,1,1,1,1,1,1,1,1,1,1,1,1,1,1,1,1,1,1,1,1,1,1,1,1,1,1,1,1,1,1,1,1,1,1,1,1,1,1,1,1,1,1,1,1,1,1,1,1,1,1,1,1,1,1,1,1,1,1,1,1,1,1,1,1,1,1,1,1,1,1,1,1,1,1,1,1,1,1,1,1,1,1,1,1,1,1,1,1,1,1,1,1,1];1;true;true;1;1;144;[2,3];1.;1.
144;144.31;2;15;[1,1,2,2,6,8,8,8,8,8,8,12,18,18,36];7;false;true;4;2;24;[2,3];0.10416666666666667;9.5999999999999996
144;144.32;2;15;[1,1,2,2,6,8,8,8,8,8,8,12,18,18,36];7;false;true;4;2;24;[2,3];0.10416666666666667;9.5999999999999996
144;144.33;2;18;[1,1,2,2,3,3,6,6,8,8,8,8,8,8,18,18,18,18];6;false;true;3;1;24;[2,3];0.125;8.
144;144.34;12;48;[1,1,1,1,1,1,1,1,1,1,1,1,3,3,3,3,3,3,3,3,3,3,3,3,4,4,4,4,4,4,4,4,4,4,4,4,4,4,4,4,4,4,4,4,4,4,4,4];3;false;true;2;1;48;[2,3];0.33333333333333331;3.
144;144.35;12;42;[1,1,1,1,1,1,1,1,1,1,1,1,4,4,4,4,4,4,4,4,4,4,4,4,4,4,4,4,4,4,4,4,4,4,4,4,6,6,6,6,6,6];3;false;true;3;2;48;[2,3];0.29166666666666669;3.4285714285714284
144;144.36;12;42;[1,1,1,1,1,1,1,1,1,1,1,1,4,4,4,4,4,4,4,4,4,4,4,4,4,4,4,4,4,4,4,4,4,4,4,4,6,6,6,6,6,6];3;false;true;3;2;48;[2,3];0.29166666666666669;3.4285714285714284
144;144.37;4;42;[1,1,1,1,2,2,2,2,2,2,2,2,2,2,2,2,2,2,2,2,2,2,2,2,2,2,2,2,2,2,2,2,2,2,2,2,2,2,18,18,18,18];3;false;true;2;1;72;[2,3];0.29166666666666669;3.4285714285714284
144;144.38;8;48;[1,1,1,1,1,1,1,1,2,2,2,2,2,2,2,2,2,2,2,2,2,2,2,2,2,2,2,2,2,2,2,2,2,2,2,2,2,2,2,2,9,9,9,9,9,9,9,9];3;false;true;2;1;72;[2,3];0.33333333333333331;3.
144;144.39;4;42;[1,1,1,1,2,2,2,2,2,2,2,2,2,2,2,2,2,2,2,2,2,2,2,2,2,2,2,2,2,2,2,2,2,2,2,2,2,2,18,18,18,18];3;false;true;2;1;72;[2,3];0.29166666666666669;3.4285714285714284
144;144.40;4;42;[1,1,1,1,2,2,2,2,2,2,2,2,2,2,2,2,2,2,2,2,2,2,2,2,2,2,2,2,2,2,2,2,2,2,2,2,2,2,18,18,18,18];3;false;true;2;1;72;[2,3];0.29166666666666669;3.4285714285714284
144;144.41;2;30;[1,1,2,2,2,2,2,2,2,2,2,2,2,4,4,4,4,4,4,4,4,4,4,4,4,9,9,18,18,18];5;false;true;2;2;72;[2,3];0.20833333333333334;4.7999999999999998
144;144.42;2;30;[1,1,2,2,2,2,2,2,2,2,2,2,2,4,4,4,4,4,4,4,4,4,4,4,4,9,9,18,18,18];5;false;true;2;2;72;[2,3];0.20833333333333334;4.7999999999999998
144;144.43;2;30;[1,1,2,2,2,2,2,2,2,2,2,2,2,4,4,4,4,4,4,4,4,4,4,4,4,9,9,18,18,18];5;false;true;2;2;72;[2,3];0.20833333333333334;4.7999999999999998
144;144.44;2;30;[1,1,2,2,2,2,2,2,2,2,2,2,2,4,4,4,4,4,4,4,4,4,4,4,4,9,9,18,18,18];5;false;true;2;2;72;[2,3];0.20833333333333334;4.7999999999999998
144;144.45;8;48;[1,1,1,1,1,1,1,1,2,2,2,2,2,2,2,2,2,2,2,2,2,2,2,2,2,2,2,2,2,2,2,2,2,2,2,2,2,2,2,2,9,9,9,9,9,9,9,9];3;false;true;2;1;72;[2,3];0.33333333333333331;3.
144;144.46;4;42;[1,1,1,1,2,2,2,2,2,2,2,2,2,2,2,2,2,2,2,2,2,2,2,2,2,2,2,2,2,2,2,2,2,2,2,2,2,2,18,18,18,18];3;false;true;2;1;72;[2,3];0.29166666666666669;3.4285714285714284
144;144.47;144;144;[1,1,1,1,1,1,1,1,1,1,1,1,1,1,1,1,1,1,1,1,1,1,1,1,1,1,1,1,1,1,1,1,1,1,1,1,1,1,1,1,1,1,1,1,1,1,1,1,1,1,1,1,1,1,1,1,1,1,1,1,1,1,1,1,1,1,1,1,1,1,1,1,1,1,1,1,1,1,1,1,1,1,1,1,1,1,1,1,1,1,1,1,1,1,1,1,1,1,1,1,1,1,1,1,1,1,1,1,1,1,1,1,1,1,1,1,1,1,1,1,1,1,1,1,1,1,1,1,1,1,1,1,1,1,1,1,1,1,1,1,1,1,1,1];1;true;true;1;1;144;[2,3];1.;1.
144;144.48;36;90;[1,1,1,1,1,1,1,1,1,1,1,1,1,1,1,1,1,1,1,1,1,1,1,1,1,1,1,1,1,1,1,1,1,1,1,1,2,2,2,2,2,2,2,2,2,2,2,2,2,2,2,2,2,2,2,2,2,2,2,2,2,2,2,2,2,2,2,2,2,2,2,2,2,2,2,2,2,2,2,2,2,2,2,2,2,2,2,2,2,2];2;true;true;2;2;144;[2,3];0.625;1.6000000000000001
144;144.49;36;90;[1,1,1,1,1,1,1,1,1,1,1,1,1,1,1,1,1,1,1,1,1,1,1,1,1,1,1,1,1,1,1,1,1,1,1,1,2,2,2,2,2,2,2,2,2,2,2,2,2,2,2,2,2,2,2,2,2,2,2,2,2,2,2,2,2,2,2,2,2,2,2,2,2,2,2,2,2,2,2,2,2,2,2,2,2,2,2,2,2,2];2;true;true;2;2;144;[2,3];0.625;1.6000000000000001
144;144.50;36;90;[1,1,1,1,1,1,1,1,1,1,1,1,1,1,1,1,1,1,1,1,1,1,1,1,1,1,1,1,1,1,1,1,1,1,1,1,2,2,2,2,2,2,2,2,2,2,2,2,2,2,2,2,2,2,2,2,2,2,2,2,2,2,2,2,2,2,2,2,2,2,2,2,2,2,2,2,2,2,2,2,2,2,2,2,2,2,2,2,2,2];2;true;true;2;2;144;[2,3];0.625;1.6000000000000001
144;144.51;4;24;[1,1,1,1,4,4,4,4,4,4,4,4,9,9,9,9,9,9,9,9,9,9,9,9];3;false;true;2;1;36;[2,3];0.16666666666666666;6.
144;144.52;4;36;[1,1,1,1,2,2,2,2,2,2,2,2,3,3,3,3,3,3,3,3,4,4,4,4,6,6,6,6,6,6,6,6,9,9,9,9];6;false;true;2;1;36;[2,3];0.25;4.
144;144.53;4;36;[1,1,1,1,2,2,2,2,2,2,2,2,3,3,3,3,3,3,3,3,4,4,4,4,6,6,6,6,6,6,6,6,9,9,9,9];6;false;true;2;1;36;[2,3];0.25;4.
144;144.54;4;30;[1,1,1,1,2,2,2,2,2,2,2,2,4,4,4,4,6,6,6,6,6,6,6,6,6,6,6,6,18,18];5;false;true;2;1;36;[2,3];0.20833333333333334;4.7999999999999998
144;144.55;4;30;[1,1,1,1,2,2,2,2,2,2,2,2,4,4,4,4,6,6,6,6,6,6,6,6,6,6,6,6,18,18];5;false;true;2;1;36;[2,3];0.20833333333333334;4.7999999999999998
144;144.56;2;21;[1,1,2,2,2,2,2,4,4,4,4,4,4,12,12,12,12,12,12,18,18];5;false;true;2;1;36;[2,3];0.14583333333333334;6.8571428571428568
144;144.57;2;24;[1,1,2,2,2,2,2,2,2,4,4,4,4,4,6,6,6,6,6,6,12,12,12,36];6;false;true;2;1;36;[2,3];0.16666666666666666;6.
144;144.58;2;21;[1,1,2,2,2,2,2,4,4,4,4,4,4,12,12,12,12,12,12,18,18];5;false;true;2;1;36;[2,3];0.14583333333333334;6.8571428571428568
144;144.59;2;24;[1,1,2,2,2,2,2,2,2,4,4,4,4,4,6,6,6,6,6,6,12,12,12,36];6;false;true;2;1;36;[2,3];0.16666666666666666;6.
144;144.60;2;24;[1,1,2,2,2,2,2,2,2,4,4,4,4,4,6,6,6,6,6,6,12,12,12,36];6;false;true;2;1;36;[2,3];0.16666666666666666;6.
144;144.61;2;21;[1,1,2,2,2,2,2,4,4,4,4,4,4,12,12,12,12,12,12,18,18];5;false;true;2;1;36;[2,3];0.14583333333333334;6.8571428571428568
144;144.62;2;24;[1,1,2,2,2,2,2,2,2,4,4,4,4,4,6,6,6,6,6,6,12,12,12,36];6;false;true;2;1;36;[2,3];0.16666666666666666;6.
144;144.63;4;36;[1,1,1,1,2,2,2,2,2,2,2,2,3,3,3,3,3,3,3,3,4,4,4,4,6,6,6,6,6,6,6,6,9,9,9,9];6;false;true;2;1;36;[2,3];0.25;4.
144;144.64;4;30;[1,1,1,1,2,2,2,2,2,2,2,2,4,4,4,4,6,6,6,6,6,6,6,6,6,6,6,6,18,18];5;false;true;2;1;36;[2,3];0.20833333333333334;4.7999999999999998
144;144.65;4;30;[1,1,1,1,2,2,2,2,2,2,2,2,4,4,4,4,6,6,6,6,6,6,6,6,6,6,6,6,18,18];5;false;true;2;1;36;[2,3];0.20833333333333334;4.7999999999999998
144;144.66;4;30;[1,1,1,1,2,2,2,2,2,2,2,2,4,4,4,4,6,6,6,6,6,6,6,6,6,6,6,6,18,18];5;false;true;2;1;36;[2,3];0.20833333333333334;4.7999999999999998
144;144.67;4;30;[1,1,1,1,2,2,2,2,2,2,2,2,4,4,4,4,6,6,6,6,6,6,6,6,6,6,6,6,18,18];5;false;true;2;1;36;[2,3];0.20833333333333334;4.7999999999999998
144;144.68;3;24;[1,1,1,3,3,3,3,3,3,3,3,3,3,3,3,3,3,3,16,16,16,16,16,16];3;false;true;2;1;48;[2,3];0.16666666666666666;6.
144;144.69;24;72;[1,1,1,1,1,1,1,1,1,1,1,1,1,1,1,1,1,1,1,1,1,1,1,1,2,2,2,2,2,2,2,2,2,2,2,2,2,2,2,2,2,2,2,2,2,2,2,2,3,3,3,3,3,3,3,3,3,3,3,3,3,3,3,3,3,3,3,3,3,3,3,3];3;false;true;2;1;72;[2,3];0.5;2.
144;144.70;12;54;[1,1,1,1,1,1,1,1,1,1,1,1,2,2,2,2,2,2,2,2,2,2,2,2,2,2,2,2,2,2,2,2,2,2,2,2,2,2,2,2,2,2,6,6,6,6,6,6,6,6,6,6,6,6];3;false;true;2;1;72;[2,3];0.375;2.6666666666666665
144;144.71;6;45;[1,1,1,1,1,1,2,2,2,2,2,2,2,2,2,2,2,2,2,2,2,2,2,2,2,2,2,2,2,2,2,2,2,2,2,2,2,2,2,12,12,12,12,12,12];3;false;true;2;1;72;[2,3];0.3125;3.2000000000000002
144;144.72;6;45;[1,1,1,1,1,1,2,2,2,2,2,2,2,2,2,2,2,2,2,2,2,2,2,2,2,2,2,2,2,2,2,2,2,2,2,2,2,2,2,12,12,12,12,12,12];3;false;true;2;1;72;[2,3];0.3125;3.2000000000000002
144;144.73;6;45;[1,1,1,1,1,1,2,2,2,2,2,2,2,2,2,2,2,2,2,2,2,2,2,2,2,2,2,2,2,2,2,2,2,2,2,2,2,2,2,12,12,12,12,12,12];3;false;true;2;1;72;[2,3];0.3125;3.2000000000000002
144;144.74;24;72;[1,1,1,1,1,1,1,1,1,1,1,1,1,1,1,1,1,1,1,1,1,1,1,1,2,2,2,2,2,2,2,2,2,2,2,2,2,2,2,2,2,2,2,2,2,2,2,2,3,3,3,3,3,3,3,3,3,3,3,3,3,3,3,3,3,3,3,3,3,3,3,3];3;false;true;2;1;72;[2,3];0.5;2.
144;144.75;12;54;[1,1,1,1,1,1,1,1,1,1,1,1,2,2,2,2,2,2,2,2,2,2,2,2,2,2,2,2,2,2,2,2,2,2,2,2,2,2,2,2,2,2,6,6,6,6,6,6,6,6,6,6,6,6];3;false;true;2;1;72;[2,3];0.375;2.6666666666666665
144;144.76;24;72;[1,1,1,1,1,1,1,1,1,1,1,1,1,1,1,1,1,1,1,1,1,1,1,1,2,2,2,2,2,2,2,2,2,2,2,2,2,2,2,2,2,2,2,2,2,2,2,2,3,3,3,3,3,3,3,3,3,3,3,3,3,3,3,3,3,3,3,3,3,3,3,3];3;false;true;2;1;72;[2,3];0.5;2.
144;144.77;12;54;[1,1,1,1,1,1,1,1,1,1,1,1,2,2,2,2,2,2,2,2,2,2,2,2,2,2,2,2,2,2,2,2,2,2,2,2,2,2,2,2,2,2,6,6,6,6,6,6,6,6,6,6,6,6];3;false;true;2;1;72;[2,3];0.375;2.6666666666666665
144;144.78;12;54;[1,1,1,1,1,1,1,1,1,1,1,1,2,2,2,2,2,2,2,2,2,2,2,2,2,2,2,2,2,2,2,2,2,2,2,2,2,2,2,2,2,2,6,6,6,6,6,6,6,6,6,6,6,6];3;false;true;2;1;72;[2,3];0.375;2.6666666666666665
144;144.79;12;54;[1,1,1,1,1,1,1,1,1,1,1,1,2,2,2,2,2,2,2,2,2,2,2,2,2,2,2,2,2,2,2,2,2,2,2,2,2,2,2,2,2,2,6,6,6,6,6,6,6,6,6,6,6,6];3;false;true;2;1;72;[2,3];0.375;2.6666666666666665
144;144.80;6;36;[1,1,1,1,1,1,2,2,2,2,2,2,2,2,2,4,4,4,4,4,4,4,4,4,4,4,4,6,6,6,6,6,6,12,12,12];5;false;true;2;2;72;[2,3];0.25;4.
144;144.81;6;36;[1,1,1,1,1,1,2,2,2,2,2,2,2,2,2,4,4,4,4,4,4,4,4,4,4,4,4,6,6,6,6,6,6,12,12,12];5;false;true;2;2;72;[2,3];0.25;4.
144;144.82;6;36;[1,1,1,1,1,1,2,2,2,2,2,2,2,2,2,4,4,4,4,4,4,4,4,4,4,4,4,6,6,6,6,6,6,12,12,12];5;false;true;2;2;72;[2,3];0.25;4.
144;144.83;6;36;[1,1,1,1,1,1,2,2,2,2,2,2,2,2,2,4,4,4,4,4,4,4,4,4,4,4,4,6,6,6,6,6,6,12,12,12];5;false;true;2;2;72;[2,3];0.25;4.
144;144.84;12;54;[1,1,1,1,1,1,1,1,1,1,1,1,2,2,2,2,2,2,2,2,2,2,2,2,2,2,2,2,2,2,2,2,2,2,2,2,2,2,2,2,2,2,6,6,6,6,6,6,6,6,6,6,6,6];3;false;true;2;1;72;[2,3];0.375;2.6666666666666665
144;144.85;8;48;[1,1,1,1,1,1,1,1,2,2,2,2,2,2,2,2,2,2,2,2,2,2,2,2,2,2,2,2,2,2,2,2,2,2,2,2,2,2,2,2,9,9,9,9,9,9,9,9];3;false;true;2;1;72;[2,3];0.33333333333333331;3.
144;144.86;4;42;[1,1,1,1,2,2,2,2,2,2,2,2,2,2,2,2,2,2,2,2,2,2,2,2,2,2,2,2,2,2,2,2,2,2,2,2,2,2,18,18,18,18];3;false;true;2;1;72;[2,3];0.29166666666666669;3.4285714285714284
144;144.87;2;39;[1,1,2,2,2,2,2,2,2,2,2,2,2,2,2,2,2,2,2,2,2,2,2,2,2,2,2,2,2,2,2,2,2,2,2,2,2,36,36];3;false;true;2;1;72;[2,3];0.27083333333333331;3.6923076923076925
144;144.88;2;39;[1,1,2,2,2,2,2,2,2,2,2,2,2,2,2,2,2,2,2,2,2,2,2,2,2,2,2,2,2,2,2,2,2,2,2,2,2,36,36];3;false;true;2;1;72;[2,3];0.27083333333333331;3.6923076923076925
144;144.89;2;39;[1,1,2,2,2,2,2,2,2,2,2,2,2,2,2,2,2,2,2,2,2,2,2,2,2,2,2,2,2,2,2,2,2,2,2,2,2,36,36];3;false;true;2;1;72;[2,3];0.27083333333333331;3.6923076923076925
144;144.90;8;48;[1,1,1,1,1,1,1,1,2,2,2,2,2,2,2,2,2,2,2,2,2,2,2,2,2,2,2,2,2,2,2,2,2,2,2,2,2,2,2,2,9,9,9,9,9,9,9,9];3;false;true;2;1;72;[2,3];0.33333333333333331;3.
144;144.91;4;42;[1,1,1,1,2,2,2,2,2,2,2,2,2,2,2,2,2,2,2,2,2,2,2,2,2,2,2,2,2,2,2,2,2,2,2,2,2,2,18,18,18,18];3;false;true;2;1;72;[2,3];0.29166666666666669;3.4285714285714284
144;144.92;8;48;[1,1,1,1,1,1,1,1,2,2,2,2,2,2,2,2,2,2,2,2,2,2,2,2,2,2,2,2,2,2,2,2,2,2,2,2,2,2,2,2,9,9,9,9,9,9,9,9];3;false;true;2;1;72;[2,3];0.33333333333333331;3.
144;144.93;4;42;[1,1,1,1,2,2,2,2,2,2,2,2,2,2,2,2,2,2,2,2,2,2,2,2,2,2,2,2,2,2,2,2,2,2,2,2,2,2,18,18,18,18];3;false;true;2;1;72;[2,3];0.29166666666666669;3.4285714285714284
144;144.94;4;42;[1,1,1,1,2,2,2,2,2,2,2,2,2,2,2,2,2,2,2,2,2,2,2,2,2,2,2,2,2,2,2,2,2,2,2,2,2,2,18,18,18,18];3;false;true;2;1;72;[2,3];0.29166666666666669;3.4285714285714284
144;144.95;4;42;[1,1,1,1,2,2,2,2,2,2,2,2,2,2,2,2,2,2,2,2,2,2,2,2,2,2,2,2,2,2,2,2,2,2,2,2,2,2,18,18,18,18];3;false;true;2;1;72;[2,3];0.29166666666666669;3.4285714285714284
144;144.96;2;27;[1,1,2,2,2,2,2,2,2,2,2,4,4,4,4,4,4,4,4,4,4,4,4,4,18,18,36];5;false;true;2;2;72;[2,3];0.1875;5.333333333333333
144;144.97;2;27;[1,1,2,2,2,2,2,2,2,2,2,4,4,4,4,4,4,4,4,4,4,4,4,4,18,18,36];5;false;true;2;2;72;[2,3];0.1875;5.333333333333333
144;144.98;2;27;[1,1,2,2,2,2,2,2,2,2,2,4,4,4,4,4,4,4,4,4,4,4,4,4,18,18,36];5;false;true;2;2;72;[2,3];0.1875;5.333333333333333
144;144.99;2;27;[1,1,2,2,2,2,2,2,2,2,2,4,4,4,4,4,4,4,4,4,4,4,4,4,18,18,36];5;false;true;2;2;72;[2,3];0.1875;5.333333333333333
144;144.100;4;42;[1,1,1,1,2,2,2,2,2,2,2,2,2,2,2,2,2,2,2,2,2,2,2,2,2,2,2,2,2,2,2,2,2,2,2,2,2,2,18,18,18,18];3;false;true;2;1;72;[2,3];0.29166666666666669;3.4285714285714284
144;144.101;144;144;[1,1,1,1,1,1,1,1,1,1,1,1,1,1,1,1,1,1,1,1,1,1,1,1,1,1,1,1,1,1,1,1,1,1,1,1,1,1,1,1,1,1,1,1,1,1,1,1,1,1,1,1,1,1,1,1,1,1,1,1,1,1,1,1,1,1,1,1,1,1,1,1,1,1,1,1,1,1,1,1,1,1,1,1,1,1,1,1,1,1,1,1,1,1,1,1,1,1,1,1,1,1,1,1,1,1,1,1,1,1,1,1,1,1,1,1,1,1,1,1,1,1,1,1,1,1,1,1,1,1,1,1,1,1,1,1,1,1,1,1,1,1,1,1];1;true;true;1;1;144;[2,3];1.;1.
144;144.102;36;90;[1,1,1,1,1,1,1,1,1,1,1,1,1,1,1,1,1,1,1,1,1,1,1,1,1,1,1,1,1,1,1,1,1,1,1,1,2,2,2,2,2,2,2,2,2,2,2,2,2,2,2,2,2,2,2,2,2,2,2,2,2,2,2,2,2,2,2,2,2,2,2,2,2,2,2,2,2,2,2,2,2,2,2,2,2,2,2,2,2,2];2;true;true;2;2;144;[2,3];0.625;1.6000000000000001
144;144.103;36;90;[1,1,1,1,1,1,1,1,1,1,1,1,1,1,1,1,1,1,1,1,1,1,1,1,1,1,1,1,1,1,1,1,1,1,1,1,2,2,2,2,2,2,2,2,2,2,2,2,2,2,2,2,2,2,2,2,2,2,2,2,2,2,2,2,2,2,2,2,2,2,2,2,2,2,2,2,2,2,2,2,2,2,2,2,2,2,2,2,2,2];2;true;true;2;2;144;[2,3];0.625;1.6000000000000001
144;144.104;144;144;[1,1,1,1,1,1,1,1,1,1,1,1,1,1,1,1,1,1,1,1,1,1,1,1,1,1,1,1,1,1,1,1,1,1,1,1,1,1,1,1,1,1,1,1,1,1,1,1,1,1,1,1,1,1,1,1,1,1,1,1,1,1,1,1,1,1,1,1,1,1,1,1,1,1,1,1,1,1,1,1,1,1,1,1,1,1,1,1,1,1,1,1,1,1,1,1,1,1,1,1,1,1,1,1,1,1,1,1,1,1,1,1,1,1,1,1,1,1,1,1,1,1,1,1,1,1,1,1,1,1,1,1,1,1,1,1,1,1,1,1,1,1,1,1];1;true;true;1;1;144;[2,3];1.;1.
144;144.105;36;90;[1,1,1,1,1,1,1,1,1,1,1,1,1,1,1,1,1,1,1,1,1,1,1,1,1,1,1,1,1,1,1,1,1,1,1,1,2,2,2,2,2,2,2,2,2,2,2,2,2,2,2,2,2,2,2,2,2,2,2,2,2,2,2,2,2,2,2,2,2,2,2,2,2,2,2,2,2,2,2,2,2,2,2,2,2,2,2,2,2,2];2;true;true;2;2;144;[2,3];0.625;1.6000000000000001
144;144.106;18;63;[1,1,1,1,1,1,1,1,1,1,1,1,1,1,1,1,1,1,2,2,2,2,2,2,2,2,2,2,2,2,2,2,2,2,2,2,2,2,2,2,2,2,2,2,2,4,4,4,4,4,4,4,4,4,4,4,4,4,4,4,4,4,4];3;true;true;2;2;144;[2,3];0.4375;2.2857142857142856
144;144.107;18;63;[1,1,1,1,1,1,1,1,1,1,1,1,1,1,1,1,1,1,2,2,2,2,2,2,2,2,2,2,2,2,2,2,2,2,2,2,2,2,2,2,2,2,2,2,2,4,4,4,4,4,4,4,4,4,4,4,4,4,4,4,4,4,4];3;true;true;2;2;144;[2,3];0.4375;2.2857142857142856
144;144.108;18;63;[1,1,1,1,1,1,1,1,1,1,1,1,1,1,1,1,1,1,2,2,2,2,2,2,2,2,2,2,2,2,2,2,2,2,2,2,2,2,2,2,2,2,2,2,2,4,4,4,4,4,4,4,4,4,4,4,4,4,4,4,4,4,4];3;true;true;2;2;144;[2,3];0.4375;2.2857142857142856
144;144.109;2;18;[1,1,2,2,3,3,6,6,8,8,8,8,8,8,18,18,18,18];6;false;true;3;1;24;[2,3];0.125;8.
144;144.110;12;48;[1,1,1,1,1,1,1,1,1,1,1,1,3,3,3,3,3,3,3,3,3,3,3,3,4,4,4,4,4,4,4,4,4,4,4,4,4,4,4,4,4,4,4,4,4,4,4,4];3;false;true;2;1;48;[2,3];0.33333333333333331;3.
144;144.111;3;24;[1,1,1,3,3,3,3,3,3,3,3,3,3,3,3,3,3,3,16,16,16,16,16,16];3;false;true;2;1;48;[2,3];0.16666666666666666;6.
144;144.112;8;48;[1,1,1,1,1,1,1,1,2,2,2,2,2,2,2,2,2,2,2,2,2,2,2,2,2,2,2,2,2,2,2,2,2,2,2,2,2,2,2,2,9,9,9,9,9,9,9,9];3;false;true;2;1;72;[2,3];0.33333333333333331;3.
144;144.113;144;144;[1,1,1,1,1,1,1,1,1,1,1,1,1,1,1,1,1,1,1,1,1,1,1,1,1,1,1,1,1,1,1,1,1,1,1,1,1,1,1,1,1,1,1,1,1,1,1,1,1,1,1,1,1,1,1,1,1,1,1,1,1,1,1,1,1,1,1,1,1,1,1,1,1,1,1,1,1,1,1,1,1,1,1,1,1,1,1,1,1,1,1,1,1,1,1,1,1,1,1,1,1,1,1,1,1,1,1,1,1,1,1,1,1,1,1,1,1,1,1,1,1,1,1,1,1,1,1,1,1,1,1,1,1,1,1,1,1,1,1,1,1,1,1,1];1;true;true;1;1;144;[2,3];1.;1.
144;144.114;2;18;[1,1,8,8,9,9,9,9,9,9,9,9,9,9,9,9,9,9];3;false;true;2;1;18;[2,3];0.125;8.
144;144.115;2;18;[1,1,4,4,4,4,6,6,6,6,9,9,12,12,12,12,18,18];6;false;true;3;1;18;[2,3];0.125;8.
144;144.116;2;18;[1,1,4,4,4,4,6,6,6,6,9,9,12,12,12,12,18,18];6;false;true;3;1;18;[2,3];0.125;8.
144;144.117;2;15;[1,1,4,4,4,4,12,12,12,12,12,12,18,18,18];4;false;true;3;1;18;[2,3];0.10416666666666667;9.5999999999999996
144;144.118;2;15;[1,1,4,4,4,4,12,12,12,12,12,12,18,18,18];4;false;true;3;1;18;[2,3];0.10416666666666667;9.5999999999999996
144;144.119;2;15;[1,1,4,4,4,4,12,12,12,12,12,12,18,18,18];4;false;true;3;1;18;[2,3];0.10416666666666667;9.5999999999999996
144;144.120;2;12;[1,1,8,8,9,9,18,18,18,18,18,18];4;false;true;3;1;18;[2,3];0.083333333333333329;12.
144;144.121;6;24;[1,1,1,1,1,1,6,6,6,6,6,6,6,6,6,8,8,8,8,8,8,12,12,12];4;false;true;4;2;24;[2,3];0.16666666666666666;6.
144;144.122;6;24;[1,1,1,1,1,1,6,6,6,6,6,6,6,6,6,8,8,8,8,8,8,12,12,12];4;false;true;4;2;24;[2,3];0.16666666666666666;6.
144;144.123;6;30;[1,1,1,1,1,1,3,3,3,3,3,3,6,6,6,6,6,6,6,6,6,6,6,6,8,8,8,8,8,8];4;false;true;3;1;24;[2,3];0.20833333333333334;4.7999999999999998
144;144.124;2;15;[1,1,2,2,6,8,8,8,8,8,8,12,18,18,36];7;false;true;4;2;24;[2,3];0.10416666666666667;9.5999999999999996
144;144.125;2;15;[1,1,2,2,6,8,8,8,8,8,8,12,18,18,36];7;false;true;4;2;24;[2,3];0.10416666666666667;9.5999999999999996
144;144.126;2;18;[1,1,2,2,3,3,6,6,8,8,8,8,8,8,18,18,18,18];6;false;true;3;1;24;[2,3];0.125;8.
144;144.127;2;21;[1,1,2,2,3,3,4,4,4,4,6,8,8,8,8,12,12,12,12,12,18];8;false;true;3;2;24;[2,3];0.14583333333333334;6.8571428571428568
144;144.128;2;21;[1,1,2,2,3,3,4,4,4,4,6,8,8,8,8,12,12,12,12,12,18];8;false;true;3;2;24;[2,3];0.14583333333333334;6.8571428571428568
144;144.129;2;24;[1,1,2,2,3,3,3,3,4,4,4,4,6,6,8,8,8,8,9,9,12,12,12,12];8;false;true;2;1;24;[2,3];0.16666666666666666;6.
144;144.130;4;24;[1,1,1,1,4,4,4,4,4,4,4,4,9,9,9,9,9,9,9,9,9,9,9,9];3;false;true;2;1;36;[2,3];0.16666666666666666;6.
144;144.131;2;18;[1,1,2,4,4,4,4,4,4,4,4,9,9,18,18,18,18,18];5;false;true;2;1;36;[2,3];0.125;8.
144;144.132;4;24;[1,1,1,1,4,4,4,4,4,4,4,4,9,9,9,9,9,9,9,9,9,9,9,9];3;false;true;2;1;36;[2,3];0.16666666666666666;6.
144;144.133;2;18;[1,1,2,4,4,4,4,4,4,4,4,9,9,18,18,18,18,18];5;false;true;2;1;36;[2,3];0.125;8.
144;144.134;4;24;[1,1,1,1,4,4,4,4,4,4,4,4,9,9,9,9,9,9,9,9,9,9,9,9];3;false;true;2;1;36;[2,3];0.16666666666666666;6.
144;144.135;2;18;[1,1,2,4,4,4,4,4,4,4,4,9,9,18,18,18,18,18];5;false;true;2;1;36;[2,3];0.125;8.
144;144.136;2;18;[1,1,2,4,4,4,4,4,4,4,4,9,9,18,18,18,18,18];5;false;true;2;1;36;[2,3];0.125;8.
144;144.137;2;27;[1,1,2,2,2,2,2,2,2,3,3,4,4,4,4,4,6,6,6,6,6,6,6,12,12,18,18];7;false;true;2;1;36;[2,3];0.1875;5.333333333333333
144;144.138;2;27;[1,1,2,2,2,2,2,2,2,3,3,4,4,4,4,4,6,6,6,6,6,6,6,12,12,18,18];7;false;true;2;1;36;[2,3];0.1875;5.333333333333333
144;144.139;2;24;[1,1,2,2,2,2,2,4,4,4,4,4,4,6,6,6,6,9,9,12,12,12,12,18];7;false;true;2;1;36;[2,3];0.16666666666666666;6.
144;144.140;2;24;[1,1,2,2,2,2,2,4,4,4,4,4,4,6,6,6,6,9,9,12,12,12,12,18];7;false;true;2;1;36;[2,3];0.16666666666666666;6.
144;144.141;4;30;[1,1,1,1,2,2,2,2,2,2,2,2,4,4,4,4,6,6,6,6,6,6,6,6,6,6,6,6,18,18];5;false;true;2;1;36;[2,3];0.20833333333333334;4.7999999999999998
144;144.142;2;27;[1,1,2,2,2,2,2,2,2,3,3,4,4,4,4,4,6,6,6,6,6,6,6,12,12,18,18];7;false;true;2;1;36;[2,3];0.1875;5.333333333333333
144;144.143;4;36;[1,1,1,1,2,2,2,2,2,2,2,2,3,3,3,3,3,3,3,3,4,4,4,4,6,6,6,6,6,6,6,6,9,9,9,9];6;false;true;2;1;36;[2,3];0.25;4.
144;144.144;2;27;[1,1,2,2,2,2,2,2,2,3,3,4,4,4,4,4,6,6,6,6,6,6,6,12,12,18,18];7;false;true;2;1;36;[2,3];0.1875;5.333333333333333
144;144.145;2;24;[1,1,2,2,2,2,2,4,4,4,4,4,4,6,6,6,6,9,9,12,12,12,12,18];7;false;true;2;1;36;[2,3];0.16666666666666666;6.
144;144.146;4;36;[1,1,1,1,2,2,2,2,2,2,2,2,3,3,3,3,3,3,3,3,4,4,4,4,6,6,6,6,6,6,6,6,9,9,9,9];6;false;true;2;1;36;[2,3];0.25;4.
144;144.147;2;27;[1,1,2,2,2,2,2,2,2,3,3,4,4,4,4,4,6,6,6,6,6,6,6,12,12,18,18];7;false;true;2;1;36;[2,3];0.1875;5.333333333333333
144;144.148;2;24;[1,1,2,2,2,2,2,4,4,4,4,4,4,6,6,6,6,9,9,12,12,12,12,18];7;false;true;2;1;36;[2,3];0.16666666666666666;6.
144;144.149;4;36;[1,1,1,1,2,2,2,2,2,2,2,2,3,3,3,3,3,3,3,3,4,4,4,4,6,6,6,6,6,6,6,6,9,9,9,9];6;false;true;2;1;36;[2,3];0.25;4.
144;144.150;4;30;[1,1,1,1,2,2,2,2,2,2,2,2,4,4,4,4,6,6,6,6,6,6,6,6,6,6,6,6,18,18];5;false;true;2;1;36;[2,3];0.20833333333333334;4.7999999999999998
144;144.151;4;30;[1,1,1,1,2,2,2,2,2,2,2,2,4,4,4,4,6,6,6,6,6,6,6,6,6,6,6,6,18,18];5;false;true;2;1;36;[2,3];0.20833333333333334;4.7999999999999998
144;144.152;4;30;[1,1,1,1,2,2,2,2,2,2,2,2,4,4,4,4,6,6,6,6,6,6,6,6,6,6,6,6,18,18];5;false;true;2;1;36;[2,3];0.20833333333333334;4.7999999999999998
144;144.153;2;27;[1,1,2,2,2,2,2,2,2,3,3,4,4,4,4,4,6,6,6,6,6,6,6,12,12,18,18];7;false;true;2;1;36;[2,3];0.1875;5.333333333333333
144;144.154;2;24;[1,1,2,2,2,2,2,4,4,4,4,4,4,6,6,6,6,9,9,12,12,12,12,18];7;false;true;2;1;36;[2,3];0.16666666666666666;6.
144;144.155;12;48;[1,1,1,1,1,1,1,1,1,1,1,1,3,3,3,3,3,3,3,3,3,3,3,3,4,4,4,4,4,4,4,4,4,4,4,4,4,4,4,4,4,4,4,4,4,4,4,4];3;false;true;2;1;48;[2,3];0.33333333333333331;3.
144;144.156;12;42;[1,1,1,1,1,1,1,1,1,1,1,1,4,4,4,4,4,4,4,4,4,4,4,4,4,4,4,4,4,4,4,4,4,4,4,4,6,6,6,6,6,6];3;false;true;3;2;48;[2,3];0.29166666666666669;3.4285714285714284
144;144.157;12;42;[1,1,1,1,1,1,1,1,1,1,1,1,4,4,4,4,4,4,4,4,4,4,4,4,4,4,4,4,4,4,4,4,4,4,4,4,6,6,6,6,6,6];3;false;true;3;2;48;[2,3];0.29166666666666669;3.4285714285714284
144;144.158;12;54;[1,1,1,1,1,1,1,1,1,1,1,1,2,2,2,2,2,2,2,2,2,2,2,2,2,2,2,2,2,2,2,2,2,2,2,2,2,2,2,2,2,2,6,6,6,6,6,6,6,6,6,6,6,6];3;false;true;2;1;72;[2,3];0.375;2.6666666666666665
144;144.159;24;72;[1,1,1,1,1,1,1,1,1,1,1,1,1,1,1,1,1,1,1,1,1,1,1,1,2,2,2,2,2,2,2,2,2,2,2,2,2,2,2,2,2,2,2,2,2,2,2,2,3,3,3,3,3,3,3,3,3,3,3,3,3,3,3,3,3,3,3,3,3,3,3,3];3;false;true;2;1;72;[2,3];0.5;2.
144;144.160;12;54;[1,1,1,1,1,1,1,1,1,1,1,1,2,2,2,2,2,2,2,2,2,2,2,2,2,2,2,2,2,2,2,2,2,2,2,2,2,2,2,2,2,2,6,6,6,6,6,6,6,6,6,6,6,6];3;false;true;2;1;72;[2,3];0.375;2.6666666666666665
144;144.161;12;54;[1,1,1,1,1,1,1,1,1,1,1,1,2,2,2,2,2,2,2,2,2,2,2,2,2,2,2,2,2,2,2,2,2,2,2,2,2,2,2,2,2,2,6,6,6,6,6,6,6,6,6,6,6,6];3;false;true;2;1;72;[2,3];0.375;2.6666666666666665
144;144.162;6;45;[1,1,1,1,1,1,2,2,2,2,2,2,2,2,2,2,2,2,2,2,2,3,3,3,3,3,3,4,4,4,4,4,4,4,4,4,6,6,6,6,6,6,6,6,6];5;false;true;2;2;72;[2,3];0.3125;3.2000000000000002
144;144.163;6;45;[1,1,1,1,1,1,2,2,2,2,2,2,2,2,2,2,2,2,2,2,2,3,3,3,3,3,3,4,4,4,4,4,4,4,4,4,6,6,6,6,6,6,6,6,6];5;false;true;2;2;72;[2,3];0.3125;3.2000000000000002
144;144.164;6;45;[1,1,1,1,1,1,2,2,2,2,2,2,2,2,2,2,2,2,2,2,2,3,3,3,3,3,3,4,4,4,4,4,4,4,4,4,6,6,6,6,6,6,6,6,6];5;false;true;2;2;72;[2,3];0.3125;3.2000000000000002
144;144.165;6;45;[1,1,1,1,1,1,2,2,2,2,2,2,2,2,2,2,2,2,2,2,2,3,3,3,3,3,3,4,4,4,4,4,4,4,4,4,6,6,6,6,6,6,6,6,6];5;false;true;2;2;72;[2,3];0.3125;3.2000000000000002
144;144.166;24;72;[1,1,1,1,1,1,1,1,1,1,1,1,1,1,1,1,1,1,1,1,1,1,1,1,2,2,2,2,2,2,2,2,2,2,2,2,2,2,2,2,2,2,2,2,2,2,2,2,3,3,3,3,3,3,3,3,3,3,3,3,3,3,3,3,3,3,3,3,3,3,3,3];3;false;true;2;1;72;[2,3];0.5;2.
144;144.167;12;54;[1,1,1,1,1,1,1,1,1,1,1,1,2,2,2,2,2,2,2,2,2,2,2,2,2,2,2,2,2,2,2,2,2,2,2,2,2,2,2,2,2,2,6,6,6,6,6,6,6,6,6,6,6,6];3;false;true;2;1;72;[2,3];0.375;2.6666666666666665
144;144.168;4;42;[1,1,1,1,2,2,2,2,2,2,2,2,2,2,2,2,2,2,2,2,2,2,2,2,2,2,2,2,2,2,2,2,2,2,2,2,2,2,18,18,18,18];3;false;true;2;1;72;[2,3];0.29166666666666669;3.4285714285714284
144;144.169;8;48;[1,1,1,1,1,1,1,1,2,2,2,2,2,2,2,2,2,2,2,2,2,2,2,2,2,2,2,2,2,2,2,2,2,2,2,2,2,2,2,2,9,9,9,9,9,9,9,9];3;false;true;2;1;72;[2,3];0.33333333333333331;3.
144;144.170;4;42;[1,1,1,1,2,2,2,2,2,2,2,2,2,2,2,2,2,2,2,2,2,2,2,2,2,2,2,2,2,2,2,2,2,2,2,2,2,2,18,18,18,18];3;false;true;2;1;72;[2,3];0.29166666666666669;3.4285714285714284
144;144.171;4;42;[1,1,1,1,2,2,2,2,2,2,2,2,2,2,2,2,2,2,2,2,2,2,2,2,2,2,2,2,2,2,2,2,2,2,2,2,2,2,18,18,18,18];3;false;true;2;1;72;[2,3];0.29166666666666669;3.4285714285714284
144;144.172;2;30;[1,1,2,2,2,2,2,2,2,2,2,2,2,4,4,4,4,4,4,4,4,4,4,4,4,9,9,18,18,18];5;false;true;2;2;72;[2,3];0.20833333333333334;4.7999999999999998
144;144.173;2;30;[1,1,2,2,2,2,2,2,2,2,2,2,2,4,4,4,4,4,4,4,4,4,4,4,4,9,9,18,18,18];5;false;true;2;2;72;[2,3];0.20833333333333334;4.7999999999999998
144;144.174;2;30;[1,1,2,2,2,2,2,2,2,2,2,2,2,4,4,4,4,4,4,4,4,4,4,4,4,9,9,18,18,18];5;false;true;2;2;72;[2,3];0.20833333333333334;4.7999999999999998
144;144.175;2;30;[1,1,2,2,2,2,2,2,2,2,2,2,2,4,4,4,4,4,4,4,4,4,4,4,4,9,9,18,18,18];5;false;true;2;2;72;[2,3];0.20833333333333334;4.7999999999999998
144;144.176;8;48;[1,1,1,1,1,1,1,1,2,2,2,2,2,2,2,2,2,2,2,2,2,2,2,2,2,2,2,2,2,2,2,2,2,2,2,2,2,2,2,2,9,9,9,9,9,9,9,9];3;false;true;2;1;72;[2,3];0.33333333333333331;3.
144;144.177;4;42;[1,1,1,1,2,2,2,2,2,2,2,2,2,2,2,2,2,2,2,2,2,2,2,2,2,2,2,2,2,2,2,2,2,2,2,2,2,2,18,18,18,18];3;false;true;2;1;72;[2,3];0.29166666666666669;3.4285714285714284
144;144.178;144;144;[1,1,1,1,1,1,1,1,1,1,1,1,1,1,1,1,1,1,1,1,1,1,1,1,1,1,1,1,1,1,1,1,1,1,1,1,1,1,1,1,1,1,1,1,1,1,1,1,1,1,1,1,1,1,1,1,1,1,1,1,1,1,1,1,1,1,1,1,1,1,1,1,1,1,1,1,1,1,1,1,1,1,1,1,1,1,1,1,1,1,1,1,1,1,1,1,1,1,1,1,1,1,1,1,1,1,1,1,1,1,1,1,1,1,1,1,1,1,1,1,1,1,1,1,1,1,1,1,1,1,1,1,1,1,1,1,1,1,1,1,1,1,1,1];1;true;true;1;1;144;[2,3];1.;1.
144;144.179;36;90;[1,1,1,1,1,1,1,1,1,1,1,1,1,1,1,1,1,1,1,1,1,1,1,1,1,1,1,1,1,1,1,1,1,1,1,1,2,2,2,2,2,2,2,2,2,2,2,2,2,2,2,2,2,2,2,2,2,2,2,2,2,2,2,2,2,2,2,2,2,2,2,2,2,2,2,2,2,2,2,2,2,2,2,2,2,2,2,2,2,2];2;true;true;2;2;144;[2,3];0.625;1.6000000000000001
144;144.180;36;90;[1,1,1,1,1,1,1,1,1,1,1,1,1,1,1,1,1,1,1,1,1,1,1,1,1,1,1,1,1,1,1,1,1,1,1,1,2,2,2,2,2,2,2,2,2,2,2,2,2,2,2,2,2,2,2,2,2,2,2,2,2,2,2,2,2,2,2,2,2,2,2,2,2,2,2,2,2,2,2,2,2,2,2,2,2,2,2,2,2,2];2;true;true;2;2;144;[2,3];0.625;1.6000000000000001
144;144.181;36;90;[1,1,1,1,1,1,1,1,1,1,1,1,1,1,1,1,1,1,1,1,1,1,1,1,1,1,1,1,1,1,1,1,1,1,1,1,2,2,2,2,2,2,2,2,2,2,2,2,2,2,2,2,2,2,2,2,2,2,2,2,2,2,2,2,2,2,2,2,2,2,2,2,2,2,2,2,2,2,2,2,2,2,2,2,2,2,2,2,2,2];2;true;true;2;2;144;[2,3];0.625;1.6000000000000001
144;144.182;1;9;[1,8,9,12,18,18,18,24,36];7;false;true;3;1;9;[2,3];0.0625;16.
144;144.183;1;15;[1,2,3,3,6,6,6,8,9,12,12,16,18,18,24];10;false;true;3;1;12;[2,3];0.10416666666666667;9.5999999999999996
144;144.184;1;16;[1,3,3,4,4,4,4,9,12,12,12,12,16,16,16,16];6;false;true;2;1;16;[2,3];0.1111111111111111;9.
144;144.185;2;18;[1,1,8,8,9,9,9,9,9,9,9,9,9,9,9,9,9,9];3;false;true;2;1;18;[2,3];0.125;8.
144;144.186;2;18;[1,1,4,4,4,4,6,6,6,6,9,9,12,12,12,12,18,18];6;false;true;3;1;18;[2,3];0.125;8.
144;144.187;2;12;[1,1,8,8,9,9,18,18,18,18,18,18];4;false;true;3;1;18;[2,3];0.083333333333333329;12.
144;144.188;6;30;[1,1,1,1,1,1,3,3,3,3,3,3,6,6,6,6,6,6,6,6,6,6,6,6,8,8,8,8,8,8];4;false;true;3;1;24;[2,3];0.20833333333333334;4.7999999999999998
144;144.189;2;18;[1,1,2,2,3,3,6,6,8,8,8,8,8,8,18,18,18,18];6;false;true;3;1;24;[2,3];0.125;8.
144;144.190;2;24;[1,1,2,2,3,3,3,3,4,4,4,4,6,6,8,8,8,8,9,9,12,12,12,12];8;false;true;2;1;24;[2,3];0.16666666666666666;6.
144;144.191;4;24;[1,1,1,1,4,4,4,4,4,4,4,4,9,9,9,9,9,9,9,9,9,9,9,9];3;false;true;2;1;36;[2,3];0.16666666666666666;6.
144;144.192;4;36;[1,1,1,1,2,2,2,2,2,2,2,2,3,3,3,3,3,3,3,3,4,4,4,4,6,6,6,6,6,6,6,6,9,9,9,9];6;false;true;2;1;36;[2,3];0.25;4.
144;144.193;12;48;[1,1,1,1,1,1,1,1,1,1,1,1,3,3,3,3,3,3,3,3,3,3,3,3,4,4,4,4,4,4,4,4,4,4,4,4,4,4,4,4,4,4,4,4,4,4,4,4];3;false;true;2;1;48;[2,3];0.33333333333333331;3.
144;144.194;3;24;[1,1,1,3,3,3,3,3,3,3,3,3,3,3,3,3,3,3,16,16,16,16,16,16];3;false;true;2;1;48;[2,3];0.16666666666666666;6.
144;144.195;24;72;[1,1,1,1,1,1,1,1,1,1,1,1,1,1,1,1,1,1,1,1,1,1,1,1,2,2,2,2,2,2,2,2,2,2,2,2,2,2,2,2,2,2,2,2,2,2,2,2,3,3,3,3,3,3,3,3,3,3,3,3,3,3,3,3,3,3,3,3,3,3,3,3];3;false;true;2;1;72;[2,3];0.5;2.
144;144.196;8;48;[1,1,1,1,1,1,1,1,2,2,2,2,2,2,2,2,2,2,2,2,2,2,2,2,2,2,2,2,2,2,2,2,2,2,2,2,2,2,2,2,9,9,9,9,9,9,9,9];3;false;true;2;1;72;[2,3];0.33333333333333331;3.
144;144.197;144;144;[1,1,1,1,1,1,1,1,1,1,1,1,1,1,1,1,1,1,1,1,1,1,1,1,1,1,1,1,1,1,1,1,1,1,1,1,1,1,1,1,1,1,1,1,1,1,1,1,1,1,1,1,1,1,1,1,1,1,1,1,1,1,1,1,1,1,1,1,1,1,1,1,1,1,1,1,1,1,1,1,1,1,1,1,1,1,1,1,1,1,1,1,1,1,1,1,1,1,1,1,1,1,1,1,1,1,1,1,1,1,1,1,1,1,1,1,1,1,1,1,1,1,1,1,1,1,1,1,1,1,1,1,1,1,1,1,1,1,1,1,1,1,1,1];1;true;true;1;1;144;[2,3];1.;1.
145;145.1;145;145;[1,1,1,1,1,1,1,1,1,1,1,1,1,1,1,1,1,1,1,1,1,1,1,1,1,1,1,1,1,1,1,1,1,1,1,1,1,1,1,1,1,1,1,1,1,1,1,1,1,1,1,1,1,1,1,1,1,1,1,1,1,1,1,1,1,1,1,1,1,1,1,1,1,1,1,1,1,1,1,1,1,1,1,1,1,1,1,1,1,1,1,1,1,1,1,1,1,1,1,1,1,1,1,1,1,1,1,1,1,1,1,1,1,1,1,1,1,1,1,1,1,1,1,1,1,1,1,1,1,1,1,1,1,1,1,1,1,1,1,1,1,1,1,1,1];1;true;true;1;1;145;[5,29];1.;1.
146;146.1;1;38;[1,2,2,2,2,2,2,2,2,2,2,2,2,2,2,2,2,2,2,2,2,2,2,2,2,2,2,2,2,2,2,2,2,2,2,2,2,73];3;false;true;2;1;73;[2,73];0.26027397260273971;3.8421052631578947
146;146.2;146;146;[1,1,1,1,1,1,1,1,1,1,1,1,1,1,1,1,1,1,1,1,1,1,1,1,1,1,1,1,1,1,1,1,1,1,1,1,1,1,1,1,1,1,1,1,1,1,1,1,1,1,1,1,1,1,1,1,1,1,1,1,1,1,1,1,1,1,1,1,1,1,1,1,1,1,1,1,1,1,1,1,1,1,1,1,1,1,1,1,1,1,1,1,1,1,1,1,1,1,1,1,1,1,1,1,1,1,1,1,1,1,1,1,1,1,1,1,1,1,1,1,1,1,1,1,1,1,1,1,1,1,1,1,1,1,1,1,1,1,1,1,1,1,1,1,1,1];1;true;true;1;1;146;[2,73];1.;1.
147;147.1;1;19;[1,3,3,3,3,3,3,3,3,3,3,3,3,3,3,3,3,49,49];3;false;true;2;1;49;[3,7];0.12925170068027211;7.7368421052631575
147;147.2;147;147;[1,1,1,1,1,1,1,1,1,1,1,1,1,1,1,1,1,1,1,1,1,1,1,1,1,1,1,1,1,1,1,1,1,1,1,1,1,1,1,1,1,1,1,1,1,1,1,1,1,1,1,1,1,1,1,1,1,1,1,1,1,1,1,1,1,1,1,1,1,1,1,1,1,1,1,1,1,1,1,1,1,1,1,1,1,1,1,1,1,1,1,1,1,1,1,1,1,1,1,1,1,1,1,1,1,1,1,1,1,1,1,1,1,1,1,1,1,1,1,1,1,1,1,1,1,1,1,1,1,1,1,1,1,1,1,1,1,1,1,1,1,1,1,1,1,1,1];1;true;true;1;1;147;[3,7];1.;1.
147;147.3;7;35;[1,1,1,1,1,1,1,3,3,3,3,3,3,3,3,3,3,3,3,3,3,7,7,7,7,7,7,7,7,7,7,7,7,7,7];3;false;true;2;1;49;[3,7];0.23809523809523808;4.2000000000000002
147;147.4;1;19;[1,3,3,3,3,3,3,3,3,3,3,3,3,3,3,3,3,49,49];3;false;true;2;1;49;[3,7];0.12925170068027211;7.7368421052631575
147;147.5;1;19;[1,3,3,3,3,3,3,3,3,3,3,3,3,3,3,3,3,49,49];3;false;true;2;1;49;[3,7];0.12925170068027211;7.7368421052631575
147;147.6;147;147;[1,1,1,1,1,1,1,1,1,1,1,1,1,1,1,1,1,1,1,1,1,1,1,1,1,1,1,1,1,1,1,1,1,1,1,1,1,1,1,1,1,1,1,1,1,1,1,1,1,1,1,1,1,1,1,1,1,1,1,1,1,1,1,1,1,1,1,1,1,1,1,1,1,1,1,1,1,1,1,1,1,1,1,1,1,1,1,1,1,1,1,1,1,1,1,1,1,1,1,1,1,1,1,1,1,1,1,1,1,1,1,1,1,1,1,1,1,1,1,1,1,1,1,1,1,1,1,1,1,1,1,1,1,1,1,1,1,1,1,1,1,1,1,1,1,1,1];1;true;true;1;1;147;[3,7];1.;1.
148;148.1;2;40;[1,1,2,2,2,2,2,2,2,2,2,2,2,2,2,2,2,2,2,2,2,2,2,2,2,2,2,2,2,2,2,2,2,2,2,2,2,2,37,37];3;false;true;2;1;74;[2,37];0.27027027027027029;3.7000000000000002
148;148.2;148;148;[1,1,1,1,1,1,1,1,1,1,1,1,1,1,1,1,1,1,1,1,1,1,1,1,1,1,1,1,1,1,1,1,1,1,1,1,1,1,1,1,1,1,1,1,1,1,1,1,1,1,1,1,1,1,1,1,1,1,1,1,1,1,1,1,1,1,1,1,1,1,1,1,1,1,1,1,1,1,1,1,1,1,1,1,1,1,1,1,1,1,1,1,1,1,1,1,1,1,1,1,1,1,1,1,1,1,1,1,1,1,1,1,1,1,1,1,1,1,1,1,1,1,1,1,1,1,1,1,1,1,1,1,1,1,1,1,1,1,1,1,1,1,1,1,1,1,1,1];1;true;true;1;1;148;[2,37];1.;1.
148;148.3;1;13;[1,4,4,4,4,4,4,4,4,4,37,37,37];3;false;true;2;1;37;[2,37];0.087837837837837843;11.384615384615385
148;148.4;2;40;[1,1,2,2,2,2,2,2,2,2,2,2,2,2,2,2,2,2,2,2,2,2,2,2,2,2,2,2,2,2,2,2,2,2,2,2,2,2,37,37];3;false;true;2;1;74;[2,37];0.27027027027027029;3.7000000000000002
148;148.5;148;148;[1,1,1,1,1,1,1,1,1,1,1,1,1,1,1,1,1,1,1,1,1,1,1,1,1,1,1,1,1,1,1,1,1,1,1,1,1,1,1,1,1,1,1,1,1,1,1,1,1,1,1,1,1,1,1,1,1,1,1,1,1,1,1,1,1,1,1,1,1,1,1,1,1,1,1,1,1,1,1,1,1,1,1,1,1,1,1,1,1,1,1,1,1,1,1,1,1,1,1,1,1,1,1,1,1,1,1,1,1,1,1,1,1,1,1,1,1,1,1,1,1,1,1,1,1,1,1,1,1,1,1,1,1,1,1,1,1,1,1,1,1,1,1,1,1,1,1,1];1;true;true;1;1;148;[2,37];1.;1.
149;149.1;149;149;[1,1,1,1,1,1,1,1,1,1,1,1,1,1,1,1,1,1,1,1,1,1,1,1,1,1,1,1,1,1,1,1,1,1,1,1,1,1,1,1,1,1,1,1,1,1,1,1,1,1,1,1,1,1,1,1,1,1,1,1,1,1,1,1,1,1,1,1,1,1,1,1,1,1,1,1,1,1,1,1,1,1,1,1,1,1,1,1,1,1,1,1,1,1,1,1,1,1,1,1,1,1,1,1,1,1,1,1,1,1,1,1,1,1,1,1,1,1,1,1,1,1,1,1,1,1,1,1,1,1,1,1,1,1,1,1,1,1,1,1,1,1,1,1,1,1,1,1,1];1;true;true;1;1;149;[149];1.;1.
150;150.1;25;75;[1,1,1,1,1,1,1,1,1,1,1,1,1,1,1,1,1,1,1,1,1,1,1,1,1,2,2,2,2,2,2,2,2,2,2,2,2,2,2,2,2,2,2,2,2,2,2,2,2,2,3,3,3,3,3,3,3,3,3,3,3,3,3,3,3,3,3,3,3,3,3,3,3,3,3];3;false;true;2;1;75;[2,3,5];0.5;2.
150;150.2;3;42;[1,1,1,2,2,2,2,2,2,2,2,2,2,2,2,2,2,2,2,2,2,2,2,2,2,2,2,2,2,2,2,2,2,2,2,2,2,2,2,25,25,25];3;false;true;2;1;75;[2,3,5];0.28000000000000003;3.5714285714285712
150;150.3;1;39;[1,2,2,2,2,2,2,2,2,2,2,2,2,2,2,2,2,2,2,2,2,2,2,2,2,2,2,2,2,2,2,2,2,2,2,2,2,2,75];3;false;true;2;1;75;[2,3,5];0.26000000000000001;3.8461538461538463
150;150.4;150;150;[1,1,1,1,1,1,1,1,1,1,1,1,1,1,1,1,1,1,1,1,1,1,1,1,1,1,1,1,1,1,1,1,1,1,1,1,1,1,1,1,1,1,1,1,1,1,1,1,1,1,1,1,1,1,1,1,1,1,1,1,1,1,1,1,1,1,1,1,1,1,1,1,1,1,1,1,1,1,1,1,1,1,1,1,1,1,1,1,1,1,1,1,1,1,1,1,1,1,1,1,1,1,1,1,1,1,1,1,1,1,1,1,1,1,1,1,1,1,1,1,1,1,1,1,1,1,1,1,1,1,1,1,1,1,1,1,1,1,1,1,1,1,1,1,1,1,1,1,1,1];1;true;true;1;1;150;[2,3,5];1.;1.
150;150.5;1;13;[1,3,3,3,3,6,6,15,15,15,15,15,50];5;false;true;3;1;25;[2,3,5];0.08666666666666667;11.538461538461538
150;150.6;1;10;[1,6,6,6,6,25,25,25,25,25];3;false;true;2;1;25;[2,3,5];0.066666666666666666;15.
150;150.7;2;22;[1,1,3,3,3,3,3,3,3,3,3,3,3,3,3,3,3,3,25,25,25,25];3;false;true;2;1;50;[2,3,5];0.14666666666666667;6.8181818181818183
150;150.8;15;60;[1,1,1,1,1,1,1,1,1,1,1,1,1,1,1,2,2,2,2,2,2,2,2,2,2,2,2,2,2,2,2,2,2,2,2,2,2,2,2,2,2,2,2,2,2,5,5,5,5,5,5,5,5,5,5,5,5,5,5,5];3;false;true;2;1;75;[2,3,5];0.40000000000000002;2.5
150;150.9;3;42;[1,1,1,2,2,2,2,2,2,2,2,2,2,2,2,2,2,2,2,2,2,2,2,2,2,2,2,2,2,2,2,2,2,2,2,2,2,2,2,25,25,25];3;false;true;2;1;75;[2,3,5];0.28000000000000003;3.5714285714285712
150;150.10;25;75;[1,1,1,1,1,1,1,1,1,1,1,1,1,1,1,1,1,1,1,1,1,1,1,1,1,2,2,2,2,2,2,2,2,2,2,2,2,2,2,2,2,2,2,2,2,2,2,2,2,2,3,3,3,3,3,3,3,3,3,3,3,3,3,3,3,3,3,3,3,3,3,3,3,3,3];3;false;true;2;1;75;[2,3,5];0.5;2.
150;150.11;5;45;[1,1,1,1,1,2,2,2,2,2,2,2,2,2,2,2,2,2,2,2,2,2,2,2,2,2,2,2,2,2,2,2,2,2,2,2,2,2,2,2,15,15,15,15,15];3;false;true;2;1;75;[2,3,5];0.29999999999999999;3.3333333333333335
150;150.12;1;39;[1,2,2,2,2,2,2,2,2,2,2,2,2,2,2,2,2,2,2,2,2,2,2,2,2,2,2,2,2,2,2,2,2,2,2,2,2,2,75];3;false;true;2;1;75;[2,3,5];0.26000000000000001;3.8461538461538463
150;150.13;150;150;[1,1,1,1,1,1,1,1,1,1,1,1,1,1,1,1,1,1,1,1,1,1,1,1,1,1,1,1,1,1,1,1,1,1,1,1,1,1,1,1,1,1,1,1,1,1,1,1,1,1,1,1,1,1,1,1,1,1,1,1,1,1,1,1,1,1,1,1,1,1,1,1,1,1,1,1,1,1,1,1,1,1,1,1,1,1,1,1,1,1,1,1,1,1,1,1,1,1,1,1,1,1,1,1,1,1,1,1,1,1,1,1,1,1,1,1,1,1,1,1,1,1,1,1,1,1,1,1,1,1,1,1,1,1,1,1,1,1,1,1,1,1,1,1,1,1,1,1,1,1];1;true;true;1;1;150;[2,3,5];1.;1.
151;151.1;151;151;[1,1,1,1,1,1,1,1,1,1,1,1,1,1,1,1,1,1,1,1,1,1,1,1,1,1,1,1,1,1,1,1,1,1,1,1,1,1,1,1,1,1,1,1,1,1,1,1,1,1,1,1,1,1,1,1,1,1,1,1,1,1,1,1,1,1,1,1,1,1,1,1,1,1,1,1,1,1,1,1,1,1,1,1,1,1,1,1,1,1,1,1,1,1,1,1,1,1,1,1,1,1,1,1,1,1,1,1,1,1,1,1,1,1,1,1,1,1,1,1,1,1,1,1,1,1,1,1,1,1,1,1,1,1,1,1,1,1,1,1,1,1,1,1,1,1,1,1,1,1,1];1;true;true;1;1;151;[151];1.;1.
152;152.1;4;44;[1,1,1,1,2,2,2,2,2,2,2,2,2,2,2,2,2,2,2,2,2,2,2,2,2,2,2,2,2,2,2,2,2,2,2,2,2,2,2,2,19,19,19,19];3;false;true;2;1;76;[2,19];0.28947368421052633;3.4545454545454546
152;152.2;152;152;[1,1,1,1,1,1,1,1,1,1,1,1,1,1,1,1,1,1,1,1,1,1,1,1,1,1,1,1,1,1,1,1,1,1,1,1,1,1,1,1,1,1,1,1,1,1,1,1,1,1,1,1,1,1,1,1,1,1,1,1,1,1,1,1,1,1,1,1,1,1,1,1,1,1,1,1,1,1,1,1,1,1,1,1,1,1,1,1,1,1,1,1,1,1,1,1,1,1,1,1,1,1,1,1,1,1,1,1,1,1,1,1,1,1,1,1,1,1,1,1,1,1,1,1,1,1,1,1,1,1,1,1,1,1,1,1,1,1,1,1,1,1,1,1,1,1,1,1,1,1,1,1];1;true;true;1;1;152;[2,19];1.;1.
152;152.3;2;41;[1,1,2,2,2,2,2,2,2,2,2,2,2,2,2,2,2,2,2,2,2,2,2,2,2,2,2,2,2,2,2,2,2,2,2,2,2,2,2,38,38];3;false;true;2;1;76;[2,19];0.26973684210526316;3.7073170731707314
152;152.4;4;44;[1,1,1,1,2,2,2,2,2,2,2,2,2,2,2,2,2,2,2,2,2,2,2,2,2,2,2,2,2,2,2,2,2,2,2,2,2,2,2,2,19,19,19,19];3;false;true;2;1;76;[2,19];0.28947368421052633;3.4545454545454546
152;152.5;2;41;[1,1,2,2,2,2,2,2,2,2,2,2,2,2,2,2,2,2,2,2,2,2,2,2,2,2,2,2,2,2,2,2,2,2,2,2,2,2,2,38,38];3;false;true;2;1;76;[2,19];0.26973684210526316;3.7073170731707314
152;152.6;4;44;[1,1,1,1,2,2,2,2,2,2,2,2,2,2,2,2,2,2,2,2,2,2,2,2,2,2,2,2,2,2,2,2,2,2,2,2,2,2,2,2,19,19,19,19];3;false;true;2;1;76;[2,19];0.28947368421052633;3.4545454545454546
152;152.7;2;41;[1,1,2,2,2,2,2,2,2,2,2,2,2,2,2,2,2,2,2,2,2,2,2,2,2,2,2,2,2,2,2,2,2,2,2,2,2,2,2,38,38];3;false;true;2;1;76;[2,19];0.26973684210526316;3.7073170731707314
152;152.8;152;152;[1,1,1,1,1,1,1,1,1,1,1,1,1,1,1,1,1,1,1,1,1,1,1,1,1,1,1,1,1,1,1,1,1,1,1,1,1,1,1,1,1,1,1,1,1,1,1,1,1,1,1,1,1,1,1,1,1,1,1,1,1,1,1,1,1,1,1,1,1,1,1,1,1,1,1,1,1,1,1,1,1,1,1,1,1,1,1,1,1,1,1,1,1,1,1,1,1,1,1,1,1,1,1,1,1,1,1,1,1,1,1,1,1,1,1,1,1,1,1,1,1,1,1,1,1,1,1,1,1,1,1,1,1,1,1,1,1,1,1,1,1,1,1,1,1,1,1,1,1,1,1,1];1;true;true;1;1;152;[2,19];1.;1.
152;152.9;38;95;[1,1,1,1,1,1,1,1,1,1,1,1,1,1,1,1,1,1,1,1,1,1,1,1,1,1,1,1,1,1,1,1,1,1,1,1,1,1,2,2,2,2,2,2,2,2,2,2,2,2,2,2,2,2,2,2,2,2,2,2,2,2,2,2,2,2,2,2,2,2,2,2,2,2,2,2,2,2,2,2,2,2,2,2,2,2,2,2,2,2,2,2,2,2,2];2;true;true;2;2;152;[2,19];0.625;1.6000000000000001
152;152.10;38;95;[1,1,1,1,1,1,1,1,1,1,1,1,1,1,1,1,1,1,1,1,1,1,1,1,1,1,1,1,1,1,1,1,1,1,1,1,1,1,2,2,2,2,2,2,2,2,2,2,2,2,2,2,2,2,2,2,2,2,2,2,2,2,2,2,2,2,2,2,2,2,2,2,2,2,2,2,2,2,2,2,2,2,2,2,2,2,2,2,2,2,2,2,2,2,2];2;true;true;2;2;152;[2,19];0.625;1.6000000000000001
152;152.11;4;44;[1,1,1,1,2,2,2,2,2,2,2,2,2,2,2,2,2,2,2,2,2,2,2,2,2,2,2,2,2,2,2,2,2,2,2,2,2,2,2,2,19,19,19,19];3;false;true;2;1;76;[2,19];0.28947368421052633;3.4545454545454546
152;152.12;152;152;[1,1,1,1,1,1,1,1,1,1,1,1,1,1,1,1,1,1,1,1,1,1,1,1,1,1,1,1,1,1,1,1,1,1,1,1,1,1,1,1,1,1,1,1,1,1,1,1,1,1,1,1,1,1,1,1,1,1,1,1,1,1,1,1,1,1,1,1,1,1,1,1,1,1,1,1,1,1,1,1,1,1,1,1,1,1,1,1,1,1,1,1,1,1,1,1,1,1,1,1,1,1,1,1,1,1,1,1,1,1,1,1,1,1,1,1,1,1,1,1,1,1,1,1,1,1,1,1,1,1,1,1,1,1,1,1,1,1,1,1,1,1,1,1,1,1,1,1,1,1,1,1];1;true;true;1;1;152;[2,19];1.;1.
153;153.1;153;153;[1,1,1,1,1,1,1,1,1,1,1,1,1,1,1,1,1,1,1,1,1,1,1,1,1,1,1,1,1,1,1,1,1,1,1,1,1,1,1,1,1,1,1,1,1,1,1,1,1,1,1,1,1,1,1,1,1,1,1,1,1,1,1,1,1,1,1,1,1,1,1,1,1,1,1,1,1,1,1,1,1,1,1,1,1,1,1,1,1,1,1,1,1,1,1,1,1,1,1,1,1,1,1,1,1,1,1,1,1,1,1,1,1,1,1,1,1,1,1,1,1,1,1,1,1,1,1,1,1,1,1,1,1,1,1,1,1,1,1,1,1,1,1,1,1,1,1,1,1,1,1,1,1];1;true;true;1;1;153;[3,17];1.;1.
153;153.2;153;153;[1,1,1,1,1,1,1,1,1,1,1,1,1,1,1,1,1,1,1,1,1,1,1,1,1,1,1,1,1,1,1,1,1,1,1,1,1,1,1,1,1,1,1,1,1,1,1,1,1,1,1,1,1,1,1,1,1,1,1,1,1,1,1,1,1,1,1,1,1,1,1,1,1,1,1,1,1,1,1,1,1,1,1,1,1,1,1,1,1,1,1,1,1,1,1,1,1,1,1,1,1,1,1,1,1,1,1,1,1,1,1,1,1,1,1,1,1,1,1,1,1,1,1,1,1,1,1,1,1,1,1,1,1,1,1,1,1,1,1,1,1,1,1,1,1,1,1,1,1,1,1,1,1];1;true;true;1;1;153;[3,17];1.;1.
154;154.1;11;55;[1,1,1,1,1,1,1,1,1,1,1,2,2,2,2,2,2,2,2,2,2,2,2,2,2,2,2,2,2,2,2,2,2,2,2,2,2,2,2,2,2,2,2,2,7,7,7,7,7,7,7,7,7,7,7];3;false;true;2;1;77;[2,7,11];0.35714285714285715;2.7999999999999998
154;154.2;7;49;[1,1,1,1,1,1,1,2,2,2,2,2,2,2,2,2,2,2,2,2,2,2,2,2,2,2,2,2,2,2,2,2,2,2,2,2,2,2,2,2,2,2,11,11,11,11,11,11,11];3;false;true;2;1;77;[2,7,11];0.31818181818181818;3.1428571428571428
154;154.3;1;40;[1,2,2,2,2,2,2,2,2,2,2,2,2,2,2,2,2,2,2,2,2,2,2,2,2,2,2,2,2,2,2,2,2,2,2,2,2,2,2,77];3;false;true;2;1;77;[2,7,11];0.25974025974025972;3.8500000000000001
154;154.4;154;154;[1,1,1,1,1,1,1,1,1,1,1,1,1,1,1,1,1,1,1,1,1,1,1,1,1,1,1,1,1,1,1,1,1,1,1,1,1,1,1,1,1,1,1,1,1,1,1,1,1,1,1,1,1,1,1,1,1,1,1,1,1,1,1,1,1,1,1,1,1,1,1,1,1,1,1,1,1,1,1,1,1,1,1,1,1,1,1,1,1,1,1,1,1,1,1,1,1,1,1,1,1,1,1,1,1,1,1,1,1,1,1,1,1,1,1,1,1,1,1,1,1,1,1,1,1,1,1,1,1,1,1,1,1,1,1,1,1,1,1,1,1,1,1,1,1,1,1,1,1,1,1,1,1,1];1;true;true;1;1;154;[2,7,11];1.;1.
155;155.1;1;11;[1,5,5,5,5,5,5,31,31,31,31];3;false;true;2;1;31;[5,31];0.070967741935483872;14.090909090909092
155;155.2;155;155;[1,1,1,1,1,1,1,1,1,1,1,1,1,1,1,1,1,1,1,1,1,1,1,1,1,1,1,1,1,1,1,1,1,1,1,1,1,1,1,1,1,1,1,1,1,1,1,1,1,1,1,1,1,1,1,1,1,1,1,1,1,1,1,1,1,1,1,1,1,1,1,1,1,1,1,1,1,1,1,1,1,1,1,1,1,1,1,1,1,1,1,1,1,1,1,1,1,1,1,1,1,1,1,1,1,1,1,1,1,1,1,1,1,1,1,1,1,1,1,1,1,1,1,1,1,1,1,1,1,1,1,1,1,1,1,1,1,1,1,1,1,1,1,1,1,1,1,1,1,1,1,1,1,1,1];1;true;true;1;1;155;[5,31];1.;1.
156;156.1;2;16;[1,1,6,6,6,6,13,13,13,13,13,13,13,13,13,13];3;false;true;2;1;26;[2,3,13];0.10256410256410256;9.75
156;156.2;4;28;[1,1,1,1,3,3,3,3,3,3,3,3,3,3,3,3,3,3,3,3,13,13,13,13,13,13,13,13];3;false;true;2;1;52;[2,3,13];0.17948717948717949;5.5714285714285712
156;156.3;26;78;[1,1,1,1,1,1,1,1,1,1,1,1,1,1,1,1,1,1,1,1,1,1,1,1,1,1,2,2,2,2,2,2,2,2,2,2,2,2,2,2,2,2,2,2,2,2,2,2,2,2,2,2,3,3,3,3,3,3,3,3,3,3,3,3,3,3,3,3,3,3,3,3,3,3,3,3,3,3];3;false;true;2;1;78;[2,3,13];0.5;2.
156;156.4;6;48;[1,1,1,1,1,1,2,2,2,2,2,2,2,2,2,2,2,2,2,2,2,2,2,2,2,2,2,2,2,2,2,2,2,2,2,2,2,2,2,2,2,2,13,13,13,13,13,13];3;false;true;2;1;78;[2,3,13];0.30769230769230771;3.25
156;156.5;2;42;[1,1,2,2,2,2,2,2,2,2,2,2,2,2,2,2,2,2,2,2,2,2,2,2,2,2,2,2,2,2,2,2,2,2,2,2,2,2,2,2,39,39];3;false;true;2;1;78;[2,3,13];0.26923076923076922;3.7142857142857144
156;156.6;156;156;[1,1,1,1,1,1,1,1,1,1,1,1,1,1,1,1,1,1,1,1,1,1,1,1,1,1,1,1,1,1,1,1,1,1,1,1,1,1,1,1,1,1,1,1,1,1,1,1,1,1,1,1,1,1,1,1,1,1,1,1,1,1,1,1,1,1,1,1,1,1,1,1,1,1,1,1,1,1,1,1,1,1,1,1,1,1,1,1,1,1,1,1,1,1,1,1,1,1,1,1,1,1,1,1,1,1,1,1,1,1,1,1,1,1,1,1,1,1,1,1,1,1,1,1,1,1,1,1,1,1,1,1,1,1,1,1,1,1,1,1,1,1,1,1,1,1,1,1,1,1,1,1,1,1,1,1];1;true;true;1;1;156;[2,3,13];1.;1.
156;156.7;1;13;[1,12,13,13,13,13,13,13,13,13,13,13,13];3;false;true;2;1;13;[2,3,13];0.083333333333333329;12.
156;156.8;2;16;[1,1,6,6,6,6,13,13,13,13,13,13,13,13,13,13];3;false;true;2;1;26;[2,3,13];0.10256410256410256;9.75
156;156.9;3;21;[1,1,1,4,4,4,4,4,4,4,4,4,13,13,13,13,13,13,13,13,13];3;false;true;2;1;39;[2,3,13];0.13461538461538461;7.4285714285714288
156;156.10;1;15;[1,2,4,4,4,4,4,4,4,4,4,13,26,39,39];6;false;true;2;1;39;[2,3,13];0.096153846153846159;10.4
156;156.11;1;24;[1,2,2,2,2,2,2,2,3,4,4,4,4,4,4,6,6,6,6,6,6,13,26,39];8;false;true;2;1;39;[2,3,13];0.15384615384615385;6.5
156;156.12;4;28;[1,1,1,1,3,3,3,3,3,3,3,3,3,3,3,3,3,3,3,3,13,13,13,13,13,13,13,13];3;false;true;2;1;52;[2,3,13];0.17948717948717949;5.5714285714285712
156;156.13;13;52;[1,1,1,1,1,1,1,1,1,1,1,1,1,3,3,3,3,3,3,3,3,3,3,3,3,3,4,4,4,4,4,4,4,4,4,4,4,4,4,4,4,4,4,4,4,4,4,4,4,4,4,4];3;false;true;2;1;52;[2,3,13];0.33333333333333331;3.
156;156.14;1;20;[1,3,3,3,3,3,3,3,3,3,3,3,3,3,3,3,3,3,52,52];3;false;true;2;1;52;[2,3,13];0.12820512820512819;7.7999999999999998
156;156.15;6;48;[1,1,1,1,1,1,2,2,2,2,2,2,2,2,2,2,2,2,2,2,2,2,2,2,2,2,2,2,2,2,2,2,2,2,2,2,2,2,2,2,2,2,13,13,13,13,13,13];3;false;true;2;1;78;[2,3,13];0.30769230769230771;3.25
156;156.16;26;78;[1,1,1,1,1,1,1,1,1,1,1,1,1,1,1,1,1,1,1,1,1,1,1,1,1,1,2,2,2,2,2,2,2,2,2,2,2,2,2,2,2,2,2,2,2,2,2,2,2,2,2,2,3,3,3,3,3,3,3,3,3,3,3,3,3,3,3,3,3,3,3,3,3,3,3,3,3,3];3;false;true;2;1;78;[2,3,13];0.5;2.
156;156.17;2;42;[1,1,2,2,2,2,2,2,2,2,2,2,2,2,2,2,2,2,2,2,2,2,2,2,2,2,2,2,2,2,2,2,2,2,2,2,2,2,2,2,39,39];3;false;true;2;1;78;[2,3,13];0.26923076923076922;3.7142857142857144
156;156.18;156;156;[1,1,1,1,1,1,1,1,1,1,1,1,1,1,1,1,1,1,1,1,1,1,1,1,1,1,1,1,1,1,1,1,1,1,1,1,1,1,1,1,1,1,1,1,1,1,1,1,1,1,1,1,1,1,1,1,1,1,1,1,1,1,1,1,1,1,1,1,1,1,1,1,1,1,1,1,1,1,1,1,1,1,1,1,1,1,1,1,1,1,1,1,1,1,1,1,1,1,1,1,1,1,1,1,1,1,1,1,1,1,1,1,1,1,1,1,1,1,1,1,1,1,1,1,1,1,1,1,1,1,1,1,1,1,1,1,1,1,1,1,1,1,1,1,1,1,1,1,1,1,1,1,1,1,1,1];1;true;true;1;1;156;[2,3,13];1.;1.
157;157.1;157;157;[1,1,1,1,1,1,1,1,1,1,1,1,1,1,1,1,1,1,1,1,1,1,1,1,1,1,1,1,1,1,1,1,1,1,1,1,1,1,1,1,1,1,1,1,1,1,1,1,1,1,1,1,1,1,1,1,1,1,1,1,1,1,1,1,1,1,1,1,1,1,1,1,1,1,1,1,1,1,1,1,1,1,1,1,1,1,1,1,1,1,1,1,1,1,1,1,1,1,1,1,1,1,1,1,1,1,1,1,1,1,1,1,1,1,1,1,1,1,1,1,1,1,1,1,1,1,1,1,1,1,1,1,1,1,1,1,1,1,1,1,1,1,1,1,1,1,1,1,1,1,1,1,1,1,1,1,1];1;true;true;1;1;157;[157];1.;1.
158;158.1;1;41;[1,2,2,2,2,2,2,2,2,2,2,2,2,2,2,2,2,2,2,2,2,2,2,2,2,2,2,2,2,2,2,2,2,2,2,2,2,2,2,2,79];3;false;true;2;1;79;[2,79];0.25949367088607594;3.8536585365853657
158;158.2;158;158;[1,1,1,1,1,1,1,1,1,1,1,1,1,1,1,1,1,1,1,1,1,1,1,1,1,1,1,1,1,1,1,1,1,1,1,1,1,1,1,1,1,1,1,1,1,1,1,1,1,1,1,1,1,1,1,1,1,1,1,1,1,1,1,1,1,1,1,1,1,1,1,1,1,1,1,1,1,1,1,1,1,1,1,1,1,1,1,1,1,1,1,1,1,1,1,1,1,1,1,1,1,1,1,1,1,1,1,1,1,1,1,1,1,1,1,1,1,1,1,1,1,1,1,1,1,1,1,1,1,1,1,1,1,1,1,1,1,1,1,1,1,1,1,1,1,1,1,1,1,1,1,1,1,1,1,1,1,1];1;true;true;1;1;158;[2,79];1.;1.
159;159.1;159;159;[1,1,1,1,1,1,1,1,1,1,1,1,1,1,1,1,1,1,1,1,1,1,1,1,1,1,1,1,1,1,1,1,1,1,1,1,1,1,1,1,1,1,1,1,1,1,1,1,1,1,1,1,1,1,1,1,1,1,1,1,1,1,1,1,1,1,1,1,1,1,1,1,1,1,1,1,1,1,1,1,1,1,1,1,1,1,1,1,1,1,1,1,1,1,1,1,1,1,1,1,1,1,1,1,1,1,1,1,1,1,1,1,1,1,1,1,1,1,1,1,1,1,1,1,1,1,1,1,1,1,1,1,1,1,1,1,1,1,1,1,1,1,1,1,1,1,1,1,1,1,1,1,1,1,1,1,1,1,1];1;true;true;1;1;159;[3,53];1.;1.
160;160.1;16;64;[1,1,1,1,1,1,1,1,1,1,1,1,1,1,1,1,2,2,2,2,2,2,2,2,2,2,2,2,2,2,2,2,2,2,2,2,2,2,2,2,2,2,2,2,2,2,2,2,5,5,5,5,5,5,5,5,5,5,5,5,5,5,5,5];3;false;true;2;1;80;[2,5];0.40000000000000002;2.5
160;160.2;160;160;[1,1,1,1,1,1,1,1,1,1,1,1,1,1,1,1,1,1,1,1,1,1,1,1,1,1,1,1,1,1,1,1,1,1,1,1,1,1,1,1,1,1,1,1,1,1,1,1,1,1,1,1,1,1,1,1,1,1,1,1,1,1,1,1,1,1,1,1,1,1,1,1,1,1,1,1,1,1,1,1,1,1,1,1,1,1,1,1,1,1,1,1,1,1,1,1,1,1,1,1,1,1,1,1,1,1,1,1,1,1,1,1,1,1,1,1,1,1,1,1,1,1,1,1,1,1,1,1,1,1,1,1,1,1,1,1,1,1,1,1,1,1,1,1,1,1,1,1,1,1,1,1,1,1,1,1,1,1,1,1];1;true;true;1;1;160;[2,5];1.;1.
160;160.3;8;40;[1,1,1,1,1,1,1,1,4,4,4,4,4,4,4,4,5,5,5,5,5,5,5,5,5,5,5,5,5,5,5,5,5,5,5,5,5,5,5,5];3;false;true;2;1;40;[2,5];0.25;4.
160;160.4;16;64;[1,1,1,1,1,1,1,1,1,1,1,1,1,1,1,1,2,2,2,2,2,2,2,2,2,2,2,2,2,2,2,2,2,2,2,2,2,2,2,2,2,2,2,2,2,2,2,2,5,5,5,5,5,5,5,5,5,5,5,5,5,5,5,5];3;false;true;2;1;80;[2,5];0.40000000000000002;2.5
160;160.5;8;52;[1,1,1,1,1,1,1,1,2,2,2,2,2,2,2,2,2,2,2,2,2,2,2,2,2,2,2,2,2,2,2,2,2,2,2,2,2,2,2,2,2,2,2,2,10,10,10,10,10,10,10,10];3;false;true;2;1;80;[2,5];0.32500000000000001;3.0769230769230771
160;160.6;2;43;[1,1,2,2,2,2,2,2,2,2,2,2,2,2,2,2,2,2,2,2,2,2,2,2,2,2,2,2,2,2,2,2,2,2,2,2,2,2,2,2,2,40,40];3;false;true;2;1;80;[2,5];0.26874999999999999;3.7209302325581395
160;160.7;2;43;[1,1,2,2,2,2,2,2,2,2,2,2,2,2,2,2,2,2,2,2,2,2,2,2,2,2,2,2,2,2,2,2,2,2,2,2,2,2,2,2,2,40,40];3;false;true;2;1;80;[2,5];0.26874999999999999;3.7209302325581395
160;160.8;2;43;[1,1,2,2,2,2,2,2,2,2,2,2,2,2,2,2,2,2,2,2,2,2,2,2,2,2,2,2,2,2,2,2,2,2,2,2,2,2,2,2,2,40,40];3;false;true;2;1;80;[2,5];0.26874999999999999;3.7209302325581395
160;160.9;16;64;[1,1,1,1,1,1,1,1,1,1,1,1,1,1,1,1,2,2,2,2,2,2,2,2,2,2,2,2,2,2,2,2,2,2,2,2,2,2,2,2,2,2,2,2,2,2,2,2,5,5,5,5,5,5,5,5,5,5,5,5,5,5,5,5];3;false;true;2;1;80;[2,5];0.40000000000000002;2.5
160;160.10;8;52;[1,1,1,1,1,1,1,1,2,2,2,2,2,2,2,2,2,2,2,2,2,2,2,2,2,2,2,2,2,2,2,2,2,2,2,2,2,2,2,2,2,2,2,2,10,10,10,10,10,10,10,10];3;false;true;2;1;80;[2,5];0.32500000000000001;3.0769230769230771
160;160.11;8;52;[1,1,1,1,1,1,1,1,2,2,2,2,2,2,2,2,2,2,2,2,2,2,2,2,2,2,2,2,2,2,2,2,2,2,2,2,2,2,2,2,2,2,2,2,10,10,10,10,10,10,10,10];3;false;true;2;1;80;[2,5];0.32500000000000001;3.0769230769230771
160;160.12;4;46;[1,1,1,1,2,2,2,2,2,2,2,2,2,2,2,2,2,2,2,2,2,2,2,2,2,2,2,2,2,2,2,2,2,2,2,2,2,2,2,2,2,2,20,20,20,20];3;false;true;2;1;80;[2,5];0.28749999999999998;3.4782608695652173
160;160.13;2;31;[1,1,2,2,2,2,2,2,2,2,2,2,2,4,4,4,4,4,4,4,4,4,4,4,4,4,4,20,20,20,20];4;false;true;2;2;80;[2,5];0.19375000000000001;5.161290322580645
160;160.14;4;34;[1,1,1,1,2,2,2,2,2,2,2,2,2,2,4,4,4,4,4,4,4,4,4,4,4,4,4,4,10,10,10,10,20,20];5;false;true;2;2;80;[2,5];0.21249999999999999;4.7058823529411766
160;160.15;4;34;[1,1,1,1,2,2,2,2,2,2,2,2,2,2,4,4,4,4,4,4,4,4,4,4,4,4,4,4,10,10,10,10,20,20];5;false;true;2;2;80;[2,5];0.21249999999999999;4.7058823529411766
160;160.16;4;34;[1,1,1,1,2,2,2,2,2,2,2,2,2,2,4,4,4,4,4,4,4,4,4,4,4,4,4,4,10,10,10,10,20,20];5;false;true;2;2;80;[2,5];0.21249999999999999;4.7058823529411766
160;160.17;4;34;[1,1,1,1,2,2,2,2,2,2,2,2,2,2,4,4,4,4,4,4,4,4,4,4,4,4,4,4,10,10,10,10,20,20];5;false;true;2;2;80;[2,5];0.21249999999999999;4.7058823529411766
160;160.18;16;64;[1,1,1,1,1,1,1,1,1,1,1,1,1,1,1,1,2,2,2,2,2,2,2,2,2,2,2,2,2,2,2,2,2,2,2,2,2,2,2,2,2,2,2,2,2,2,2,2,5,5,5,5,5,5,5,5,5,5,5,5,5,5,5,5];3;false;true;2;1;80;[2,5];0.40000000000000002;2.5
160;160.19;8;52;[1,1,1,1,1,1,1,1,2,2,2,2,2,2,2,2,2,2,2,2,2,2,2,2,2,2,2,2,2,2,2,2,2,2,2,2,2,2,2,2,2,2,2,2,10,10,10,10,10,10,10,10];3;false;true;2;1;80;[2,5];0.32500000000000001;3.0769230769230771
160;160.20;16;64;[1,1,1,1,1,1,1,1,1,1,1,1,1,1,1,1,2,2,2,2,2,2,2,2,2,2,2,2,2,2,2,2,2,2,2,2,2,2,2,2,2,2,2,2,2,2,2,2,5,5,5,5,5,5,5,5,5,5,5,5,5,5,5,5];3;false;true;2;1;80;[2,5];0.40000000000000002;2.5
160;160.21;8;52;[1,1,1,1,1,1,1,1,2,2,2,2,2,2,2,2,2,2,2,2,2,2,2,2,2,2,2,2,2,2,2,2,2,2,2,2,2,2,2,2,2,2,2,2,10,10,10,10,10,10,10,10];3;false;true;2;1;80;[2,5];0.32500000000000001;3.0769230769230771
160;160.22;8;52;[1,1,1,1,1,1,1,1,2,2,2,2,2,2,2,2,2,2,2,2,2,2,2,2,2,2,2,2,2,2,2,2,2,2,2,2,2,2,2,2,2,2,2,2,10,10,10,10,10,10,10,10];3;false;true;2;1;80;[2,5];0.32500000000000001;3.0769230769230771
160;160.23;4;46;[1,1,1,1,2,2,2,2,2,2,2,2,2,2,2,2,2,2,2,2,2,2,2,2,2,2,2,2,2,2,2,2,2,2,2,2,2,2,2,2,2,2,20,20,20,20];3;false;true;2;1;80;[2,5];0.28749999999999998;3.4782608695652173
160;160.24;4;46;[1,1,1,1,2,2,2,2,2,2,2,2,2,2,2,2,2,2,2,2,2,2,2,2,2,2,2,2,2,2,2,2,2,2,2,2,2,2,2,2,2,2,20,20,20,20];3;false;true;2;1;80;[2,5];0.28749999999999998;3.4782608695652173
160;160.25;4;46;[1,1,1,1,2,2,2,2,2,2,2,2,2,2,2,2,2,2,2,2,2,2,2,2,2,2,2,2,2,2,2,2,2,2,2,2,2,2,2,2,2,2,20,20,20,20];3;false;true;2;1;80;[2,5];0.28749999999999998;3.4782608695652173
160;160.26;4;46;[1,1,1,1,2,2,2,2,2,2,2,2,2,2,2,2,2,2,2,2,2,2,2,2,2,2,2,2,2,2,2,2,2,2,2,2,2,2,2,2,2,2,20,20,20,20];3;false;true;2;1;80;[2,5];0.28749999999999998;3.4782608695652173
160;160.27;8;52;[1,1,1,1,1,1,1,1,2,2,2,2,2,2,2,2,2,2,2,2,2,2,2,2,2,2,2,2,2,2,2,2,2,2,2,2,2,2,2,2,2,2,2,2,10,10,10,10,10,10,10,10];3;false;true;2;1;80;[2,5];0.32500000000000001;3.0769230769230771
160;160.28;4;46;[1,1,1,1,2,2,2,2,2,2,2,2,2,2,2,2,2,2,2,2,2,2,2,2,2,2,2,2,2,2,2,2,2,2,2,2,2,2,2,2,2,2,20,20,20,20];3;false;true;2;1;80;[2,5];0.28749999999999998;3.4782608695652173
160;160.29;4;34;[1,1,1,1,2,2,2,2,2,2,2,2,2,2,4,4,4,4,4,4,4,4,4,4,4,4,4,4,10,10,10,10,20,20];5;false;true;2;2;80;[2,5];0.21249999999999999;4.7058823529411766
160;160.30;2;31;[1,1,2,2,2,2,2,2,2,2,2,2,2,4,4,4,4,4,4,4,4,4,4,4,4,4,4,20,20,20,20];4;false;true;2;2;80;[2,5];0.19375000000000001;5.161290322580645
160;160.31;2;31;[1,1,2,2,2,2,2,2,2,2,2,2,2,4,4,4,4,4,4,4,4,4,4,4,4,4,4,20,20,20,20];4;false;true;2;2;80;[2,5];0.19375000000000001;5.161290322580645
160;160.32;4;34;[1,1,1,1,2,2,2,2,2,2,2,2,2,2,4,4,4,4,4,4,4,4,4,4,4,4,4,4,10,10,10,10,20,20];5;false;true;2;2;80;[2,5];0.21249999999999999;4.7058823529411766
160;160.33;2;25;[1,1,2,2,2,2,2,2,2,4,4,4,4,4,4,8,8,8,8,8,10,10,10,10,40];6;false;true;2;2;80;[2,5];0.15625;6.4000000000000004
160;160.34;2;25;[1,1,2,2,2,2,2,2,2,4,4,4,4,4,4,8,8,8,8,8,10,10,10,10,40];6;false;true;2;2;80;[2,5];0.15625;6.4000000000000004
160;160.35;2;25;[1,1,2,2,2,2,2,2,2,4,4,4,4,4,4,8,8,8,8,8,10,10,10,10,40];6;false;true;2;2;80;[2,5];0.15625;6.4000000000000004
160;160.36;2;25;[1,1,2,2,2,2,2,2,2,4,4,4,4,4,4,8,8,8,8,8,10,10,10,10,40];6;false;true;2;2;80;[2,5];0.15625;6.4000000000000004
160;160.37;8;52;[1,1,1,1,1,1,1,1,2,2,2,2,2,2,2,2,2,2,2,2,2,2,2,2,2,2,2,2,2,2,2,2,2,2,2,2,2,2,2,2,2,2,2,2,10,10,10,10,10,10,10,10];3;false;true;2;1;80;[2,5];0.32500000000000001;3.0769230769230771
160;160.38;8;52;[1,1,1,1,1,1,1,1,2,2,2,2,2,2,2,2,2,2,2,2,2,2,2,2,2,2,2,2,2,2,2,2,2,2,2,2,2,2,2,2,2,2,2,2,10,10,10,10,10,10,10,10];3;false;true;2;1;80;[2,5];0.32500000000000001;3.0769230769230771
160;160.39;4;34;[1,1,1,1,2,2,2,2,2,2,2,2,2,2,4,4,4,4,4,4,4,4,4,4,4,4,4,4,10,10,10,10,20,20];5;false;true;2;2;80;[2,5];0.21249999999999999;4.7058823529411766
160;160.40;2;31;[1,1,2,2,2,2,2,2,2,2,2,2,2,4,4,4,4,4,4,4,4,4,4,4,4,4,4,20,20,20,20];4;false;true;2;2;80;[2,5];0.19375000000000001;5.161290322580645
160;160.41;2;31;[1,1,2,2,2,2,2,2,2,2,2,2,2,4,4,4,4,4,4,4,4,4,4,4,4,4,4,20,20,20,20];4;false;true;2;2;80;[2,5];0.19375000000000001;5.161290322580645
160;160.42;4;34;[1,1,1,1,2,2,2,2,2,2,2,2,2,2,4,4,4,4,4,4,4,4,4,4,4,4,4,4,10,10,10,10,20,20];5;false;true;2;2;80;[2,5];0.21249999999999999;4.7058823529411766
160;160.43;2;31;[1,1,2,2,2,2,2,2,2,2,2,2,2,4,4,4,4,4,4,4,4,4,4,4,4,4,4,20,20,20,20];4;false;true;2;2;80;[2,5];0.19375000000000001;5.161290322580645
160;160.44;4;34;[1,1,1,1,2,2,2,2,2,2,2,2,2,2,4,4,4,4,4,4,4,4,4,4,4,4,4,4,10,10,10,10,20,20];5;false;true;2;2;80;[2,5];0.21249999999999999;4.7058823529411766
160;160.45;40;100;[1,1,1,1,1,1,1,1,1,1,1,1,1,1,1,1,1,1,1,1,1,1,1,1,1,1,1,1,1,1,1,1,1,1,1,1,1,1,1,1,2,2,2,2,2,2,2,2,2,2,2,2,2,2,2,2,2,2,2,2,2,2,2,2,2,2,2,2,2,2,2,2,2,2,2,2,2,2,2,2,2,2,2,2,2,2,2,2,2,2,2,2,2,2,2,2,2,2,2,2];2;true;true;2;2;160;[2,5];0.625;1.6000000000000001
160;160.46;160;160;[1,1,1,1,1,1,1,1,1,1,1,1,1,1,1,1,1,1,1,1,1,1,1,1,1,1,1,1,1,1,1,1,1,1,1,1,1,1,1,1,1,1,1,1,1,1,1,1,1,1,1,1,1,1,1,1,1,1,1,1,1,1,1,1,1,1,1,1,1,1,1,1,1,1,1,1,1,1,1,1,1,1,1,1,1,1,1,1,1,1,1,1,1,1,1,1,1,1,1,1,1,1,1,1,1,1,1,1,1,1,1,1,1,1,1,1,1,1,1,1,1,1,1,1,1,1,1,1,1,1,1,1,1,1,1,1,1,1,1,1,1,1,1,1,1,1,1,1,1,1,1,1,1,1,1,1,1,1,1,1];1;true;true;1;1;160;[2,5];1.;1.
160;160.47;40;100;[1,1,1,1,1,1,1,1,1,1,1,1,1,1,1,1,1,1,1,1,1,1,1,1,1,1,1,1,1,1,1,1,1,1,1,1,1,1,1,1,2,2,2,2,2,2,2,2,2,2,2,2,2,2,2,2,2,2,2,2,2,2,2,2,2,2,2,2,2,2,2,2,2,2,2,2,2,2,2,2,2,2,2,2,2,2,2,2,2,2,2,2,2,2,2,2,2,2,2,2];2;true;true;2;2;160;[2,5];0.625;1.6000000000000001
160;160.48;40;100;[1,1,1,1,1,1,1,1,1,1,1,1,1,1,1,1,1,1,1,1,1,1,1,1,1,1,1,1,1,1,1,1,1,1,1,1,1,1,1,1,2,2,2,2,2,2,2,2,2,2,2,2,2,2,2,2,2,2,2,2,2,2,2,2,2,2,2,2,2,2,2,2,2,2,2,2,2,2,2,2,2,2,2,2,2,2,2,2,2,2,2,2,2,2,2,2,2,2,2,2];2;true;true;2;2;160;[2,5];0.625;1.6000000000000001
160;160.49;10;55;[1,1,1,1,1,1,1,1,1,1,2,2,2,2,2,2,2,2,2,2,2,2,2,2,2,4,4,4,4,4,4,4,4,4,4,4,4,4,4,4,4,4,4,4,4,4,4,4,4,4,4,4,4,4,4];3;true;true;2;2;160;[2,5];0.34375;2.9090909090909092
160;160.50;10;55;[1,1,1,1,1,1,1,1,1,1,2,2,2,2,2,2,2,2,2,2,2,2,2,2,2,4,4,4,4,4,4,4,4,4,4,4,4,4,4,4,4,4,4,4,4,4,4,4,4,4,4,4,4,4,4];3;true;true;2;2;160;[2,5];0.34375;2.9090909090909092
160;160.51;10;55;[1,1,1,1,1,1,1,1,1,1,2,2,2,2,2,2,2,2,2,2,2,2,2,2,2,4,4,4,4,4,4,4,4,4,4,4,4,4,4,4,4,4,4,4,4,4,4,4,4,4,4,4,4,4,4];3;true;true;2;2;160;[2,5];0.34375;2.9090909090909092
160;160.52;20;70;[1,1,1,1,1,1,1,1,1,1,1,1,1,1,1,1,1,1,1,1,2,2,2,2,2,2,2,2,2,2,2,2,2,2,2,2,2,2,2,2,2,2,2,2,2,2,2,2,2,2,4,4,4,4,4,4,4,4,4,4,4,4,4,4,4,4,4,4,4,4];3;true;true;2;2;160;[2,5];0.4375;2.2857142857142856
160;160.53;20;70;[1,1,1,1,1,1,1,1,1,1,1,1,1,1,1,1,1,1,1,1,2,2,2,2,2,2,2,2,2,2,2,2,2,2,2,2,2,2,2,2,2,2,2,2,2,2,2,2,2,2,4,4,4,4,4,4,4,4,4,4,4,4,4,4,4,4,4,4,4,4];3;true;true;2;2;160;[2,5];0.4375;2.2857142857142856
160;160.54;20;70;[1,1,1,1,1,1,1,1,1,1,1,1,1,1,1,1,1,1,1,1,2,2,2,2,2,2,2,2,2,2,2,2,2,2,2,2,2,2,2,2,2,2,2,2,2,2,2,2,2,2,4,4,4,4,4,4,4,4,4,4,4,4,4,4,4,4,4,4,4,4];3;true;true;2;2;160;[2,5];0.4375;2.2857142857142856
160;160.55;40;100;[1,1,1,1,1,1,1,1,1,1,1,1,1,1,1,1,1,1,1,1,1,1,1,1,1,1,1,1,1,1,1,1,1,1,1,1,1,1,1,1,2,2,2,2,2,2,2,2,2,2,2,2,2,2,2,2,2,2,2,2,2,2,2,2,2,2,2,2,2,2,2,2,2,2,2,2,2,2,2,2,2,2,2,2,2,2,2,2,2,2,2,2,2,2,2,2,2,2,2,2];2;true;true;2;2;160;[2,5];0.625;1.6000000000000001
160;160.56;20;70;[1,1,1,1,1,1,1,1,1,1,1,1,1,1,1,1,1,1,1,1,2,2,2,2,2,2,2,2,2,2,2,2,2,2,2,2,2,2,2,2,2,2,2,2,2,2,2,2,2,2,4,4,4,4,4,4,4,4,4,4,4,4,4,4,4,4,4,4,4,4];3;true;true;2;2;160;[2,5];0.4375;2.2857142857142856
160;160.57;20;70;[1,1,1,1,1,1,1,1,1,1,1,1,1,1,1,1,1,1,1,1,2,2,2,2,2,2,2,2,2,2,2,2,2,2,2,2,2,2,2,2,2,2,2,2,2,2,2,2,2,2,4,4,4,4,4,4,4,4,4,4,4,4,4,4,4,4,4,4,4,4];3;true;true;2;2;160;[2,5];0.4375;2.2857142857142856
160;160.58;20;70;[1,1,1,1,1,1,1,1,1,1,1,1,1,1,1,1,1,1,1,1,2,2,2,2,2,2,2,2,2,2,2,2,2,2,2,2,2,2,2,2,2,2,2,2,2,2,2,2,2,2,4,4,4,4,4,4,4,4,4,4,4,4,4,4,4,4,4,4,4,4];3;true;true;2;2;160;[2,5];0.4375;2.2857142857142856
160;160.59;160;160;[1,1,1,1,1,1,1,1,1,1,1,1,1,1,1,1,1,1,1,1,1,1,1,1,1,1,1,1,1,1,1,1,1,1,1,1,1,1,1,1,1,1,1,1,1,1,1,1,1,1,1,1,1,1,1,1,1,1,1,1,1,1,1,1,1,1,1,1,1,1,1,1,1,1,1,1,1,1,1,1,1,1,1,1,1,1,1,1,1,1,1,1,1,1,1,1,1,1,1,1,1,1,1,1,1,1,1,1,1,1,1,1,1,1,1,1,1,1,1,1,1,1,1,1,1,1,1,1,1,1,1,1,1,1,1,1,1,1,1,1,1,1,1,1,1,1,1,1,1,1,1,1,1,1,1,1,1,1,1,1];1;true;true;1;1;160;[2,5];1.;1.
160;160.60;40;100;[1,1,1,1,1,1,1,1,1,1,1,1,1,1,1,1,1,1,1,1,1,1,1,1,1,1,1,1,1,1,1,1,1,1,1,1,1,1,1,1,2,2,2,2,2,2,2,2,2,2,2,2,2,2,2,2,2,2,2,2,2,2,2,2,2,2,2,2,2,2,2,2,2,2,2,2,2,2,2,2,2,2,2,2,2,2,2,2,2,2,2,2,2,2,2,2,2,2,2,2];2;true;true;2;2;160;[2,5];0.625;1.6000000000000001
160;160.61;10;55;[1,1,1,1,1,1,1,1,1,1,2,2,2,2,2,2,2,2,2,2,2,2,2,2,2,2,2,2,2,2,2,2,2,2,2,2,2,2,2,2,2,2,2,2,2,8,8,8,8,8,8,8,8,8,8];3;true;true;2;2;160;[2,5];0.34375;2.9090909090909092
160;160.62;10;55;[1,1,1,1,1,1,1,1,1,1,2,2,2,2,2,2,2,2,2,2,2,2,2,2,2,2,2,2,2,2,2,2,2,2,2,2,2,2,2,2,2,2,2,2,2,8,8,8,8,8,8,8,8,8,8];3;true;true;2;2;160;[2,5];0.34375;2.9090909090909092
160;160.63;10;55;[1,1,1,1,1,1,1,1,1,1,2,2,2,2,2,2,2,2,2,2,2,2,2,2,2,2,2,2,2,2,2,2,2,2,2,2,2,2,2,2,2,2,2,2,2,8,8,8,8,8,8,8,8,8,8];3;true;true;2;2;160;[2,5];0.34375;2.9090909090909092
160;160.64;8;40;[1,1,1,1,1,1,1,1,4,4,4,4,4,4,4,4,5,5,5,5,5,5,5,5,5,5,5,5,5,5,5,5,5,5,5,5,5,5,5,5];3;false;true;2;1;40;[2,5];0.25;4.
160;160.65;4;28;[1,1,1,1,2,2,4,4,4,4,4,4,4,4,5,5,5,5,10,10,10,10,10,10,10,10,10,10];5;false;true;2;1;40;[2,5];0.17499999999999999;5.7142857142857144
160;160.66;8;40;[1,1,1,1,1,1,1,1,4,4,4,4,4,4,4,4,5,5,5,5,5,5,5,5,5,5,5,5,5,5,5,5,5,5,5,5,5,5,5,5];3;false;true;2;1;40;[2,5];0.25;4.
160;160.67;4;28;[1,1,1,1,2,2,4,4,4,4,4,4,4,4,5,5,5,5,10,10,10,10,10,10,10,10,10,10];5;false;true;2;1;40;[2,5];0.17499999999999999;5.7142857142857144
160;160.68;2;22;[1,1,2,2,2,4,4,4,4,4,4,4,4,5,5,10,10,10,20,20,20,20];6;false;true;2;1;40;[2,5];0.13750000000000001;7.2727272727272725
160;160.69;2;22;[1,1,2,2,2,4,4,4,4,4,4,4,4,5,5,10,10,10,20,20,20,20];6;false;true;2;1;40;[2,5];0.13750000000000001;7.2727272727272725
160;160.70;2;22;[1,1,2,2,2,4,4,4,4,4,4,4,4,5,5,10,10,10,20,20,20,20];6;false;true;2;1;40;[2,5];0.13750000000000001;7.2727272727272725
160;160.71;2;22;[1,1,2,2,2,4,4,4,4,4,4,4,4,5,5,10,10,10,20,20,20,20];6;false;true;2;1;40;[2,5];0.13750000000000001;7.2727272727272725
160;160.72;8;40;[1,1,1,1,1,1,1,1,4,4,4,4,4,4,4,4,5,5,5,5,5,5,5,5,5,5,5,5,5,5,5,5,5,5,5,5,5,5,5,5];3;false;true;2;1;40;[2,5];0.25;4.
160;160.73;4;28;[1,1,1,1,2,2,4,4,4,4,4,4,4,4,5,5,5,5,10,10,10,10,10,10,10,10,10,10];5;false;true;2;1;40;[2,5];0.17499999999999999;5.7142857142857144
160;160.74;2;19;[1,1,2,4,4,4,4,4,4,4,4,4,10,10,20,20,20,20,20];5;false;true;2;1;40;[2,5];0.11874999999999999;8.4210526315789469
160;160.75;8;40;[1,1,1,1,1,1,1,1,4,4,4,4,4,4,4,4,5,5,5,5,5,5,5,5,5,5,5,5,5,5,5,5,5,5,5,5,5,5,5,5];3;false;true;2;1;40;[2,5];0.25;4.
160;160.76;4;28;[1,1,1,1,2,2,4,4,4,4,4,4,4,4,5,5,5,5,10,10,10,10,10,10,10,10,10,10];5;false;true;2;1;40;[2,5];0.17499999999999999;5.7142857142857144
160;160.77;4;28;[1,1,1,1,2,2,4,4,4,4,4,4,4,4,5,5,5,5,10,10,10,10,10,10,10,10,10,10];5;false;true;2;1;40;[2,5];0.17499999999999999;5.7142857142857144
160;160.78;4;28;[1,1,1,1,2,2,4,4,4,4,4,4,4,4,5,5,5,5,10,10,10,10,10,10,10,10,10,10];5;false;true;2;1;40;[2,5];0.17499999999999999;5.7142857142857144
160;160.79;4;28;[1,1,1,1,2,2,4,4,4,4,4,4,4,4,5,5,5,5,10,10,10,10,10,10,10,10,10,10];5;false;true;2;1;40;[2,5];0.17499999999999999;5.7142857142857144
160;160.80;2;19;[1,1,2,4,4,4,4,4,4,4,4,4,10,10,20,20,20,20,20];5;false;true;2;1;40;[2,5];0.11874999999999999;8.4210526315789469
160;160.81;4;28;[1,1,1,1,2,2,4,4,4,4,4,4,4,4,5,5,5,5,10,10,10,10,10,10,10,10,10,10];5;false;true;2;1;40;[2,5];0.17499999999999999;5.7142857142857144
160;160.82;2;19;[1,1,2,4,4,4,5,5,8,8,8,10,10,10,10,10,20,20,20];7;false;true;2;2;40;[2,5];0.11874999999999999;8.4210526315789469
160;160.83;2;19;[1,1,2,4,4,4,5,5,8,8,8,10,10,10,10,10,20,20,20];7;false;true;2;2;40;[2,5];0.11874999999999999;8.4210526315789469
160;160.84;2;19;[1,1,2,4,4,4,5,5,8,8,8,10,10,10,10,10,20,20,20];7;false;true;2;2;40;[2,5];0.11874999999999999;8.4210526315789469
160;160.85;2;19;[1,1,2,4,4,4,5,5,8,8,8,10,10,10,10,10,20,20,20];7;false;true;2;2;40;[2,5];0.11874999999999999;8.4210526315789469
160;160.86;2;19;[1,1,2,4,4,4,4,4,4,4,4,4,10,10,20,20,20,20,20];5;false;true;2;1;40;[2,5];0.11874999999999999;8.4210526315789469
160;160.87;4;28;[1,1,1,1,2,2,4,4,4,4,4,4,4,4,5,5,5,5,10,10,10,10,10,10,10,10,10,10];5;false;true;2;1;40;[2,5];0.17499999999999999;5.7142857142857144
160;160.88;2;19;[1,1,2,4,4,4,4,4,4,4,4,4,10,10,20,20,20,20,20];5;false;true;2;1;40;[2,5];0.11874999999999999;8.4210526315789469
160;160.89;8;52;[1,1,1,1,1,1,1,1,2,2,2,2,2,2,2,2,2,2,2,2,2,2,2,2,2,2,2,2,2,2,2,2,2,2,2,2,2,2,2,2,2,2,2,2,10,10,10,10,10,10,10,10];3;false;true;2;1;80;[2,5];0.32500000000000001;3.0769230769230771
160;160.90;4;46;[1,1,1,1,2,2,2,2,2,2,2,2,2,2,2,2,2,2,2,2,2,2,2,2,2,2,2,2,2,2,2,2,2,2,2,2,2,2,2,2,2,2,20,20,20,20];3;false;true;2;1;80;[2,5];0.28749999999999998;3.4782608695652173
160;160.91;4;46;[1,1,1,1,2,2,2,2,2,2,2,2,2,2,2,2,2,2,2,2,2,2,2,2,2,2,2,2,2,2,2,2,2,2,2,2,2,2,2,2,2,2,20,20,20,20];3;false;true;2;1;80;[2,5];0.28749999999999998;3.4782608695652173
160;160.92;16;64;[1,1,1,1,1,1,1,1,1,1,1,1,1,1,1,1,2,2,2,2,2,2,2,2,2,2,2,2,2,2,2,2,2,2,2,2,2,2,2,2,2,2,2,2,2,2,2,2,5,5,5,5,5,5,5,5,5,5,5,5,5,5,5,5];3;false;true;2;1;80;[2,5];0.40000000000000002;2.5
160;160.93;8;52;[1,1,1,1,1,1,1,1,2,2,2,2,2,2,2,2,2,2,2,2,2,2,2,2,2,2,2,2,2,2,2,2,2,2,2,2,2,2,2,2,2,2,2,2,10,10,10,10,10,10,10,10];3;false;true;2;1;80;[2,5];0.32500000000000001;3.0769230769230771
160;160.94;8;52;[1,1,1,1,1,1,1,1,2,2,2,2,2,2,2,2,2,2,2,2,2,2,2,2,2,2,2,2,2,2,2,2,2,2,2,2,2,2,2,2,2,2,2,2,10,10,10,10,10,10,10,10];3;false;true;2;1;80;[2,5];0.32500000000000001;3.0769230769230771
160;160.95;4;46;[1,1,1,1,2,2,2,2,2,2,2,2,2,2,2,2,2,2,2,2,2,2,2,2,2,2,2,2,2,2,2,2,2,2,2,2,2,2,2,2,2,2,20,20,20,20];3;false;true;2;1;80;[2,5];0.28749999999999998;3.4782608695652173
160;160.96;4;46;[1,1,1,1,2,2,2,2,2,2,2,2,2,2,2,2,2,2,2,2,2,2,2,2,2,2,2,2,2,2,2,2,2,2,2,2,2,2,2,2,2,2,20,20,20,20];3;false;true;2;1;80;[2,5];0.28749999999999998;3.4782608695652173
160;160.97;4;46;[1,1,1,1,2,2,2,2,2,2,2,2,2,2,2,2,2,2,2,2,2,2,2,2,2,2,2,2,2,2,2,2,2,2,2,2,2,2,2,2,2,2,20,20,20,20];3;false;true;2;1;80;[2,5];0.28749999999999998;3.4782608695652173
160;160.98;4;40;[1,1,1,1,2,2,2,2,2,2,2,2,2,2,2,2,2,2,4,4,4,4,4,4,4,4,4,4,4,4,5,5,5,5,10,10,10,10,10,10];5;false;true;2;2;80;[2,5];0.25;4.
160;160.99;4;34;[1,1,1,1,2,2,2,2,2,2,2,2,2,2,4,4,4,4,4,4,4,4,4,4,4,4,4,4,10,10,10,10,20,20];5;false;true;2;2;80;[2,5];0.21249999999999999;4.7058823529411766
160;160.100;4;34;[1,1,1,1,2,2,2,2,2,2,2,2,2,2,4,4,4,4,4,4,4,4,4,4,4,4,4,4,10,10,10,10,20,20];5;false;true;2;2;80;[2,5];0.21249999999999999;4.7058823529411766
160;160.101;4;40;[1,1,1,1,2,2,2,2,2,2,2,2,2,2,2,2,2,2,4,4,4,4,4,4,4,4,4,4,4,4,5,5,5,5,10,10,10,10,10,10];5;false;true;2;2;80;[2,5];0.25;4.
160;160.102;4;40;[1,1,1,1,2,2,2,2,2,2,2,2,2,2,2,2,2,2,4,4,4,4,4,4,4,4,4,4,4,4,5,5,5,5,10,10,10,10,10,10];5;false;true;2;2;80;[2,5];0.25;4.
160;160.103;4;34;[1,1,1,1,2,2,2,2,2,2,2,2,2,2,4,4,4,4,4,4,4,4,4,4,4,4,4,4,10,10,10,10,20,20];5;false;true;2;2;80;[2,5];0.21249999999999999;4.7058823529411766
160;160.104;4;34;[1,1,1,1,2,2,2,2,2,2,2,2,2,2,4,4,4,4,4,4,4,4,4,4,4,4,4,4,10,10,10,10,20,20];5;false;true;2;2;80;[2,5];0.21249999999999999;4.7058823529411766
160;160.105;4;34;[1,1,1,1,2,2,2,2,2,2,2,2,2,2,4,4,4,4,4,4,4,4,4,4,4,4,4,4,10,10,10,10,20,20];5;false;true;2;2;80;[2,5];0.21249999999999999;4.7058823529411766
160;160.106;4;34;[1,1,1,1,2,2,2,2,2,2,2,2,2,2,4,4,4,4,4,4,4,4,4,4,4,4,4,4,10,10,10,10,20,20];5;false;true;2;2;80;[2,5];0.21249999999999999;4.7058823529411766
160;160.107;4;34;[1,1,1,1,2,2,2,2,2,2,2,2,2,2,4,4,4,4,4,4,4,4,4,4,4,4,4,4,10,10,10,10,20,20];5;false;true;2;2;80;[2,5];0.21249999999999999;4.7058823529411766
160;160.108;4;40;[1,1,1,1,2,2,2,2,2,2,2,2,2,2,2,2,2,2,4,4,4,4,4,4,4,4,4,4,4,4,5,5,5,5,10,10,10,10,10,10];5;false;true;2;2;80;[2,5];0.25;4.
160;160.109;4;34;[1,1,1,1,2,2,2,2,2,2,2,2,2,2,4,4,4,4,4,4,4,4,4,4,4,4,4,4,10,10,10,10,20,20];5;false;true;2;2;80;[2,5];0.21249999999999999;4.7058823529411766
160;160.110;4;34;[1,1,1,1,2,2,2,2,2,2,2,2,2,2,4,4,4,4,4,4,4,4,4,4,4,4,4,4,10,10,10,10,20,20];5;false;true;2;2;80;[2,5];0.21249999999999999;4.7058823529411766
160;160.111;4;34;[1,1,1,1,2,2,2,2,2,2,2,2,2,2,4,4,4,4,4,4,4,4,4,4,4,4,4,4,10,10,10,10,20,20];5;false;true;2;2;80;[2,5];0.21249999999999999;4.7058823529411766
160;160.112;4;40;[1,1,1,1,2,2,2,2,2,2,2,2,2,2,2,2,2,2,4,4,4,4,4,4,4,4,4,4,4,4,5,5,5,5,10,10,10,10,10,10];5;false;true;2;2;80;[2,5];0.25;4.
160;160.113;4;40;[1,1,1,1,2,2,2,2,2,2,2,2,2,2,2,2,2,2,4,4,4,4,4,4,4,4,4,4,4,4,5,5,5,5,10,10,10,10,10,10];5;false;true;2;2;80;[2,5];0.25;4.
160;160.114;4;40;[1,1,1,1,2,2,2,2,2,2,2,2,2,2,2,2,2,2,4,4,4,4,4,4,4,4,4,4,4,4,5,5,5,5,10,10,10,10,10,10];5;false;true;2;2;80;[2,5];0.25;4.
160;160.115;4;34;[1,1,1,1,2,2,2,2,2,2,2,2,2,2,4,4,4,4,4,4,4,4,4,4,4,4,4,4,10,10,10,10,20,20];5;false;true;2;2;80;[2,5];0.21249999999999999;4.7058823529411766
160;160.116;4;34;[1,1,1,1,2,2,2,2,2,2,2,2,2,2,4,4,4,4,4,4,4,4,4,4,4,4,4,4,10,10,10,10,20,20];5;false;true;2;2;80;[2,5];0.21249999999999999;4.7058823529411766
160;160.117;4;34;[1,1,1,1,2,2,2,2,2,2,2,2,2,2,4,4,4,4,4,4,4,4,4,4,4,4,4,4,10,10,10,10,20,20];5;false;true;2;2;80;[2,5];0.21249999999999999;4.7058823529411766
160;160.118;4;34;[1,1,1,1,2,2,2,2,2,2,2,2,2,2,4,4,4,4,4,4,4,4,4,4,4,4,4,4,10,10,10,10,20,20];5;false;true;2;2;80;[2,5];0.21249999999999999;4.7058823529411766
160;160.119;4;34;[1,1,1,1,2,2,2,2,2,2,2,2,2,2,4,4,4,4,4,4,4,4,4,4,4,4,4,4,10,10,10,10,20,20];5;false;true;2;2;80;[2,5];0.21249999999999999;4.7058823529411766
160;160.120;16;64;[1,1,1,1,1,1,1,1,1,1,1,1,1,1,1,1,2,2,2,2,2,2,2,2,2,2,2,2,2,2,2,2,2,2,2,2,2,2,2,2,2,2,2,2,2,2,2,2,5,5,5,5,5,5,5,5,5,5,5,5,5,5,5,5];3;false;true;2;1;80;[2,5];0.40000000000000002;2.5
160;160.121;8;52;[1,1,1,1,1,1,1,1,2,2,2,2,2,2,2,2,2,2,2,2,2,2,2,2,2,2,2,2,2,2,2,2,2,2,2,2,2,2,2,2,2,2,2,2,10,10,10,10,10,10,10,10];3;false;true;2;1;80;[2,5];0.32500000000000001;3.0769230769230771
160;160.122;8;52;[1,1,1,1,1,1,1,1,2,2,2,2,2,2,2,2,2,2,2,2,2,2,2,2,2,2,2,2,2,2,2,2,2,2,2,2,2,2,2,2,2,2,2,2,10,10,10,10,10,10,10,10];3;false;true;2;1;80;[2,5];0.32500000000000001;3.0769230769230771
160;160.123;4;46;[1,1,1,1,2,2,2,2,2,2,2,2,2,2,2,2,2,2,2,2,2,2,2,2,2,2,2,2,2,2,2,2,2,2,2,2,2,2,2,2,2,2,20,20,20,20];3;false;true;2;1;80;[2,5];0.28749999999999998;3.4782608695652173
160;160.124;4;46;[1,1,1,1,2,2,2,2,2,2,2,2,2,2,2,2,2,2,2,2,2,2,2,2,2,2,2,2,2,2,2,2,2,2,2,2,2,2,2,2,2,2,20,20,20,20];3;false;true;2;1;80;[2,5];0.28749999999999998;3.4782608695652173
160;160.125;4;46;[1,1,1,1,2,2,2,2,2,2,2,2,2,2,2,2,2,2,2,2,2,2,2,2,2,2,2,2,2,2,2,2,2,2,2,2,2,2,2,2,2,2,20,20,20,20];3;false;true;2;1;80;[2,5];0.28749999999999998;3.4782608695652173
160;160.126;4;46;[1,1,1,1,2,2,2,2,2,2,2,2,2,2,2,2,2,2,2,2,2,2,2,2,2,2,2,2,2,2,2,2,2,2,2,2,2,2,2,2,2,2,20,20,20,20];3;false;true;2;1;80;[2,5];0.28749999999999998;3.4782608695652173
160;160.127;4;40;[1,1,1,1,2,2,2,2,2,2,2,2,2,2,2,2,2,2,4,4,4,4,4,4,4,4,4,4,4,4,5,5,5,5,10,10,10,10,10,10];5;false;true;2;2;80;[2,5];0.25;4.
160;160.128;4;40;[1,1,1,1,2,2,2,2,2,2,2,2,2,2,2,2,2,2,4,4,4,4,4,4,4,4,4,4,4,4,5,5,5,5,10,10,10,10,10,10];5;false;true;2;2;80;[2,5];0.25;4.
160;160.129;2;31;[1,1,2,2,2,2,2,2,2,2,2,2,2,4,4,4,4,4,4,4,4,4,4,4,4,4,4,20,20,20,20];4;false;true;2;2;80;[2,5];0.19375000000000001;5.161290322580645
160;160.130;2;31;[1,1,2,2,2,2,2,2,2,2,2,2,2,4,4,4,4,4,4,4,4,4,4,4,4,4,4,20,20,20,20];4;false;true;2;2;80;[2,5];0.19375000000000001;5.161290322580645
160;160.131;2;28;[1,1,2,2,2,2,2,2,2,4,4,4,4,4,4,4,4,5,5,8,8,8,8,10,10,10,20,20];7;false;true;2;2;80;[2,5];0.17499999999999999;5.7142857142857144
160;160.132;2;25;[1,1,2,2,2,2,2,4,4,4,4,4,4,4,4,4,8,8,8,8,10,10,20,20,20];6;false;true;2;2;80;[2,5];0.15625;6.4000000000000004
160;160.133;2;28;[1,1,2,2,2,2,2,2,2,4,4,4,4,4,4,4,4,5,5,8,8,8,8,10,10,10,20,20];7;false;true;2;2;80;[2,5];0.17499999999999999;5.7142857142857144
160;160.134;2;28;[1,1,2,2,2,2,2,2,2,4,4,4,4,4,4,4,4,5,5,8,8,8,8,10,10,10,20,20];7;false;true;2;2;80;[2,5];0.17499999999999999;5.7142857142857144
160;160.135;2;25;[1,1,2,2,2,2,2,4,4,4,4,4,4,4,4,4,8,8,8,8,10,10,20,20,20];6;false;true;2;2;80;[2,5];0.15625;6.4000000000000004
160;160.136;2;25;[1,1,2,2,2,2,2,4,4,4,4,4,4,4,4,4,8,8,8,8,10,10,20,20,20];6;false;true;2;2;80;[2,5];0.15625;6.4000000000000004
160;160.137;2;28;[1,1,2,2,2,2,2,2,2,4,4,4,4,4,4,4,4,5,5,8,8,8,8,10,10,10,20,20];7;false;true;2;2;80;[2,5];0.17499999999999999;5.7142857142857144
160;160.138;2;28;[1,1,2,2,2,2,2,2,2,4,4,4,4,4,4,4,4,5,5,8,8,8,8,10,10,10,20,20];7;false;true;2;2;80;[2,5];0.17499999999999999;5.7142857142857144
160;160.139;2;25;[1,1,2,2,2,2,2,4,4,4,4,4,4,4,4,4,8,8,8,8,10,10,20,20,20];6;false;true;2;2;80;[2,5];0.15625;6.4000000000000004
160;160.140;2;28;[1,1,2,2,2,2,2,2,2,4,4,4,4,4,4,4,4,5,5,8,8,8,8,10,10,10,20,20];7;false;true;2;2;80;[2,5];0.17499999999999999;5.7142857142857144
160;160.141;16;64;[1,1,1,1,1,1,1,1,1,1,1,1,1,1,1,1,2,2,2,2,2,2,2,2,2,2,2,2,2,2,2,2,2,2,2,2,2,2,2,2,2,2,2,2,2,2,2,2,5,5,5,5,5,5,5,5,5,5,5,5,5,5,5,5];3;false;true;2;1;80;[2,5];0.40000000000000002;2.5
160;160.142;8;52;[1,1,1,1,1,1,1,1,2,2,2,2,2,2,2,2,2,2,2,2,2,2,2,2,2,2,2,2,2,2,2,2,2,2,2,2,2,2,2,2,2,2,2,2,10,10,10,10,10,10,10,10];3;false;true;2;1;80;[2,5];0.32500000000000001;3.0769230769230771
160;160.143;16;64;[1,1,1,1,1,1,1,1,1,1,1,1,1,1,1,1,2,2,2,2,2,2,2,2,2,2,2,2,2,2,2,2,2,2,2,2,2,2,2,2,2,2,2,2,2,2,2,2,5,5,5,5,5,5,5,5,5,5,5,5,5,5,5,5];3;false;true;2;1;80;[2,5];0.40000000000000002;2.5
160;160.144;8;52;[1,1,1,1,1,1,1,1,2,2,2,2,2,2,2,2,2,2,2,2,2,2,2,2,2,2,2,2,2,2,2,2,2,2,2,2,2,2,2,2,2,2,2,2,10,10,10,10,10,10,10,10];3;false;true;2;1;80;[2,5];0.32500000000000001;3.0769230769230771
160;160.145;4;46;[1,1,1,1,2,2,2,2,2,2,2,2,2,2,2,2,2,2,2,2,2,2,2,2,2,2,2,2,2,2,2,2,2,2,2,2,2,2,2,2,2,2,20,20,20,20];3;false;true;2;1;80;[2,5];0.28749999999999998;3.4782608695652173
160;160.146;8;52;[1,1,1,1,1,1,1,1,2,2,2,2,2,2,2,2,2,2,2,2,2,2,2,2,2,2,2,2,2,2,2,2,2,2,2,2,2,2,2,2,2,2,2,2,10,10,10,10,10,10,10,10];3;false;true;2;1;80;[2,5];0.32500000000000001;3.0769230769230771
160;160.147;8;52;[1,1,1,1,1,1,1,1,2,2,2,2,2,2,2,2,2,2,2,2,2,2,2,2,2,2,2,2,2,2,2,2,2,2,2,2,2,2,2,2,2,2,2,2,10,10,10,10,10,10,10,10];3;false;true;2;1;80;[2,5];0.32500000000000001;3.0769230769230771
160;160.148;8;52;[1,1,1,1,1,1,1,1,2,2,2,2,2,2,2,2,2,2,2,2,2,2,2,2,2,2,2,2,2,2,2,2,2,2,2,2,2,2,2,2,2,2,2,2,10,10,10,10,10,10,10,10];3;false;true;2;1;80;[2,5];0.32500000000000001;3.0769230769230771
160;160.149;8;52;[1,1,1,1,1,1,1,1,2,2,2,2,2,2,2,2,2,2,2,2,2,2,2,2,2,2,2,2,2,2,2,2,2,2,2,2,2,2,2,2,2,2,2,2,10,10,10,10,10,10,10,10];3;false;true;2;1;80;[2,5];0.32500000000000001;3.0769230769230771
160;160.150;4;46;[1,1,1,1,2,2,2,2,2,2,2,2,2,2,2,2,2,2,2,2,2,2,2,2,2,2,2,2,2,2,2,2,2,2,2,2,2,2,2,2,2,2,20,20,20,20];3;false;true;2;1;80;[2,5];0.28749999999999998;3.4782608695652173
160;160.151;4;46;[1,1,1,1,2,2,2,2,2,2,2,2,2,2,2,2,2,2,2,2,2,2,2,2,2,2,2,2,2,2,2,2,2,2,2,2,2,2,2,2,2,2,20,20,20,20];3;false;true;2;1;80;[2,5];0.28749999999999998;3.4782608695652173
160;160.152;4;34;[1,1,1,1,2,2,2,2,2,2,2,2,2,2,4,4,4,4,4,4,4,4,4,4,4,4,4,4,10,10,10,10,20,20];5;false;true;2;2;80;[2,5];0.21249999999999999;4.7058823529411766
160;160.153;2;31;[1,1,2,2,2,2,2,2,2,2,2,2,2,4,4,4,4,4,4,4,4,4,4,4,4,4,4,20,20,20,20];4;false;true;2;2;80;[2,5];0.19375000000000001;5.161290322580645
160;160.154;4;34;[1,1,1,1,2,2,2,2,2,2,2,2,2,2,4,4,4,4,4,4,4,4,4,4,4,4,4,4,10,10,10,10,20,20];5;false;true;2;2;80;[2,5];0.21249999999999999;4.7058823529411766
160;160.155;4;40;[1,1,1,1,2,2,2,2,2,2,2,2,2,2,2,2,2,2,4,4,4,4,4,4,4,4,4,4,4,4,5,5,5,5,10,10,10,10,10,10];5;false;true;2;2;80;[2,5];0.25;4.
160;160.156;4;34;[1,1,1,1,2,2,2,2,2,2,2,2,2,2,4,4,4,4,4,4,4,4,4,4,4,4,4,4,10,10,10,10,20,20];5;false;true;2;2;80;[2,5];0.21249999999999999;4.7058823529411766
160;160.157;4;34;[1,1,1,1,2,2,2,2,2,2,2,2,2,2,4,4,4,4,4,4,4,4,4,4,4,4,4,4,10,10,10,10,20,20];5;false;true;2;2;80;[2,5];0.21249999999999999;4.7058823529411766
160;160.158;4;34;[1,1,1,1,2,2,2,2,2,2,2,2,2,2,4,4,4,4,4,4,4,4,4,4,4,4,4,4,10,10,10,10,20,20];5;false;true;2;2;80;[2,5];0.21249999999999999;4.7058823529411766
160;160.159;4;34;[1,1,1,1,2,2,2,2,2,2,2,2,2,2,4,4,4,4,4,4,4,4,4,4,4,4,4,4,10,10,10,10,20,20];5;false;true;2;2;80;[2,5];0.21249999999999999;4.7058823529411766
160;160.160;4;34;[1,1,1,1,2,2,2,2,2,2,2,2,2,2,4,4,4,4,4,4,4,4,4,4,4,4,4,4,10,10,10,10,20,20];5;false;true;2;2;80;[2,5];0.21249999999999999;4.7058823529411766
160;160.161;4;34;[1,1,1,1,2,2,2,2,2,2,2,2,2,2,4,4,4,4,4,4,4,4,4,4,4,4,4,4,10,10,10,10,20,20];5;false;true;2;2;80;[2,5];0.21249999999999999;4.7058823529411766
160;160.162;4;34;[1,1,1,1,2,2,2,2,2,2,2,2,2,2,4,4,4,4,4,4,4,4,4,4,4,4,4,4,10,10,10,10,20,20];5;false;true;2;2;80;[2,5];0.21249999999999999;4.7058823529411766
160;160.163;2;31;[1,1,2,2,2,2,2,2,2,2,2,2,2,4,4,4,4,4,4,4,4,4,4,4,4,4,4,20,20,20,20];4;false;true;2;2;80;[2,5];0.19375000000000001;5.161290322580645
160;160.164;4;34;[1,1,1,1,2,2,2,2,2,2,2,2,2,2,4,4,4,4,4,4,4,4,4,4,4,4,4,4,10,10,10,10,20,20];5;false;true;2;2;80;[2,5];0.21249999999999999;4.7058823529411766
160;160.165;4;34;[1,1,1,1,2,2,2,2,2,2,2,2,2,2,4,4,4,4,4,4,4,4,4,4,4,4,4,4,10,10,10,10,20,20];5;false;true;2;2;80;[2,5];0.21249999999999999;4.7058823529411766
160;160.166;4;40;[1,1,1,1,2,2,2,2,2,2,2,2,2,2,2,2,2,2,4,4,4,4,4,4,4,4,4,4,4,4,5,5,5,5,10,10,10,10,10,10];5;false;true;2;2;80;[2,5];0.25;4.
160;160.167;4;34;[1,1,1,1,2,2,2,2,2,2,2,2,2,2,4,4,4,4,4,4,4,4,4,4,4,4,4,4,10,10,10,10,20,20];5;false;true;2;2;80;[2,5];0.21249999999999999;4.7058823529411766
160;160.168;4;34;[1,1,1,1,2,2,2,2,2,2,2,2,2,2,4,4,4,4,4,4,4,4,4,4,4,4,4,4,10,10,10,10,20,20];5;false;true;2;2;80;[2,5];0.21249999999999999;4.7058823529411766
160;160.169;4;40;[1,1,1,1,2,2,2,2,2,2,2,2,2,2,2,2,2,2,4,4,4,4,4,4,4,4,4,4,4,4,5,5,5,5,10,10,10,10,10,10];5;false;true;2;2;80;[2,5];0.25;4.
160;160.170;2;31;[1,1,2,2,2,2,2,2,2,2,2,2,2,4,4,4,4,4,4,4,4,4,4,4,4,4,4,20,20,20,20];4;false;true;2;2;80;[2,5];0.19375000000000001;5.161290322580645
160;160.171;4;34;[1,1,1,1,2,2,2,2,2,2,2,2,2,2,4,4,4,4,4,4,4,4,4,4,4,4,4,4,10,10,10,10,20,20];5;false;true;2;2;80;[2,5];0.21249999999999999;4.7058823529411766
160;160.172;2;31;[1,1,2,2,2,2,2,2,2,2,2,2,2,4,4,4,4,4,4,4,4,4,4,4,4,4,4,20,20,20,20];4;false;true;2;2;80;[2,5];0.19375000000000001;5.161290322580645
160;160.173;8;52;[1,1,1,1,1,1,1,1,2,2,2,2,2,2,2,2,2,2,2,2,2,2,2,2,2,2,2,2,2,2,2,2,2,2,2,2,2,2,2,2,2,2,2,2,10,10,10,10,10,10,10,10];3;false;true;2;1;80;[2,5];0.32500000000000001;3.0769230769230771
160;160.174;4;46;[1,1,1,1,2,2,2,2,2,2,2,2,2,2,2,2,2,2,2,2,2,2,2,2,2,2,2,2,2,2,2,2,2,2,2,2,2,2,2,2,2,2,20,20,20,20];3;false;true;2;1;80;[2,5];0.28749999999999998;3.4782608695652173
160;160.175;160;160;[1,1,1,1,1,1,1,1,1,1,1,1,1,1,1,1,1,1,1,1,1,1,1,1,1,1,1,1,1,1,1,1,1,1,1,1,1,1,1,1,1,1,1,1,1,1,1,1,1,1,1,1,1,1,1,1,1,1,1,1,1,1,1,1,1,1,1,1,1,1,1,1,1,1,1,1,1,1,1,1,1,1,1,1,1,1,1,1,1,1,1,1,1,1,1,1,1,1,1,1,1,1,1,1,1,1,1,1,1,1,1,1,1,1,1,1,1,1,1,1,1,1,1,1,1,1,1,1,1,1,1,1,1,1,1,1,1,1,1,1,1,1,1,1,1,1,1,1,1,1,1,1,1,1,1,1,1,1,1,1];1;true;true;1;1;160;[2,5];1.;1.
160;160.176;40;100;[1,1,1,1,1,1,1,1,1,1,1,1,1,1,1,1,1,1,1,1,1,1,1,1,1,1,1,1,1,1,1,1,1,1,1,1,1,1,1,1,2,2,2,2,2,2,2,2,2,2,2,2,2,2,2,2,2,2,2,2,2,2,2,2,2,2,2,2,2,2,2,2,2,2,2,2,2,2,2,2,2,2,2,2,2,2,2,2,2,2,2,2,2,2,2,2,2,2,2,2];2;true;true;2;2;160;[2,5];0.625;1.6000000000000001
160;160.177;40;100;[1,1,1,1,1,1,1,1,1,1,1,1,1,1,1,1,1,1,1,1,1,1,1,1,1,1,1,1,1,1,1,1,1,1,1,1,1,1,1,1,2,2,2,2,2,2,2,2,2,2,2,2,2,2,2,2,2,2,2,2,2,2,2,2,2,2,2,2,2,2,2,2,2,2,2,2,2,2,2,2,2,2,2,2,2,2,2,2,2,2,2,2,2,2,2,2,2,2,2,2];2;true;true;2;2;160;[2,5];0.625;1.6000000000000001
160;160.178;40;100;[1,1,1,1,1,1,1,1,1,1,1,1,1,1,1,1,1,1,1,1,1,1,1,1,1,1,1,1,1,1,1,1,1,1,1,1,1,1,1,1,2,2,2,2,2,2,2,2,2,2,2,2,2,2,2,2,2,2,2,2,2,2,2,2,2,2,2,2,2,2,2,2,2,2,2,2,2,2,2,2,2,2,2,2,2,2,2,2,2,2,2,2,2,2,2,2,2,2,2,2];2;true;true;2;2;160;[2,5];0.625;1.6000000000000001
160;160.179;40;100;[1,1,1,1,1,1,1,1,1,1,1,1,1,1,1,1,1,1,1,1,1,1,1,1,1,1,1,1,1,1,1,1,1,1,1,1,1,1,1,1,2,2,2,2,2,2,2,2,2,2,2,2,2,2,2,2,2,2,2,2,2,2,2,2,2,2,2,2,2,2,2,2,2,2,2,2,2,2,2,2,2,2,2,2,2,2,2,2,2,2,2,2,2,2,2,2,2,2,2,2];2;true;true;2;2;160;[2,5];0.625;1.6000000000000001
160;160.180;40;100;[1,1,1,1,1,1,1,1,1,1,1,1,1,1,1,1,1,1,1,1,1,1,1,1,1,1,1,1,1,1,1,1,1,1,1,1,1,1,1,1,2,2,2,2,2,2,2,2,2,2,2,2,2,2,2,2,2,2,2,2,2,2,2,2,2,2,2,2,2,2,2,2,2,2,2,2,2,2,2,2,2,2,2,2,2,2,2,2,2,2,2,2,2,2,2,2,2,2,2,2];2;true;true;2;2;160;[2,5];0.625;1.6000000000000001
160;160.181;20;70;[1,1,1,1,1,1,1,1,1,1,1,1,1,1,1,1,1,1,1,1,2,2,2,2,2,2,2,2,2,2,2,2,2,2,2,2,2,2,2,2,2,2,2,2,2,2,2,2,2,2,4,4,4,4,4,4,4,4,4,4,4,4,4,4,4,4,4,4,4,4];3;true;true;2;2;160;[2,5];0.4375;2.2857142857142856
160;160.182;20;70;[1,1,1,1,1,1,1,1,1,1,1,1,1,1,1,1,1,1,1,1,2,2,2,2,2,2,2,2,2,2,2,2,2,2,2,2,2,2,2,2,2,2,2,2,2,2,2,2,2,2,4,4,4,4,4,4,4,4,4,4,4,4,4,4,4,4,4,4,4,4];3;true;true;2;2;160;[2,5];0.4375;2.2857142857142856
160;160.183;20;70;[1,1,1,1,1,1,1,1,1,1,1,1,1,1,1,1,1,1,1,1,2,2,2,2,2,2,2,2,2,2,2,2,2,2,2,2,2,2,2,2,2,2,2,2,2,2,2,2,2,2,4,4,4,4,4,4,4,4,4,4,4,4,4,4,4,4,4,4,4,4];3;true;true;2;2;160;[2,5];0.4375;2.2857142857142856
160;160.184;20;70;[1,1,1,1,1,1,1,1,1,1,1,1,1,1,1,1,1,1,1,1,2,2,2,2,2,2,2,2,2,2,2,2,2,2,2,2,2,2,2,2,2,2,2,2,2,2,2,2,2,2,4,4,4,4,4,4,4,4,4,4,4,4,4,4,4,4,4,4,4,4];3;true;true;2;2;160;[2,5];0.4375;2.2857142857142856
160;160.185;20;70;[1,1,1,1,1,1,1,1,1,1,1,1,1,1,1,1,1,1,1,1,2,2,2,2,2,2,2,2,2,2,2,2,2,2,2,2,2,2,2,2,2,2,2,2,2,2,2,2,2,2,4,4,4,4,4,4,4,4,4,4,4,4,4,4,4,4,4,4,4,4];3;true;true;2;2;160;[2,5];0.4375;2.2857142857142856
160;160.186;20;70;[1,1,1,1,1,1,1,1,1,1,1,1,1,1,1,1,1,1,1,1,2,2,2,2,2,2,2,2,2,2,2,2,2,2,2,2,2,2,2,2,2,2,2,2,2,2,2,2,2,2,4,4,4,4,4,4,4,4,4,4,4,4,4,4,4,4,4,4,4,4];3;true;true;2;2;160;[2,5];0.4375;2.2857142857142856
160;160.187;20;70;[1,1,1,1,1,1,1,1,1,1,1,1,1,1,1,1,1,1,1,1,2,2,2,2,2,2,2,2,2,2,2,2,2,2,2,2,2,2,2,2,2,2,2,2,2,2,2,2,2,2,4,4,4,4,4,4,4,4,4,4,4,4,4,4,4,4,4,4,4,4];3;true;true;2;2;160;[2,5];0.4375;2.2857142857142856
160;160.188;20;70;[1,1,1,1,1,1,1,1,1,1,1,1,1,1,1,1,1,1,1,1,2,2,2,2,2,2,2,2,2,2,2,2,2,2,2,2,2,2,2,2,2,2,2,2,2,2,2,2,2,2,4,4,4,4,4,4,4,4,4,4,4,4,4,4,4,4,4,4,4,4];3;true;true;2;2;160;[2,5];0.4375;2.2857142857142856
160;160.189;20;70;[1,1,1,1,1,1,1,1,1,1,1,1,1,1,1,1,1,1,1,1,2,2,2,2,2,2,2,2,2,2,2,2,2,2,2,2,2,2,2,2,2,2,2,2,2,2,2,2,2,2,4,4,4,4,4,4,4,4,4,4,4,4,4,4,4,4,4,4,4,4];3;true;true;2;2;160;[2,5];0.4375;2.2857142857142856
160;160.190;160;160;[1,1,1,1,1,1,1,1,1,1,1,1,1,1,1,1,1,1,1,1,1,1,1,1,1,1,1,1,1,1,1,1,1,1,1,1,1,1,1,1,1,1,1,1,1,1,1,1,1,1,1,1,1,1,1,1,1,1,1,1,1,1,1,1,1,1,1,1,1,1,1,1,1,1,1,1,1,1,1,1,1,1,1,1,1,1,1,1,1,1,1,1,1,1,1,1,1,1,1,1,1,1,1,1,1,1,1,1,1,1,1,1,1,1,1,1,1,1,1,1,1,1,1,1,1,1,1,1,1,1,1,1,1,1,1,1,1,1,1,1,1,1,1,1,1,1,1,1,1,1,1,1,1,1,1,1,1,1,1,1];1;true;true;1;1;160;[2,5];1.;1.
160;160.191;40;100;[1,1,1,1,1,1,1,1,1,1,1,1,1,1,1,1,1,1,1,1,1,1,1,1,1,1,1,1,1,1,1,1,1,1,1,1,1,1,1,1,2,2,2,2,2,2,2,2,2,2,2,2,2,2,2,2,2,2,2,2,2,2,2,2,2,2,2,2,2,2,2,2,2,2,2,2,2,2,2,2,2,2,2,2,2,2,2,2,2,2,2,2,2,2,2,2,2,2,2,2];2;true;true;2;2;160;[2,5];0.625;1.6000000000000001
160;160.192;40;100;[1,1,1,1,1,1,1,1,1,1,1,1,1,1,1,1,1,1,1,1,1,1,1,1,1,1,1,1,1,1,1,1,1,1,1,1,1,1,1,1,2,2,2,2,2,2,2,2,2,2,2,2,2,2,2,2,2,2,2,2,2,2,2,2,2,2,2,2,2,2,2,2,2,2,2,2,2,2,2,2,2,2,2,2,2,2,2,2,2,2,2,2,2,2,2,2,2,2,2,2];2;true;true;2;2;160;[2,5];0.625;1.6000000000000001
160;160.193;20;70;[1,1,1,1,1,1,1,1,1,1,1,1,1,1,1,1,1,1,1,1,2,2,2,2,2,2,2,2,2,2,2,2,2,2,2,2,2,2,2,2,2,2,2,2,2,2,2,2,2,2,4,4,4,4,4,4,4,4,4,4,4,4,4,4,4,4,4,4,4,4];3;true;true;2;2;160;[2,5];0.4375;2.2857142857142856
160;160.194;20;70;[1,1,1,1,1,1,1,1,1,1,1,1,1,1,1,1,1,1,1,1,2,2,2,2,2,2,2,2,2,2,2,2,2,2,2,2,2,2,2,2,2,2,2,2,2,2,2,2,2,2,4,4,4,4,4,4,4,4,4,4,4,4,4,4,4,4,4,4,4,4];3;true;true;2;2;160;[2,5];0.4375;2.2857142857142856
160;160.195;20;70;[1,1,1,1,1,1,1,1,1,1,1,1,1,1,1,1,1,1,1,1,2,2,2,2,2,2,2,2,2,2,2,2,2,2,2,2,2,2,2,2,2,2,2,2,2,2,2,2,2,2,4,4,4,4,4,4,4,4,4,4,4,4,4,4,4,4,4,4,4,4];3;true;true;2;2;160;[2,5];0.4375;2.2857142857142856
160;160.196;20;70;[1,1,1,1,1,1,1,1,1,1,1,1,1,1,1,1,1,1,1,1,2,2,2,2,2,2,2,2,2,2,2,2,2,2,2,2,2,2,2,2,2,2,2,2,2,2,2,2,2,2,4,4,4,4,4,4,4,4,4,4,4,4,4,4,4,4,4,4,4,4];3;true;true;2;2;160;[2,5];0.4375;2.2857142857142856
160;160.197;10;55;[1,1,1,1,1,1,1,1,1,1,2,2,2,2,2,2,2,2,2,2,2,2,2,2,2,4,4,4,4,4,4,4,4,4,4,4,4,4,4,4,4,4,4,4,4,4,4,4,4,4,4,4,4,4,4];3;true;true;2;2;160;[2,5];0.34375;2.9090909090909092
160;160.198;10;55;[1,1,1,1,1,1,1,1,1,1,2,2,2,2,2,2,2,2,2,2,2,2,2,2,2,4,4,4,4,4,4,4,4,4,4,4,4,4,4,4,4,4,4,4,4,4,4,4,4,4,4,4,4,4,4];3;true;true;2;2;160;[2,5];0.34375;2.9090909090909092
160;160.199;2;13;[1,1,10,10,10,16,16,16,16,16,16,16,16];3;false;true;3;2;32;[2,5];0.081250000000000003;12.307692307692308
160;160.200;8;40;[1,1,1,1,1,1,1,1,4,4,4,4,4,4,4,4,5,5,5,5,5,5,5,5,5,5,5,5,5,5,5,5,5,5,5,5,5,5,5,5];3;false;true;2;1;40;[2,5];0.25;4.
160;160.201;4;28;[1,1,1,1,2,2,4,4,4,4,4,4,4,4,5,5,5,5,10,10,10,10,10,10,10,10,10,10];5;false;true;2;1;40;[2,5];0.17499999999999999;5.7142857142857144
160;160.202;4;28;[1,1,1,1,2,2,4,4,4,4,4,4,4,4,5,5,5,5,10,10,10,10,10,10,10,10,10,10];5;false;true;2;1;40;[2,5];0.17499999999999999;5.7142857142857144
160;160.203;8;40;[1,1,1,1,1,1,1,1,4,4,4,4,4,4,4,4,5,5,5,5,5,5,5,5,5,5,5,5,5,5,5,5,5,5,5,5,5,5,5,5];3;false;true;2;1;40;[2,5];0.25;4.
160;160.204;4;28;[1,1,1,1,2,2,4,4,4,4,4,4,4,4,5,5,5,5,10,10,10,10,10,10,10,10,10,10];5;false;true;2;1;40;[2,5];0.17499999999999999;5.7142857142857144
160;160.205;4;28;[1,1,1,1,2,2,4,4,4,4,4,4,4,4,5,5,5,5,10,10,10,10,10,10,10,10,10,10];5;false;true;2;1;40;[2,5];0.17499999999999999;5.7142857142857144
160;160.206;2;25;[1,1,2,2,2,4,4,5,5,5,5,5,5,8,8,8,10,10,10,10,10,10,10,10,10];6;false;true;2;2;40;[2,5];0.15625;6.4000000000000004
160;160.207;2;25;[1,1,2,2,2,4,4,5,5,5,5,5,5,8,8,8,10,10,10,10,10,10,10,10,10];6;false;true;2;2;40;[2,5];0.15625;6.4000000000000004
160;160.208;2;25;[1,1,2,2,2,4,4,5,5,5,5,5,5,8,8,8,10,10,10,10,10,10,10,10,10];6;false;true;2;2;40;[2,5];0.15625;6.4000000000000004
160;160.209;2;25;[1,1,2,2,2,4,4,5,5,5,5,5,5,8,8,8,10,10,10,10,10,10,10,10,10];6;false;true;2;2;40;[2,5];0.15625;6.4000000000000004
160;160.210;8;40;[1,1,1,1,1,1,1,1,4,4,4,4,4,4,4,4,5,5,5,5,5,5,5,5,5,5,5,5,5,5,5,5,5,5,5,5,5,5,5,5];3;false;true;2;1;40;[2,5];0.25;4.
160;160.211;4;28;[1,1,1,1,2,2,4,4,4,4,4,4,4,4,5,5,5,5,10,10,10,10,10,10,10,10,10,10];5;false;true;2;1;40;[2,5];0.17499999999999999;5.7142857142857144
160;160.212;4;28;[1,1,1,1,2,2,4,4,4,4,4,4,4,4,5,5,5,5,10,10,10,10,10,10,10,10,10,10];5;false;true;2;1;40;[2,5];0.17499999999999999;5.7142857142857144
160;160.213;8;52;[1,1,1,1,1,1,1,1,2,2,2,2,2,2,2,2,2,2,2,2,2,2,2,2,2,2,2,2,2,2,2,2,2,2,2,2,2,2,2,2,2,2,2,2,10,10,10,10,10,10,10,10];3;false;true;2;1;80;[2,5];0.32500000000000001;3.0769230769230771
160;160.214;16;64;[1,1,1,1,1,1,1,1,1,1,1,1,1,1,1,1,2,2,2,2,2,2,2,2,2,2,2,2,2,2,2,2,2,2,2,2,2,2,2,2,2,2,2,2,2,2,2,2,5,5,5,5,5,5,5,5,5,5,5,5,5,5,5,5];3;false;true;2;1;80;[2,5];0.40000000000000002;2.5
160;160.215;8;52;[1,1,1,1,1,1,1,1,2,2,2,2,2,2,2,2,2,2,2,2,2,2,2,2,2,2,2,2,2,2,2,2,2,2,2,2,2,2,2,2,2,2,2,2,10,10,10,10,10,10,10,10];3;false;true;2;1;80;[2,5];0.32500000000000001;3.0769230769230771
160;160.216;8;52;[1,1,1,1,1,1,1,1,2,2,2,2,2,2,2,2,2,2,2,2,2,2,2,2,2,2,2,2,2,2,2,2,2,2,2,2,2,2,2,2,2,2,2,2,10,10,10,10,10,10,10,10];3;false;true;2;1;80;[2,5];0.32500000000000001;3.0769230769230771
160;160.217;4;40;[1,1,1,1,2,2,2,2,2,2,2,2,2,2,2,2,2,2,4,4,4,4,4,4,4,4,4,4,4,4,5,5,5,5,10,10,10,10,10,10];5;false;true;2;2;80;[2,5];0.25;4.
160;160.218;4;40;[1,1,1,1,2,2,2,2,2,2,2,2,2,2,2,2,2,2,4,4,4,4,4,4,4,4,4,4,4,4,5,5,5,5,10,10,10,10,10,10];5;false;true;2;2;80;[2,5];0.25;4.
160;160.219;2;37;[1,1,2,2,2,2,2,2,2,2,2,2,2,2,2,2,2,4,4,4,4,4,4,4,4,4,4,4,4,10,10,10,10,10,10,10,10];4;false;true;2;2;80;[2,5];0.23125000000000001;4.3243243243243246
160;160.220;4;40;[1,1,1,1,2,2,2,2,2,2,2,2,2,2,2,2,2,2,4,4,4,4,4,4,4,4,4,4,4,4,5,5,5,5,10,10,10,10,10,10];5;false;true;2;2;80;[2,5];0.25;4.
160;160.221;4;40;[1,1,1,1,2,2,2,2,2,2,2,2,2,2,2,2,2,2,4,4,4,4,4,4,4,4,4,4,4,4,5,5,5,5,10,10,10,10,10,10];5;false;true;2;2;80;[2,5];0.25;4.
160;160.222;2;37;[1,1,2,2,2,2,2,2,2,2,2,2,2,2,2,2,2,4,4,4,4,4,4,4,4,4,4,4,4,10,10,10,10,10,10,10,10];4;false;true;2;2;80;[2,5];0.23125000000000001;4.3243243243243246
160;160.223;4;40;[1,1,1,1,2,2,2,2,2,2,2,2,2,2,2,2,2,2,4,4,4,4,4,4,4,4,4,4,4,4,5,5,5,5,10,10,10,10,10,10];5;false;true;2;2;80;[2,5];0.25;4.
160;160.224;2;37;[1,1,2,2,2,2,2,2,2,2,2,2,2,2,2,2,2,4,4,4,4,4,4,4,4,4,4,4,4,10,10,10,10,10,10,10,10];4;false;true;2;2;80;[2,5];0.23125000000000001;4.3243243243243246
160;160.225;2;37;[1,1,2,2,2,2,2,2,2,2,2,2,2,2,2,2,2,4,4,4,4,4,4,4,4,4,4,4,4,10,10,10,10,10,10,10,10];4;false;true;2;2;80;[2,5];0.23125000000000001;4.3243243243243246
160;160.226;16;64;[1,1,1,1,1,1,1,1,1,1,1,1,1,1,1,1,2,2,2,2,2,2,2,2,2,2,2,2,2,2,2,2,2,2,2,2,2,2,2,2,2,2,2,2,2,2,2,2,5,5,5,5,5,5,5,5,5,5,5,5,5,5,5,5];3;false;true;2;1;80;[2,5];0.40000000000000002;2.5
160;160.227;8;52;[1,1,1,1,1,1,1,1,2,2,2,2,2,2,2,2,2,2,2,2,2,2,2,2,2,2,2,2,2,2,2,2,2,2,2,2,2,2,2,2,2,2,2,2,10,10,10,10,10,10,10,10];3;false;true;2;1;80;[2,5];0.32500000000000001;3.0769230769230771
160;160.228;160;160;[1,1,1,1,1,1,1,1,1,1,1,1,1,1,1,1,1,1,1,1,1,1,1,1,1,1,1,1,1,1,1,1,1,1,1,1,1,1,1,1,1,1,1,1,1,1,1,1,1,1,1,1,1,1,1,1,1,1,1,1,1,1,1,1,1,1,1,1,1,1,1,1,1,1,1,1,1,1,1,1,1,1,1,1,1,1,1,1,1,1,1,1,1,1,1,1,1,1,1,1,1,1,1,1,1,1,1,1,1,1,1,1,1,1,1,1,1,1,1,1,1,1,1,1,1,1,1,1,1,1,1,1,1,1,1,1,1,1,1,1,1,1,1,1,1,1,1,1,1,1,1,1,1,1,1,1,1,1,1,1];1;true;true;1;1;160;[2,5];1.;1.
160;160.229;40;100;[1,1,1,1,1,1,1,1,1,1,1,1,1,1,1,1,1,1,1,1,1,1,1,1,1,1,1,1,1,1,1,1,1,1,1,1,1,1,1,1,2,2,2,2,2,2,2,2,2,2,2,2,2,2,2,2,2,2,2,2,2,2,2,2,2,2,2,2,2,2,2,2,2,2,2,2,2,2,2,2,2,2,2,2,2,2,2,2,2,2,2,2,2,2,2,2,2,2,2,2];2;true;true;2;2;160;[2,5];0.625;1.6000000000000001
160;160.230;40;100;[1,1,1,1,1,1,1,1,1,1,1,1,1,1,1,1,1,1,1,1,1,1,1,1,1,1,1,1,1,1,1,1,1,1,1,1,1,1,1,1,2,2,2,2,2,2,2,2,2,2,2,2,2,2,2,2,2,2,2,2,2,2,2,2,2,2,2,2,2,2,2,2,2,2,2,2,2,2,2,2,2,2,2,2,2,2,2,2,2,2,2,2,2,2,2,2,2,2,2,2];2;true;true;2;2;160;[2,5];0.625;1.6000000000000001
160;160.231;40;100;[1,1,1,1,1,1,1,1,1,1,1,1,1,1,1,1,1,1,1,1,1,1,1,1,1,1,1,1,1,1,1,1,1,1,1,1,1,1,1,1,2,2,2,2,2,2,2,2,2,2,2,2,2,2,2,2,2,2,2,2,2,2,2,2,2,2,2,2,2,2,2,2,2,2,2,2,2,2,2,2,2,2,2,2,2,2,2,2,2,2,2,2,2,2,2,2,2,2,2,2];2;true;true;2;2;160;[2,5];0.625;1.6000000000000001
160;160.232;10;85;[1,1,1,1,1,1,1,1,1,1,2,2,2,2,2,2,2,2,2,2,2,2,2,2,2,2,2,2,2,2,2,2,2,2,2,2,2,2,2,2,2,2,2,2,2,2,2,2,2,2,2,2,2,2,2,2,2,2,2,2,2,2,2,2,2,2,2,2,2,2,2,2,2,2,2,2,2,2,2,2,2,2,2,2,2];2;true;true;2;2;160;[2,5];0.53125;1.8823529411764706
160;160.233;10;85;[1,1,1,1,1,1,1,1,1,1,2,2,2,2,2,2,2,2,2,2,2,2,2,2,2,2,2,2,2,2,2,2,2,2,2,2,2,2,2,2,2,2,2,2,2,2,2,2,2,2,2,2,2,2,2,2,2,2,2,2,2,2,2,2,2,2,2,2,2,2,2,2,2,2,2,2,2,2,2,2,2,2,2,2,2];2;true;true;2;2;160;[2,5];0.53125;1.8823529411764706
160;160.234;1;10;[1,5,5,5,20,20,20,20,32,32];4;false;true;3;1;16;[2,5];0.0625;16.
160;160.235;2;16;[1,1,5,5,5,5,5,5,16,16,16,16,16,16,16,16];3;false;true;2;1;32;[2,5];0.10000000000000001;10.
160;160.236;8;40;[1,1,1,1,1,1,1,1,4,4,4,4,4,4,4,4,5,5,5,5,5,5,5,5,5,5,5,5,5,5,5,5,5,5,5,5,5,5,5,5];3;false;true;2;1;40;[2,5];0.25;4.
160;160.237;16;64;[1,1,1,1,1,1,1,1,1,1,1,1,1,1,1,1,2,2,2,2,2,2,2,2,2,2,2,2,2,2,2,2,2,2,2,2,2,2,2,2,2,2,2,2,2,2,2,2,5,5,5,5,5,5,5,5,5,5,5,5,5,5,5,5];3;false;true;2;1;80;[2,5];0.40000000000000002;2.5
160;160.238;160;160;[1,1,1,1,1,1,1,1,1,1,1,1,1,1,1,1,1,1,1,1,1,1,1,1,1,1,1,1,1,1,1,1,1,1,1,1,1,1,1,1,1,1,1,1,1,1,1,1,1,1,1,1,1,1,1,1,1,1,1,1,1,1,1,1,1,1,1,1,1,1,1,1,1,1,1,1,1,1,1,1,1,1,1,1,1,1,1,1,1,1,1,1,1,1,1,1,1,1,1,1,1,1,1,1,1,1,1,1,1,1,1,1,1,1,1,1,1,1,1,1,1,1,1,1,1,1,1,1,1,1,1,1,1,1,1,1,1,1,1,1,1,1,1,1,1,1,1,1,1,1,1,1,1,1,1,1,1,1,1,1];1;true;true;1;1;160;[2,5];1.;1.
161;161.1;161;161;[1,1,1,1,1,1,1,1,1,1,1,1,1,1,1,1,1,1,1,1,1,1,1,1,1,1,1,1,1,1,1,1,1,1,1,1,1,1,1,1,1,1,1,1,1,1,1,1,1,1,1,1,1,1,1,1,1,1,1,1,1,1,1,1,1,1,1,1,1,1,1,1,1,1,1,1,1,1,1,1,1,1,1,1,1,1,1,1,1,1,1,1,1,1,1,1,1,1,1,1,1,1,1,1,1,1,1,1,1,1,1,1,1,1,1,1,1,1,1,1,1,1,1,1,1,1,1,1,1,1,1,1,1,1,1,1,1,1,1,1,1,1,1,1,1,1,1,1,1,1,1,1,1,1,1,1,1,1,1,1,1];1;true;true;1;1;161;[7,23];1.;1.
162;162.1;1;42;[1,2,2,2,2,2,2,2,2,2,2,2,2,2,2,2,2,2,2,2,2,2,2,2,2,2,2,2,2,2,2,2,2,2,2,2,2,2,2,2,2,81];3;false;true;2;1;81;[2,3];0.25925925925925924;3.8571428571428572
162;162.2;162;162;[1,1,1,1,1,1,1,1,1,1,1,1,1,1,1,1,1,1,1,1,1,1,1,1,1,1,1,1,1,1,1,1,1,1,1,1,1,1,1,1,1,1,1,1,1,1,1,1,1,1,1,1,1,1,1,1,1,1,1,1,1,1,1,1,1,1,1,1,1,1,1,1,1,1,1,1,1,1,1,1,1,1,1,1,1,1,1,1,1,1,1,1,1,1,1,1,1,1,1,1,1,1,1,1,1,1,1,1,1,1,1,1,1,1,1,1,1,1,1,1,1,1,1,1,1,1,1,1,1,1,1,1,1,1,1,1,1,1,1,1,1,1,1,1,1,1,1,1,1,1,1,1,1,1,1,1,1,1,1,1,1,1];1;true;true;1;1;162;[2,3];1.;1.
162;162.3;9;54;[1,1,1,1,1,1,1,1,1,2,2,2,2,2,2,2,2,2,2,2,2,2,2,2,2,2,2,2,2,2,2,2,2,2,2,2,2,2,2,2,2,2,2,2,2,9,9,9,9,9,9,9,9,9];3;false;true;2;1;81;[2,3];0.33333333333333331;3.
162;162.4;3;30;[1,1,1,2,2,2,3,3,3,3,3,3,6,6,6,6,6,6,6,6,6,9,9,9,9,9,9,9,9,9];5;false;true;2;2;81;[2,3];0.18518518518518517;5.4000000000000004
162;162.5;1;21;[1,2,2,2,2,3,3,6,6,6,6,6,6,6,6,6,6,6,27,27,27];5;false;true;2;2;81;[2,3];0.12962962962962962;7.7142857142857144
162;162.6;3;30;[1,1,1,2,2,2,3,3,3,3,3,3,6,6,6,6,6,6,6,6,6,9,9,9,9,9,9,9,9,9];5;false;true;2;2;81;[2,3];0.18518518518518517;5.4000000000000004
162;162.7;3;45;[1,1,1,2,2,2,2,2,2,2,2,2,2,2,2,2,2,2,2,2,2,2,2,2,2,2,2,2,2,2,2,2,2,2,2,2,2,2,2,2,2,2,27,27,27];3;false;true;2;1;81;[2,3];0.27777777777777779;3.6000000000000001
162;162.8;27;81;[1,1,1,1,1,1,1,1,1,1,1,1,1,1,1,1,1,1,1,1,1,1,1,1,1,1,1,2,2,2,2,2,2,2,2,2,2,2,2,2,2,2,2,2,2,2,2,2,2,2,2,2,2,2,3,3,3,3,3,3,3,3,3,3,3,3,3,3,3,3,3,3,3,3,3,3,3,3,3,3,3];3;false;true;2;1;81;[2,3];0.5;2.
162;162.9;1;21;[1,2,2,2,2,3,3,6,6,6,6,6,6,6,6,6,6,6,27,27,27];5;false;true;2;2;81;[2,3];0.12962962962962962;7.7142857142857144
162;162.10;3;22;[1,1,1,3,3,3,3,3,3,6,9,9,9,9,9,9,9,9,9,18,18,18];5;false;true;3;2;81;[2,3];0.13580246913580246;7.3636363636363633
162;162.11;1;13;[1,2,6,6,6,6,9,9,18,18,27,27,27];6;false;true;2;2;81;[2,3];0.080246913580246909;12.461538461538462
162;162.12;3;22;[1,1,1,3,3,3,3,3,3,6,9,9,9,9,9,9,9,9,9,18,18,18];5;false;true;3;2;81;[2,3];0.13580246913580246;7.3636363636363633
162;162.13;1;13;[1,2,6,6,6,6,9,9,18,18,27,27,27];6;false;true;2;2;81;[2,3];0.080246913580246909;12.461538461538462
162;162.14;3;22;[1,1,1,3,3,3,3,3,3,6,9,9,9,9,9,9,9,9,9,18,18,18];5;false;true;3;2;81;[2,3];0.13580246913580246;7.3636363636363633
162;162.15;1;13;[1,2,6,6,6,6,9,9,18,18,27,27,27];6;false;true;2;2;81;[2,3];0.080246913580246909;12.461538461538462
162;162.16;1;42;[1,2,2,2,2,2,2,2,2,2,2,2,2,2,2,2,2,2,2,2,2,2,2,2,2,2,2,2,2,2,2,2,2,2,2,2,2,2,2,2,2,81];3;false;true;2;1;81;[2,3];0.25925925925925924;3.8571428571428572
162;162.17;3;21;[1,1,1,2,2,2,6,6,6,6,6,6,6,6,6,6,6,6,27,27,27];4;false;true;3;2;81;[2,3];0.12962962962962962;7.7142857142857144
162;162.18;1;42;[1,2,2,2,2,2,2,2,2,2,2,2,2,2,2,2,2,2,2,2,2,2,2,2,2,2,2,2,2,2,2,2,2,2,2,2,2,2,2,2,2,81];3;false;true;2;1;81;[2,3];0.25925925925925924;3.8571428571428572
162;162.19;1;13;[1,2,3,3,6,6,6,18,18,18,27,27,27];6;false;true;3;2;81;[2,3];0.080246913580246909;12.461538461538462
162;162.20;1;13;[1,2,3,3,6,6,6,18,18,18,27,27,27];6;false;true;3;2;81;[2,3];0.080246913580246909;12.461538461538462
162;162.21;1;13;[1,2,3,3,6,6,6,18,18,18,27,27,27];6;false;true;3;2;81;[2,3];0.080246913580246909;12.461538461538462
162;162.22;1;13;[1,2,3,3,6,6,6,18,18,18,27,27,27];6;false;true;3;2;81;[2,3];0.080246913580246909;12.461538461538462
162;162.23;162;162;[1,1,1,1,1,1,1,1,1,1,1,1,1,1,1,1,1,1,1,1,1,1,1,1,1,1,1,1,1,1,1,1,1,1,1,1,1,1,1,1,1,1,1,1,1,1,1,1,1,1,1,1,1,1,1,1,1,1,1,1,1,1,1,1,1,1,1,1,1,1,1,1,1,1,1,1,1,1,1,1,1,1,1,1,1,1,1,1,1,1,1,1,1,1,1,1,1,1,1,1,1,1,1,1,1,1,1,1,1,1,1,1,1,1,1,1,1,1,1,1,1,1,1,1,1,1,1,1,1,1,1,1,1,1,1,1,1,1,1,1,1,1,1,1,1,1,1,1,1,1,1,1,1,1,1,1,1,1,1,1,1,1];1;true;true;1;1;162;[2,3];1.;1.
162;162.24;18;66;[1,1,1,1,1,1,1,1,1,1,1,1,1,1,1,1,1,1,3,3,3,3,3,3,3,3,3,3,3,3,3,3,3,3,3,3,3,3,3,3,3,3,3,3,3,3,3,3,3,3,3,3,3,3,3,3,3,3,3,3,3,3,3,3,3,3];2;true;true;2;2;162;[2,3];0.40740740740740738;2.4545454545454546
162;162.25;18;66;[1,1,1,1,1,1,1,1,1,1,1,1,1,1,1,1,1,1,3,3,3,3,3,3,3,3,3,3,3,3,3,3,3,3,3,3,3,3,3,3,3,3,3,3,3,3,3,3,3,3,3,3,3,3,3,3,3,3,3,3,3,3,3,3,3,3];2;true;true;2;2;162;[2,3];0.40740740740740738;2.4545454545454546
162;162.26;162;162;[1,1,1,1,1,1,1,1,1,1,1,1,1,1,1,1,1,1,1,1,1,1,1,1,1,1,1,1,1,1,1,1,1,1,1,1,1,1,1,1,1,1,1,1,1,1,1,1,1,1,1,1,1,1,1,1,1,1,1,1,1,1,1,1,1,1,1,1,1,1,1,1,1,1,1,1,1,1,1,1,1,1,1,1,1,1,1,1,1,1,1,1,1,1,1,1,1,1,1,1,1,1,1,1,1,1,1,1,1,1,1,1,1,1,1,1,1,1,1,1,1,1,1,1,1,1,1,1,1,1,1,1,1,1,1,1,1,1,1,1,1,1,1,1,1,1,1,1,1,1,1,1,1,1,1,1,1,1,1,1,1,1];1;true;true;1;1;162;[2,3];1.;1.
162;162.27;18;66;[1,1,1,1,1,1,1,1,1,1,1,1,1,1,1,1,1,1,3,3,3,3,3,3,3,3,3,3,3,3,3,3,3,3,3,3,3,3,3,3,3,3,3,3,3,3,3,3,3,3,3,3,3,3,3,3,3,3,3,3,3,3,3,3,3,3];2;true;true;2;2;162;[2,3];0.40740740740740738;2.4545454545454546
162;162.28;6;34;[1,1,1,1,1,1,3,3,3,3,3,3,3,3,3,3,3,3,3,3,3,3,9,9,9,9,9,9,9,9,9,9,9,9];3;true;true;2;2;162;[2,3];0.20987654320987653;4.7647058823529411
162;162.29;6;34;[1,1,1,1,1,1,3,3,3,3,3,3,3,3,3,3,3,3,3,3,3,3,9,9,9,9,9,9,9,9,9,9,9,9];3;true;true;2;2;162;[2,3];0.20987654320987653;4.7647058823529411
162;162.30;6;34;[1,1,1,1,1,1,3,3,3,3,3,3,3,3,3,3,3,3,3,3,3,3,9,9,9,9,9,9,9,9,9,9,9,9];3;true;true;2;2;162;[2,3];0.20987654320987653;4.7647058823529411
162;162.31;6;34;[1,1,1,1,1,1,3,3,3,3,3,3,3,3,3,3,3,3,3,3,3,3,9,9,9,9,9,9,9,9,9,9,9,9];3;true;true;2;2;162;[2,3];0.20987654320987653;4.7647058823529411
162;162.32;9;54;[1,1,1,1,1,1,1,1,1,2,2,2,2,2,2,2,2,2,2,2,2,2,2,2,2,2,2,2,2,2,2,2,2,2,2,2,2,2,2,2,2,2,2,2,2,9,9,9,9,9,9,9,9,9];3;false;true;2;1;81;[2,3];0.33333333333333331;3.
162;162.33;27;81;[1,1,1,1,1,1,1,1,1,1,1,1,1,1,1,1,1,1,1,1,1,1,1,1,1,1,1,2,2,2,2,2,2,2,2,2,2,2,2,2,2,2,2,2,2,2,2,2,2,2,2,2,2,2,3,3,3,3,3,3,3,3,3,3,3,3,3,3,3,3,3,3,3,3,3,3,3,3,3,3,3];3;false;true;2;1;81;[2,3];0.5;2.
162;162.34;3;30;[1,1,1,2,2,2,3,3,3,3,3,3,6,6,6,6,6,6,6,6,6,9,9,9,9,9,9,9,9,9];5;false;true;2;2;81;[2,3];0.18518518518518517;5.4000000000000004
162;162.35;3;33;[1,1,1,2,2,2,3,3,3,3,3,3,3,3,3,3,3,6,6,6,6,6,6,6,6,9,9,9,9,9,9,9,9];5;false;true;2;2;81;[2,3];0.20370370370370369;4.9090909090909092
162;162.36;3;30;[1,1,1,2,2,2,3,3,3,3,3,3,6,6,6,6,6,6,6,6,6,9,9,9,9,9,9,9,9,9];5;false;true;2;2;81;[2,3];0.18518518518518517;5.4000000000000004
162;162.37;3;33;[1,1,1,2,2,2,3,3,3,3,3,3,3,3,3,3,3,6,6,6,6,6,6,6,6,9,9,9,9,9,9,9,9];5;false;true;2;2;81;[2,3];0.20370370370370369;4.9090909090909092
162;162.38;3;45;[1,1,1,2,2,2,2,2,2,2,2,2,2,2,2,2,2,2,2,2,2,2,2,2,2,2,2,2,2,2,2,2,2,2,2,2,2,2,2,2,2,2,27,27,27];3;false;true;2;1;81;[2,3];0.27777777777777779;3.6000000000000001
162;162.39;9;54;[1,1,1,1,1,1,1,1,1,2,2,2,2,2,2,2,2,2,2,2,2,2,2,2,2,2,2,2,2,2,2,2,2,2,2,2,2,2,2,2,2,2,2,2,2,9,9,9,9,9,9,9,9,9];3;false;true;2;1;81;[2,3];0.33333333333333331;3.
162;162.40;1;21;[1,2,2,2,2,3,3,6,6,6,6,6,6,6,6,6,6,6,27,27,27];5;false;true;2;2;81;[2,3];0.12962962962962962;7.7142857142857144
162;162.41;9;30;[1,1,1,1,1,1,1,1,1,6,6,6,6,6,6,6,6,6,6,6,6,9,9,9,9,9,9,9,9,9];3;false;true;3;2;81;[2,3];0.18518518518518517;5.4000000000000004
162;162.42;1;21;[1,2,2,2,2,3,3,6,6,6,6,6,6,6,6,6,6,6,27,27,27];5;false;true;2;2;81;[2,3];0.12962962962962962;7.7142857142857144
162;162.43;1;21;[1,2,2,2,2,3,3,6,6,6,6,6,6,6,6,6,6,6,27,27,27];5;false;true;2;2;81;[2,3];0.12962962962962962;7.7142857142857144
162;162.44;9;30;[1,1,1,1,1,1,1,1,1,6,6,6,6,6,6,6,6,6,6,6,6,9,9,9,9,9,9,9,9,9];3;false;true;3;2;81;[2,3];0.18518518518518517;5.4000000000000004
162;162.45;1;42;[1,2,2,2,2,2,2,2,2,2,2,2,2,2,2,2,2,2,2,2,2,2,2,2,2,2,2,2,2,2,2,2,2,2,2,2,2,2,2,2,2,81];3;false;true;2;1;81;[2,3];0.25925925925925924;3.8571428571428572
162;162.46;3;21;[1,1,1,2,2,2,6,6,6,6,6,6,6,6,6,6,6,6,27,27,27];4;false;true;3;2;81;[2,3];0.12962962962962962;7.7142857142857144
162;162.47;162;162;[1,1,1,1,1,1,1,1,1,1,1,1,1,1,1,1,1,1,1,1,1,1,1,1,1,1,1,1,1,1,1,1,1,1,1,1,1,1,1,1,1,1,1,1,1,1,1,1,1,1,1,1,1,1,1,1,1,1,1,1,1,1,1,1,1,1,1,1,1,1,1,1,1,1,1,1,1,1,1,1,1,1,1,1,1,1,1,1,1,1,1,1,1,1,1,1,1,1,1,1,1,1,1,1,1,1,1,1,1,1,1,1,1,1,1,1,1,1,1,1,1,1,1,1,1,1,1,1,1,1,1,1,1,1,1,1,1,1,1,1,1,1,1,1,1,1,1,1,1,1,1,1,1,1,1,1,1,1,1,1,1,1];1;true;true;1;1;162;[2,3];1.;1.
162;162.48;18;66;[1,1,1,1,1,1,1,1,1,1,1,1,1,1,1,1,1,1,3,3,3,3,3,3,3,3,3,3,3,3,3,3,3,3,3,3,3,3,3,3,3,3,3,3,3,3,3,3,3,3,3,3,3,3,3,3,3,3,3,3,3,3,3,3,3,3];2;true;true;2;2;162;[2,3];0.40740740740740738;2.4545454545454546
162;162.49;18;66;[1,1,1,1,1,1,1,1,1,1,1,1,1,1,1,1,1,1,3,3,3,3,3,3,3,3,3,3,3,3,3,3,3,3,3,3,3,3,3,3,3,3,3,3,3,3,3,3,3,3,3,3,3,3,3,3,3,3,3,3,3,3,3,3,3,3];2;true;true;2;2;162;[2,3];0.40740740740740738;2.4545454545454546
162;162.50;18;66;[1,1,1,1,1,1,1,1,1,1,1,1,1,1,1,1,1,1,3,3,3,3,3,3,3,3,3,3,3,3,3,3,3,3,3,3,3,3,3,3,3,3,3,3,3,3,3,3,3,3,3,3,3,3,3,3,3,3,3,3,3,3,3,3,3,3];2;true;true;2;2;162;[2,3];0.40740740740740738;2.4545454545454546
162;162.51;27;81;[1,1,1,1,1,1,1,1,1,1,1,1,1,1,1,1,1,1,1,1,1,1,1,1,1,1,1,2,2,2,2,2,2,2,2,2,2,2,2,2,2,2,2,2,2,2,2,2,2,2,2,2,2,2,3,3,3,3,3,3,3,3,3,3,3,3,3,3,3,3,3,3,3,3,3,3,3,3,3,3,3];3;false;true;2;1;81;[2,3];0.5;2.
162;162.52;9;54;[1,1,1,1,1,1,1,1,1,2,2,2,2,2,2,2,2,2,2,2,2,2,2,2,2,2,2,2,2,2,2,2,2,2,2,2,2,2,2,2,2,2,2,2,2,9,9,9,9,9,9,9,9,9];3;false;true;2;1;81;[2,3];0.33333333333333331;3.
162;162.53;3;45;[1,1,1,2,2,2,2,2,2,2,2,2,2,2,2,2,2,2,2,2,2,2,2,2,2,2,2,2,2,2,2,2,2,2,2,2,2,2,2,2,2,2,27,27,27];3;false;true;2;1;81;[2,3];0.27777777777777779;3.6000000000000001
162;162.54;1;42;[1,2,2,2,2,2,2,2,2,2,2,2,2,2,2,2,2,2,2,2,2,2,2,2,2,2,2,2,2,2,2,2,2,2,2,2,2,2,2,2,2,81];3;false;true;2;1;81;[2,3];0.25925925925925924;3.8571428571428572
162;162.55;162;162;[1,1,1,1,1,1,1,1,1,1,1,1,1,1,1,1,1,1,1,1,1,1,1,1,1,1,1,1,1,1,1,1,1,1,1,1,1,1,1,1,1,1,1,1,1,1,1,1,1,1,1,1,1,1,1,1,1,1,1,1,1,1,1,1,1,1,1,1,1,1,1,1,1,1,1,1,1,1,1,1,1,1,1,1,1,1,1,1,1,1,1,1,1,1,1,1,1,1,1,1,1,1,1,1,1,1,1,1,1,1,1,1,1,1,1,1,1,1,1,1,1,1,1,1,1,1,1,1,1,1,1,1,1,1,1,1,1,1,1,1,1,1,1,1,1,1,1,1,1,1,1,1,1,1,1,1,1,1,1,1,1,1];1;true;true;1;1;162;[2,3];1.;1.
163;163.1;163;163;[1,1,1,1,1,1,1,1,1,1,1,1,1,1,1,1,1,1,1,1,1,1,1,1,1,1,1,1,1,1,1,1,1,1,1,1,1,1,1,1,1,1,1,1,1,1,1,1,1,1,1,1,1,1,1,1,1,1,1,1,1,1,1,1,1,1,1,1,1,1,1,1,1,1,1,1,1,1,1,1,1,1,1,1,1,1,1,1,1,1,1,1,1,1,1,1,1,1,1,1,1,1,1,1,1,1,1,1,1,1,1,1,1,1,1,1,1,1,1,1,1,1,1,1,1,1,1,1,1,1,1,1,1,1,1,1,1,1,1,1,1,1,1,1,1,1,1,1,1,1,1,1,1,1,1,1,1,1,1,1,1,1,1];1;true;true;1;1;163;[163];1.;1.
164;164.1;2;44;[1,1,2,2,2,2,2,2,2,2,2,2,2,2,2,2,2,2,2,2,2,2,2,2,2,2,2,2,2,2,2,2,2,2,2,2,2,2,2,2,2,2,41,41];3;false;true;2;1;82;[2,41];0.26829268292682928;3.7272727272727275
164;164.2;164;164;[1,1,1,1,1,1,1,1,1,1,1,1,1,1,1,1,1,1,1,1,1,1,1,1,1,1,1,1,1,1,1,1,1,1,1,1,1,1,1,1,1,1,1,1,1,1,1,1,1,1,1,1,1,1,1,1,1,1,1,1,1,1,1,1,1,1,1,1,1,1,1,1,1,1,1,1,1,1,1,1,1,1,1,1,1,1,1,1,1,1,1,1,1,1,1,1,1,1,1,1,1,1,1,1,1,1,1,1,1,1,1,1,1,1,1,1,1,1,1,1,1,1,1,1,1,1,1,1,1,1,1,1,1,1,1,1,1,1,1,1,1,1,1,1,1,1,1,1,1,1,1,1,1,1,1,1,1,1,1,1,1,1,1,1];1;true;true;1;1;164;[2,41];1.;1.
164;164.3;1;14;[1,4,4,4,4,4,4,4,4,4,4,41,41,41];3;false;true;2;1;41;[2,41];0.085365853658536592;11.714285714285714
164;164.4;2;44;[1,1,2,2,2,2,2,2,2,2,2,2,2,2,2,2,2,2,2,2,2,2,2,2,2,2,2,2,2,2,2,2,2,2,2,2,2,2,2,2,2,2,41,41];3;false;true;2;1;82;[2,41];0.26829268292682928;3.7272727272727275
164;164.5;164;164;[1,1,1,1,1,1,1,1,1,1,1,1,1,1,1,1,1,1,1,1,1,1,1,1,1,1,1,1,1,1,1,1,1,1,1,1,1,1,1,1,1,1,1,1,1,1,1,1,1,1,1,1,1,1,1,1,1,1,1,1,1,1,1,1,1,1,1,1,1,1,1,1,1,1,1,1,1,1,1,1,1,1,1,1,1,1,1,1,1,1,1,1,1,1,1,1,1,1,1,1,1,1,1,1,1,1,1,1,1,1,1,1,1,1,1,1,1,1,1,1,1,1,1,1,1,1,1,1,1,1,1,1,1,1,1,1,1,1,1,1,1,1,1,1,1,1,1,1,1,1,1,1,1,1,1,1,1,1,1,1,1,1,1,1];1;true;true;1;1;164;[2,41];1.;1.
165;165.1;3;21;[1,1,1,5,5,5,5,5,5,11,11,11,11,11,11,11,11,11,11,11,11];3;false;true;2;1;33;[3,5,11];0.12727272727272726;7.8571428571428568
165;165.2;165;165;[1,1,1,1,1,1,1,1,1,1,1,1,1,1,1,1,1,1,1,1,1,1,1,1,1,1,1,1,1,1,1,1,1,1,1,1,1,1,1,1,1,1,1,1,1,1,1,1,1,1,1,1,1,1,1,1,1,1,1,1,1,1,1,1,1,1,1,1,1,1,1,1,1,1,1,1,1,1,1,1,1,1,1,1,1,1,1,1,1,1,1,1,1,1,1,1,1,1,1,1,1,1,1,1,1,1,1,1,1,1,1,1,1,1,1,1,1,1,1,1,1,1,1,1,1,1,1,1,1,1,1,1,1,1,1,1,1,1,1,1,1,1,1,1,1,1,1,1,1,1,1,1,1,1,1,1,1,1,1,1,1,1,1,1,1];1;true;true;1;1;165;[3,5,11];1.;1.
166;166.1;1;43;[1,2,2,2,2,2,2,2,2,2,2,2,2,2,2,2,2,2,2,2,2,2,2,2,2,2,2,2,2,2,2,2,2,2,2,2,2,2,2,2,2,2,83];3;false;true;2;1;83;[2,83];0.25903614457831325;3.8604651162790695
166;166.2;166;166;[1,1,1,1,1,1,1,1,1,1,1,1,1,1,1,1,1,1,1,1,1,1,1,1,1,1,1,1,1,1,1,1,1,1,1,1,1,1,1,1,1,1,1,1,1,1,1,1,1,1,1,1,1,1,1,1,1,1,1,1,1,1,1,1,1,1,1,1,1,1,1,1,1,1,1,1,1,1,1,1,1,1,1,1,1,1,1,1,1,1,1,1,1,1,1,1,1,1,1,1,1,1,1,1,1,1,1,1,1,1,1,1,1,1,1,1,1,1,1,1,1,1,1,1,1,1,1,1,1,1,1,1,1,1,1,1,1,1,1,1,1,1,1,1,1,1,1,1,1,1,1,1,1,1,1,1,1,1,1,1,1,1,1,1,1,1];1;true;true;1;1;166;[2,83];1.;1.
167;167.1;167;167;[1,1,1,1,1,1,1,1,1,1,1,1,1,1,1,1,1,1,1,1,1,1,1,1,1,1,1,1,1,1,1,1,1,1,1,1,1,1,1,1,1,1,1,1,1,1,1,1,1,1,1,1,1,1,1,1,1,1,1,1,1,1,1,1,1,1,1,1,1,1,1,1,1,1,1,1,1,1,1,1,1,1,1,1,1,1,1,1,1,1,1,1,1,1,1,1,1,1,1,1,1,1,1,1,1,1,1,1,1,1,1,1,1,1,1,1,1,1,1,1,1,1,1,1,1,1,1,1,1,1,1,1,1,1,1,1,1,1,1,1,1,1,1,1,1,1,1,1,1,1,1,1,1,1,1,1,1,1,1,1,1,1,1,1,1,1,1];1;true;true;1;1;167;[167];1.;1.
168;168.1;4;28;[1,1,1,1,6,6,6,6,7,7,7,7,7,7,7,7,7,7,7,7,7,7,7,7,7,7,7,7];3;false;true;2;1;28;[2,3,7];0.16666666666666666;6.
168;168.2;8;40;[1,1,1,1,1,1,1,1,3,3,3,3,3,3,3,3,3,3,3,3,3,3,3,3,7,7,7,7,7,7,7,7,7,7,7,7,7,7,7,7];3;false;true;2;1;56;[2,3,7];0.23809523809523808;4.2000000000000002
168;168.3;28;84;[1,1,1,1,1,1,1,1,1,1,1,1,1,1,1,1,1,1,1,1,1,1,1,1,1,1,1,1,2,2,2,2,2,2,2,2,2,2,2,2,2,2,2,2,2,2,2,2,2,2,2,2,2,2,2,2,3,3,3,3,3,3,3,3,3,3,3,3,3,3,3,3,3,3,3,3,3,3,3,3,3,3,3,3];3;false;true;2;1;84;[2,3,7];0.5;2.
168;168.4;12;60;[1,1,1,1,1,1,1,1,1,1,1,1,2,2,2,2,2,2,2,2,2,2,2,2,2,2,2,2,2,2,2,2,2,2,2,2,2,2,2,2,2,2,2,2,2,2,2,2,7,7,7,7,7,7,7,7,7,7,7,7];3;false;true;2;1;84;[2,3,7];0.35714285714285715;2.7999999999999998
168;168.5;4;48;[1,1,1,1,2,2,2,2,2,2,2,2,2,2,2,2,2,2,2,2,2,2,2,2,2,2,2,2,2,2,2,2,2,2,2,2,2,2,2,2,2,2,2,2,21,21,21,21];3;false;true;2;1;84;[2,3,7];0.2857142857142857;3.5
168;168.6;168;168;[1,1,1,1,1,1,1,1,1,1,1,1,1,1,1,1,1,1,1,1,1,1,1,1,1,1,1,1,1,1,1,1,1,1,1,1,1,1,1,1,1,1,1,1,1,1,1,1,1,1,1,1,1,1,1,1,1,1,1,1,1,1,1,1,1,1,1,1,1,1,1,1,1,1,1,1,1,1,1,1,1,1,1,1,1,1,1,1,1,1,1,1,1,1,1,1,1,1,1,1,1,1,1,1,1,1,1,1,1,1,1,1,1,1,1,1,1,1,1,1,1,1,1,1,1,1,1,1,1,1,1,1,1,1,1,1,1,1,1,1,1,1,1,1,1,1,1,1,1,1,1,1,1,1,1,1,1,1,1,1,1,1,1,1,1,1,1,1];1;true;true;1;1;168;[2,3,7];1.;1.
168;168.7;2;19;[1,1,2,6,6,6,6,7,7,7,7,14,14,14,14,14,14,14,14];5;false;true;2;1;28;[2,3,7];0.1130952380952381;8.8421052631578938
168;168.8;4;28;[1,1,1,1,6,6,6,6,7,7,7,7,7,7,7,7,7,7,7,7,7,7,7,7,7,7,7,7];3;false;true;2;1;28;[2,3,7];0.16666666666666666;6.
168;168.9;2;19;[1,1,2,6,6,6,6,7,7,7,7,14,14,14,14,14,14,14,14];5;false;true;2;1;28;[2,3,7];0.1130952380952381;8.8421052631578938
168;168.10;4;28;[1,1,1,1,6,6,6,6,7,7,7,7,7,7,7,7,7,7,7,7,7,7,7,7,7,7,7,7];3;false;true;2;1;28;[2,3,7];0.16666666666666666;6.
168;168.11;2;19;[1,1,2,6,6,6,6,7,7,7,7,14,14,14,14,14,14,14,14];5;false;true;2;1;28;[2,3,7];0.1130952380952381;8.8421052631578938
168;168.12;2;30;[1,1,2,2,2,2,2,2,2,2,3,3,4,4,4,4,4,4,6,6,6,6,6,6,7,7,14,14,21,21];8;false;true;2;1;42;[2,3,7];0.17857142857142858;5.5999999999999996
168;168.13;2;30;[1,1,2,2,2,2,2,2,2,2,3,3,4,4,4,4,4,4,6,6,6,6,6,6,7,7,14,14,21,21];8;false;true;2;1;42;[2,3,7];0.17857142857142858;5.5999999999999996
168;168.14;2;30;[1,1,2,2,2,2,2,2,2,2,3,3,4,4,4,4,4,4,6,6,6,6,6,6,7,7,14,14,21,21];8;false;true;2;1;42;[2,3,7];0.17857142857142858;5.5999999999999996
168;168.15;2;27;[1,1,2,2,2,2,2,2,2,2,4,4,4,4,4,4,6,6,6,6,6,6,6,14,14,14,42];6;false;true;2;1;42;[2,3,7];0.16071428571428573;6.2222222222222223
168;168.16;2;27;[1,1,2,2,2,2,2,2,2,2,4,4,4,4,4,4,6,6,6,6,6,6,6,14,14,14,42];6;false;true;2;1;42;[2,3,7];0.16071428571428573;6.2222222222222223
168;168.17;2;27;[1,1,2,2,2,2,2,2,2,2,4,4,4,4,4,4,6,6,6,6,6,6,6,14,14,14,42];6;false;true;2;1;42;[2,3,7];0.16071428571428573;6.2222222222222223
168;168.18;2;27;[1,1,2,2,2,2,2,2,2,2,4,4,4,4,4,4,6,6,6,6,6,6,6,14,14,14,42];6;false;true;2;1;42;[2,3,7];0.16071428571428573;6.2222222222222223
168;168.19;8;40;[1,1,1,1,1,1,1,1,3,3,3,3,3,3,3,3,3,3,3,3,3,3,3,3,7,7,7,7,7,7,7,7,7,7,7,7,7,7,7,7];3;false;true;2;1;56;[2,3,7];0.23809523809523808;4.2000000000000002
168;168.20;2;25;[1,1,2,2,2,3,3,3,3,6,6,6,6,6,6,7,7,7,7,14,14,14,14,14,14];6;false;true;2;2;56;[2,3,7];0.14880952380952381;6.7199999999999998
168;168.21;2;25;[1,1,2,2,2,3,3,3,3,6,6,6,6,6,6,7,7,7,7,14,14,14,14,14,14];6;false;true;2;2;56;[2,3,7];0.14880952380952381;6.7199999999999998
168;168.22;14;49;[1,1,1,1,1,1,1,1,1,1,1,1,1,1,4,4,4,4,4,4,4,4,4,4,4,4,4,4,4,4,4,4,4,4,4,4,4,4,4,4,4,4,6,6,6,6,6,6,6];3;false;true;3;2;56;[2,3,7];0.29166666666666669;3.4285714285714284
168;168.23;2;17;[1,1,3,3,3,3,6,6,6,6,6,6,6,28,28,28,28];4;false;true;3;2;56;[2,3,7];0.10119047619047619;9.882352941176471
168;168.24;6;51;[1,1,1,1,1,1,2,2,2,2,2,2,2,2,2,2,2,2,2,2,2,2,2,2,2,2,2,2,2,2,2,2,2,2,2,2,2,2,2,2,2,2,2,2,2,14,14,14,14,14,14];3;false;true;2;1;84;[2,3,7];0.30357142857142855;3.2941176470588234
168;168.25;12;60;[1,1,1,1,1,1,1,1,1,1,1,1,2,2,2,2,2,2,2,2,2,2,2,2,2,2,2,2,2,2,2,2,2,2,2,2,2,2,2,2,2,2,2,2,2,2,2,2,7,7,7,7,7,7,7,7,7,7,7,7];3;false;true;2;1;84;[2,3,7];0.35714285714285715;2.7999999999999998
168;168.26;6;51;[1,1,1,1,1,1,2,2,2,2,2,2,2,2,2,2,2,2,2,2,2,2,2,2,2,2,2,2,2,2,2,2,2,2,2,2,2,2,2,2,2,2,2,2,2,14,14,14,14,14,14];3;false;true;2;1;84;[2,3,7];0.30357142857142855;3.2941176470588234
168;168.27;12;60;[1,1,1,1,1,1,1,1,1,1,1,1,2,2,2,2,2,2,2,2,2,2,2,2,2,2,2,2,2,2,2,2,2,2,2,2,2,2,2,2,2,2,2,2,2,2,2,2,7,7,7,7,7,7,7,7,7,7,7,7];3;false;true;2;1;84;[2,3,7];0.35714285714285715;2.7999999999999998
168;168.28;6;51;[1,1,1,1,1,1,2,2,2,2,2,2,2,2,2,2,2,2,2,2,2,2,2,2,2,2,2,2,2,2,2,2,2,2,2,2,2,2,2,2,2,2,2,2,2,14,14,14,14,14,14];3;false;true;2;1;84;[2,3,7];0.30357142857142855;3.2941176470588234
168;168.29;14;63;[1,1,1,1,1,1,1,1,1,1,1,1,1,1,2,2,2,2,2,2,2,2,2,2,2,2,2,2,2,2,2,2,2,2,2,2,2,2,2,2,2,2,2,2,2,2,2,2,2,6,6,6,6,6,6,6,6,6,6,6,6,6,6];3;false;true;2;1;84;[2,3,7];0.375;2.6666666666666665
168;168.30;28;84;[1,1,1,1,1,1,1,1,1,1,1,1,1,1,1,1,1,1,1,1,1,1,1,1,1,1,1,1,2,2,2,2,2,2,2,2,2,2,2,2,2,2,2,2,2,2,2,2,2,2,2,2,2,2,2,2,3,3,3,3,3,3,3,3,3,3,3,3,3,3,3,3,3,3,3,3,3,3,3,3,3,3,3,3];3;false;true;2;1;84;[2,3,7];0.5;2.
168;168.31;14;63;[1,1,1,1,1,1,1,1,1,1,1,1,1,1,2,2,2,2,2,2,2,2,2,2,2,2,2,2,2,2,2,2,2,2,2,2,2,2,2,2,2,2,2,2,2,2,2,2,2,6,6,6,6,6,6,6,6,6,6,6,6,6,6];3;false;true;2;1;84;[2,3,7];0.375;2.6666666666666665
168;168.32;28;84;[1,1,1,1,1,1,1,1,1,1,1,1,1,1,1,1,1,1,1,1,1,1,1,1,1,1,1,1,2,2,2,2,2,2,2,2,2,2,2,2,2,2,2,2,2,2,2,2,2,2,2,2,2,2,2,2,3,3,3,3,3,3,3,3,3,3,3,3,3,3,3,3,3,3,3,3,3,3,3,3,3,3,3,3];3;false;true;2;1;84;[2,3,7];0.5;2.
168;168.33;14;63;[1,1,1,1,1,1,1,1,1,1,1,1,1,1,2,2,2,2,2,2,2,2,2,2,2,2,2,2,2,2,2,2,2,2,2,2,2,2,2,2,2,2,2,2,2,2,2,2,2,6,6,6,6,6,6,6,6,6,6,6,6,6,6];3;false;true;2;1;84;[2,3,7];0.375;2.6666666666666665
168;168.34;2;45;[1,1,2,2,2,2,2,2,2,2,2,2,2,2,2,2,2,2,2,2,2,2,2,2,2,2,2,2,2,2,2,2,2,2,2,2,2,2,2,2,2,2,2,42,42];3;false;true;2;1;84;[2,3,7];0.26785714285714285;3.7333333333333334
168;168.35;4;48;[1,1,1,1,2,2,2,2,2,2,2,2,2,2,2,2,2,2,2,2,2,2,2,2,2,2,2,2,2,2,2,2,2,2,2,2,2,2,2,2,2,2,2,2,21,21,21,21];3;false;true;2;1;84;[2,3,7];0.2857142857142857;3.5
168;168.36;2;45;[1,1,2,2,2,2,2,2,2,2,2,2,2,2,2,2,2,2,2,2,2,2,2,2,2,2,2,2,2,2,2,2,2,2,2,2,2,2,2,2,2,2,2,42,42];3;false;true;2;1;84;[2,3,7];0.26785714285714285;3.7333333333333334
168;168.37;4;48;[1,1,1,1,2,2,2,2,2,2,2,2,2,2,2,2,2,2,2,2,2,2,2,2,2,2,2,2,2,2,2,2,2,2,2,2,2,2,2,2,2,2,2,2,21,21,21,21];3;false;true;2;1;84;[2,3,7];0.2857142857142857;3.5
168;168.38;2;45;[1,1,2,2,2,2,2,2,2,2,2,2,2,2,2,2,2,2,2,2,2,2,2,2,2,2,2,2,2,2,2,2,2,2,2,2,2,2,2,2,2,2,2,42,42];3;false;true;2;1;84;[2,3,7];0.26785714285714285;3.7333333333333334
168;168.39;168;168;[1,1,1,1,1,1,1,1,1,1,1,1,1,1,1,1,1,1,1,1,1,1,1,1,1,1,1,1,1,1,1,1,1,1,1,1,1,1,1,1,1,1,1,1,1,1,1,1,1,1,1,1,1,1,1,1,1,1,1,1,1,1,1,1,1,1,1,1,1,1,1,1,1,1,1,1,1,1,1,1,1,1,1,1,1,1,1,1,1,1,1,1,1,1,1,1,1,1,1,1,1,1,1,1,1,1,1,1,1,1,1,1,1,1,1,1,1,1,1,1,1,1,1,1,1,1,1,1,1,1,1,1,1,1,1,1,1,1,1,1,1,1,1,1,1,1,1,1,1,1,1,1,1,1,1,1,1,1,1,1,1,1,1,1,1,1,1,1];1;true;true;1;1;168;[2,3,7];1.;1.
168;168.40;42;105;[1,1,1,1,1,1,1,1,1,1,1,1,1,1,1,1,1,1,1,1,1,1,1,1,1,1,1,1,1,1,1,1,1,1,1,1,1,1,1,1,1,1,2,2,2,2,2,2,2,2,2,2,2,2,2,2,2,2,2,2,2,2,2,2,2,2,2,2,2,2,2,2,2,2,2,2,2,2,2,2,2,2,2,2,2,2,2,2,2,2,2,2,2,2,2,2,2,2,2,2,2,2,2,2,2];2;true;true;2;2;168;[2,3,7];0.625;1.6000000000000001
168;168.41;42;105;[1,1,1,1,1,1,1,1,1,1,1,1,1,1,1,1,1,1,1,1,1,1,1,1,1,1,1,1,1,1,1,1,1,1,1,1,1,1,1,1,1,1,2,2,2,2,2,2,2,2,2,2,2,2,2,2,2,2,2,2,2,2,2,2,2,2,2,2,2,2,2,2,2,2,2,2,2,2,2,2,2,2,2,2,2,2,2,2,2,2,2,2,2,2,2,2,2,2,2,2,2,2,2,2,2];2;true;true;2;2;168;[2,3,7];0.625;1.6000000000000001
168;168.42;1;6;[1,21,24,24,42,56];5;false;false;0;0;1;[2,3,7];0.035714285714285712;28.
168;168.43;1;8;[1,7,24,24,28,28,28,28];4;false;true;3;1;8;[2,3,7];0.047619047619047616;21.
168;168.44;3;24;[1,1,1,7,7,7,8,8,8,8,8,8,8,8,8,8,8,8,8,8,8,8,8,8];3;false;true;2;1;24;[2,3,7];0.14285714285714285;7.
168;168.45;7;35;[1,1,1,1,1,1,1,3,3,3,3,3,3,3,6,6,6,6,6,6,6,6,6,6,6,6,6,6,8,8,8,8,8,8,8];4;false;true;3;1;28;[2,3,7];0.20833333333333334;4.7999999999999998
168;168.46;1;17;[1,2,2,2,3,6,6,6,8,8,8,8,8,8,8,42,42];6;false;true;3;1;28;[2,3,7];0.10119047619047619;9.882352941176471
168;168.47;4;28;[1,1,1,1,6,6,6,6,7,7,7,7,7,7,7,7,7,7,7,7,7,7,7,7,7,7,7,7];3;false;true;2;1;28;[2,3,7];0.16666666666666666;6.
168;168.48;1;20;[1,2,2,2,3,4,4,6,6,6,7,8,8,8,8,8,8,21,28,28];9;false;true;2;1;28;[2,3,7];0.11904761904761904;8.4000000000000004
168;168.49;1;12;[1,3,6,6,6,6,7,21,28,28,28,28];6;false;true;2;1;28;[2,3,7];0.071428571428571425;14.
168;168.50;2;30;[1,1,2,2,2,2,2,2,2,2,3,3,4,4,4,4,4,4,6,6,6,6,6,6,7,7,14,14,21,21];8;false;true;2;1;42;[2,3,7];0.17857142857142858;5.5999999999999996
168;168.51;8;40;[1,1,1,1,1,1,1,1,3,3,3,3,3,3,3,3,3,3,3,3,3,3,3,3,7,7,7,7,7,7,7,7,7,7,7,7,7,7,7,7];3;false;true;2;1;56;[2,3,7];0.23809523809523808;4.2000000000000002
168;168.52;14;56;[1,1,1,1,1,1,1,1,1,1,1,1,1,1,3,3,3,3,3,3,3,3,3,3,3,3,3,3,4,4,4,4,4,4,4,4,4,4,4,4,4,4,4,4,4,4,4,4,4,4,4,4,4,4,4,4];3;false;true;2;1;56;[2,3,7];0.33333333333333331;3.
168;168.53;2;24;[1,1,3,3,3,3,3,3,3,3,3,3,3,3,3,3,3,3,3,3,28,28,28,28];3;false;true;2;1;56;[2,3,7];0.14285714285714285;7.
168;168.54;12;60;[1,1,1,1,1,1,1,1,1,1,1,1,2,2,2,2,2,2,2,2,2,2,2,2,2,2,2,2,2,2,2,2,2,2,2,2,2,2,2,2,2,2,2,2,2,2,2,2,7,7,7,7,7,7,7,7,7,7,7,7];3;false;true;2;1;84;[2,3,7];0.35714285714285715;2.7999999999999998
168;168.55;28;84;[1,1,1,1,1,1,1,1,1,1,1,1,1,1,1,1,1,1,1,1,1,1,1,1,1,1,1,1,2,2,2,2,2,2,2,2,2,2,2,2,2,2,2,2,2,2,2,2,2,2,2,2,2,2,2,2,3,3,3,3,3,3,3,3,3,3,3,3,3,3,3,3,3,3,3,3,3,3,3,3,3,3,3,3];3;false;true;2;1;84;[2,3,7];0.5;2.
168;168.56;4;48;[1,1,1,1,2,2,2,2,2,2,2,2,2,2,2,2,2,2,2,2,2,2,2,2,2,2,2,2,2,2,2,2,2,2,2,2,2,2,2,2,2,2,2,2,21,21,21,21];3;false;true;2;1;84;[2,3,7];0.2857142857142857;3.5
168;168.57;168;168;[1,1,1,1,1,1,1,1,1,1,1,1,1,1,1,1,1,1,1,1,1,1,1,1,1,1,1,1,1,1,1,1,1,1,1,1,1,1,1,1,1,1,1,1,1,1,1,1,1,1,1,1,1,1,1,1,1,1,1,1,1,1,1,1,1,1,1,1,1,1,1,1,1,1,1,1,1,1,1,1,1,1,1,1,1,1,1,1,1,1,1,1,1,1,1,1,1,1,1,1,1,1,1,1,1,1,1,1,1,1,1,1,1,1,1,1,1,1,1,1,1,1,1,1,1,1,1,1,1,1,1,1,1,1,1,1,1,1,1,1,1,1,1,1,1,1,1,1,1,1,1,1,1,1,1,1,1,1,1,1,1,1,1,1,1,1,1,1];1;true;true;1;1;168;[2,3,7];1.;1.
169;169.1;169;169;[1,1,1,1,1,1,1,1,1,1,1,1,1,1,1,1,1,1,1,1,1,1,1,1,1,1,1,1,1,1,1,1,1,1,1,1,1,1,1,1,1,1,1,1,1,1,1,1,1,1,1,1,1,1,1,1,1,1,1,1,1,1,1,1,1,1,1,1,1,1,1,1,1,1,1,1,1,1,1,1,1,1,1,1,1,1,1,1,1,1,1,1,1,1,1,1,1,1,1,1,1,1,1,1,1,1,1,1,1,1,1,1,1,1,1,1,1,1,1,1,1,1,1,1,1,1,1,1,1,1,1,1,1,1,1,1,1,1,1,1,1,1,1,1,1,1,1,1,1,1,1,1,1,1,1,1,1,1,1,1,1,1,1,1,1,1,1,1,1];1;true;true;1;1;169;[13];1.;1.
169;169.2;169;169;[1,1,1,1,1,1,1,1,1,1,1,1,1,1,1,1,1,1,1,1,1,1,1,1,1,1,1,1,1,1,1,1,1,1,1,1,1,1,1,1,1,1,1,1,1,1,1,1,1,1,1,1,1,1,1,1,1,1,1,1,1,1,1,1,1,1,1,1,1,1,1,1,1,1,1,1,1,1,1,1,1,1,1,1,1,1,1,1,1,1,1,1,1,1,1,1,1,1,1,1,1,1,1,1,1,1,1,1,1,1,1,1,1,1,1,1,1,1,1,1,1,1,1,1,1,1,1,1,1,1,1,1,1,1,1,1,1,1,1,1,1,1,1,1,1,1,1,1,1,1,1,1,1,1,1,1,1,1,1,1,1,1,1,1,1,1,1,1,1];1;true;true;1;1;169;[13];1.;1.
170;170.1;17;68;[1,1,1,1,1,1,1,1,1,1,1,1,1,1,1,1,1,2,2,2,2,2,2,2,2,2,2,2,2,2,2,2,2,2,2,2,2,2,2,2,2,2,2,2,2,2,2,2,2,2,2,5,5,5,5,5,5,5,5,5,5,5,5,5,5,5,5,5];3;false;true;2;1;85;[2,5,17];0.40000000000000002;2.5
170;170.2;5;50;[1,1,1,1,1,2,2,2,2,2,2,2,2,2,2,2,2,2,2,2,2,2,2,2,2,2,2,2,2,2,2,2,2,2,2,2,2,2,2,2,2,2,2,2,2,17,17,17,17,17];3;false;true;2;1;85;[2,5,17];0.29411764705882354;3.3999999999999999
170;170.3;1;44;[1,2,2,2,2,2,2,2,2,2,2,2,2,2,2,2,2,2,2,2,2,2,2,2,2,2,2,2,2,2,2,2,2,2,2,2,2,2,2,2,2,2,2,85];3;false;true;2;1;85;[2,5,17];0.25882352941176473;3.8636363636363638
170;170.4;170;170;[1,1,1,1,1,1,1,1,1,1,1,1,1,1,1,1,1,1,1,1,1,1,1,1,1,1,1,1,1,1,1,1,1,1,1,1,1,1,1,1,1,1,1,1,1,1,1,1,1,1,1,1,1,1,1,1,1,1,1,1,1,1,1,1,1,1,1,1,1,1,1,1,1,1,1,1,1,1,1,1,1,1,1,1,1,1,1,1,1,1,1,1,1,1,1,1,1,1,1,1,1,1,1,1,1,1,1,1,1,1,1,1,1,1,1,1,1,1,1,1,1,1,1,1,1,1,1,1,1,1,1,1,1,1,1,1,1,1,1,1,1,1,1,1,1,1,1,1,1,1,1,1,1,1,1,1,1,1,1,1,1,1,1,1,1,1,1,1,1,1];1;true;true;1;1;170;[2,5,17];1.;1.
171;171.1;3;27;[1,1,1,3,3,3,3,3,3,3,3,3,3,3,3,3,3,3,3,3,3,19,19,19,19,19,19];3;false;true;2;1;57;[3,19];0.15789473684210525;6.333333333333333
171;171.2;171;171;[1,1,1,1,1,1,1,1,1,1,1,1,1,1,1,1,1,1,1,1,1,1,1,1,1,1,1,1,1,1,1,1,1,1,1,1,1,1,1,1,1,1,1,1,1,1,1,1,1,1,1,1,1,1,1,1,1,1,1,1,1,1,1,1,1,1,1,1,1,1,1,1,1,1,1,1,1,1,1,1,1,1,1,1,1,1,1,1,1,1,1,1,1,1,1,1,1,1,1,1,1,1,1,1,1,1,1,1,1,1,1,1,1,1,1,1,1,1,1,1,1,1,1,1,1,1,1,1,1,1,1,1,1,1,1,1,1,1,1,1,1,1,1,1,1,1,1,1,1,1,1,1,1,1,1,1,1,1,1,1,1,1,1,1,1,1,1,1,1,1,1];1;true;true;1;1;171;[3,19];1.;1.
171;171.3;1;11;[1,9,9,19,19,19,19,19,19,19,19];3;false;true;2;1;19;[3,19];0.064327485380116955;15.545454545454545
171;171.4;3;27;[1,1,1,3,3,3,3,3,3,3,3,3,3,3,3,3,3,3,3,3,3,19,19,19,19,19,19];3;false;true;2;1;57;[3,19];0.15789473684210525;6.333333333333333
171;171.5;171;171;[1,1,1,1,1,1,1,1,1,1,1,1,1,1,1,1,1,1,1,1,1,1,1,1,1,1,1,1,1,1,1,1,1,1,1,1,1,1,1,1,1,1,1,1,1,1,1,1,1,1,1,1,1,1,1,1,1,1,1,1,1,1,1,1,1,1,1,1,1,1,1,1,1,1,1,1,1,1,1,1,1,1,1,1,1,1,1,1,1,1,1,1,1,1,1,1,1,1,1,1,1,1,1,1,1,1,1,1,1,1,1,1,1,1,1,1,1,1,1,1,1,1,1,1,1,1,1,1,1,1,1,1,1,1,1,1,1,1,1,1,1,1,1,1,1,1,1,1,1,1,1,1,1,1,1,1,1,1,1,1,1,1,1,1,1,1,1,1,1,1,1];1;true;true;1;1;171;[3,19];1.;1.
172;172.1;2;46;[1,1,2,2,2,2,2,2,2,2,2,2,2,2,2,2,2,2,2,2,2,2,2,2,2,2,2,2,2,2,2,2,2,2,2,2,2,2,2,2,2,2,2,2,43,43];3;false;true;2;1;86;[2,43];0.26744186046511625;3.7391304347826084
172;172.2;172;172;[1,1,1,1,1,1,1,1,1,1,1,1,1,1,1,1,1,1,1,1,1,1,1,1,1,1,1,1,1,1,1,1,1,1,1,1,1,1,1,1,1,1,1,1,1,1,1,1,1,1,1,1,1,1,1,1,1,1,1,1,1,1,1,1,1,1,1,1,1,1,1,1,1,1,1,1,1,1,1,1,1,1,1,1,1,1,1,1,1,1,1,1,1,1,1,1,1,1,1,1,1,1,1,1,1,1,1,1,1,1,1,1,1,1,1,1,1,1,1,1,1,1,1,1,1,1,1,1,1,1,1,1,1,1,1,1,1,1,1,1,1,1,1,1,1,1,1,1,1,1,1,1,1,1,1,1,1,1,1,1,1,1,1,1,1,1,1,1,1,1,1,1];1;true;true;1;1;172;[2,43];1.;1.
172;172.3;2;46;[1,1,2,2,2,2,2,2,2,2,2,2,2,2,2,2,2,2,2,2,2,2,2,2,2,2,2,2,2,2,2,2,2,2,2,2,2,2,2,2,2,2,2,2,43,43];3;false;true;2;1;86;[2,43];0.26744186046511625;3.7391304347826084
172;172.4;172;172;[1,1,1,1,1,1,1,1,1,1,1,1,1,1,1,1,1,1,1,1,1,1,1,1,1,1,1,1,1,1,1,1,1,1,1,1,1,1,1,1,1,1,1,1,1,1,1,1,1,1,1,1,1,1,1,1,1,1,1,1,1,1,1,1,1,1,1,1,1,1,1,1,1,1,1,1,1,1,1,1,1,1,1,1,1,1,1,1,1,1,1,1,1,1,1,1,1,1,1,1,1,1,1,1,1,1,1,1,1,1,1,1,1,1,1,1,1,1,1,1,1,1,1,1,1,1,1,1,1,1,1,1,1,1,1,1,1,1,1,1,1,1,1,1,1,1,1,1,1,1,1,1,1,1,1,1,1,1,1,1,1,1,1,1,1,1,1,1,1,1,1,1];1;true;true;1;1;172;[2,43];1.;1.
173;173.1;173;173;[1,1,1,1,1,1,1,1,1,1,1,1,1,1,1,1,1,1,1,1,1,1,1,1,1,1,1,1,1,1,1,1,1,1,1,1,1,1,1,1,1,1,1,1,1,1,1,1,1,1,1,1,1,1,1,1,1,1,1,1,1,1,1,1,1,1,1,1,1,1,1,1,1,1,1,1,1,1,1,1,1,1,1,1,1,1,1,1,1,1,1,1,1,1,1,1,1,1,1,1,1,1,1,1,1,1,1,1,1,1,1,1,1,1,1,1,1,1,1,1,1,1,1,1,1,1,1,1,1,1,1,1,1,1,1,1,1,1,1,1,1,1,1,1,1,1,1,1,1,1,1,1,1,1,1,1,1,1,1,1,1,1,1,1,1,1,1,1,1,1,1,1,1];1;true;true;1;1;173;[173];1.;1.
174;174.1;29;87;[1,1,1,1,1,1,1,1,1,1,1,1,1,1,1,1,1,1,1,1,1,1,1,1,1,1,1,1,1,2,2,2,2,2,2,2,2,2,2,2,2,2,2,2,2,2,2,2,2,2,2,2,2,2,2,2,2,2,3,3,3,3,3,3,3,3,3,3,3,3,3,3,3,3,3,3,3,3,3,3,3,3,3,3,3,3,3];3;false;true;2;1;87;[2,3,29];0.5;2.
174;174.2;3;48;[1,1,1,2,2,2,2,2,2,2,2,2,2,2,2,2,2,2,2,2,2,2,2,2,2,2,2,2,2,2,2,2,2,2,2,2,2,2,2,2,2,2,2,2,2,29,29,29];3;false;true;2;1;87;[2,3,29];0.27586206896551724;3.625
174;174.3;1;45;[1,2,2,2,2,2,2,2,2,2,2,2,2,2,2,2,2,2,2,2,2,2,2,2,2,2,2,2,2,2,2,2,2,2,2,2,2,2,2,2,2,2,2,2,87];3;false;true;2;1;87;[2,3,29];0.25862068965517243;3.8666666666666667
174;174.4;174;174;[1,1,1,1,1,1,1,1,1,1,1,1,1,1,1,1,1,1,1,1,1,1,1,1,1,1,1,1,1,1,1,1,1,1,1,1,1,1,1,1,1,1,1,1,1,1,1,1,1,1,1,1,1,1,1,1,1,1,1,1,1,1,1,1,1,1,1,1,1,1,1,1,1,1,1,1,1,1,1,1,1,1,1,1,1,1,1,1,1,1,1,1,1,1,1,1,1,1,1,1,1,1,1,1,1,1,1,1,1,1,1,1,1,1,1,1,1,1,1,1,1,1,1,1,1,1,1,1,1,1,1,1,1,1,1,1,1,1,1,1,1,1,1,1,1,1,1,1,1,1,1,1,1,1,1,1,1,1,1,1,1,1,1,1,1,1,1,1,1,1,1,1,1,1];1;true;true;1;1;174;[2,3,29];1.;1.
175;175.1;175;175;[1,1,1,1,1,1,1,1,1,1,1,1,1,1,1,1,1,1,1,1,1,1,1,1,1,1,1,1,1,1,1,1,1,1,1,1,1,1,1,1,1,1,1,1,1,1,1,1,1,1,1,1,1,1,1,1,1,1,1,1,1,1,1,1,1,1,1,1,1,1,1,1,1,1,1,1,1,1,1,1,1,1,1,1,1,1,1,1,1,1,1,1,1,1,1,1,1,1,1,1,1,1,1,1,1,1,1,1,1,1,1,1,1,1,1,1,1,1,1,1,1,1,1,1,1,1,1,1,1,1,1,1,1,1,1,1,1,1,1,1,1,1,1,1,1,1,1,1,1,1,1,1,1,1,1,1,1,1,1,1,1,1,1,1,1,1,1,1,1,1,1,1,1,1,1];1;true;true;1;1;175;[5,7];1.;1.
175;175.2;175;175;[1,1,1,1,1,1,1,1,1,1,1,1,1,1,1,1,1,1,1,1,1,1,1,1,1,1,1,1,1,1,1,1,1,1,1,1,1,1,1,1,1,1,1,1,1,1,1,1,1,1,1,1,1,1,1,1,1,1,1,1,1,1,1,1,1,1,1,1,1,1,1,1,1,1,1,1,1,1,1,1,1,1,1,1,1,1,1,1,1,1,1,1,1,1,1,1,1,1,1,1,1,1,1,1,1,1,1,1,1,1,1,1,1,1,1,1,1,1,1,1,1,1,1,1,1,1,1,1,1,1,1,1,1,1,1,1,1,1,1,1,1,1,1,1,1,1,1,1,1,1,1,1,1,1,1,1,1,1,1,1,1,1,1,1,1,1,1,1,1,1,1,1,1,1,1];1;true;true;1;1;175;[5,7];1.;1.
176;176.1;8;56;[1,1,1,1,1,1,1,1,2,2,2,2,2,2,2,2,2,2,2,2,2,2,2,2,2,2,2,2,2,2,2,2,2,2,2,2,2,2,2,2,2,2,2,2,2,2,2,2,11,11,11,11,11,11,11,11];3;false;true;2;1;88;[2,11];0.31818181818181818;3.1428571428571428
176;176.2;176;176;[1,1,1,1,1,1,1,1,1,1,1,1,1,1,1,1,1,1,1,1,1,1,1,1,1,1,1,1,1,1,1,1,1,1,1,1,1,1,1,1,1,1,1,1,1,1,1,1,1,1,1,1,1,1,1,1,1,1,1,1,1,1,1,1,1,1,1,1,1,1,1,1,1,1,1,1,1,1,1,1,1,1,1,1,1,1,1,1,1,1,1,1,1,1,1,1,1,1,1,1,1,1,1,1,1,1,1,1,1,1,1,1,1,1,1,1,1,1,1,1,1,1,1,1,1,1,1,1,1,1,1,1,1,1,1,1,1,1,1,1,1,1,1,1,1,1,1,1,1,1,1,1,1,1,1,1,1,1,1,1,1,1,1,1,1,1,1,1,1,1,1,1,1,1,1,1];1;true;true;1;1;176;[2,11];1.;1.
176;176.3;8;56;[1,1,1,1,1,1,1,1,2,2,2,2,2,2,2,2,2,2,2,2,2,2,2,2,2,2,2,2,2,2,2,2,2,2,2,2,2,2,2,2,2,2,2,2,2,2,2,2,11,11,11,11,11,11,11,11];3;false;true;2;1;88;[2,11];0.31818181818181818;3.1428571428571428
176;176.4;4;50;[1,1,1,1,2,2,2,2,2,2,2,2,2,2,2,2,2,2,2,2,2,2,2,2,2,2,2,2,2,2,2,2,2,2,2,2,2,2,2,2,2,2,2,2,2,2,22,22,22,22];3;false;true;2;1;88;[2,11];0.28409090909090912;3.52
176;176.5;2;47;[1,1,2,2,2,2,2,2,2,2,2,2,2,2,2,2,2,2,2,2,2,2,2,2,2,2,2,2,2,2,2,2,2,2,2,2,2,2,2,2,2,2,2,2,2,44,44];3;false;true;2;1;88;[2,11];0.26704545454545453;3.7446808510638299
176;176.6;2;47;[1,1,2,2,2,2,2,2,2,2,2,2,2,2,2,2,2,2,2,2,2,2,2,2,2,2,2,2,2,2,2,2,2,2,2,2,2,2,2,2,2,2,2,2,2,44,44];3;false;true;2;1;88;[2,11];0.26704545454545453;3.7446808510638299
176;176.7;2;47;[1,1,2,2,2,2,2,2,2,2,2,2,2,2,2,2,2,2,2,2,2,2,2,2,2,2,2,2,2,2,2,2,2,2,2,2,2,2,2,2,2,2,2,2,2,44,44];3;false;true;2;1;88;[2,11];0.26704545454545453;3.7446808510638299
176;176.8;8;56;[1,1,1,1,1,1,1,1,2,2,2,2,2,2,2,2,2,2,2,2,2,2,2,2,2,2,2,2,2,2,2,2,2,2,2,2,2,2,2,2,2,2,2,2,2,2,2,2,11,11,11,11,11,11,11,11];3;false;true;2;1;88;[2,11];0.31818181818181818;3.1428571428571428
176;176.9;4;50;[1,1,1,1,2,2,2,2,2,2,2,2,2,2,2,2,2,2,2,2,2,2,2,2,2,2,2,2,2,2,2,2,2,2,2,2,2,2,2,2,2,2,2,2,2,2,22,22,22,22];3;false;true;2;1;88;[2,11];0.28409090909090912;3.52
176;176.10;8;56;[1,1,1,1,1,1,1,1,2,2,2,2,2,2,2,2,2,2,2,2,2,2,2,2,2,2,2,2,2,2,2,2,2,2,2,2,2,2,2,2,2,2,2,2,2,2,2,2,11,11,11,11,11,11,11,11];3;false;true;2;1;88;[2,11];0.31818181818181818;3.1428571428571428
176;176.11;4;50;[1,1,1,1,2,2,2,2,2,2,2,2,2,2,2,2,2,2,2,2,2,2,2,2,2,2,2,2,2,2,2,2,2,2,2,2,2,2,2,2,2,2,2,2,2,2,22,22,22,22];3;false;true;2;1;88;[2,11];0.28409090909090912;3.52
176;176.12;4;50;[1,1,1,1,2,2,2,2,2,2,2,2,2,2,2,2,2,2,2,2,2,2,2,2,2,2,2,2,2,2,2,2,2,2,2,2,2,2,2,2,2,2,2,2,2,2,22,22,22,22];3;false;true;2;1;88;[2,11];0.28409090909090912;3.52
176;176.13;4;50;[1,1,1,1,2,2,2,2,2,2,2,2,2,2,2,2,2,2,2,2,2,2,2,2,2,2,2,2,2,2,2,2,2,2,2,2,2,2,2,2,2,2,2,2,2,2,22,22,22,22];3;false;true;2;1;88;[2,11];0.28409090909090912;3.52
176;176.14;2;32;[1,1,2,2,2,2,2,2,2,2,2,2,2,4,4,4,4,4,4,4,4,4,4,4,4,4,4,4,4,22,22,44];5;false;true;2;2;88;[2,11];0.18181818181818182;5.5
176;176.15;2;32;[1,1,2,2,2,2,2,2,2,2,2,2,2,4,4,4,4,4,4,4,4,4,4,4,4,4,4,4,4,22,22,44];5;false;true;2;2;88;[2,11];0.18181818181818182;5.5
176;176.16;2;32;[1,1,2,2,2,2,2,2,2,2,2,2,2,4,4,4,4,4,4,4,4,4,4,4,4,4,4,4,4,22,22,44];5;false;true;2;2;88;[2,11];0.18181818181818182;5.5
176;176.17;2;32;[1,1,2,2,2,2,2,2,2,2,2,2,2,4,4,4,4,4,4,4,4,4,4,4,4,4,4,4,4,22,22,44];5;false;true;2;2;88;[2,11];0.18181818181818182;5.5
176;176.18;4;50;[1,1,1,1,2,2,2,2,2,2,2,2,2,2,2,2,2,2,2,2,2,2,2,2,2,2,2,2,2,2,2,2,2,2,2,2,2,2,2,2,2,2,2,2,2,2,22,22,22,22];3;false;true;2;1;88;[2,11];0.28409090909090912;3.52
176;176.19;176;176;[1,1,1,1,1,1,1,1,1,1,1,1,1,1,1,1,1,1,1,1,1,1,1,1,1,1,1,1,1,1,1,1,1,1,1,1,1,1,1,1,1,1,1,1,1,1,1,1,1,1,1,1,1,1,1,1,1,1,1,1,1,1,1,1,1,1,1,1,1,1,1,1,1,1,1,1,1,1,1,1,1,1,1,1,1,1,1,1,1,1,1,1,1,1,1,1,1,1,1,1,1,1,1,1,1,1,1,1,1,1,1,1,1,1,1,1,1,1,1,1,1,1,1,1,1,1,1,1,1,1,1,1,1,1,1,1,1,1,1,1,1,1,1,1,1,1,1,1,1,1,1,1,1,1,1,1,1,1,1,1,1,1,1,1,1,1,1,1,1,1,1,1,1,1,1,1];1;true;true;1;1;176;[2,11];1.;1.
176;176.20;44;110;[1,1,1,1,1,1,1,1,1,1,1,1,1,1,1,1,1,1,1,1,1,1,1,1,1,1,1,1,1,1,1,1,1,1,1,1,1,1,1,1,1,1,1,1,2,2,2,2,2,2,2,2,2,2,2,2,2,2,2,2,2,2,2,2,2,2,2,2,2,2,2,2,2,2,2,2,2,2,2,2,2,2,2,2,2,2,2,2,2,2,2,2,2,2,2,2,2,2,2,2,2,2,2,2,2,2,2,2,2,2];2;true;true;2;2;176;[2,11];0.625;1.6000000000000001
176;176.21;44;110;[1,1,1,1,1,1,1,1,1,1,1,1,1,1,1,1,1,1,1,1,1,1,1,1,1,1,1,1,1,1,1,1,1,1,1,1,1,1,1,1,1,1,1,1,2,2,2,2,2,2,2,2,2,2,2,2,2,2,2,2,2,2,2,2,2,2,2,2,2,2,2,2,2,2,2,2,2,2,2,2,2,2,2,2,2,2,2,2,2,2,2,2,2,2,2,2,2,2,2,2,2,2,2,2,2,2,2,2,2,2];2;true;true;2;2;176;[2,11];0.625;1.6000000000000001
176;176.22;176;176;[1,1,1,1,1,1,1,1,1,1,1,1,1,1,1,1,1,1,1,1,1,1,1,1,1,1,1,1,1,1,1,1,1,1,1,1,1,1,1,1,1,1,1,1,1,1,1,1,1,1,1,1,1,1,1,1,1,1,1,1,1,1,1,1,1,1,1,1,1,1,1,1,1,1,1,1,1,1,1,1,1,1,1,1,1,1,1,1,1,1,1,1,1,1,1,1,1,1,1,1,1,1,1,1,1,1,1,1,1,1,1,1,1,1,1,1,1,1,1,1,1,1,1,1,1,1,1,1,1,1,1,1,1,1,1,1,1,1,1,1,1,1,1,1,1,1,1,1,1,1,1,1,1,1,1,1,1,1,1,1,1,1,1,1,1,1,1,1,1,1,1,1,1,1,1,1];1;true;true;1;1;176;[2,11];1.;1.
176;176.23;44;110;[1,1,1,1,1,1,1,1,1,1,1,1,1,1,1,1,1,1,1,1,1,1,1,1,1,1,1,1,1,1,1,1,1,1,1,1,1,1,1,1,1,1,1,1,2,2,2,2,2,2,2,2,2,2,2,2,2,2,2,2,2,2,2,2,2,2,2,2,2,2,2,2,2,2,2,2,2,2,2,2,2,2,2,2,2,2,2,2,2,2,2,2,2,2,2,2,2,2,2,2,2,2,2,2,2,2,2,2,2,2];2;true;true;2;2;176;[2,11];0.625;1.6000000000000001
176;176.24;22;77;[1,1,1,1,1,1,1,1,1,1,1,1,1,1,1,1,1,1,1,1,1,1,2,2,2,2,2,2,2,2,2,2,2,2,2,2,2,2,2,2,2,2,2,2,2,2,2,2,2,2,2,2,2,2,2,4,4,4,4,4,4,4,4,4,4,4,4,4,4,4,4,4,4,4,4,4,4];3;true;true;2;2;176;[2,11];0.4375;2.2857142857142856
176;176.25;22;77;[1,1,1,1,1,1,1,1,1,1,1,1,1,1,1,1,1,1,1,1,1,1,2,2,2,2,2,2,2,2,2,2,2,2,2,2,2,2,2,2,2,2,2,2,2,2,2,2,2,2,2,2,2,2,2,4,4,4,4,4,4,4,4,4,4,4,4,4,4,4,4,4,4,4,4,4,4];3;true;true;2;2;176;[2,11];0.4375;2.2857142857142856
176;176.26;22;77;[1,1,1,1,1,1,1,1,1,1,1,1,1,1,1,1,1,1,1,1,1,1,2,2,2,2,2,2,2,2,2,2,2,2,2,2,2,2,2,2,2,2,2,2,2,2,2,2,2,2,2,2,2,2,2,4,4,4,4,4,4,4,4,4,4,4,4,4,4,4,4,4,4,4,4,4,4];3;true;true;2;2;176;[2,11];0.4375;2.2857142857142856
176;176.27;4;50;[1,1,1,1,2,2,2,2,2,2,2,2,2,2,2,2,2,2,2,2,2,2,2,2,2,2,2,2,2,2,2,2,2,2,2,2,2,2,2,2,2,2,2,2,2,2,22,22,22,22];3;false;true;2;1;88;[2,11];0.28409090909090912;3.52
176;176.28;8;56;[1,1,1,1,1,1,1,1,2,2,2,2,2,2,2,2,2,2,2,2,2,2,2,2,2,2,2,2,2,2,2,2,2,2,2,2,2,2,2,2,2,2,2,2,2,2,2,2,11,11,11,11,11,11,11,11];3;false;true;2;1;88;[2,11];0.31818181818181818;3.1428571428571428
176;176.29;4;50;[1,1,1,1,2,2,2,2,2,2,2,2,2,2,2,2,2,2,2,2,2,2,2,2,2,2,2,2,2,2,2,2,2,2,2,2,2,2,2,2,2,2,2,2,2,2,22,22,22,22];3;false;true;2;1;88;[2,11];0.28409090909090912;3.52
176;176.30;4;50;[1,1,1,1,2,2,2,2,2,2,2,2,2,2,2,2,2,2,2,2,2,2,2,2,2,2,2,2,2,2,2,2,2,2,2,2,2,2,2,2,2,2,2,2,2,2,22,22,22,22];3;false;true;2;1;88;[2,11];0.28409090909090912;3.52
176;176.31;2;35;[1,1,2,2,2,2,2,2,2,2,2,2,2,2,2,4,4,4,4,4,4,4,4,4,4,4,4,4,4,4,11,11,22,22,22];5;false;true;2;2;88;[2,11];0.19886363636363635;5.0285714285714285
176;176.32;2;35;[1,1,2,2,2,2,2,2,2,2,2,2,2,2,2,4,4,4,4,4,4,4,4,4,4,4,4,4,4,4,11,11,22,22,22];5;false;true;2;2;88;[2,11];0.19886363636363635;5.0285714285714285
176;176.33;2;35;[1,1,2,2,2,2,2,2,2,2,2,2,2,2,2,4,4,4,4,4,4,4,4,4,4,4,4,4,4,4,11,11,22,22,22];5;false;true;2;2;88;[2,11];0.19886363636363635;5.0285714285714285
176;176.34;2;35;[1,1,2,2,2,2,2,2,2,2,2,2,2,2,2,4,4,4,4,4,4,4,4,4,4,4,4,4,4,4,11,11,22,22,22];5;false;true;2;2;88;[2,11];0.19886363636363635;5.0285714285714285
176;176.35;8;56;[1,1,1,1,1,1,1,1,2,2,2,2,2,2,2,2,2,2,2,2,2,2,2,2,2,2,2,2,2,2,2,2,2,2,2,2,2,2,2,2,2,2,2,2,2,2,2,2,11,11,11,11,11,11,11,11];3;false;true;2;1;88;[2,11];0.31818181818181818;3.1428571428571428
176;176.36;4;50;[1,1,1,1,2,2,2,2,2,2,2,2,2,2,2,2,2,2,2,2,2,2,2,2,2,2,2,2,2,2,2,2,2,2,2,2,2,2,2,2,2,2,2,2,2,2,22,22,22,22];3;false;true;2;1;88;[2,11];0.28409090909090912;3.52
176;176.37;176;176;[1,1,1,1,1,1,1,1,1,1,1,1,1,1,1,1,1,1,1,1,1,1,1,1,1,1,1,1,1,1,1,1,1,1,1,1,1,1,1,1,1,1,1,1,1,1,1,1,1,1,1,1,1,1,1,1,1,1,1,1,1,1,1,1,1,1,1,1,1,1,1,1,1,1,1,1,1,1,1,1,1,1,1,1,1,1,1,1,1,1,1,1,1,1,1,1,1,1,1,1,1,1,1,1,1,1,1,1,1,1,1,1,1,1,1,1,1,1,1,1,1,1,1,1,1,1,1,1,1,1,1,1,1,1,1,1,1,1,1,1,1,1,1,1,1,1,1,1,1,1,1,1,1,1,1,1,1,1,1,1,1,1,1,1,1,1,1,1,1,1,1,1,1,1,1,1];1;true;true;1;1;176;[2,11];1.;1.
176;176.38;44;110;[1,1,1,1,1,1,1,1,1,1,1,1,1,1,1,1,1,1,1,1,1,1,1,1,1,1,1,1,1,1,1,1,1,1,1,1,1,1,1,1,1,1,1,1,2,2,2,2,2,2,2,2,2,2,2,2,2,2,2,2,2,2,2,2,2,2,2,2,2,2,2,2,2,2,2,2,2,2,2,2,2,2,2,2,2,2,2,2,2,2,2,2,2,2,2,2,2,2,2,2,2,2,2,2,2,2,2,2,2,2];2;true;true;2;2;176;[2,11];0.625;1.6000000000000001
176;176.39;44;110;[1,1,1,1,1,1,1,1,1,1,1,1,1,1,1,1,1,1,1,1,1,1,1,1,1,1,1,1,1,1,1,1,1,1,1,1,1,1,1,1,1,1,1,1,2,2,2,2,2,2,2,2,2,2,2,2,2,2,2,2,2,2,2,2,2,2,2,2,2,2,2,2,2,2,2,2,2,2,2,2,2,2,2,2,2,2,2,2,2,2,2,2,2,2,2,2,2,2,2,2,2,2,2,2,2,2,2,2,2,2];2;true;true;2;2;176;[2,11];0.625;1.6000000000000001
176;176.40;44;110;[1,1,1,1,1,1,1,1,1,1,1,1,1,1,1,1,1,1,1,1,1,1,1,1,1,1,1,1,1,1,1,1,1,1,1,1,1,1,1,1,1,1,1,1,2,2,2,2,2,2,2,2,2,2,2,2,2,2,2,2,2,2,2,2,2,2,2,2,2,2,2,2,2,2,2,2,2,2,2,2,2,2,2,2,2,2,2,2,2,2,2,2,2,2,2,2,2,2,2,2,2,2,2,2,2,2,2,2,2,2];2;true;true;2;2;176;[2,11];0.625;1.6000000000000001
176;176.41;8;56;[1,1,1,1,1,1,1,1,2,2,2,2,2,2,2,2,2,2,2,2,2,2,2,2,2,2,2,2,2,2,2,2,2,2,2,2,2,2,2,2,2,2,2,2,2,2,2,2,11,11,11,11,11,11,11,11];3;false;true;2;1;88;[2,11];0.31818181818181818;3.1428571428571428
176;176.42;176;176;[1,1,1,1,1,1,1,1,1,1,1,1,1,1,1,1,1,1,1,1,1,1,1,1,1,1,1,1,1,1,1,1,1,1,1,1,1,1,1,1,1,1,1,1,1,1,1,1,1,1,1,1,1,1,1,1,1,1,1,1,1,1,1,1,1,1,1,1,1,1,1,1,1,1,1,1,1,1,1,1,1,1,1,1,1,1,1,1,1,1,1,1,1,1,1,1,1,1,1,1,1,1,1,1,1,1,1,1,1,1,1,1,1,1,1,1,1,1,1,1,1,1,1,1,1,1,1,1,1,1,1,1,1,1,1,1,1,1,1,1,1,1,1,1,1,1,1,1,1,1,1,1,1,1,1,1,1,1,1,1,1,1,1,1,1,1,1,1,1,1,1,1,1,1,1,1];1;true;true;1;1;176;[2,11];1.;1.
177;177.1;177;177;[1,1,1,1,1,1,1,1,1,1,1,1,1,1,1,1,1,1,1,1,1,1,1,1,1,1,1,1,1,1,1,1,1,1,1,1,1,1,1,1,1,1,1,1,1,1,1,1,1,1,1,1,1,1,1,1,1,1,1,1,1,1,1,1,1,1,1,1,1,1,1,1,1,1,1,1,1,1,1,1,1,1,1,1,1,1,1,1,1,1,1,1,1,1,1,1,1,1,1,1,1,1,1,1,1,1,1,1,1,1,1,1,1,1,1,1,1,1,1,1,1,1,1,1,1,1,1,1,1,1,1,1,1,1,1,1,1,1,1,1,1,1,1,1,1,1,1,1,1,1,1,1,1,1,1,1,1,1,1,1,1,1,1,1,1,1,1,1,1,1,1,1,1,1,1,1,1];1;true;true;1;1;177;[3,59];1.;1.
178;178.1;1;46;[1,2,2,2,2,2,2,2,2,2,2,2,2,2,2,2,2,2,2,2,2,2,2,2,2,2,2,2,2,2,2,2,2,2,2,2,2,2,2,2,2,2,2,2,2,89];3;false;true;2;1;89;[2,89];0.25842696629213485;3.8695652173913042
178;178.2;178;178;[1,1,1,1,1,1,1,1,1,1,1,1,1,1,1,1,1,1,1,1,1,1,1,1,1,1,1,1,1,1,1,1,1,1,1,1,1,1,1,1,1,1,1,1,1,1,1,1,1,1,1,1,1,1,1,1,1,1,1,1,1,1,1,1,1,1,1,1,1,1,1,1,1,1,1,1,1,1,1,1,1,1,1,1,1,1,1,1,1,1,1,1,1,1,1,1,1,1,1,1,1,1,1,1,1,1,1,1,1,1,1,1,1,1,1,1,1,1,1,1,1,1,1,1,1,1,1,1,1,1,1,1,1,1,1,1,1,1,1,1,1,1,1,1,1,1,1,1,1,1,1,1,1,1,1,1,1,1,1,1,1,1,1,1,1,1,1,1,1,1,1,1,1,1,1,1,1,1];1;true;true;1;1;178;[2,89];1.;1.
179;179.1;179;179;[1,1,1,1,1,1,1,1,1,1,1,1,1,1,1,1,1,1,1,1,1,1,1,1,1,1,1,1,1,1,1,1,1,1,1,1,1,1,1,1,1,1,1,1,1,1,1,1,1,1,1,1,1,1,1,1,1,1,1,1,1,1,1,1,1,1,1,1,1,1,1,1,1,1,1,1,1,1,1,1,1,1,1,1,1,1,1,1,1,1,1,1,1,1,1,1,1,1,1,1,1,1,1,1,1,1,1,1,1,1,1,1,1,1,1,1,1,1,1,1,1,1,1,1,1,1,1,1,1,1,1,1,1,1,1,1,1,1,1,1,1,1,1,1,1,1,1,1,1,1,1,1,1,1,1,1,1,1,1,1,1,1,1,1,1,1,1,1,1,1,1,1,1,1,1,1,1,1,1];1;true;true;1;1;179;[179];1.;1.
180;180.1;10;60;[1,1,1,1,1,1,1,1,1,1,2,2,2,2,2,2,2,2,2,2,2,2,2,2,2,2,2,2,2,2,2,2,2,2,2,2,2,2,2,2,2,2,2,2,2,2,2,2,2,2,9,9,9,9,9,9,9,9,9,9];3;false;true;2;1;90;[2,3,5];0.33333333333333331;3.
180;180.2;18;72;[1,1,1,1,1,1,1,1,1,1,1,1,1,1,1,1,1,1,2,2,2,2,2,2,2,2,2,2,2,2,2,2,2,2,2,2,2,2,2,2,2,2,2,2,2,2,2,2,2,2,2,2,2,2,5,5,5,5,5,5,5,5,5,5,5,5,5,5,5,5,5,5];3;false;true;2;1;90;[2,3,5];0.40000000000000002;2.5
180;180.3;2;48;[1,1,2,2,2,2,2,2,2,2,2,2,2,2,2,2,2,2,2,2,2,2,2,2,2,2,2,2,2,2,2,2,2,2,2,2,2,2,2,2,2,2,2,2,2,2,45,45];3;false;true;2;1;90;[2,3,5];0.26666666666666666;3.75
180;180.4;180;180;[1,1,1,1,1,1,1,1,1,1,1,1,1,1,1,1,1,1,1,1,1,1,1,1,1,1,1,1,1,1,1,1,1,1,1,1,1,1,1,1,1,1,1,1,1,1,1,1,1,1,1,1,1,1,1,1,1,1,1,1,1,1,1,1,1,1,1,1,1,1,1,1,1,1,1,1,1,1,1,1,1,1,1,1,1,1,1,1,1,1,1,1,1,1,1,1,1,1,1,1,1,1,1,1,1,1,1,1,1,1,1,1,1,1,1,1,1,1,1,1,1,1,1,1,1,1,1,1,1,1,1,1,1,1,1,1,1,1,1,1,1,1,1,1,1,1,1,1,1,1,1,1,1,1,1,1,1,1,1,1,1,1,1,1,1,1,1,1,1,1,1,1,1,1,1,1,1,1,1,1];1;true;true;1;1;180;[2,3,5];1.;1.
180;180.5;9;45;[1,1,1,1,1,1,1,1,1,4,4,4,4,4,4,4,4,4,5,5,5,5,5,5,5,5,5,5,5,5,5,5,5,5,5,5,5,5,5,5,5,5,5,5,5];3;false;true;2;1;45;[2,3,5];0.25;4.
180;180.6;1;21;[1,2,2,2,2,4,4,4,4,4,4,4,4,4,5,10,10,10,10,45,45];6;false;true;2;1;45;[2,3,5];0.11666666666666667;8.5714285714285712
180;180.7;1;24;[1,2,2,2,2,2,2,4,4,4,4,4,4,4,4,5,9,10,10,10,10,18,18,45];8;false;true;2;1;45;[2,3,5];0.13333333333333333;7.5
180;180.8;15;60;[1,1,1,1,1,1,1,1,1,1,1,1,1,1,1,3,3,3,3,3,3,3,3,3,3,3,3,3,3,3,4,4,4,4,4,4,4,4,4,4,4,4,4,4,4,4,4,4,4,4,4,4,4,4,4,4,4,4,4,4];3;false;true;2;1;60;[2,3,5];0.33333333333333331;3.
180;180.9;18;72;[1,1,1,1,1,1,1,1,1,1,1,1,1,1,1,1,1,1,2,2,2,2,2,2,2,2,2,2,2,2,2,2,2,2,2,2,2,2,2,2,2,2,2,2,2,2,2,2,2,2,2,2,2,2,5,5,5,5,5,5,5,5,5,5,5,5,5,5,5,5,5,5];3;false;true;2;1;90;[2,3,5];0.40000000000000002;2.5
180;180.10;10;60;[1,1,1,1,1,1,1,1,1,1,2,2,2,2,2,2,2,2,2,2,2,2,2,2,2,2,2,2,2,2,2,2,2,2,2,2,2,2,2,2,2,2,2,2,2,2,2,2,2,2,9,9,9,9,9,9,9,9,9,9];3;false;true;2;1;90;[2,3,5];0.33333333333333331;3.
180;180.11;2;48;[1,1,2,2,2,2,2,2,2,2,2,2,2,2,2,2,2,2,2,2,2,2,2,2,2,2,2,2,2,2,2,2,2,2,2,2,2,2,2,2,2,2,2,2,2,2,45,45];3;false;true;2;1;90;[2,3,5];0.26666666666666666;3.75
180;180.12;180;180;[1,1,1,1,1,1,1,1,1,1,1,1,1,1,1,1,1,1,1,1,1,1,1,1,1,1,1,1,1,1,1,1,1,1,1,1,1,1,1,1,1,1,1,1,1,1,1,1,1,1,1,1,1,1,1,1,1,1,1,1,1,1,1,1,1,1,1,1,1,1,1,1,1,1,1,1,1,1,1,1,1,1,1,1,1,1,1,1,1,1,1,1,1,1,1,1,1,1,1,1,1,1,1,1,1,1,1,1,1,1,1,1,1,1,1,1,1,1,1,1,1,1,1,1,1,1,1,1,1,1,1,1,1,1,1,1,1,1,1,1,1,1,1,1,1,1,1,1,1,1,1,1,1,1,1,1,1,1,1,1,1,1,1,1,1,1,1,1,1,1,1,1,1,1,1,1,1,1,1,1];1;true;true;1;1;180;[2,3,5];1.;1.
180;180.13;18;72;[1,1,1,1,1,1,1,1,1,1,1,1,1,1,1,1,1,1,2,2,2,2,2,2,2,2,2,2,2,2,2,2,2,2,2,2,2,2,2,2,2,2,2,2,2,2,2,2,2,2,2,2,2,2,5,5,5,5,5,5,5,5,5,5,5,5,5,5,5,5,5,5];3;false;true;2;1;90;[2,3,5];0.40000000000000002;2.5
180;180.14;30;90;[1,1,1,1,1,1,1,1,1,1,1,1,1,1,1,1,1,1,1,1,1,1,1,1,1,1,1,1,1,1,2,2,2,2,2,2,2,2,2,2,2,2,2,2,2,2,2,2,2,2,2,2,2,2,2,2,2,2,2,2,3,3,3,3,3,3,3,3,3,3,3,3,3,3,3,3,3,3,3,3,3,3,3,3,3,3,3,3,3,3];3;false;true;2;1;90;[2,3,5];0.5;2.
180;180.15;6;54;[1,1,1,1,1,1,2,2,2,2,2,2,2,2,2,2,2,2,2,2,2,2,2,2,2,2,2,2,2,2,2,2,2,2,2,2,2,2,2,2,2,2,2,2,2,2,2,2,15,15,15,15,15,15];3;false;true;2;1;90;[2,3,5];0.29999999999999999;3.3333333333333335
180;180.16;10;60;[1,1,1,1,1,1,1,1,1,1,2,2,2,2,2,2,2,2,2,2,2,2,2,2,2,2,2,2,2,2,2,2,2,2,2,2,2,2,2,2,2,2,2,2,2,2,2,2,2,2,9,9,9,9,9,9,9,9,9,9];3;false;true;2;1;90;[2,3,5];0.33333333333333331;3.
180;180.17;2;48;[1,1,2,2,2,2,2,2,2,2,2,2,2,2,2,2,2,2,2,2,2,2,2,2,2,2,2,2,2,2,2,2,2,2,2,2,2,2,2,2,2,2,2,2,2,2,45,45];3;false;true;2;1;90;[2,3,5];0.26666666666666666;3.75
180;180.18;180;180;[1,1,1,1,1,1,1,1,1,1,1,1,1,1,1,1,1,1,1,1,1,1,1,1,1,1,1,1,1,1,1,1,1,1,1,1,1,1,1,1,1,1,1,1,1,1,1,1,1,1,1,1,1,1,1,1,1,1,1,1,1,1,1,1,1,1,1,1,1,1,1,1,1,1,1,1,1,1,1,1,1,1,1,1,1,1,1,1,1,1,1,1,1,1,1,1,1,1,1,1,1,1,1,1,1,1,1,1,1,1,1,1,1,1,1,1,1,1,1,1,1,1,1,1,1,1,1,1,1,1,1,1,1,1,1,1,1,1,1,1,1,1,1,1,1,1,1,1,1,1,1,1,1,1,1,1,1,1,1,1,1,1,1,1,1,1,1,1,1,1,1,1,1,1,1,1,1,1,1,1];1;true;true;1;1;180;[2,3,5];1.;1.
180;180.19;3;15;[1,1,1,12,12,12,12,12,12,15,15,15,20,20,20];4;false;false;1;1;3;[2,3,5];0.083333333333333329;12.
180;180.20;9;45;[1,1,1,1,1,1,1,1,1,4,4,4,4,4,4,4,4,4,5,5,5,5,5,5,5,5,5,5,5,5,5,5,5,5,5,5,5,5,5,5,5,5,5,5,5];3;false;true;2;1;45;[2,3,5];0.25;4.
180;180.21;3;27;[1,1,1,2,2,2,4,4,4,4,4,4,4,4,4,5,5,5,10,10,10,15,15,15,15,15,15];6;false;true;2;1;45;[2,3,5];0.14999999999999999;6.666666666666667
180;180.22;1;21;[1,2,2,2,2,4,4,4,4,4,4,4,4,4,5,10,10,10,10,45,45];6;false;true;2;1;45;[2,3,5];0.11666666666666667;8.5714285714285712
180;180.23;5;30;[1,1,1,1,1,4,4,4,4,4,4,4,4,4,4,9,9,9,9,9,9,9,9,9,9,9,9,9,9,9];3;false;true;2;1;45;[2,3,5];0.16666666666666666;6.
180;180.24;1;18;[1,2,2,4,4,4,4,4,4,4,4,4,4,9,18,18,45,45];6;false;true;2;1;45;[2,3,5];0.10000000000000001;10.
180;180.25;1;15;[1,4,4,4,4,4,4,4,4,4,4,4,45,45,45];3;false;true;2;1;45;[2,3,5];0.083333333333333329;12.
180;180.26;3;36;[1,1,1,2,2,2,2,2,2,2,2,2,3,3,3,4,4,4,4,4,4,5,5,5,6,6,6,6,6,6,10,10,10,15,15,15];8;false;true;2;1;45;[2,3,5];0.20000000000000001;5.
180;180.27;1;24;[1,2,2,2,2,2,2,4,4,4,4,4,4,4,4,5,9,10,10,10,10,18,18,45];8;false;true;2;1;45;[2,3,5];0.13333333333333333;7.5
180;180.28;5;45;[1,1,1,1,1,2,2,2,2,2,2,2,2,2,2,3,3,3,3,3,3,3,3,3,3,4,4,4,4,4,6,6,6,6,6,6,6,6,6,6,9,9,9,9,9];6;false;true;2;1;45;[2,3,5];0.25;4.
180;180.29;1;27;[1,2,2,2,2,2,2,2,2,3,4,4,4,4,4,4,4,6,6,6,6,6,6,6,15,30,45];8;false;true;2;1;45;[2,3,5];0.14999999999999999;6.666666666666667
180;180.30;1;21;[1,2,2,2,2,4,4,4,4,4,4,4,4,4,9,15,15,18,18,30,30];7;false;true;2;1;45;[2,3,5];0.11666666666666667;8.5714285714285712
180;180.31;15;60;[1,1,1,1,1,1,1,1,1,1,1,1,1,1,1,3,3,3,3,3,3,3,3,3,3,3,3,3,3,3,4,4,4,4,4,4,4,4,4,4,4,4,4,4,4,4,4,4,4,4,4,4,4,4,4,4,4,4,4,4];3;false;true;2;1;60;[2,3,5];0.33333333333333331;3.
180;180.32;18;72;[1,1,1,1,1,1,1,1,1,1,1,1,1,1,1,1,1,1,2,2,2,2,2,2,2,2,2,2,2,2,2,2,2,2,2,2,2,2,2,2,2,2,2,2,2,2,2,2,2,2,2,2,2,2,5,5,5,5,5,5,5,5,5,5,5,5,5,5,5,5,5,5];3;false;true;2;1;90;[2,3,5];0.40000000000000002;2.5
180;180.33;30;90;[1,1,1,1,1,1,1,1,1,1,1,1,1,1,1,1,1,1,1,1,1,1,1,1,1,1,1,1,1,1,2,2,2,2,2,2,2,2,2,2,2,2,2,2,2,2,2,2,2,2,2,2,2,2,2,2,2,2,2,2,3,3,3,3,3,3,3,3,3,3,3,3,3,3,3,3,3,3,3,3,3,3,3,3,3,3,3,3,3,3];3;false;true;2;1;90;[2,3,5];0.5;2.
180;180.34;6;54;[1,1,1,1,1,1,2,2,2,2,2,2,2,2,2,2,2,2,2,2,2,2,2,2,2,2,2,2,2,2,2,2,2,2,2,2,2,2,2,2,2,2,2,2,2,2,2,2,15,15,15,15,15,15];3;false;true;2;1;90;[2,3,5];0.29999999999999999;3.3333333333333335
180;180.35;10;60;[1,1,1,1,1,1,1,1,1,1,2,2,2,2,2,2,2,2,2,2,2,2,2,2,2,2,2,2,2,2,2,2,2,2,2,2,2,2,2,2,2,2,2,2,2,2,2,2,2,2,9,9,9,9,9,9,9,9,9,9];3;false;true;2;1;90;[2,3,5];0.33333333333333331;3.
180;180.36;2;48;[1,1,2,2,2,2,2,2,2,2,2,2,2,2,2,2,2,2,2,2,2,2,2,2,2,2,2,2,2,2,2,2,2,2,2,2,2,2,2,2,2,2,2,2,2,2,45,45];3;false;true;2;1;90;[2,3,5];0.26666666666666666;3.75
180;180.37;180;180;[1,1,1,1,1,1,1,1,1,1,1,1,1,1,1,1,1,1,1,1,1,1,1,1,1,1,1,1,1,1,1,1,1,1,1,1,1,1,1,1,1,1,1,1,1,1,1,1,1,1,1,1,1,1,1,1,1,1,1,1,1,1,1,1,1,1,1,1,1,1,1,1,1,1,1,1,1,1,1,1,1,1,1,1,1,1,1,1,1,1,1,1,1,1,1,1,1,1,1,1,1,1,1,1,1,1,1,1,1,1,1,1,1,1,1,1,1,1,1,1,1,1,1,1,1,1,1,1,1,1,1,1,1,1,1,1,1,1,1,1,1,1,1,1,1,1,1,1,1,1,1,1,1,1,1,1,1,1,1,1,1,1,1,1,1,1,1,1,1,1,1,1,1,1,1,1,1,1,1,1];1;true;true;1;1;180;[2,3,5];1.;1.
181;181.1;181;181;[1,1,1,1,1,1,1,1,1,1,1,1,1,1,1,1,1,1,1,1,1,1,1,1,1,1,1,1,1,1,1,1,1,1,1,1,1,1,1,1,1,1,1,1,1,1,1,1,1,1,1,1,1,1,1,1,1,1,1,1,1,1,1,1,1,1,1,1,1,1,1,1,1,1,1,1,1,1,1,1,1,1,1,1,1,1,1,1,1,1,1,1,1,1,1,1,1,1,1,1,1,1,1,1,1,1,1,1,1,1,1,1,1,1,1,1,1,1,1,1,1,1,1,1,1,1,1,1,1,1,1,1,1,1,1,1,1,1,1,1,1,1,1,1,1,1,1,1,1,1,1,1,1,1,1,1,1,1,1,1,1,1,1,1,1,1,1,1,1,1,1,1,1,1,1,1,1,1,1,1,1];1;true;true;1;1;181;[181];1.;1.
182;182.1;13;65;[1,1,1,1,1,1,1,1,1,1,1,1,1,2,2,2,2,2,2,2,2,2,2,2,2,2,2,2,2,2,2,2,2,2,2,2,2,2,2,2,2,2,2,2,2,2,2,2,2,2,2,2,7,7,7,7,7,7,7,7,7,7,7,7,7];3;false;true;2;1;91;[2,7,13];0.35714285714285715;2.7999999999999998
182;182.2;7;56;[1,1,1,1,1,1,1,2,2,2,2,2,2,2,2,2,2,2,2,2,2,2,2,2,2,2,2,2,2,2,2,2,2,2,2,2,2,2,2,2,2,2,2,2,2,2,2,2,2,13,13,13,13,13,13,13];3;false;true;2;1;91;[2,7,13];0.30769230769230771;3.25
182;182.3;1;47;[1,2,2,2,2,2,2,2,2,2,2,2,2,2,2,2,2,2,2,2,2,2,2,2,2,2,2,2,2,2,2,2,2,2,2,2,2,2,2,2,2,2,2,2,2,2,91];3;false;true;2;1;91;[2,7,13];0.25824175824175827;3.8723404255319149
182;182.4;182;182;[1,1,1,1,1,1,1,1,1,1,1,1,1,1,1,1,1,1,1,1,1,1,1,1,1,1,1,1,1,1,1,1,1,1,1,1,1,1,1,1,1,1,1,1,1,1,1,1,1,1,1,1,1,1,1,1,1,1,1,1,1,1,1,1,1,1,1,1,1,1,1,1,1,1,1,1,1,1,1,1,1,1,1,1,1,1,1,1,1,1,1,1,1,1,1,1,1,1,1,1,1,1,1,1,1,1,1,1,1,1,1,1,1,1,1,1,1,1,1,1,1,1,1,1,1,1,1,1,1,1,1,1,1,1,1,1,1,1,1,1,1,1,1,1,1,1,1,1,1,1,1,1,1,1,1,1,1,1,1,1,1,1,1,1,1,1,1,1,1,1,1,1,1,1,1,1,1,1,1,1,1,1];1;true;true;1;1;182;[2,7,13];1.;1.
183;183.1;1;23;[1,3,3,3,3,3,3,3,3,3,3,3,3,3,3,3,3,3,3,3,3,61,61];3;false;true;2;1;61;[3,61];0.12568306010928962;7.9565217391304346
183;183.2;183;183;[1,1,1,1,1,1,1,1,1,1,1,1,1,1,1,1,1,1,1,1,1,1,1,1,1,1,1,1,1,1,1,1,1,1,1,1,1,1,1,1,1,1,1,1,1,1,1,1,1,1,1,1,1,1,1,1,1,1,1,1,1,1,1,1,1,1,1,1,1,1,1,1,1,1,1,1,1,1,1,1,1,1,1,1,1,1,1,1,1,1,1,1,1,1,1,1,1,1,1,1,1,1,1,1,1,1,1,1,1,1,1,1,1,1,1,1,1,1,1,1,1,1,1,1,1,1,1,1,1,1,1,1,1,1,1,1,1,1,1,1,1,1,1,1,1,1,1,1,1,1,1,1,1,1,1,1,1,1,1,1,1,1,1,1,1,1,1,1,1,1,1,1,1,1,1,1,1,1,1,1,1,1,1];1;true;true;1;1;183;[3,61];1.;1.
184;184.1;4;52;[1,1,1,1,2,2,2,2,2,2,2,2,2,2,2,2,2,2,2,2,2,2,2,2,2,2,2,2,2,2,2,2,2,2,2,2,2,2,2,2,2,2,2,2,2,2,2,2,23,23,23,23];3;false;true;2;1;92;[2,23];0.28260869565217389;3.5384615384615383
184;184.2;184;184;[1,1,1,1,1,1,1,1,1,1,1,1,1,1,1,1,1,1,1,1,1,1,1,1,1,1,1,1,1,1,1,1,1,1,1,1,1,1,1,1,1,1,1,1,1,1,1,1,1,1,1,1,1,1,1,1,1,1,1,1,1,1,1,1,1,1,1,1,1,1,1,1,1,1,1,1,1,1,1,1,1,1,1,1,1,1,1,1,1,1,1,1,1,1,1,1,1,1,1,1,1,1,1,1,1,1,1,1,1,1,1,1,1,1,1,1,1,1,1,1,1,1,1,1,1,1,1,1,1,1,1,1,1,1,1,1,1,1,1,1,1,1,1,1,1,1,1,1,1,1,1,1,1,1,1,1,1,1,1,1,1,1,1,1,1,1,1,1,1,1,1,1,1,1,1,1,1,1,1,1,1,1,1,1];1;true;true;1;1;184;[2,23];1.;1.
184;184.3;2;49;[1,1,2,2,2,2,2,2,2,2,2,2,2,2,2,2,2,2,2,2,2,2,2,2,2,2,2,2,2,2,2,2,2,2,2,2,2,2,2,2,2,2,2,2,2,2,2,46,46];3;false;true;2;1;92;[2,23];0.26630434782608697;3.7551020408163263
184;184.4;4;52;[1,1,1,1,2,2,2,2,2,2,2,2,2,2,2,2,2,2,2,2,2,2,2,2,2,2,2,2,2,2,2,2,2,2,2,2,2,2,2,2,2,2,2,2,2,2,2,2,23,23,23,23];3;false;true;2;1;92;[2,23];0.28260869565217389;3.5384615384615383
184;184.5;2;49;[1,1,2,2,2,2,2,2,2,2,2,2,2,2,2,2,2,2,2,2,2,2,2,2,2,2,2,2,2,2,2,2,2,2,2,2,2,2,2,2,2,2,2,2,2,2,2,46,46];3;false;true;2;1;92;[2,23];0.26630434782608697;3.7551020408163263
184;184.6;4;52;[1,1,1,1,2,2,2,2,2,2,2,2,2,2,2,2,2,2,2,2,2,2,2,2,2,2,2,2,2,2,2,2,2,2,2,2,2,2,2,2,2,2,2,2,2,2,2,2,23,23,23,23];3;false;true;2;1;92;[2,23];0.28260869565217389;3.5384615384615383
184;184.7;2;49;[1,1,2,2,2,2,2,2,2,2,2,2,2,2,2,2,2,2,2,2,2,2,2,2,2,2,2,2,2,2,2,2,2,2,2,2,2,2,2,2,2,2,2,2,2,2,2,46,46];3;false;true;2;1;92;[2,23];0.26630434782608697;3.7551020408163263
184;184.8;184;184;[1,1,1,1,1,1,1,1,1,1,1,1,1,1,1,1,1,1,1,1,1,1,1,1,1,1,1,1,1,1,1,1,1,1,1,1,1,1,1,1,1,1,1,1,1,1,1,1,1,1,1,1,1,1,1,1,1,1,1,1,1,1,1,1,1,1,1,1,1,1,1,1,1,1,1,1,1,1,1,1,1,1,1,1,1,1,1,1,1,1,1,1,1,1,1,1,1,1,1,1,1,1,1,1,1,1,1,1,1,1,1,1,1,1,1,1,1,1,1,1,1,1,1,1,1,1,1,1,1,1,1,1,1,1,1,1,1,1,1,1,1,1,1,1,1,1,1,1,1,1,1,1,1,1,1,1,1,1,1,1,1,1,1,1,1,1,1,1,1,1,1,1,1,1,1,1,1,1,1,1,1,1,1,1];1;true;true;1;1;184;[2,23];1.;1.
184;184.9;46;115;[1,1,1,1,1,1,1,1,1,1,1,1,1,1,1,1,1,1,1,1,1,1,1,1,1,1,1,1,1,1,1,1,1,1,1,1,1,1,1,1,1,1,1,1,1,1,2,2,2,2,2,2,2,2,2,2,2,2,2,2,2,2,2,2,2,2,2,2,2,2,2,2,2,2,2,2,2,2,2,2,2,2,2,2,2,2,2,2,2,2,2,2,2,2,2,2,2,2,2,2,2,2,2,2,2,2,2,2,2,2,2,2,2,2,2];2;true;true;2;2;184;[2,23];0.625;1.6000000000000001
184;184.10;46;115;[1,1,1,1,1,1,1,1,1,1,1,1,1,1,1,1,1,1,1,1,1,1,1,1,1,1,1,1,1,1,1,1,1,1,1,1,1,1,1,1,1,1,1,1,1,1,2,2,2,2,2,2,2,2,2,2,2,2,2,2,2,2,2,2,2,2,2,2,2,2,2,2,2,2,2,2,2,2,2,2,2,2,2,2,2,2,2,2,2,2,2,2,2,2,2,2,2,2,2,2,2,2,2,2,2,2,2,2,2,2,2,2,2,2,2];2;true;true;2;2;184;[2,23];0.625;1.6000000000000001
184;184.11;4;52;[1,1,1,1,2,2,2,2,2,2,2,2,2,2,2,2,2,2,2,2,2,2,2,2,2,2,2,2,2,2,2,2,2,2,2,2,2,2,2,2,2,2,2,2,2,2,2,2,23,23,23,23];3;false;true;2;1;92;[2,23];0.28260869565217389;3.5384615384615383
184;184.12;184;184;[1,1,1,1,1,1,1,1,1,1,1,1,1,1,1,1,1,1,1,1,1,1,1,1,1,1,1,1,1,1,1,1,1,1,1,1,1,1,1,1,1,1,1,1,1,1,1,1,1,1,1,1,1,1,1,1,1,1,1,1,1,1,1,1,1,1,1,1,1,1,1,1,1,1,1,1,1,1,1,1,1,1,1,1,1,1,1,1,1,1,1,1,1,1,1,1,1,1,1,1,1,1,1,1,1,1,1,1,1,1,1,1,1,1,1,1,1,1,1,1,1,1,1,1,1,1,1,1,1,1,1,1,1,1,1,1,1,1,1,1,1,1,1,1,1,1,1,1,1,1,1,1,1,1,1,1,1,1,1,1,1,1,1,1,1,1,1,1,1,1,1,1,1,1,1,1,1,1,1,1,1,1,1,1];1;true;true;1;1;184;[2,23];1.;1.
185;185.1;185;185;[1,1,1,1,1,1,1,1,1,1,1,1,1,1,1,1,1,1,1,1,1,1,1,1,1,1,1,1,1,1,1,1,1,1,1,1,1,1,1,1,1,1,1,1,1,1,1,1,1,1,1,1,1,1,1,1,1,1,1,1,1,1,1,1,1,1,1,1,1,1,1,1,1,1,1,1,1,1,1,1,1,1,1,1,1,1,1,1,1,1,1,1,1,1,1,1,1,1,1,1,1,1,1,1,1,1,1,1,1,1,1,1,1,1,1,1,1,1,1,1,1,1,1,1,1,1,1,1,1,1,1,1,1,1,1,1,1,1,1,1,1,1,1,1,1,1,1,1,1,1,1,1,1,1,1,1,1,1,1,1,1,1,1,1,1,1,1,1,1,1,1,1,1,1,1,1,1,1,1,1,1,1,1,1,1];1;true;true;1;1;185;[5,37];1.;1.
186;186.1;1;11;[1,6,6,6,6,6,31,31,31,31,31];3;false;true;2;1;31;[2,3,31];0.059139784946236562;16.90909090909091
186;186.2;2;26;[1,1,3,3,3,3,3,3,3,3,3,3,3,3,3,3,3,3,3,3,3,3,31,31,31,31];3;false;true;2;1;62;[2,3,31];0.13978494623655913;7.1538461538461542
186;186.3;31;93;[1,1,1,1,1,1,1,1,1,1,1,1,1,1,1,1,1,1,1,1,1,1,1,1,1,1,1,1,1,1,1,2,2,2,2,2,2,2,2,2,2,2,2,2,2,2,2,2,2,2,2,2,2,2,2,2,2,2,2,2,2,2,3,3,3,3,3,3,3,3,3,3,3,3,3,3,3,3,3,3,3,3,3,3,3,3,3,3,3,3,3,3,3];3;false;true;2;1;93;[2,3,31];0.5;2.
186;186.4;3;51;[1,1,1,2,2,2,2,2,2,2,2,2,2,2,2,2,2,2,2,2,2,2,2,2,2,2,2,2,2,2,2,2,2,2,2,2,2,2,2,2,2,2,2,2,2,2,2,2,31,31,31];3;false;true;2;1;93;[2,3,31];0.27419354838709675;3.6470588235294117
186;186.5;1;48;[1,2,2,2,2,2,2,2,2,2,2,2,2,2,2,2,2,2,2,2,2,2,2,2,2,2,2,2,2,2,2,2,2,2,2,2,2,2,2,2,2,2,2,2,2,2,2,93];3;false;true;2;1;93;[2,3,31];0.25806451612903225;3.875
186;186.6;186;186;[1,1,1,1,1,1,1,1,1,1,1,1,1,1,1,1,1,1,1,1,1,1,1,1,1,1,1,1,1,1,1,1,1,1,1,1,1,1,1,1,1,1,1,1,1,1,1,1,1,1,1,1,1,1,1,1,1,1,1,1,1,1,1,1,1,1,1,1,1,1,1,1,1,1,1,1,1,1,1,1,1,1,1,1,1,1,1,1,1,1,1,1,1,1,1,1,1,1,1,1,1,1,1,1,1,1,1,1,1,1,1,1,1,1,1,1,1,1,1,1,1,1,1,1,1,1,1,1,1,1,1,1,1,1,1,1,1,1,1,1,1,1,1,1,1,1,1,1,1,1,1,1,1,1,1,1,1,1,1,1,1,1,1,1,1,1,1,1,1,1,1,1,1,1,1,1,1,1,1,1,1,1,1,1,1,1];1;true;true;1;1;186;[2,3,31];1.;1.
187;187.1;187;187;[1,1,1,1,1,1,1,1,1,1,1,1,1,1,1,1,1,1,1,1,1,1,1,1,1,1,1,1,1,1,1,1,1,1,1,1,1,1,1,1,1,1,1,1,1,1,1,1,1,1,1,1,1,1,1,1,1,1,1,1,1,1,1,1,1,1,1,1,1,1,1,1,1,1,1,1,1,1,1,1,1,1,1,1,1,1,1,1,1,1,1,1,1,1,1,1,1,1,1,1,1,1,1,1,1,1,1,1,1,1,1,1,1,1,1,1,1,1,1,1,1,1,1,1,1,1,1,1,1,1,1,1,1,1,1,1,1,1,1,1,1,1,1,1,1,1,1,1,1,1,1,1,1,1,1,1,1,1,1,1,1,1,1,1,1,1,1,1,1,1,1,1,1,1,1,1,1,1,1,1,1,1,1,1,1,1,1];1;true;true;1;1;187;[11,17];1.;1.
188;188.1;2;50;[1,1,2,2,2,2,2,2,2,2,2,2,2,2,2,2,2,2,2,2,2,2,2,2,2,2,2,2,2,2,2,2,2,2,2,2,2,2,2,2,2,2,2,2,2,2,2,2,47,47];3;false;true;2;1;94;[2,47];0.26595744680851063;3.7599999999999998
188;188.2;188;188;[1,1,1,1,1,1,1,1,1,1,1,1,1,1,1,1,1,1,1,1,1,1,1,1,1,1,1,1,1,1,1,1,1,1,1,1,1,1,1,1,1,1,1,1,1,1,1,1,1,1,1,1,1,1,1,1,1,1,1,1,1,1,1,1,1,1,1,1,1,1,1,1,1,1,1,1,1,1,1,1,1,1,1,1,1,1,1,1,1,1,1,1,1,1,1,1,1,1,1,1,1,1,1,1,1,1,1,1,1,1,1,1,1,1,1,1,1,1,1,1,1,1,1,1,1,1,1,1,1,1,1,1,1,1,1,1,1,1,1,1,1,1,1,1,1,1,1,1,1,1,1,1,1,1,1,1,1,1,1,1,1,1,1,1,1,1,1,1,1,1,1,1,1,1,1,1,1,1,1,1,1,1,1,1,1,1,1,1];1;true;true;1;1;188;[2,47];1.;1.
188;188.3;2;50;[1,1,2,2,2,2,2,2,2,2,2,2,2,2,2,2,2,2,2,2,2,2,2,2,2,2,2,2,2,2,2,2,2,2,2,2,2,2,2,2,2,2,2,2,2,2,2,2,47,47];3;false;true;2;1;94;[2,47];0.26595744680851063;3.7599999999999998
188;188.4;188;188;[1,1,1,1,1,1,1,1,1,1,1,1,1,1,1,1,1,1,1,1,1,1,1,1,1,1,1,1,1,1,1,1,1,1,1,1,1,1,1,1,1,1,1,1,1,1,1,1,1,1,1,1,1,1,1,1,1,1,1,1,1,1,1,1,1,1,1,1,1,1,1,1,1,1,1,1,1,1,1,1,1,1,1,1,1,1,1,1,1,1,1,1,1,1,1,1,1,1,1,1,1,1,1,1,1,1,1,1,1,1,1,1,1,1,1,1,1,1,1,1,1,1,1,1,1,1,1,1,1,1,1,1,1,1,1,1,1,1,1,1,1,1,1,1,1,1,1,1,1,1,1,1,1,1,1,1,1,1,1,1,1,1,1,1,1,1,1,1,1,1,1,1,1,1,1,1,1,1,1,1,1,1,1,1,1,1,1,1];1;true;true;1;1;188;[2,47];1.;1.
189;189.1;9;45;[1,1,1,1,1,1,1,1,1,3,3,3,3,3,3,3,3,3,3,3,3,3,3,3,3,3,3,7,7,7,7,7,7,7,7,7,7,7,7,7,7,7,7,7,7];3;false;true;2;1;63;[3,7];0.23809523809523808;4.2000000000000002
189;189.2;189;189;[1,1,1,1,1,1,1,1,1,1,1,1,1,1,1,1,1,1,1,1,1,1,1,1,1,1,1,1,1,1,1,1,1,1,1,1,1,1,1,1,1,1,1,1,1,1,1,1,1,1,1,1,1,1,1,1,1,1,1,1,1,1,1,1,1,1,1,1,1,1,1,1,1,1,1,1,1,1,1,1,1,1,1,1,1,1,1,1,1,1,1,1,1,1,1,1,1,1,1,1,1,1,1,1,1,1,1,1,1,1,1,1,1,1,1,1,1,1,1,1,1,1,1,1,1,1,1,1,1,1,1,1,1,1,1,1,1,1,1,1,1,1,1,1,1,1,1,1,1,1,1,1,1,1,1,1,1,1,1,1,1,1,1,1,1,1,1,1,1,1,1,1,1,1,1,1,1,1,1,1,1,1,1,1,1,1,1,1,1];1;true;true;1;1;189;[3,7];1.;1.
189;189.3;9;45;[1,1,1,1,1,1,1,1,1,3,3,3,3,3,3,3,3,3,3,3,3,3,3,3,3,3,3,7,7,7,7,7,7,7,7,7,7,7,7,7,7,7,7,7,7];3;false;true;2;1;63;[3,7];0.23809523809523808;4.2000000000000002
189;189.4;3;29;[1,1,1,3,3,3,3,3,3,3,3,3,3,3,3,3,3,3,3,3,3,3,3,21,21,21,21,21,21];3;false;true;2;1;63;[3,7];0.15343915343915343;6.5172413793103452
189;189.5;3;29;[1,1,1,3,3,3,3,3,3,3,3,3,3,3,3,3,3,3,3,3,3,3,3,21,21,21,21,21,21];3;false;true;2;1;63;[3,7];0.15343915343915343;6.5172413793103452
189;189.6;9;45;[1,1,1,1,1,1,1,1,1,3,3,3,3,3,3,3,3,3,3,3,3,3,3,3,3,3,3,7,7,7,7,7,7,7,7,7,7,7,7,7,7,7,7,7,7];3;false;true;2;1;63;[3,7];0.23809523809523808;4.2000000000000002
189;189.7;3;29;[1,1,1,3,3,3,3,3,3,3,3,3,3,3,3,3,3,3,3,3,3,3,3,21,21,21,21,21,21];3;false;true;2;1;63;[3,7];0.15343915343915343;6.5172413793103452
189;189.8;3;29;[1,1,1,3,3,3,3,3,3,3,3,3,3,3,3,3,3,3,3,3,3,3,3,21,21,21,21,21,21];3;false;true;2;1;63;[3,7];0.15343915343915343;6.5172413793103452
189;189.9;189;189;[1,1,1,1,1,1,1,1,1,1,1,1,1,1,1,1,1,1,1,1,1,1,1,1,1,1,1,1,1,1,1,1,1,1,1,1,1,1,1,1,1,1,1,1,1,1,1,1,1,1,1,1,1,1,1,1,1,1,1,1,1,1,1,1,1,1,1,1,1,1,1,1,1,1,1,1,1,1,1,1,1,1,1,1,1,1,1,1,1,1,1,1,1,1,1,1,1,1,1,1,1,1,1,1,1,1,1,1,1,1,1,1,1,1,1,1,1,1,1,1,1,1,1,1,1,1,1,1,1,1,1,1,1,1,1,1,1,1,1,1,1,1,1,1,1,1,1,1,1,1,1,1,1,1,1,1,1,1,1,1,1,1,1,1,1,1,1,1,1,1,1,1,1,1,1,1,1,1,1,1,1,1,1,1,1,1,1,1,1];1;true;true;1;1;189;[3,7];1.;1.
189;189.10;21;77;[1,1,1,1,1,1,1,1,1,1,1,1,1,1,1,1,1,1,1,1,1,3,3,3,3,3,3,3,3,3,3,3,3,3,3,3,3,3,3,3,3,3,3,3,3,3,3,3,3,3,3,3,3,3,3,3,3,3,3,3,3,3,3,3,3,3,3,3,3,3,3,3,3,3,3,3,3];2;true;true;2;2;189;[3,7];0.40740740740740738;2.4545454545454546
189;189.11;21;77;[1,1,1,1,1,1,1,1,1,1,1,1,1,1,1,1,1,1,1,1,1,3,3,3,3,3,3,3,3,3,3,3,3,3,3,3,3,3,3,3,3,3,3,3,3,3,3,3,3,3,3,3,3,3,3,3,3,3,3,3,3,3,3,3,3,3,3,3,3,3,3,3,3,3,3,3,3];2;true;true;2;2;189;[3,7];0.40740740740740738;2.4545454545454546
189;189.12;9;45;[1,1,1,1,1,1,1,1,1,3,3,3,3,3,3,3,3,3,3,3,3,3,3,3,3,3,3,7,7,7,7,7,7,7,7,7,7,7,7,7,7,7,7,7,7];3;false;true;2;1;63;[3,7];0.23809523809523808;4.2000000000000002
189;189.13;189;189;[1,1,1,1,1,1,1,1,1,1,1,1,1,1,1,1,1,1,1,1,1,1,1,1,1,1,1,1,1,1,1,1,1,1,1,1,1,1,1,1,1,1,1,1,1,1,1,1,1,1,1,1,1,1,1,1,1,1,1,1,1,1,1,1,1,1,1,1,1,1,1,1,1,1,1,1,1,1,1,1,1,1,1,1,1,1,1,1,1,1,1,1,1,1,1,1,1,1,1,1,1,1,1,1,1,1,1,1,1,1,1,1,1,1,1,1,1,1,1,1,1,1,1,1,1,1,1,1,1,1,1,1,1,1,1,1,1,1,1,1,1,1,1,1,1,1,1,1,1,1,1,1,1,1,1,1,1,1,1,1,1,1,1,1,1,1,1,1,1,1,1,1,1,1,1,1,1,1,1,1,1,1,1,1,1,1,1,1,1];1;true;true;1;1;189;[3,7];1.;1.
190;190.1;19;76;[1,1,1,1,1,1,1,1,1,1,1,1,1,1,1,1,1,1,1,2,2,2,2,2,2,2,2,2,2,2,2,2,2,2,2,2,2,2,2,2,2,2,2,2,2,2,2,2,2,2,2,2,2,2,2,2,2,5,5,5,5,5,5,5,5,5,5,5,5,5,5,5,5,5,5,5];3;false;true;2;1;95;[2,5,19];0.40000000000000002;2.5
190;190.2;5;55;[1,1,1,1,1,2,2,2,2,2,2,2,2,2,2,2,2,2,2,2,2,2,2,2,2,2,2,2,2,2,2,2,2,2,2,2,2,2,2,2,2,2,2,2,2,2,2,2,2,2,19,19,19,19,19];3;false;true;2;1;95;[2,5,19];0.28947368421052633;3.4545454545454546
190;190.3;1;49;[1,2,2,2,2,2,2,2,2,2,2,2,2,2,2,2,2,2,2,2,2,2,2,2,2,2,2,2,2,2,2,2,2,2,2,2,2,2,2,2,2,2,2,2,2,2,2,2,95];3;false;true;2;1;95;[2,5,19];0.25789473684210529;3.8775510204081631
190;190.4;190;190;[1,1,1,1,1,1,1,1,1,1,1,1,1,1,1,1,1,1,1,1,1,1,1,1,1,1,1,1,1,1,1,1,1,1,1,1,1,1,1,1,1,1,1,1,1,1,1,1,1,1,1,1,1,1,1,1,1,1,1,1,1,1,1,1,1,1,1,1,1,1,1,1,1,1,1,1,1,1,1,1,1,1,1,1,1,1,1,1,1,1,1,1,1,1,1,1,1,1,1,1,1,1,1,1,1,1,1,1,1,1,1,1,1,1,1,1,1,1,1,1,1,1,1,1,1,1,1,1,1,1,1,1,1,1,1,1,1,1,1,1,1,1,1,1,1,1,1,1,1,1,1,1,1,1,1,1,1,1,1,1,1,1,1,1,1,1,1,1,1,1,1,1,1,1,1,1,1,1,1,1,1,1,1,1,1,1,1,1,1,1];1;true;true;1;1;190;[2,5,19];1.;1.
191;191.1;191;191;[1,1,1,1,1,1,1,1,1,1,1,1,1,1,1,1,1,1,1,1,1,1,1,1,1,1,1,1,1,1,1,1,1,1,1,1,1,1,1,1,1,1,1,1,1,1,1,1,1,1,1,1,1,1,1,1,1,1,1,1,1,1,1,1,1,1,1,1,1,1,1,1,1,1,1,1,1,1,1,1,1,1,1,1,1,1,1,1,1,1,1,1,1,1,1,1,1,1,1,1,1,1,1,1,1,1,1,1,1,1,1,1,1,1,1,1,1,1,1,1,1,1,1,1,1,1,1,1,1,1,1,1,1,1,1,1,1,1,1,1,1,1,1,1,1,1,1,1,1,1,1,1,1,1,1,1,1,1,1,1,1,1,1,1,1,1,1,1,1,1,1,1,1,1,1,1,1,1,1,1,1,1,1,1,1,1,1,1,1,1,1];1;true;true;1;1;191;[191];1.;1.
192;192.1;32;96;[1,1,1,1,1,1,1,1,1,1,1,1,1,1,1,1,1,1,1,1,1,1,1,1,1,1,1,1,1,1,1,1,2,2,2,2,2,2,2,2,2,2,2,2,2,2,2,2,2,2,2,2,2,2,2,2,2,2,2,2,2,2,2,2,3,3,3,3,3,3,3,3,3,3,3,3,3,3,3,3,3,3,3,3,3,3,3,3,3,3,3,3,3,3,3,3];3;false;true;2;1;96;[2,3];0.5;2.
192;192.2;192;192;[1,1,1,1,1,1,1,1,1,1,1,1,1,1,1,1,1,1,1,1,1,1,1,1,1,1,1,1,1,1,1,1,1,1,1,1,1,1,1,1,1,1,1,1,1,1,1,1,1,1,1,1,1,1,1,1,1,1,1,1,1,1,1,1,1,1,1,1,1,1,1,1,1,1,1,1,1,1,1,1,1,1,1,1,1,1,1,1,1,1,1,1,1,1,1,1,1,1,1,1,1,1,1,1,1,1,1,1,1,1,1,1,1,1,1,1,1,1,1,1,1,1,1,1,1,1,1,1,1,1,1,1,1,1,1,1,1,1,1,1,1,1,1,1,1,1,1,1,1,1,1,1,1,1,1,1,1,1,1,1,1,1,1,1,1,1,1,1,1,1,1,1,1,1,1,1,1,1,1,1,1,1,1,1,1,1,1,1,1,1,1,1];1;true;true;1;1;192;[2,3];1.;1.
192;192.3;1;24;[1,3,3,3,3,3,3,3,3,3,3,3,3,3,3,3,3,3,3,3,3,3,64,64];3;false;true;2;1;64;[2,3];0.125;8.
192;192.4;4;18;[1,1,1,1,6,6,12,12,12,12,16,16,16,16,16,16,16,16];4;false;true;3;2;64;[2,3];0.09375;10.666666666666666
192;192.5;32;96;[1,1,1,1,1,1,1,1,1,1,1,1,1,1,1,1,1,1,1,1,1,1,1,1,1,1,1,1,1,1,1,1,2,2,2,2,2,2,2,2,2,2,2,2,2,2,2,2,2,2,2,2,2,2,2,2,2,2,2,2,2,2,2,2,3,3,3,3,3,3,3,3,3,3,3,3,3,3,3,3,3,3,3,3,3,3,3,3,3,3,3,3,3,3,3,3];3;false;true;2;1;96;[2,3];0.5;2.
192;192.6;16;72;[1,1,1,1,1,1,1,1,1,1,1,1,1,1,1,1,2,2,2,2,2,2,2,2,2,2,2,2,2,2,2,2,2,2,2,2,2,2,2,2,2,2,2,2,2,2,2,2,2,2,2,2,2,2,2,2,6,6,6,6,6,6,6,6,6,6,6,6,6,6,6,6];3;false;true;2;1;96;[2,3];0.375;2.6666666666666665
192;192.7;2;51;[1,1,2,2,2,2,2,2,2,2,2,2,2,2,2,2,2,2,2,2,2,2,2,2,2,2,2,2,2,2,2,2,2,2,2,2,2,2,2,2,2,2,2,2,2,2,2,2,2,48,48];3;false;true;2;1;96;[2,3];0.265625;3.7647058823529411
192;192.8;2;51;[1,1,2,2,2,2,2,2,2,2,2,2,2,2,2,2,2,2,2,2,2,2,2,2,2,2,2,2,2,2,2,2,2,2,2,2,2,2,2,2,2,2,2,2,2,2,2,2,2,48,48];3;false;true;2;1;96;[2,3];0.265625;3.7647058823529411
192;192.9;2;51;[1,1,2,2,2,2,2,2,2,2,2,2,2,2,2,2,2,2,2,2,2,2,2,2,2,2,2,2,2,2,2,2,2,2,2,2,2,2,2,2,2,2,2,2,2,2,2,2,2,48,48];3;false;true;2;1;96;[2,3];0.265625;3.7647058823529411
192;192.10;4;39;[1,1,1,1,2,2,2,2,2,2,2,2,2,2,2,2,4,4,4,4,4,4,4,4,4,4,4,4,4,4,4,4,4,12,12,12,12,24,24];5;false;true;2;2;96;[2,3];0.203125;4.9230769230769234
192;192.11;4;39;[1,1,1,1,2,2,2,2,2,2,2,2,2,2,2,2,4,4,4,4,4,4,4,4,4,4,4,4,4,4,4,4,4,12,12,12,12,24,24];5;false;true;2;2;96;[2,3];0.203125;4.9230769230769234
192;192.12;32;96;[1,1,1,1,1,1,1,1,1,1,1,1,1,1,1,1,1,1,1,1,1,1,1,1,1,1,1,1,1,1,1,1,2,2,2,2,2,2,2,2,2,2,2,2,2,2,2,2,2,2,2,2,2,2,2,2,2,2,2,2,2,2,2,2,3,3,3,3,3,3,3,3,3,3,3,3,3,3,3,3,3,3,3,3,3,3,3,3,3,3,3,3,3,3,3,3];3;false;true;2;1;96;[2,3];0.5;2.
192;192.13;16;72;[1,1,1,1,1,1,1,1,1,1,1,1,1,1,1,1,2,2,2,2,2,2,2,2,2,2,2,2,2,2,2,2,2,2,2,2,2,2,2,2,2,2,2,2,2,2,2,2,2,2,2,2,2,2,2,2,6,6,6,6,6,6,6,6,6,6,6,6,6,6,6,6];3;false;true;2;1;96;[2,3];0.375;2.6666666666666665
192;192.14;16;72;[1,1,1,1,1,1,1,1,1,1,1,1,1,1,1,1,2,2,2,2,2,2,2,2,2,2,2,2,2,2,2,2,2,2,2,2,2,2,2,2,2,2,2,2,2,2,2,2,2,2,2,2,2,2,2,2,6,6,6,6,6,6,6,6,6,6,6,6,6,6,6,6];3;false;true;2;1;96;[2,3];0.375;2.6666666666666665
192;192.15;8;60;[1,1,1,1,1,1,1,1,2,2,2,2,2,2,2,2,2,2,2,2,2,2,2,2,2,2,2,2,2,2,2,2,2,2,2,2,2,2,2,2,2,2,2,2,2,2,2,2,2,2,2,2,12,12,12,12,12,12,12,12];3;false;true;2;1;96;[2,3];0.3125;3.2000000000000002
192;192.16;8;60;[1,1,1,1,1,1,1,1,2,2,2,2,2,2,2,2,2,2,2,2,2,2,2,2,2,2,2,2,2,2,2,2,2,2,2,2,2,2,2,2,2,2,2,2,2,2,2,2,2,2,2,2,12,12,12,12,12,12,12,12];3;false;true;2;1;96;[2,3];0.3125;3.2000000000000002
192;192.17;8;60;[1,1,1,1,1,1,1,1,2,2,2,2,2,2,2,2,2,2,2,2,2,2,2,2,2,2,2,2,2,2,2,2,2,2,2,2,2,2,2,2,2,2,2,2,2,2,2,2,2,2,2,2,12,12,12,12,12,12,12,12];3;false;true;2;1;96;[2,3];0.3125;3.2000000000000002
192;192.18;8;60;[1,1,1,1,1,1,1,1,2,2,2,2,2,2,2,2,2,2,2,2,2,2,2,2,2,2,2,2,2,2,2,2,2,2,2,2,2,2,2,2,2,2,2,2,2,2,2,2,2,2,2,2,12,12,12,12,12,12,12,12];3;false;true;2;1;96;[2,3];0.3125;3.2000000000000002
192;192.19;32;96;[1,1,1,1,1,1,1,1,1,1,1,1,1,1,1,1,1,1,1,1,1,1,1,1,1,1,1,1,1,1,1,1,2,2,2,2,2,2,2,2,2,2,2,2,2,2,2,2,2,2,2,2,2,2,2,2,2,2,2,2,2,2,2,2,3,3,3,3,3,3,3,3,3,3,3,3,3,3,3,3,3,3,3,3,3,3,3,3,3,3,3,3,3,3,3,3];3;false;true;2;1;96;[2,3];0.5;2.
192;192.20;16;72;[1,1,1,1,1,1,1,1,1,1,1,1,1,1,1,1,2,2,2,2,2,2,2,2,2,2,2,2,2,2,2,2,2,2,2,2,2,2,2,2,2,2,2,2,2,2,2,2,2,2,2,2,2,2,2,2,6,6,6,6,6,6,6,6,6,6,6,6,6,6,6,6];3;false;true;2;1;96;[2,3];0.375;2.6666666666666665
192;192.21;16;72;[1,1,1,1,1,1,1,1,1,1,1,1,1,1,1,1,2,2,2,2,2,2,2,2,2,2,2,2,2,2,2,2,2,2,2,2,2,2,2,2,2,2,2,2,2,2,2,2,2,2,2,2,2,2,2,2,6,6,6,6,6,6,6,6,6,6,6,6,6,6,6,6];3;false;true;2;1;96;[2,3];0.375;2.6666666666666665
192;192.22;8;60;[1,1,1,1,1,1,1,1,2,2,2,2,2,2,2,2,2,2,2,2,2,2,2,2,2,2,2,2,2,2,2,2,2,2,2,2,2,2,2,2,2,2,2,2,2,2,2,2,2,2,2,2,12,12,12,12,12,12,12,12];3;false;true;2;1;96;[2,3];0.3125;3.2000000000000002
192;192.23;4;39;[1,1,1,1,2,2,2,2,2,2,2,2,2,2,2,2,4,4,4,4,4,4,4,4,4,4,4,4,4,4,4,4,4,12,12,12,12,24,24];5;false;true;2;2;96;[2,3];0.203125;4.9230769230769234
192;192.24;4;39;[1,1,1,1,2,2,2,2,2,2,2,2,2,2,2,2,4,4,4,4,4,4,4,4,4,4,4,4,4,4,4,4,4,12,12,12,12,24,24];5;false;true;2;2;96;[2,3];0.203125;4.9230769230769234
192;192.25;4;42;[1,1,1,1,2,2,2,2,2,2,2,2,2,2,2,2,2,2,4,4,4,4,4,4,4,4,4,4,4,4,4,4,4,4,12,12,12,12,12,12,12,12];4;false;true;2;2;96;[2,3];0.21875;4.5714285714285712
192;192.26;4;39;[1,1,1,1,2,2,2,2,2,2,2,2,2,2,2,2,4,4,4,4,4,4,4,4,4,4,4,4,4,4,4,4,4,12,12,12,12,24,24];5;false;true;2;2;96;[2,3];0.203125;4.9230769230769234
192;192.27;4;42;[1,1,1,1,2,2,2,2,2,2,2,2,2,2,2,2,2,2,4,4,4,4,4,4,4,4,4,4,4,4,4,4,4,4,12,12,12,12,12,12,12,12];4;false;true;2;2;96;[2,3];0.21875;4.5714285714285712
192;192.28;4;42;[1,1,1,1,2,2,2,2,2,2,2,2,2,2,2,2,2,2,4,4,4,4,4,4,4,4,4,4,4,4,4,4,4,4,12,12,12,12,12,12,12,12];4;false;true;2;2;96;[2,3];0.21875;4.5714285714285712
192;192.29;4;39;[1,1,1,1,2,2,2,2,2,2,2,2,2,2,2,2,4,4,4,4,4,4,4,4,4,4,4,4,4,4,4,4,4,12,12,12,12,24,24];5;false;true;2;2;96;[2,3];0.203125;4.9230769230769234
192;192.30;2;24;[1,1,2,2,2,4,4,4,4,4,4,8,8,8,8,8,8,8,8,12,12,24,24,24];6;false;true;2;2;96;[2,3];0.125;8.
192;192.31;2;24;[1,1,2,2,2,4,4,4,4,4,4,8,8,8,8,8,8,8,8,12,12,24,24,24];6;false;true;2;2;96;[2,3];0.125;8.
192;192.32;2;24;[1,1,2,2,2,4,4,4,4,4,4,8,8,8,8,8,8,8,8,12,12,24,24,24];6;false;true;2;2;96;[2,3];0.125;8.
192;192.33;2;24;[1,1,2,2,2,4,4,4,4,4,4,8,8,8,8,8,8,8,8,12,12,24,24,24];6;false;true;2;2;96;[2,3];0.125;8.
192;192.34;2;24;[1,1,2,2,2,4,4,4,4,4,4,8,8,8,8,8,8,8,8,12,12,24,24,24];6;false;true;2;2;96;[2,3];0.125;8.
192;192.35;2;24;[1,1,2,2,2,4,4,4,4,4,4,8,8,8,8,8,8,8,8,12,12,24,24,24];6;false;true;2;2;96;[2,3];0.125;8.
192;192.36;2;24;[1,1,2,2,2,4,4,4,4,4,4,8,8,8,8,8,8,8,8,12,12,24,24,24];6;false;true;2;2;96;[2,3];0.125;8.
192;192.37;2;24;[1,1,2,2,2,4,4,4,4,4,4,8,8,8,8,8,8,8,8,12,12,24,24,24];6;false;true;2;2;96;[2,3];0.125;8.
192;192.38;8;48;[1,1,1,1,1,1,1,1,2,2,2,2,2,2,2,2,2,2,2,2,4,4,4,4,4,4,4,4,4,4,4,4,4,4,4,4,6,6,6,6,6,6,6,6,12,12,12,12];5;false;true;2;2;96;[2,3];0.25;4.
192;192.39;8;48;[1,1,1,1,1,1,1,1,2,2,2,2,2,2,2,2,2,2,2,2,4,4,4,4,4,4,4,4,4,4,4,4,4,4,4,4,6,6,6,6,6,6,6,6,12,12,12,12];5;false;true;2;2;96;[2,3];0.25;4.
192;192.40;4;39;[1,1,1,1,2,2,2,2,2,2,2,2,2,2,2,2,4,4,4,4,4,4,4,4,4,4,4,4,4,4,4,4,4,12,12,12,12,24,24];5;false;true;2;2;96;[2,3];0.203125;4.9230769230769234
192;192.41;4;39;[1,1,1,1,2,2,2,2,2,2,2,2,2,2,2,2,4,4,4,4,4,4,4,4,4,4,4,4,4,4,4,4,4,12,12,12,12,24,24];5;false;true;2;2;96;[2,3];0.203125;4.9230769230769234
192;192.42;8;48;[1,1,1,1,1,1,1,1,2,2,2,2,2,2,2,2,2,2,2,2,4,4,4,4,4,4,4,4,4,4,4,4,4,4,4,4,6,6,6,6,6,6,6,6,12,12,12,12];5;false;true;2;2;96;[2,3];0.25;4.
192;192.43;8;48;[1,1,1,1,1,1,1,1,2,2,2,2,2,2,2,2,2,2,2,2,4,4,4,4,4,4,4,4,4,4,4,4,4,4,4,4,6,6,6,6,6,6,6,6,12,12,12,12];5;false;true;2;2;96;[2,3];0.25;4.
192;192.44;4;39;[1,1,1,1,2,2,2,2,2,2,2,2,2,2,2,2,4,4,4,4,4,4,4,4,4,4,4,4,4,4,4,4,4,12,12,12,12,24,24];5;false;true;2;2;96;[2,3];0.203125;4.9230769230769234
192;192.45;4;39;[1,1,1,1,2,2,2,2,2,2,2,2,2,2,2,2,4,4,4,4,4,4,4,4,4,4,4,4,4,4,4,4,4,12,12,12,12,24,24];5;false;true;2;2;96;[2,3];0.203125;4.9230769230769234
192;192.46;2;30;[1,1,2,2,2,2,2,2,2,2,2,4,4,4,4,4,4,4,8,8,8,8,8,8,12,12,12,12,24,24];6;false;true;2;2;96;[2,3];0.15625;6.4000000000000004
192;192.47;2;30;[1,1,2,2,2,2,2,2,2,2,2,4,4,4,4,4,4,4,8,8,8,8,8,8,12,12,12,12,24,24];6;false;true;2;2;96;[2,3];0.15625;6.4000000000000004
192;192.48;4;36;[1,1,1,1,2,2,2,2,2,2,2,2,2,2,4,4,4,4,4,4,6,6,6,6,6,6,6,6,8,8,8,8,8,8,24,24];6;false;true;2;2;96;[2,3];0.1875;5.333333333333333
192;192.49;4;36;[1,1,1,1,2,2,2,2,2,2,2,2,2,2,4,4,4,4,4,4,6,6,6,6,6,6,6,6,8,8,8,8,8,8,24,24];6;false;true;2;2;96;[2,3];0.1875;5.333333333333333
192;192.50;4;36;[1,1,1,1,2,2,2,2,2,2,2,2,2,2,4,4,4,4,4,4,6,6,6,6,6,6,6,6,8,8,8,8,8,8,24,24];6;false;true;2;2;96;[2,3];0.1875;5.333333333333333
192;192.51;4;36;[1,1,1,1,2,2,2,2,2,2,2,2,2,2,4,4,4,4,4,4,6,6,6,6,6,6,6,6,8,8,8,8,8,8,24,24];6;false;true;2;2;96;[2,3];0.1875;5.333333333333333
192;192.52;4;36;[1,1,1,1,2,2,2,2,2,2,2,2,2,2,4,4,4,4,4,4,6,6,6,6,6,6,6,6,8,8,8,8,8,8,24,24];6;false;true;2;2;96;[2,3];0.1875;5.333333333333333
192;192.53;2;30;[1,1,2,2,2,2,2,2,2,2,2,4,4,4,4,4,4,4,8,8,8,8,8,8,12,12,12,12,24,24];6;false;true;2;2;96;[2,3];0.15625;6.4000000000000004
192;192.54;2;30;[1,1,2,2,2,2,2,2,2,2,2,4,4,4,4,4,4,4,8,8,8,8,8,8,12,12,12,12,24,24];6;false;true;2;2;96;[2,3];0.15625;6.4000000000000004
192;192.55;2;30;[1,1,2,2,2,2,2,2,2,2,2,4,4,4,4,4,4,4,8,8,8,8,8,8,12,12,12,12,24,24];6;false;true;2;2;96;[2,3];0.15625;6.4000000000000004
192;192.56;4;36;[1,1,1,1,2,2,2,2,2,2,2,2,2,2,4,4,4,4,4,4,6,6,6,6,6,6,6,6,8,8,8,8,8,8,24,24];6;false;true;2;2;96;[2,3];0.1875;5.333333333333333
192;192.57;32;96;[1,1,1,1,1,1,1,1,1,1,1,1,1,1,1,1,1,1,1,1,1,1,1,1,1,1,1,1,1,1,1,1,2,2,2,2,2,2,2,2,2,2,2,2,2,2,2,2,2,2,2,2,2,2,2,2,2,2,2,2,2,2,2,2,3,3,3,3,3,3,3,3,3,3,3,3,3,3,3,3,3,3,3,3,3,3,3,3,3,3,3,3,3,3,3,3];3;false;true;2;1;96;[2,3];0.5;2.
192;192.58;16;72;[1,1,1,1,1,1,1,1,1,1,1,1,1,1,1,1,2,2,2,2,2,2,2,2,2,2,2,2,2,2,2,2,2,2,2,2,2,2,2,2,2,2,2,2,2,2,2,2,2,2,2,2,2,2,2,2,6,6,6,6,6,6,6,6,6,6,6,6,6,6,6,6];3;false;true;2;1;96;[2,3];0.375;2.6666666666666665
192;192.59;32;96;[1,1,1,1,1,1,1,1,1,1,1,1,1,1,1,1,1,1,1,1,1,1,1,1,1,1,1,1,1,1,1,1,2,2,2,2,2,2,2,2,2,2,2,2,2,2,2,2,2,2,2,2,2,2,2,2,2,2,2,2,2,2,2,2,3,3,3,3,3,3,3,3,3,3,3,3,3,3,3,3,3,3,3,3,3,3,3,3,3,3,3,3,3,3,3,3];3;false;true;2;1;96;[2,3];0.5;2.
192;192.60;16;72;[1,1,1,1,1,1,1,1,1,1,1,1,1,1,1,1,2,2,2,2,2,2,2,2,2,2,2,2,2,2,2,2,2,2,2,2,2,2,2,2,2,2,2,2,2,2,2,2,2,2,2,2,2,2,2,2,6,6,6,6,6,6,6,6,6,6,6,6,6,6,6,6];3;false;true;2;1;96;[2,3];0.375;2.6666666666666665
192;192.61;16;72;[1,1,1,1,1,1,1,1,1,1,1,1,1,1,1,1,2,2,2,2,2,2,2,2,2,2,2,2,2,2,2,2,2,2,2,2,2,2,2,2,2,2,2,2,2,2,2,2,2,2,2,2,2,2,2,2,6,6,6,6,6,6,6,6,6,6,6,6,6,6,6,6];3;false;true;2;1;96;[2,3];0.375;2.6666666666666665
192;192.62;4;54;[1,1,1,1,2,2,2,2,2,2,2,2,2,2,2,2,2,2,2,2,2,2,2,2,2,2,2,2,2,2,2,2,2,2,2,2,2,2,2,2,2,2,2,2,2,2,2,2,2,2,24,24,24,24];3;false;true;2;1;96;[2,3];0.28125;3.5555555555555554
192;192.63;4;54;[1,1,1,1,2,2,2,2,2,2,2,2,2,2,2,2,2,2,2,2,2,2,2,2,2,2,2,2,2,2,2,2,2,2,2,2,2,2,2,2,2,2,2,2,2,2,2,2,2,2,24,24,24,24];3;false;true;2;1;96;[2,3];0.28125;3.5555555555555554
192;192.64;4;54;[1,1,1,1,2,2,2,2,2,2,2,2,2,2,2,2,2,2,2,2,2,2,2,2,2,2,2,2,2,2,2,2,2,2,2,2,2,2,2,2,2,2,2,2,2,2,2,2,2,2,24,24,24,24];3;false;true;2;1;96;[2,3];0.28125;3.5555555555555554
192;192.65;4;54;[1,1,1,1,2,2,2,2,2,2,2,2,2,2,2,2,2,2,2,2,2,2,2,2,2,2,2,2,2,2,2,2,2,2,2,2,2,2,2,2,2,2,2,2,2,2,2,2,2,2,24,24,24,24];3;false;true;2;1;96;[2,3];0.28125;3.5555555555555554
192;192.66;16;72;[1,1,1,1,1,1,1,1,1,1,1,1,1,1,1,1,2,2,2,2,2,2,2,2,2,2,2,2,2,2,2,2,2,2,2,2,2,2,2,2,2,2,2,2,2,2,2,2,2,2,2,2,2,2,2,2,6,6,6,6,6,6,6,6,6,6,6,6,6,6,6,6];3;false;true;2;1;96;[2,3];0.375;2.6666666666666665
192;192.67;8;60;[1,1,1,1,1,1,1,1,2,2,2,2,2,2,2,2,2,2,2,2,2,2,2,2,2,2,2,2,2,2,2,2,2,2,2,2,2,2,2,2,2,2,2,2,2,2,2,2,2,2,2,2,12,12,12,12,12,12,12,12];3;false;true;2;1;96;[2,3];0.3125;3.2000000000000002
192;192.68;4;54;[1,1,1,1,2,2,2,2,2,2,2,2,2,2,2,2,2,2,2,2,2,2,2,2,2,2,2,2,2,2,2,2,2,2,2,2,2,2,2,2,2,2,2,2,2,2,2,2,2,2,24,24,24,24];3;false;true;2;1;96;[2,3];0.28125;3.5555555555555554
192;192.69;4;54;[1,1,1,1,2,2,2,2,2,2,2,2,2,2,2,2,2,2,2,2,2,2,2,2,2,2,2,2,2,2,2,2,2,2,2,2,2,2,2,2,2,2,2,2,2,2,2,2,2,2,24,24,24,24];3;false;true;2;1;96;[2,3];0.28125;3.5555555555555554
192;192.70;8;48;[1,1,1,1,1,1,1,1,2,2,2,2,2,2,2,2,2,2,2,2,4,4,4,4,4,4,4,4,4,4,4,4,4,4,4,4,6,6,6,6,6,6,6,6,12,12,12,12];5;false;true;2;2;96;[2,3];0.25;4.
192;192.71;4;42;[1,1,1,1,2,2,2,2,2,2,2,2,2,2,2,2,2,2,4,4,4,4,4,4,4,4,4,4,4,4,4,4,4,4,12,12,12,12,12,12,12,12];4;false;true;2;2;96;[2,3];0.21875;4.5714285714285712
192;192.72;2;36;[1,1,2,2,2,2,2,2,2,2,2,2,2,2,2,4,4,4,4,4,4,4,4,4,4,4,4,4,4,4,4,4,24,24,24,24];4;false;true;2;2;96;[2,3];0.1875;5.333333333333333
192;192.73;4;42;[1,1,1,1,2,2,2,2,2,2,2,2,2,2,2,2,2,2,4,4,4,4,4,4,4,4,4,4,4,4,4,4,4,4,12,12,12,12,12,12,12,12];4;false;true;2;2;96;[2,3];0.21875;4.5714285714285712
192;192.74;8;48;[1,1,1,1,1,1,1,1,2,2,2,2,2,2,2,2,2,2,2,2,4,4,4,4,4,4,4,4,4,4,4,4,4,4,4,4,6,6,6,6,6,6,6,6,12,12,12,12];5;false;true;2;2;96;[2,3];0.25;4.
192;192.75;2;36;[1,1,2,2,2,2,2,2,2,2,2,2,2,2,2,4,4,4,4,4,4,4,4,4,4,4,4,4,4,4,4,4,24,24,24,24];4;false;true;2;2;96;[2,3];0.1875;5.333333333333333
192;192.76;2;36;[1,1,2,2,2,2,2,2,2,2,2,2,2,2,2,4,4,4,4,4,4,4,4,4,4,4,4,4,4,4,4,4,24,24,24,24];4;false;true;2;2;96;[2,3];0.1875;5.333333333333333
192;192.77;2;36;[1,1,2,2,2,2,2,2,2,2,2,2,2,2,2,4,4,4,4,4,4,4,4,4,4,4,4,4,4,4,4,4,24,24,24,24];4;false;true;2;2;96;[2,3];0.1875;5.333333333333333
192;192.78;2;30;[1,1,2,2,2,2,2,2,2,2,2,4,4,4,4,4,4,4,6,6,6,6,6,6,6,6,16,16,16,48];6;false;true;2;2;96;[2,3];0.15625;6.4000000000000004
192;192.79;2;30;[1,1,2,2,2,2,2,2,2,2,2,4,4,4,4,4,4,4,6,6,6,6,6,6,6,6,16,16,16,48];6;false;true;2;2;96;[2,3];0.15625;6.4000000000000004
192;192.80;2;30;[1,1,2,2,2,2,2,2,2,2,2,4,4,4,4,4,4,4,6,6,6,6,6,6,6,6,16,16,16,48];6;false;true;2;2;96;[2,3];0.15625;6.4000000000000004
192;192.81;2;30;[1,1,2,2,2,2,2,2,2,2,2,4,4,4,4,4,4,4,6,6,6,6,6,6,6,6,16,16,16,48];6;false;true;2;2;96;[2,3];0.15625;6.4000000000000004
192;192.82;8;60;[1,1,1,1,1,1,1,1,2,2,2,2,2,2,2,2,2,2,2,2,2,2,2,2,2,2,2,2,2,2,2,2,2,2,2,2,2,2,2,2,2,2,2,2,2,2,2,2,2,2,2,2,12,12,12,12,12,12,12,12];3;false;true;2;1;96;[2,3];0.3125;3.2000000000000002
192;192.83;16;72;[1,1,1,1,1,1,1,1,1,1,1,1,1,1,1,1,2,2,2,2,2,2,2,2,2,2,2,2,2,2,2,2,2,2,2,2,2,2,2,2,2,2,2,2,2,2,2,2,2,2,2,2,2,2,2,2,6,6,6,6,6,6,6,6,6,6,6,6,6,6,6,6];3;false;true;2;1;96;[2,3];0.375;2.6666666666666665
192;192.84;4;42;[1,1,1,1,2,2,2,2,2,2,2,2,2,2,2,2,2,2,4,4,4,4,4,4,4,4,4,4,4,4,4,4,4,4,12,12,12,12,12,12,12,12];4;false;true;2;2;96;[2,3];0.21875;4.5714285714285712
192;192.85;4;42;[1,1,1,1,2,2,2,2,2,2,2,2,2,2,2,2,2,2,4,4,4,4,4,4,4,4,4,4,4,4,4,4,4,4,12,12,12,12,12,12,12,12];4;false;true;2;2;96;[2,3];0.21875;4.5714285714285712
192;192.86;4;42;[1,1,1,1,2,2,2,2,2,2,2,2,2,2,2,2,2,2,4,4,4,4,4,4,4,4,4,4,4,4,4,4,4,4,12,12,12,12,12,12,12,12];4;false;true;2;2;96;[2,3];0.21875;4.5714285714285712
192;192.87;4;42;[1,1,1,1,2,2,2,2,2,2,2,2,2,2,2,2,2,2,4,4,4,4,4,4,4,4,4,4,4,4,4,4,4,4,12,12,12,12,12,12,12,12];4;false;true;2;2;96;[2,3];0.21875;4.5714285714285712
192;192.88;8;48;[1,1,1,1,1,1,1,1,2,2,2,2,2,2,2,2,2,2,2,2,4,4,4,4,4,4,4,4,4,4,4,4,4,4,4,4,6,6,6,6,6,6,6,6,12,12,12,12];5;false;true;2;2;96;[2,3];0.25;4.
192;192.89;4;42;[1,1,1,1,2,2,2,2,2,2,2,2,2,2,2,2,2,2,4,4,4,4,4,4,4,4,4,4,4,4,4,4,4,4,12,12,12,12,12,12,12,12];4;false;true;2;2;96;[2,3];0.21875;4.5714285714285712
192;192.90;4;42;[1,1,1,1,2,2,2,2,2,2,2,2,2,2,2,2,2,2,4,4,4,4,4,4,4,4,4,4,4,4,4,4,4,4,12,12,12,12,12,12,12,12];4;false;true;2;2;96;[2,3];0.21875;4.5714285714285712
192;192.91;8;48;[1,1,1,1,1,1,1,1,2,2,2,2,2,2,2,2,2,2,2,2,4,4,4,4,4,4,4,4,4,4,4,4,4,4,4,4,6,6,6,6,6,6,6,6,12,12,12,12];5;false;true;2;2;96;[2,3];0.25;4.
192;192.92;4;42;[1,1,1,1,2,2,2,2,2,2,2,2,2,2,2,2,2,2,4,4,4,4,4,4,4,4,4,4,4,4,4,4,4,4,12,12,12,12,12,12,12,12];4;false;true;2;2;96;[2,3];0.21875;4.5714285714285712
192;192.93;8;48;[1,1,1,1,1,1,1,1,2,2,2,2,2,2,2,2,2,2,2,2,4,4,4,4,4,4,4,4,4,4,4,4,4,4,4,4,6,6,6,6,6,6,6,6,12,12,12,12];5;false;true;2;2;96;[2,3];0.25;4.
192;192.94;8;48;[1,1,1,1,1,1,1,1,2,2,2,2,2,2,2,2,2,2,2,2,4,4,4,4,4,4,4,4,4,4,4,4,4,4,4,4,6,6,6,6,6,6,6,6,12,12,12,12];5;false;true;2;2;96;[2,3];0.25;4.
192;192.95;2;27;[1,1,2,2,2,2,2,4,4,4,4,4,4,4,4,4,4,4,8,8,8,8,8,24,24,24,24];5;false;true;2;2;96;[2,3];0.140625;7.1111111111111107
192;192.96;4;33;[1,1,1,1,2,2,2,2,2,2,2,2,4,4,4,4,4,4,4,8,8,8,8,8,8,12,12,12,12,12,12,12,12];5;false;true;2;2;96;[2,3];0.171875;5.8181818181818183
192;192.97;4;33;[1,1,1,1,2,2,2,2,2,2,2,2,4,4,4,4,4,4,4,8,8,8,8,8,8,12,12,12,12,12,12,12,12];5;false;true;2;2;96;[2,3];0.171875;5.8181818181818183
192;192.98;2;27;[1,1,2,2,2,2,2,4,4,4,4,4,4,4,4,4,4,4,8,8,8,8,8,24,24,24,24];5;false;true;2;2;96;[2,3];0.140625;7.1111111111111107
192;192.99;4;33;[1,1,1,1,2,2,2,2,2,2,2,2,4,4,4,4,4,4,4,8,8,8,8,8,8,12,12,12,12,12,12,12,12];5;false;true;2;2;96;[2,3];0.171875;5.8181818181818183
192;192.100;2;27;[1,1,2,2,2,2,2,4,4,4,4,4,4,4,4,4,4,4,8,8,8,8,8,24,24,24,24];5;false;true;2;2;96;[2,3];0.140625;7.1111111111111107
192;192.101;2;27;[1,1,2,2,2,2,2,4,4,4,4,4,4,4,4,4,4,4,8,8,8,8,8,24,24,24,24];5;false;true;2;2;96;[2,3];0.140625;7.1111111111111107
192;192.102;4;33;[1,1,1,1,2,2,2,2,2,2,2,2,4,4,4,4,4,4,4,8,8,8,8,8,8,12,12,12,12,12,12,12,12];5;false;true;2;2;96;[2,3];0.171875;5.8181818181818183
192;192.103;4;33;[1,1,1,1,2,2,2,2,2,2,2,2,4,4,4,4,4,4,4,8,8,8,8,8,8,12,12,12,12,12,12,12,12];5;false;true;2;2;96;[2,3];0.171875;5.8181818181818183
192;192.104;2;27;[1,1,2,2,2,2,2,4,4,4,4,4,4,4,4,4,4,4,8,8,8,8,8,24,24,24,24];5;false;true;2;2;96;[2,3];0.140625;7.1111111111111107
192;192.105;4;33;[1,1,1,1,2,2,2,2,2,2,2,2,4,4,4,4,4,4,4,8,8,8,8,8,8,12,12,12,12,12,12,12,12];5;false;true;2;2;96;[2,3];0.171875;5.8181818181818183
192;192.106;4;33;[1,1,1,1,2,2,2,2,2,2,2,2,4,4,4,4,4,4,4,8,8,8,8,8,8,12,12,12,12,12,12,12,12];5;false;true;2;2;96;[2,3];0.171875;5.8181818181818183
192;192.107;2;27;[1,1,2,2,2,2,2,4,4,4,4,4,4,4,4,4,4,4,8,8,8,8,8,24,24,24,24];5;false;true;2;2;96;[2,3];0.140625;7.1111111111111107
192;192.108;16;72;[1,1,1,1,1,1,1,1,1,1,1,1,1,1,1,1,2,2,2,2,2,2,2,2,2,2,2,2,2,2,2,2,2,2,2,2,2,2,2,2,2,2,2,2,2,2,2,2,2,2,2,2,2,2,2,2,6,6,6,6,6,6,6,6,6,6,6,6,6,6,6,6];3;false;true;2;1;96;[2,3];0.375;2.6666666666666665
192;192.109;16;72;[1,1,1,1,1,1,1,1,1,1,1,1,1,1,1,1,2,2,2,2,2,2,2,2,2,2,2,2,2,2,2,2,2,2,2,2,2,2,2,2,2,2,2,2,2,2,2,2,2,2,2,2,2,2,2,2,6,6,6,6,6,6,6,6,6,6,6,6,6,6,6,6];3;false;true;2;1;96;[2,3];0.375;2.6666666666666665
192;192.110;8;60;[1,1,1,1,1,1,1,1,2,2,2,2,2,2,2,2,2,2,2,2,2,2,2,2,2,2,2,2,2,2,2,2,2,2,2,2,2,2,2,2,2,2,2,2,2,2,2,2,2,2,2,2,12,12,12,12,12,12,12,12];3;false;true;2;1;96;[2,3];0.3125;3.2000000000000002
192;192.111;8;60;[1,1,1,1,1,1,1,1,2,2,2,2,2,2,2,2,2,2,2,2,2,2,2,2,2,2,2,2,2,2,2,2,2,2,2,2,2,2,2,2,2,2,2,2,2,2,2,2,2,2,2,2,12,12,12,12,12,12,12,12];3;false;true;2;1;96;[2,3];0.3125;3.2000000000000002
192;192.112;4;42;[1,1,1,1,2,2,2,2,2,2,2,2,2,2,2,2,2,2,4,4,4,4,4,4,4,4,4,4,4,4,4,4,4,4,12,12,12,12,12,12,12,12];4;false;true;2;2;96;[2,3];0.21875;4.5714285714285712
192;192.113;4;42;[1,1,1,1,2,2,2,2,2,2,2,2,2,2,2,2,2,2,4,4,4,4,4,4,4,4,4,4,4,4,4,4,4,4,12,12,12,12,12,12,12,12];4;false;true;2;2;96;[2,3];0.21875;4.5714285714285712
192;192.114;8;48;[1,1,1,1,1,1,1,1,2,2,2,2,2,2,2,2,2,2,2,2,4,4,4,4,4,4,4,4,4,4,4,4,4,4,4,4,6,6,6,6,6,6,6,6,12,12,12,12];5;false;true;2;2;96;[2,3];0.25;4.
192;192.115;4;42;[1,1,1,1,2,2,2,2,2,2,2,2,2,2,2,2,2,2,4,4,4,4,4,4,4,4,4,4,4,4,4,4,4,4,12,12,12,12,12,12,12,12];4;false;true;2;2;96;[2,3];0.21875;4.5714285714285712
192;192.116;4;42;[1,1,1,1,2,2,2,2,2,2,2,2,2,2,2,2,2,2,4,4,4,4,4,4,4,4,4,4,4,4,4,4,4,4,12,12,12,12,12,12,12,12];4;false;true;2;2;96;[2,3];0.21875;4.5714285714285712
192;192.117;8;48;[1,1,1,1,1,1,1,1,2,2,2,2,2,2,2,2,2,2,2,2,4,4,4,4,4,4,4,4,4,4,4,4,4,4,4,4,6,6,6,6,6,6,6,6,12,12,12,12];5;false;true;2;2;96;[2,3];0.25;4.
192;192.118;4;42;[1,1,1,1,2,2,2,2,2,2,2,2,2,2,2,2,2,2,4,4,4,4,4,4,4,4,4,4,4,4,4,4,4,4,12,12,12,12,12,12,12,12];4;false;true;2;2;96;[2,3];0.21875;4.5714285714285712
192;192.119;4;42;[1,1,1,1,2,2,2,2,2,2,2,2,2,2,2,2,2,2,4,4,4,4,4,4,4,4,4,4,4,4,4,4,4,4,12,12,12,12,12,12,12,12];4;false;true;2;2;96;[2,3];0.21875;4.5714285714285712
192;192.120;8;48;[1,1,1,1,1,1,1,1,2,2,2,2,2,2,2,2,2,2,2,2,4,4,4,4,4,4,4,4,4,4,4,4,4,4,4,4,6,6,6,6,6,6,6,6,12,12,12,12];5;false;true;2;2;96;[2,3];0.25;4.
192;192.121;4;36;[1,1,1,1,2,2,2,2,2,2,2,2,2,2,4,4,4,4,4,4,6,6,6,6,6,6,6,6,8,8,8,8,8,8,24,24];6;false;true;2;2;96;[2,3];0.1875;5.333333333333333
192;192.122;2;30;[1,1,2,2,2,2,2,2,2,2,2,4,4,4,4,4,4,4,8,8,8,8,8,8,12,12,12,12,24,24];6;false;true;2;2;96;[2,3];0.15625;6.4000000000000004
192;192.123;4;36;[1,1,1,1,2,2,2,2,2,2,2,2,2,2,4,4,4,4,4,4,6,6,6,6,6,6,6,6,8,8,8,8,8,8,24,24];6;false;true;2;2;96;[2,3];0.1875;5.333333333333333
192;192.124;2;30;[1,1,2,2,2,2,2,2,2,2,2,4,4,4,4,4,4,4,8,8,8,8,8,8,12,12,12,12,24,24];6;false;true;2;2;96;[2,3];0.15625;6.4000000000000004
192;192.125;2;30;[1,1,2,2,2,2,2,2,2,2,2,4,4,4,4,4,4,4,8,8,8,8,8,8,12,12,12,12,24,24];6;false;true;2;2;96;[2,3];0.15625;6.4000000000000004
192;192.126;4;36;[1,1,1,1,2,2,2,2,2,2,2,2,2,2,4,4,4,4,4,4,6,6,6,6,6,6,6,6,8,8,8,8,8,8,24,24];6;false;true;2;2;96;[2,3];0.1875;5.333333333333333
192;192.127;192;192;[1,1,1,1,1,1,1,1,1,1,1,1,1,1,1,1,1,1,1,1,1,1,1,1,1,1,1,1,1,1,1,1,1,1,1,1,1,1,1,1,1,1,1,1,1,1,1,1,1,1,1,1,1,1,1,1,1,1,1,1,1,1,1,1,1,1,1,1,1,1,1,1,1,1,1,1,1,1,1,1,1,1,1,1,1,1,1,1,1,1,1,1,1,1,1,1,1,1,1,1,1,1,1,1,1,1,1,1,1,1,1,1,1,1,1,1,1,1,1,1,1,1,1,1,1,1,1,1,1,1,1,1,1,1,1,1,1,1,1,1,1,1,1,1,1,1,1,1,1,1,1,1,1,1,1,1,1,1,1,1,1,1,1,1,1,1,1,1,1,1,1,1,1,1,1,1,1,1,1,1,1,1,1,1,1,1,1,1,1,1,1,1];1;true;true;1;1;192;[2,3];1.;1.
192;192.128;48;120;[1,1,1,1,1,1,1,1,1,1,1,1,1,1,1,1,1,1,1,1,1,1,1,1,1,1,1,1,1,1,1,1,1,1,1,1,1,1,1,1,1,1,1,1,1,1,1,1,2,2,2,2,2,2,2,2,2,2,2,2,2,2,2,2,2,2,2,2,2,2,2,2,2,2,2,2,2,2,2,2,2,2,2,2,2,2,2,2,2,2,2,2,2,2,2,2,2,2,2,2,2,2,2,2,2,2,2,2,2,2,2,2,2,2,2,2,2,2,2,2];2;true;true;2;2;192;[2,3];0.625;1.6000000000000001
192;192.129;12;66;[1,1,1,1,1,1,1,1,1,1,1,1,2,2,2,2,2,2,2,2,2,2,2,2,2,2,2,2,2,2,4,4,4,4,4,4,4,4,4,4,4,4,4,4,4,4,4,4,4,4,4,4,4,4,4,4,4,4,4,4,4,4,4,4,4,4];3;true;true;2;2;192;[2,3];0.34375;2.9090909090909092
192;192.130;12;66;[1,1,1,1,1,1,1,1,1,1,1,1,2,2,2,2,2,2,2,2,2,2,2,2,2,2,2,2,2,2,4,4,4,4,4,4,4,4,4,4,4,4,4,4,4,4,4,4,4,4,4,4,4,4,4,4,4,4,4,4,4,4,4,4,4,4];3;true;true;2;2;192;[2,3];0.34375;2.9090909090909092
192;192.131;24;84;[1,1,1,1,1,1,1,1,1,1,1,1,1,1,1,1,1,1,1,1,1,1,1,1,2,2,2,2,2,2,2,2,2,2,2,2,2,2,2,2,2,2,2,2,2,2,2,2,2,2,2,2,2,2,2,2,2,2,2,2,4,4,4,4,4,4,4,4,4,4,4,4,4,4,4,4,4,4,4,4,4,4,4,4];3;true;true;2;2;192;[2,3];0.4375;2.2857142857142856
192;192.132;24;84;[1,1,1,1,1,1,1,1,1,1,1,1,1,1,1,1,1,1,1,1,1,1,1,1,2,2,2,2,2,2,2,2,2,2,2,2,2,2,2,2,2,2,2,2,2,2,2,2,2,2,2,2,2,2,2,2,2,2,2,2,4,4,4,4,4,4,4,4,4,4,4,4,4,4,4,4,4,4,4,4,4,4,4,4];3;true;true;2;2;192;[2,3];0.4375;2.2857142857142856
192;192.133;12;57;[1,1,1,1,1,1,1,1,1,1,1,1,2,2,2,2,2,2,2,2,2,2,2,2,4,4,4,4,4,4,4,4,4,4,4,4,4,4,4,4,4,4,4,4,4,4,4,4,4,4,4,8,8,8,8,8,8];4;true;true;2;2;192;[2,3];0.296875;3.3684210526315788
192;192.134;12;57;[1,1,1,1,1,1,1,1,1,1,1,1,2,2,2,2,2,2,2,2,2,2,2,2,4,4,4,4,4,4,4,4,4,4,4,4,4,4,4,4,4,4,4,4,4,4,4,4,4,4,4,8,8,8,8,8,8];4;true;true;2;2;192;[2,3];0.296875;3.3684210526315788
192;192.135;12;57;[1,1,1,1,1,1,1,1,1,1,1,1,2,2,2,2,2,2,2,2,2,2,2,2,4,4,4,4,4,4,4,4,4,4,4,4,4,4,4,4,4,4,4,4,4,4,4,4,4,4,4,8,8,8,8,8,8];4;true;true;2;2;192;[2,3];0.296875;3.3684210526315788
192;192.136;12;57;[1,1,1,1,1,1,1,1,1,1,1,1,2,2,2,2,2,2,2,2,2,2,2,2,4,4,4,4,4,4,4,4,4,4,4,4,4,4,4,4,4,4,4,4,4,4,4,4,4,4,4,8,8,8,8,8,8];4;true;true;2;2;192;[2,3];0.296875;3.3684210526315788
192;192.137;12;57;[1,1,1,1,1,1,1,1,1,1,1,1,2,2,2,2,2,2,2,2,2,2,2,2,4,4,4,4,4,4,4,4,4,4,4,4,4,4,4,4,4,4,4,4,4,4,4,4,4,4,4,8,8,8,8,8,8];4;true;true;2;2;192;[2,3];0.296875;3.3684210526315788
192;192.138;12;57;[1,1,1,1,1,1,1,1,1,1,1,1,2,2,2,2,2,2,2,2,2,2,2,2,4,4,4,4,4,4,4,4,4,4,4,4,4,4,4,4,4,4,4,4,4,4,4,4,4,4,4,8,8,8,8,8,8];4;true;true;2;2;192;[2,3];0.296875;3.3684210526315788
192;192.139;12;57;[1,1,1,1,1,1,1,1,1,1,1,1,2,2,2,2,2,2,2,2,2,2,2,2,4,4,4,4,4,4,4,4,4,4,4,4,4,4,4,4,4,4,4,4,4,4,4,4,4,4,4,8,8,8,8,8,8];4;true;true;2;2;192;[2,3];0.296875;3.3684210526315788
192;192.140;24;84;[1,1,1,1,1,1,1,1,1,1,1,1,1,1,1,1,1,1,1,1,1,1,1,1,2,2,2,2,2,2,2,2,2,2,2,2,2,2,2,2,2,2,2,2,2,2,2,2,2,2,2,2,2,2,2,2,2,2,2,2,4,4,4,4,4,4,4,4,4,4,4,4,4,4,4,4,4,4,4,4,4,4,4,4];3;true;true;2;2;192;[2,3];0.4375;2.2857142857142856
192;192.141;24;84;[1,1,1,1,1,1,1,1,1,1,1,1,1,1,1,1,1,1,1,1,1,1,1,1,2,2,2,2,2,2,2,2,2,2,2,2,2,2,2,2,2,2,2,2,2,2,2,2,2,2,2,2,2,2,2,2,2,2,2,2,4,4,4,4,4,4,4,4,4,4,4,4,4,4,4,4,4,4,4,4,4,4,4,4];3;true;true;2;2;192;[2,3];0.4375;2.2857142857142856
192;192.142;48;120;[1,1,1,1,1,1,1,1,1,1,1,1,1,1,1,1,1,1,1,1,1,1,1,1,1,1,1,1,1,1,1,1,1,1,1,1,1,1,1,1,1,1,1,1,1,1,1,1,2,2,2,2,2,2,2,2,2,2,2,2,2,2,2,2,2,2,2,2,2,2,2,2,2,2,2,2,2,2,2,2,2,2,2,2,2,2,2,2,2,2,2,2,2,2,2,2,2,2,2,2,2,2,2,2,2,2,2,2,2,2,2,2,2,2,2,2,2,2,2,2];2;true;true;2;2;192;[2,3];0.625;1.6000000000000001
192;192.143;12;66;[1,1,1,1,1,1,1,1,1,1,1,1,2,2,2,2,2,2,2,2,2,2,2,2,2,2,2,2,2,2,4,4,4,4,4,4,4,4,4,4,4,4,4,4,4,4,4,4,4,4,4,4,4,4,4,4,4,4,4,4,4,4,4,4,4,4];3;true;true;2;2;192;[2,3];0.34375;2.9090909090909092
192;192.144;12;66;[1,1,1,1,1,1,1,1,1,1,1,1,2,2,2,2,2,2,2,2,2,2,2,2,2,2,2,2,2,2,4,4,4,4,4,4,4,4,4,4,4,4,4,4,4,4,4,4,4,4,4,4,4,4,4,4,4,4,4,4,4,4,4,4,4,4];3;true;true;2;2;192;[2,3];0.34375;2.9090909090909092
192;192.145;24;84;[1,1,1,1,1,1,1,1,1,1,1,1,1,1,1,1,1,1,1,1,1,1,1,1,2,2,2,2,2,2,2,2,2,2,2,2,2,2,2,2,2,2,2,2,2,2,2,2,2,2,2,2,2,2,2,2,2,2,2,2,4,4,4,4,4,4,4,4,4,4,4,4,4,4,4,4,4,4,4,4,4,4,4,4];3;true;true;2;2;192;[2,3];0.4375;2.2857142857142856
192;192.146;24;84;[1,1,1,1,1,1,1,1,1,1,1,1,1,1,1,1,1,1,1,1,1,1,1,1,2,2,2,2,2,2,2,2,2,2,2,2,2,2,2,2,2,2,2,2,2,2,2,2,2,2,2,2,2,2,2,2,2,2,2,2,4,4,4,4,4,4,4,4,4,4,4,4,4,4,4,4,4,4,4,4,4,4,4,4];3;true;true;2;2;192;[2,3];0.4375;2.2857142857142856
192;192.147;24;84;[1,1,1,1,1,1,1,1,1,1,1,1,1,1,1,1,1,1,1,1,1,1,1,1,2,2,2,2,2,2,2,2,2,2,2,2,2,2,2,2,2,2,2,2,2,2,2,2,2,2,2,2,2,2,2,2,2,2,2,2,4,4,4,4,4,4,4,4,4,4,4,4,4,4,4,4,4,4,4,4,4,4,4,4];3;true;true;2;2;192;[2,3];0.4375;2.2857142857142856
192;192.148;12;66;[1,1,1,1,1,1,1,1,1,1,1,1,2,2,2,2,2,2,2,2,2,2,2,2,2,2,2,2,2,2,4,4,4,4,4,4,4,4,4,4,4,4,4,4,4,4,4,4,4,4,4,4,4,4,4,4,4,4,4,4,4,4,4,4,4,4];3;true;true;2;2;192;[2,3];0.34375;2.9090909090909092
192;192.149;12;66;[1,1,1,1,1,1,1,1,1,1,1,1,2,2,2,2,2,2,2,2,2,2,2,2,2,2,2,2,2,2,4,4,4,4,4,4,4,4,4,4,4,4,4,4,4,4,4,4,4,4,4,4,4,4,4,4,4,4,4,4,4,4,4,4,4,4];3;true;true;2;2;192;[2,3];0.34375;2.9090909090909092
192;192.150;12;66;[1,1,1,1,1,1,1,1,1,1,1,1,2,2,2,2,2,2,2,2,2,2,2,2,2,2,2,2,2,2,4,4,4,4,4,4,4,4,4,4,4,4,4,4,4,4,4,4,4,4,4,4,4,4,4,4,4,4,4,4,4,4,4,4,4,4];3;true;true;2;2;192;[2,3];0.34375;2.9090909090909092
192;192.151;192;192;[1,1,1,1,1,1,1,1,1,1,1,1,1,1,1,1,1,1,1,1,1,1,1,1,1,1,1,1,1,1,1,1,1,1,1,1,1,1,1,1,1,1,1,1,1,1,1,1,1,1,1,1,1,1,1,1,1,1,1,1,1,1,1,1,1,1,1,1,1,1,1,1,1,1,1,1,1,1,1,1,1,1,1,1,1,1,1,1,1,1,1,1,1,1,1,1,1,1,1,1,1,1,1,1,1,1,1,1,1,1,1,1,1,1,1,1,1,1,1,1,1,1,1,1,1,1,1,1,1,1,1,1,1,1,1,1,1,1,1,1,1,1,1,1,1,1,1,1,1,1,1,1,1,1,1,1,1,1,1,1,1,1,1,1,1,1,1,1,1,1,1,1,1,1,1,1,1,1,1,1,1,1,1,1,1,1,1,1,1,1,1,1];1;true;true;1;1;192;[2,3];1.;1.
192;192.152;48;120;[1,1,1,1,1,1,1,1,1,1,1,1,1,1,1,1,1,1,1,1,1,1,1,1,1,1,1,1,1,1,1,1,1,1,1,1,1,1,1,1,1,1,1,1,1,1,1,1,2,2,2,2,2,2,2,2,2,2,2,2,2,2,2,2,2,2,2,2,2,2,2,2,2,2,2,2,2,2,2,2,2,2,2,2,2,2,2,2,2,2,2,2,2,2,2,2,2,2,2,2,2,2,2,2,2,2,2,2,2,2,2,2,2,2,2,2,2,2,2,2];2;true;true;2;2;192;[2,3];0.625;1.6000000000000001
192;192.153;12;66;[1,1,1,1,1,1,1,1,1,1,1,1,2,2,2,2,2,2,2,2,2,2,2,2,2,2,2,2,2,2,4,4,4,4,4,4,4,4,4,4,4,4,4,4,4,4,4,4,4,4,4,4,4,4,4,4,4,4,4,4,4,4,4,4,4,4];3;true;true;2;2;192;[2,3];0.34375;2.9090909090909092
192;192.154;48;120;[1,1,1,1,1,1,1,1,1,1,1,1,1,1,1,1,1,1,1,1,1,1,1,1,1,1,1,1,1,1,1,1,1,1,1,1,1,1,1,1,1,1,1,1,1,1,1,1,2,2,2,2,2,2,2,2,2,2,2,2,2,2,2,2,2,2,2,2,2,2,2,2,2,2,2,2,2,2,2,2,2,2,2,2,2,2,2,2,2,2,2,2,2,2,2,2,2,2,2,2,2,2,2,2,2,2,2,2,2,2,2,2,2,2,2,2,2,2,2,2];2;true;true;2;2;192;[2,3];0.625;1.6000000000000001
192;192.155;12;66;[1,1,1,1,1,1,1,1,1,1,1,1,2,2,2,2,2,2,2,2,2,2,2,2,2,2,2,2,2,2,4,4,4,4,4,4,4,4,4,4,4,4,4,4,4,4,4,4,4,4,4,4,4,4,4,4,4,4,4,4,4,4,4,4,4,4];3;true;true;2;2;192;[2,3];0.34375;2.9090909090909092
192;192.156;24;84;[1,1,1,1,1,1,1,1,1,1,1,1,1,1,1,1,1,1,1,1,1,1,1,1,2,2,2,2,2,2,2,2,2,2,2,2,2,2,2,2,2,2,2,2,2,2,2,2,2,2,2,2,2,2,2,2,2,2,2,2,4,4,4,4,4,4,4,4,4,4,4,4,4,4,4,4,4,4,4,4,4,4,4,4];3;true;true;2;2;192;[2,3];0.4375;2.2857142857142856
192;192.157;6;39;[1,1,1,1,1,1,2,2,2,4,4,4,4,4,4,4,4,4,4,4,4,4,4,4,8,8,8,8,8,8,8,8,8,8,8,8,8,8,8];4;true;true;2;2;192;[2,3];0.203125;4.9230769230769234
192;192.158;6;39;[1,1,1,1,1,1,2,2,2,4,4,4,4,4,4,4,4,4,4,4,4,4,4,4,8,8,8,8,8,8,8,8,8,8,8,8,8,8,8];4;true;true;2;2;192;[2,3];0.203125;4.9230769230769234
192;192.159;6;39;[1,1,1,1,1,1,2,2,2,4,4,4,4,4,4,4,4,4,4,4,4,4,4,4,8,8,8,8,8,8,8,8,8,8,8,8,8,8,8];4;true;true;2;2;192;[2,3];0.203125;4.9230769230769234
192;192.160;6;39;[1,1,1,1,1,1,2,2,2,4,4,4,4,4,4,4,4,4,4,4,4,4,4,4,8,8,8,8,8,8,8,8,8,8,8,8,8,8,8];4;true;true;2;2;192;[2,3];0.203125;4.9230769230769234
192;192.161;6;39;[1,1,1,1,1,1,2,2,2,4,4,4,4,4,4,4,4,4,4,4,4,4,4,4,8,8,8,8,8,8,8,8,8,8,8,8,8,8,8];4;true;true;2;2;192;[2,3];0.203125;4.9230769230769234
192;192.162;6;39;[1,1,1,1,1,1,2,2,2,4,4,4,4,4,4,4,4,4,4,4,4,4,4,4,8,8,8,8,8,8,8,8,8,8,8,8,8,8,8];4;true;true;2;2;192;[2,3];0.203125;4.9230769230769234
192;192.163;12;66;[1,1,1,1,1,1,1,1,1,1,1,1,2,2,2,2,2,2,2,2,2,2,2,2,2,2,2,2,2,2,2,2,2,2,2,2,2,2,2,2,2,2,2,2,2,2,2,2,2,2,2,2,2,2,8,8,8,8,8,8,8,8,8,8,8,8];3;true;true;2;2;192;[2,3];0.34375;2.9090909090909092
192;192.164;12;66;[1,1,1,1,1,1,1,1,1,1,1,1,2,2,2,2,2,2,2,2,2,2,2,2,2,2,2,2,2,2,2,2,2,2,2,2,2,2,2,2,2,2,2,2,2,2,2,2,2,2,2,2,2,2,8,8,8,8,8,8,8,8,8,8,8,8];3;true;true;2;2;192;[2,3];0.34375;2.9090909090909092
192;192.165;12;66;[1,1,1,1,1,1,1,1,1,1,1,1,2,2,2,2,2,2,2,2,2,2,2,2,2,2,2,2,2,2,2,2,2,2,2,2,2,2,2,2,2,2,2,2,2,2,2,2,2,2,2,2,2,2,8,8,8,8,8,8,8,8,8,8,8,8];3;true;true;2;2;192;[2,3];0.34375;2.9090909090909092
192;192.166;6;48;[1,1,1,1,1,1,2,2,2,2,2,2,2,2,2,2,2,2,2,2,2,4,4,4,4,4,4,4,4,4,4,4,4,4,4,4,8,8,8,8,8,8,8,8,8,8,8,8];4;true;true;2;2;192;[2,3];0.25;4.
192;192.167;6;48;[1,1,1,1,1,1,2,2,2,2,2,2,2,2,2,2,2,2,2,2,2,4,4,4,4,4,4,4,4,4,4,4,4,4,4,4,8,8,8,8,8,8,8,8,8,8,8,8];4;true;true;2;2;192;[2,3];0.25;4.
192;192.168;6;48;[1,1,1,1,1,1,2,2,2,2,2,2,2,2,2,2,2,2,2,2,2,4,4,4,4,4,4,4,4,4,4,4,4,4,4,4,8,8,8,8,8,8,8,8,8,8,8,8];4;true;true;2;2;192;[2,3];0.25;4.
192;192.169;48;120;[1,1,1,1,1,1,1,1,1,1,1,1,1,1,1,1,1,1,1,1,1,1,1,1,1,1,1,1,1,1,1,1,1,1,1,1,1,1,1,1,1,1,1,1,1,1,1,1,2,2,2,2,2,2,2,2,2,2,2,2,2,2,2,2,2,2,2,2,2,2,2,2,2,2,2,2,2,2,2,2,2,2,2,2,2,2,2,2,2,2,2,2,2,2,2,2,2,2,2,2,2,2,2,2,2,2,2,2,2,2,2,2,2,2,2,2,2,2,2,2];2;true;true;2;2;192;[2,3];0.625;1.6000000000000001
192;192.170;24;84;[1,1,1,1,1,1,1,1,1,1,1,1,1,1,1,1,1,1,1,1,1,1,1,1,2,2,2,2,2,2,2,2,2,2,2,2,2,2,2,2,2,2,2,2,2,2,2,2,2,2,2,2,2,2,2,2,2,2,2,2,4,4,4,4,4,4,4,4,4,4,4,4,4,4,4,4,4,4,4,4,4,4,4,4];3;true;true;2;2;192;[2,3];0.4375;2.2857142857142856
192;192.171;6;48;[1,1,1,1,1,1,2,2,2,2,2,2,2,2,2,2,2,2,2,2,2,4,4,4,4,4,4,4,4,4,4,4,4,4,4,4,8,8,8,8,8,8,8,8,8,8,8,8];4;true;true;2;2;192;[2,3];0.25;4.
192;192.172;12;66;[1,1,1,1,1,1,1,1,1,1,1,1,2,2,2,2,2,2,2,2,2,2,2,2,2,2,2,2,2,2,2,2,2,2,2,2,2,2,2,2,2,2,2,2,2,2,2,2,2,2,2,2,2,2,8,8,8,8,8,8,8,8,8,8,8,8];3;true;true;2;2;192;[2,3];0.34375;2.9090909090909092
192;192.173;12;66;[1,1,1,1,1,1,1,1,1,1,1,1,2,2,2,2,2,2,2,2,2,2,2,2,2,2,2,2,2,2,2,2,2,2,2,2,2,2,2,2,2,2,2,2,2,2,2,2,2,2,2,2,2,2,8,8,8,8,8,8,8,8,8,8,8,8];3;true;true;2;2;192;[2,3];0.34375;2.9090909090909092
192;192.174;12;66;[1,1,1,1,1,1,1,1,1,1,1,1,2,2,2,2,2,2,2,2,2,2,2,2,2,2,2,2,2,2,2,2,2,2,2,2,2,2,2,2,2,2,2,2,2,2,2,2,2,2,2,2,2,2,8,8,8,8,8,8,8,8,8,8,8,8];3;true;true;2;2;192;[2,3];0.34375;2.9090909090909092
192;192.175;192;192;[1,1,1,1,1,1,1,1,1,1,1,1,1,1,1,1,1,1,1,1,1,1,1,1,1,1,1,1,1,1,1,1,1,1,1,1,1,1,1,1,1,1,1,1,1,1,1,1,1,1,1,1,1,1,1,1,1,1,1,1,1,1,1,1,1,1,1,1,1,1,1,1,1,1,1,1,1,1,1,1,1,1,1,1,1,1,1,1,1,1,1,1,1,1,1,1,1,1,1,1,1,1,1,1,1,1,1,1,1,1,1,1,1,1,1,1,1,1,1,1,1,1,1,1,1,1,1,1,1,1,1,1,1,1,1,1,1,1,1,1,1,1,1,1,1,1,1,1,1,1,1,1,1,1,1,1,1,1,1,1,1,1,1,1,1,1,1,1,1,1,1,1,1,1,1,1,1,1,1,1,1,1,1,1,1,1,1,1,1,1,1,1];1;true;true;1;1;192;[2,3];1.;1.
192;192.176;48;120;[1,1,1,1,1,1,1,1,1,1,1,1,1,1,1,1,1,1,1,1,1,1,1,1,1,1,1,1,1,1,1,1,1,1,1,1,1,1,1,1,1,1,1,1,1,1,1,1,2,2,2,2,2,2,2,2,2,2,2,2,2,2,2,2,2,2,2,2,2,2,2,2,2,2,2,2,2,2,2,2,2,2,2,2,2,2,2,2,2,2,2,2,2,2,2,2,2,2,2,2,2,2,2,2,2,2,2,2,2,2,2,2,2,2,2,2,2,2,2,2];2;true;true;2;2;192;[2,3];0.625;1.6000000000000001
192;192.177;6;57;[1,1,1,1,1,1,2,2,2,2,2,2,2,2,2,2,2,2,2,2,2,2,2,2,2,2,2,2,2,2,2,2,2,2,2,2,2,2,2,2,2,2,2,2,2,2,2,2,2,2,2,16,16,16,16,16,16];3;true;true;2;2;192;[2,3];0.296875;3.3684210526315788
192;192.178;6;57;[1,1,1,1,1,1,2,2,2,2,2,2,2,2,2,2,2,2,2,2,2,2,2,2,2,2,2,2,2,2,2,2,2,2,2,2,2,2,2,2,2,2,2,2,2,2,2,2,2,2,2,16,16,16,16,16,16];3;true;true;2;2;192;[2,3];0.296875;3.3684210526315788
192;192.179;6;57;[1,1,1,1,1,1,2,2,2,2,2,2,2,2,2,2,2,2,2,2,2,2,2,2,2,2,2,2,2,2,2,2,2,2,2,2,2,2,2,2,2,2,2,2,2,2,2,2,2,2,2,16,16,16,16,16,16];3;true;true;2;2;192;[2,3];0.296875;3.3684210526315788
192;192.180;2;15;[1,1,3,3,6,6,12,12,12,12,12,24,24,32,32];6;false;true;4;2;32;[2,3];0.078125;12.800000000000001
192;192.181;2;15;[1,1,3,3,6,6,12,12,12,12,12,24,24,32,32];6;false;true;4;2;32;[2,3];0.078125;12.800000000000001
192;192.182;2;20;[1,1,3,3,3,3,3,3,6,6,12,12,12,12,12,12,12,12,32,32];5;false;true;3;1;32;[2,3];0.10416666666666667;9.5999999999999996
192;192.183;8;32;[1,1,1,1,1,1,1,1,6,6,6,6,6,6,6,6,6,6,6,6,8,8,8,8,8,8,8,8,12,12,12,12];4;false;true;4;2;32;[2,3];0.16666666666666666;6.
192;192.184;1;11;[1,3,4,12,12,24,24,24,24,32,32];6;false;true;3;2;32;[2,3];0.057291666666666664;17.454545454545453
192;192.185;1;11;[1,3,4,12,12,24,24,24,24,32,32];6;false;true;3;2;32;[2,3];0.057291666666666664;17.454545454545453
192;192.186;8;40;[1,1,1,1,1,1,1,1,3,3,3,3,3,3,3,3,6,6,6,6,6,6,6,6,6,6,6,6,6,6,6,6,8,8,8,8,8,8,8,8];4;false;true;3;1;32;[2,3];0.20833333333333334;4.7999999999999998
192;192.187;8;32;[1,1,1,1,1,1,1,1,6,6,6,6,6,6,6,6,6,6,6,6,8,8,8,8,8,8,8,8,12,12,12,12];4;false;true;4;2;32;[2,3];0.16666666666666666;6.
192;192.188;4;32;[1,1,1,1,3,3,3,3,3,3,3,3,3,3,3,3,3,3,3,3,3,3,3,3,16,16,16,16,16,16,16,16];3;false;true;2;1;64;[2,3];0.16666666666666666;6.
192;192.189;4;24;[1,1,1,1,3,3,3,3,6,6,6,6,6,6,6,6,16,16,16,16,16,16,16,16];4;false;true;3;2;64;[2,3];0.125;8.
192;192.190;4;24;[1,1,1,1,3,3,3,3,6,6,6,6,6,6,6,6,16,16,16,16,16,16,16,16];4;false;true;3;2;64;[2,3];0.125;8.
192;192.191;2;20;[1,1,3,3,4,4,6,6,6,6,12,12,16,16,16,16,16,16,16,16];6;false;true;2;2;64;[2,3];0.10416666666666667;9.5999999999999996
192;192.192;2;20;[1,1,3,3,4,4,6,6,6,6,12,12,16,16,16,16,16,16,16,16];6;false;true;2;2;64;[2,3];0.10416666666666667;9.5999999999999996
192;192.193;2;20;[1,1,3,3,4,4,6,6,6,6,12,12,16,16,16,16,16,16,16,16];6;false;true;2;2;64;[2,3];0.10416666666666667;9.5999999999999996
192;192.194;2;18;[1,1,3,3,4,4,12,12,12,12,16,16,16,16,16,16,16,16];5;false;true;3;2;64;[2,3];0.09375;10.666666666666666
192;192.195;2;18;[1,1,3,3,4,4,12,12,12,12,16,16,16,16,16,16,16,16];5;false;true;3;2;64;[2,3];0.09375;10.666666666666666
192;192.196;2;18;[1,1,3,3,4,4,12,12,12,12,16,16,16,16,16,16,16,16];5;false;true;3;2;64;[2,3];0.09375;10.666666666666666
192;192.197;2;18;[1,1,3,3,4,4,12,12,12,12,16,16,16,16,16,16,16,16];5;false;true;3;2;64;[2,3];0.09375;10.666666666666666
192;192.198;2;18;[1,1,3,3,4,4,12,12,12,12,16,16,16,16,16,16,16,16];5;false;true;3;2;64;[2,3];0.09375;10.666666666666666
192;192.199;2;18;[1,1,3,3,4,4,12,12,12,12,16,16,16,16,16,16,16,16];5;false;true;3;2;64;[2,3];0.09375;10.666666666666666
192;192.200;16;56;[1,1,1,1,1,1,1,1,1,1,1,1,1,1,1,1,4,4,4,4,4,4,4,4,4,4,4,4,4,4,4,4,4,4,4,4,4,4,4,4,4,4,4,4,4,4,4,4,6,6,6,6,6,6,6,6];3;false;true;3;2;64;[2,3];0.29166666666666669;3.4285714285714284
192;192.201;2;16;[1,1,4,4,6,12,12,16,16,16,16,16,16,16,16,24];6;false;true;3;2;64;[2,3];0.083333333333333329;12.
192;192.202;2;16;[1,1,4,4,6,12,12,16,16,16,16,16,16,16,16,24];6;false;true;3;2;64;[2,3];0.083333333333333329;12.
192;192.203;16;64;[1,1,1,1,1,1,1,1,1,1,1,1,1,1,1,1,3,3,3,3,3,3,3,3,3,3,3,3,3,3,3,3,4,4,4,4,4,4,4,4,4,4,4,4,4,4,4,4,4,4,4,4,4,4,4,4,4,4,4,4,4,4,4,4];3;false;true;2;1;64;[2,3];0.33333333333333331;3.
192;192.204;16;56;[1,1,1,1,1,1,1,1,1,1,1,1,1,1,1,1,4,4,4,4,4,4,4,4,4,4,4,4,4,4,4,4,4,4,4,4,4,4,4,4,4,4,4,4,4,4,4,4,6,6,6,6,6,6,6,6];3;false;true;3;2;64;[2,3];0.29166666666666669;3.4285714285714284
192;192.205;8;48;[1,1,1,1,1,1,1,1,2,2,2,2,2,2,2,2,2,2,2,2,4,4,4,4,4,4,4,4,4,4,4,4,4,4,4,4,6,6,6,6,6,6,6,6,12,12,12,12];5;false;true;2;2;96;[2,3];0.25;4.
192;192.206;8;48;[1,1,1,1,1,1,1,1,2,2,2,2,2,2,2,2,2,2,2,2,4,4,4,4,4,4,4,4,4,4,4,4,4,4,4,4,6,6,6,6,6,6,6,6,12,12,12,12];5;false;true;2;2;96;[2,3];0.25;4.
192;192.207;8;60;[1,1,1,1,1,1,1,1,2,2,2,2,2,2,2,2,2,2,2,2,2,2,2,2,2,2,2,2,3,3,3,3,3,3,3,3,4,4,4,4,4,4,4,4,4,4,4,4,6,6,6,6,6,6,6,6,6,6,6,6];5;false;true;2;2;96;[2,3];0.3125;3.2000000000000002
192;192.208;8;60;[1,1,1,1,1,1,1,1,2,2,2,2,2,2,2,2,2,2,2,2,2,2,2,2,2,2,2,2,3,3,3,3,3,3,3,3,4,4,4,4,4,4,4,4,4,4,4,4,6,6,6,6,6,6,6,6,6,6,6,6];5;false;true;2;2;96;[2,3];0.3125;3.2000000000000002
192;192.209;8;48;[1,1,1,1,1,1,1,1,2,2,2,2,2,2,2,2,2,2,2,2,4,4,4,4,4,4,4,4,4,4,4,4,4,4,4,4,6,6,6,6,6,6,6,6,12,12,12,12];5;false;true;2;2;96;[2,3];0.25;4.
192;192.210;8;48;[1,1,1,1,1,1,1,1,2,2,2,2,2,2,2,2,2,2,2,2,4,4,4,4,4,4,4,4,4,4,4,4,4,4,4,4,6,6,6,6,6,6,6,6,12,12,12,12];5;false;true;2;2;96;[2,3];0.25;4.
192;192.211;8;48;[1,1,1,1,1,1,1,1,2,2,2,2,2,2,2,2,2,2,2,2,4,4,4,4,4,4,4,4,4,4,4,4,4,4,4,4,6,6,6,6,6,6,6,6,12,12,12,12];5;false;true;2;2;96;[2,3];0.25;4.
192;192.212;8;48;[1,1,1,1,1,1,1,1,2,2,2,2,2,2,2,2,2,2,2,2,4,4,4,4,4,4,4,4,4,4,4,4,4,4,4,4,6,6,6,6,6,6,6,6,12,12,12,12];5;false;true;2;2;96;[2,3];0.25;4.
192;192.213;8;48;[1,1,1,1,1,1,1,1,2,2,2,2,2,2,2,2,2,2,2,2,4,4,4,4,4,4,4,4,4,4,4,4,4,4,4,4,6,6,6,6,6,6,6,6,12,12,12,12];5;false;true;2;2;96;[2,3];0.25;4.
192;192.214;8;48;[1,1,1,1,1,1,1,1,2,2,2,2,2,2,2,2,2,2,2,2,4,4,4,4,4,4,4,4,4,4,4,4,4,4,4,4,6,6,6,6,6,6,6,6,12,12,12,12];5;false;true;2;2;96;[2,3];0.25;4.
192;192.215;8;42;[1,1,1,1,1,1,1,1,2,2,2,2,2,2,2,2,4,4,4,4,4,4,4,4,4,4,4,4,4,4,4,4,4,4,12,12,12,12,12,12,12,12];4;false;true;2;2;96;[2,3];0.21875;4.5714285714285712
192;192.216;8;42;[1,1,1,1,1,1,1,1,2,2,2,2,2,2,2,2,4,4,4,4,4,4,4,4,4,4,4,4,4,4,4,4,4,4,12,12,12,12,12,12,12,12];4;false;true;2;2;96;[2,3];0.21875;4.5714285714285712
192;192.217;8;42;[1,1,1,1,1,1,1,1,2,2,2,2,2,2,2,2,4,4,4,4,4,4,4,4,4,4,4,4,4,4,4,4,4,4,12,12,12,12,12,12,12,12];4;false;true;2;2;96;[2,3];0.21875;4.5714285714285712
192;192.218;8;42;[1,1,1,1,1,1,1,1,2,2,2,2,2,2,2,2,4,4,4,4,4,4,4,4,4,4,4,4,4,4,4,4,4,4,12,12,12,12,12,12,12,12];4;false;true;2;2;96;[2,3];0.21875;4.5714285714285712
192;192.219;8;42;[1,1,1,1,1,1,1,1,2,2,2,2,2,2,2,2,4,4,4,4,4,4,4,4,4,4,4,4,4,4,4,4,4,4,12,12,12,12,12,12,12,12];4;false;true;2;2;96;[2,3];0.21875;4.5714285714285712
192;192.220;8;42;[1,1,1,1,1,1,1,1,2,2,2,2,2,2,2,2,4,4,4,4,4,4,4,4,4,4,4,4,4,4,4,4,4,4,12,12,12,12,12,12,12,12];4;false;true;2;2;96;[2,3];0.21875;4.5714285714285712
192;192.221;8;42;[1,1,1,1,1,1,1,1,2,2,2,2,2,2,2,2,4,4,4,4,4,4,4,4,4,4,4,4,4,4,4,4,4,4,12,12,12,12,12,12,12,12];4;false;true;2;2;96;[2,3];0.21875;4.5714285714285712
192;192.222;8;60;[1,1,1,1,1,1,1,1,2,2,2,2,2,2,2,2,2,2,2,2,2,2,2,2,2,2,2,2,3,3,3,3,3,3,3,3,4,4,4,4,4,4,4,4,4,4,4,4,6,6,6,6,6,6,6,6,6,6,6,6];5;false;true;2;2;96;[2,3];0.3125;3.2000000000000002
192;192.223;8;48;[1,1,1,1,1,1,1,1,2,2,2,2,2,2,2,2,2,2,2,2,4,4,4,4,4,4,4,4,4,4,4,4,4,4,4,4,6,6,6,6,6,6,6,6,12,12,12,12];5;false;true;2;2;96;[2,3];0.25;4.
192;192.224;8;48;[1,1,1,1,1,1,1,1,2,2,2,2,2,2,2,2,2,2,2,2,4,4,4,4,4,4,4,4,4,4,4,4,4,4,4,4,6,6,6,6,6,6,6,6,12,12,12,12];5;false;true;2;2;96;[2,3];0.25;4.
192;192.225;8;60;[1,1,1,1,1,1,1,1,2,2,2,2,2,2,2,2,2,2,2,2,2,2,2,2,2,2,2,2,3,3,3,3,3,3,3,3,4,4,4,4,4,4,4,4,4,4,4,4,6,6,6,6,6,6,6,6,6,6,6,6];5;false;true;2;2;96;[2,3];0.3125;3.2000000000000002
192;192.226;8;48;[1,1,1,1,1,1,1,1,2,2,2,2,2,2,2,2,2,2,2,2,4,4,4,4,4,4,4,4,4,4,4,4,4,4,4,4,6,6,6,6,6,6,6,6,12,12,12,12];5;false;true;2;2;96;[2,3];0.25;4.
192;192.227;8;48;[1,1,1,1,1,1,1,1,2,2,2,2,2,2,2,2,2,2,2,2,4,4,4,4,4,4,4,4,4,4,4,4,4,4,4,4,6,6,6,6,6,6,6,6,12,12,12,12];5;false;true;2;2;96;[2,3];0.25;4.
192;192.228;8;48;[1,1,1,1,1,1,1,1,2,2,2,2,2,2,2,2,2,2,2,2,4,4,4,4,4,4,4,4,4,4,4,4,4,4,4,4,6,6,6,6,6,6,6,6,12,12,12,12];5;false;true;2;2;96;[2,3];0.25;4.
192;192.229;8;48;[1,1,1,1,1,1,1,1,2,2,2,2,2,2,2,2,2,2,2,2,4,4,4,4,4,4,4,4,4,4,4,4,4,4,4,4,6,6,6,6,6,6,6,6,12,12,12,12];5;false;true;2;2;96;[2,3];0.25;4.
192;192.230;8;42;[1,1,1,1,1,1,1,1,2,2,2,2,2,2,2,2,4,4,4,4,4,4,4,4,4,4,4,4,4,4,4,4,4,4,12,12,12,12,12,12,12,12];4;false;true;2;2;96;[2,3];0.21875;4.5714285714285712
192;192.231;8;42;[1,1,1,1,1,1,1,1,2,2,2,2,2,2,2,2,4,4,4,4,4,4,4,4,4,4,4,4,4,4,4,4,4,4,12,12,12,12,12,12,12,12];4;false;true;2;2;96;[2,3];0.21875;4.5714285714285712
192;192.232;8;42;[1,1,1,1,1,1,1,1,2,2,2,2,2,2,2,2,4,4,4,4,4,4,4,4,4,4,4,4,4,4,4,4,4,4,12,12,12,12,12,12,12,12];4;false;true;2;2;96;[2,3];0.21875;4.5714285714285712
192;192.233;8;42;[1,1,1,1,1,1,1,1,2,2,2,2,2,2,2,2,4,4,4,4,4,4,4,4,4,4,4,4,4,4,4,4,4,4,12,12,12,12,12,12,12,12];4;false;true;2;2;96;[2,3];0.21875;4.5714285714285712
192;192.234;8;42;[1,1,1,1,1,1,1,1,2,2,2,2,2,2,2,2,4,4,4,4,4,4,4,4,4,4,4,4,4,4,4,4,4,4,12,12,12,12,12,12,12,12];4;false;true;2;2;96;[2,3];0.21875;4.5714285714285712
192;192.235;8;42;[1,1,1,1,1,1,1,1,2,2,2,2,2,2,2,2,4,4,4,4,4,4,4,4,4,4,4,4,4,4,4,4,4,4,12,12,12,12,12,12,12,12];4;false;true;2;2;96;[2,3];0.21875;4.5714285714285712
192;192.236;8;42;[1,1,1,1,1,1,1,1,2,2,2,2,2,2,2,2,4,4,4,4,4,4,4,4,4,4,4,4,4,4,4,4,4,4,12,12,12,12,12,12,12,12];4;false;true;2;2;96;[2,3];0.21875;4.5714285714285712
192;192.237;16;72;[1,1,1,1,1,1,1,1,1,1,1,1,1,1,1,1,2,2,2,2,2,2,2,2,2,2,2,2,2,2,2,2,2,2,2,2,2,2,2,2,2,2,2,2,2,2,2,2,2,2,2,2,2,2,2,2,6,6,6,6,6,6,6,6,6,6,6,6,6,6,6,6];3;false;true;2;1;96;[2,3];0.375;2.6666666666666665
192;192.238;8;60;[1,1,1,1,1,1,1,1,2,2,2,2,2,2,2,2,2,2,2,2,2,2,2,2,2,2,2,2,2,2,2,2,2,2,2,2,2,2,2,2,2,2,2,2,2,2,2,2,2,2,2,2,12,12,12,12,12,12,12,12];3;false;true;2;1;96;[2,3];0.3125;3.2000000000000002
192;192.239;4;54;[1,1,1,1,2,2,2,2,2,2,2,2,2,2,2,2,2,2,2,2,2,2,2,2,2,2,2,2,2,2,2,2,2,2,2,2,2,2,2,2,2,2,2,2,2,2,2,2,2,2,24,24,24,24];3;false;true;2;1;96;[2,3];0.28125;3.5555555555555554
192;192.240;4;54;[1,1,1,1,2,2,2,2,2,2,2,2,2,2,2,2,2,2,2,2,2,2,2,2,2,2,2,2,2,2,2,2,2,2,2,2,2,2,2,2,2,2,2,2,2,2,2,2,2,2,24,24,24,24];3;false;true;2;1;96;[2,3];0.28125;3.5555555555555554
192;192.241;4;54;[1,1,1,1,2,2,2,2,2,2,2,2,2,2,2,2,2,2,2,2,2,2,2,2,2,2,2,2,2,2,2,2,2,2,2,2,2,2,2,2,2,2,2,2,2,2,2,2,2,2,24,24,24,24];3;false;true;2;1;96;[2,3];0.28125;3.5555555555555554
192;192.242;4;54;[1,1,1,1,2,2,2,2,2,2,2,2,2,2,2,2,2,2,2,2,2,2,2,2,2,2,2,2,2,2,2,2,2,2,2,2,2,2,2,2,2,2,2,2,2,2,2,2,2,2,24,24,24,24];3;false;true;2;1;96;[2,3];0.28125;3.5555555555555554
192;192.243;32;96;[1,1,1,1,1,1,1,1,1,1,1,1,1,1,1,1,1,1,1,1,1,1,1,1,1,1,1,1,1,1,1,1,2,2,2,2,2,2,2,2,2,2,2,2,2,2,2,2,2,2,2,2,2,2,2,2,2,2,2,2,2,2,2,2,3,3,3,3,3,3,3,3,3,3,3,3,3,3,3,3,3,3,3,3,3,3,3,3,3,3,3,3,3,3,3,3];3;false;true;2;1;96;[2,3];0.5;2.
192;192.244;16;72;[1,1,1,1,1,1,1,1,1,1,1,1,1,1,1,1,2,2,2,2,2,2,2,2,2,2,2,2,2,2,2,2,2,2,2,2,2,2,2,2,2,2,2,2,2,2,2,2,2,2,2,2,2,2,2,2,6,6,6,6,6,6,6,6,6,6,6,6,6,6,6,6];3;false;true;2;1;96;[2,3];0.375;2.6666666666666665
192;192.245;16;72;[1,1,1,1,1,1,1,1,1,1,1,1,1,1,1,1,2,2,2,2,2,2,2,2,2,2,2,2,2,2,2,2,2,2,2,2,2,2,2,2,2,2,2,2,2,2,2,2,2,2,2,2,2,2,2,2,6,6,6,6,6,6,6,6,6,6,6,6,6,6,6,6];3;false;true;2;1;96;[2,3];0.375;2.6666666666666665
192;192.246;16;72;[1,1,1,1,1,1,1,1,1,1,1,1,1,1,1,1,2,2,2,2,2,2,2,2,2,2,2,2,2,2,2,2,2,2,2,2,2,2,2,2,2,2,2,2,2,2,2,2,2,2,2,2,2,2,2,2,6,6,6,6,6,6,6,6,6,6,6,6,6,6,6,6];3;false;true;2;1;96;[2,3];0.375;2.6666666666666665
192;192.247;8;60;[1,1,1,1,1,1,1,1,2,2,2,2,2,2,2,2,2,2,2,2,2,2,2,2,2,2,2,2,2,2,2,2,2,2,2,2,2,2,2,2,2,2,2,2,2,2,2,2,2,2,2,2,12,12,12,12,12,12,12,12];3;false;true;2;1;96;[2,3];0.3125;3.2000000000000002
192;192.248;16;72;[1,1,1,1,1,1,1,1,1,1,1,1,1,1,1,1,2,2,2,2,2,2,2,2,2,2,2,2,2,2,2,2,2,2,2,2,2,2,2,2,2,2,2,2,2,2,2,2,2,2,2,2,2,2,2,2,6,6,6,6,6,6,6,6,6,6,6,6,6,6,6,6];3;false;true;2;1;96;[2,3];0.375;2.6666666666666665
192;192.249;8;60;[1,1,1,1,1,1,1,1,2,2,2,2,2,2,2,2,2,2,2,2,2,2,2,2,2,2,2,2,2,2,2,2,2,2,2,2,2,2,2,2,2,2,2,2,2,2,2,2,2,2,2,2,12,12,12,12,12,12,12,12];3;false;true;2;1;96;[2,3];0.3125;3.2000000000000002
192;192.250;8;60;[1,1,1,1,1,1,1,1,2,2,2,2,2,2,2,2,2,2,2,2,2,2,2,2,2,2,2,2,2,2,2,2,2,2,2,2,2,2,2,2,2,2,2,2,2,2,2,2,2,2,2,2,12,12,12,12,12,12,12,12];3;false;true;2;1;96;[2,3];0.3125;3.2000000000000002
192;192.251;8;60;[1,1,1,1,1,1,1,1,2,2,2,2,2,2,2,2,2,2,2,2,2,2,2,2,2,2,2,2,2,2,2,2,2,2,2,2,2,2,2,2,2,2,2,2,2,2,2,2,2,2,2,2,12,12,12,12,12,12,12,12];3;false;true;2;1;96;[2,3];0.3125;3.2000000000000002
192;192.252;4;54;[1,1,1,1,2,2,2,2,2,2,2,2,2,2,2,2,2,2,2,2,2,2,2,2,2,2,2,2,2,2,2,2,2,2,2,2,2,2,2,2,2,2,2,2,2,2,2,2,2,2,24,24,24,24];3;false;true;2;1;96;[2,3];0.28125;3.5555555555555554
192;192.253;4;54;[1,1,1,1,2,2,2,2,2,2,2,2,2,2,2,2,2,2,2,2,2,2,2,2,2,2,2,2,2,2,2,2,2,2,2,2,2,2,2,2,2,2,2,2,2,2,2,2,2,2,24,24,24,24];3;false;true;2;1;96;[2,3];0.28125;3.5555555555555554
192;192.254;4;54;[1,1,1,1,2,2,2,2,2,2,2,2,2,2,2,2,2,2,2,2,2,2,2,2,2,2,2,2,2,2,2,2,2,2,2,2,2,2,2,2,2,2,2,2,2,2,2,2,2,2,24,24,24,24];3;false;true;2;1;96;[2,3];0.28125;3.5555555555555554
192;192.255;4;54;[1,1,1,1,2,2,2,2,2,2,2,2,2,2,2,2,2,2,2,2,2,2,2,2,2,2,2,2,2,2,2,2,2,2,2,2,2,2,2,2,2,2,2,2,2,2,2,2,2,2,24,24,24,24];3;false;true;2;1;96;[2,3];0.28125;3.5555555555555554
192;192.256;4;54;[1,1,1,1,2,2,2,2,2,2,2,2,2,2,2,2,2,2,2,2,2,2,2,2,2,2,2,2,2,2,2,2,2,2,2,2,2,2,2,2,2,2,2,2,2,2,2,2,2,2,24,24,24,24];3;false;true;2;1;96;[2,3];0.28125;3.5555555555555554
192;192.257;8;60;[1,1,1,1,1,1,1,1,2,2,2,2,2,2,2,2,2,2,2,2,2,2,2,2,2,2,2,2,2,2,2,2,2,2,2,2,2,2,2,2,2,2,2,2,2,2,2,2,2,2,2,2,12,12,12,12,12,12,12,12];3;false;true;2;1;96;[2,3];0.3125;3.2000000000000002
192;192.258;4;54;[1,1,1,1,2,2,2,2,2,2,2,2,2,2,2,2,2,2,2,2,2,2,2,2,2,2,2,2,2,2,2,2,2,2,2,2,2,2,2,2,2,2,2,2,2,2,2,2,2,2,24,24,24,24];3;false;true;2;1;96;[2,3];0.28125;3.5555555555555554
192;192.259;8;60;[1,1,1,1,1,1,1,1,2,2,2,2,2,2,2,2,2,2,2,2,2,2,2,2,2,2,2,2,2,2,2,2,2,2,2,2,2,2,2,2,2,2,2,2,2,2,2,2,2,2,2,2,12,12,12,12,12,12,12,12];3;false;true;2;1;96;[2,3];0.3125;3.2000000000000002
192;192.260;8;48;[1,1,1,1,1,1,1,1,2,2,2,2,2,2,2,2,2,2,2,2,4,4,4,4,4,4,4,4,4,4,4,4,4,4,4,4,6,6,6,6,6,6,6,6,12,12,12,12];5;false;true;2;2;96;[2,3];0.25;4.
192;192.261;4;36;[1,1,1,1,2,2,2,2,2,2,2,2,2,2,4,4,4,4,4,4,4,4,4,4,4,4,4,4,4,4,4,4,24,24,24,24];4;false;true;2;2;96;[2,3];0.1875;5.333333333333333
192;192.262;4;36;[1,1,1,1,2,2,2,2,2,2,2,2,2,2,4,4,4,4,4,4,4,4,4,4,4,4,4,4,4,4,4,4,24,24,24,24];4;false;true;2;2;96;[2,3];0.1875;5.333333333333333
192;192.263;8;60;[1,1,1,1,1,1,1,1,2,2,2,2,2,2,2,2,2,2,2,2,2,2,2,2,2,2,2,2,3,3,3,3,3,3,3,3,4,4,4,4,4,4,4,4,4,4,4,4,6,6,6,6,6,6,6,6,6,6,6,6];5;false;true;2;2;96;[2,3];0.3125;3.2000000000000002
192;192.264;8;48;[1,1,1,1,1,1,1,1,2,2,2,2,2,2,2,2,2,2,2,2,4,4,4,4,4,4,4,4,4,4,4,4,4,4,4,4,6,6,6,6,6,6,6,6,12,12,12,12];5;false;true;2;2;96;[2,3];0.25;4.
192;192.265;8;48;[1,1,1,1,1,1,1,1,2,2,2,2,2,2,2,2,2,2,2,2,4,4,4,4,4,4,4,4,4,4,4,4,4,4,4,4,6,6,6,6,6,6,6,6,12,12,12,12];5;false;true;2;2;96;[2,3];0.25;4.
192;192.266;8;60;[1,1,1,1,1,1,1,1,2,2,2,2,2,2,2,2,2,2,2,2,2,2,2,2,2,2,2,2,3,3,3,3,3,3,3,3,4,4,4,4,4,4,4,4,4,4,4,4,6,6,6,6,6,6,6,6,6,6,6,6];5;false;true;2;2;96;[2,3];0.3125;3.2000000000000002
192;192.267;8;60;[1,1,1,1,1,1,1,1,2,2,2,2,2,2,2,2,2,2,2,2,2,2,2,2,2,2,2,2,3,3,3,3,3,3,3,3,4,4,4,4,4,4,4,4,4,4,4,4,6,6,6,6,6,6,6,6,6,6,6,6];5;false;true;2;2;96;[2,3];0.3125;3.2000000000000002
192;192.268;8;48;[1,1,1,1,1,1,1,1,2,2,2,2,2,2,2,2,2,2,2,2,4,4,4,4,4,4,4,4,4,4,4,4,4,4,4,4,6,6,6,6,6,6,6,6,12,12,12,12];5;false;true;2;2;96;[2,3];0.25;4.
192;192.269;4;42;[1,1,1,1,2,2,2,2,2,2,2,2,2,2,2,2,2,2,4,4,4,4,4,4,4,4,4,4,4,4,4,4,4,4,12,12,12,12,12,12,12,12];4;false;true;2;2;96;[2,3];0.21875;4.5714285714285712
192;192.270;4;42;[1,1,1,1,2,2,2,2,2,2,2,2,2,2,2,2,2,2,4,4,4,4,4,4,4,4,4,4,4,4,4,4,4,4,12,12,12,12,12,12,12,12];4;false;true;2;2;96;[2,3];0.21875;4.5714285714285712
192;192.271;4;36;[1,1,1,1,2,2,2,2,2,2,2,2,2,2,4,4,4,4,4,4,4,4,4,4,4,4,4,4,4,4,4,4,24,24,24,24];4;false;true;2;2;96;[2,3];0.1875;5.333333333333333
192;192.272;4;36;[1,1,1,1,2,2,2,2,2,2,2,2,2,2,4,4,4,4,4,4,4,4,4,4,4,4,4,4,4,4,4,4,24,24,24,24];4;false;true;2;2;96;[2,3];0.1875;5.333333333333333
192;192.273;4;36;[1,1,1,1,2,2,2,2,2,2,2,2,2,2,4,4,4,4,4,4,4,4,4,4,4,4,4,4,4,4,4,4,24,24,24,24];4;false;true;2;2;96;[2,3];0.1875;5.333333333333333
192;192.274;4;36;[1,1,1,1,2,2,2,2,2,2,2,2,2,2,4,4,4,4,4,4,4,4,4,4,4,4,4,4,4,4,4,4,24,24,24,24];4;false;true;2;2;96;[2,3];0.1875;5.333333333333333
192;192.275;4;42;[1,1,1,1,2,2,2,2,2,2,2,2,2,2,2,2,2,2,4,4,4,4,4,4,4,4,4,4,4,4,4,4,4,4,12,12,12,12,12,12,12,12];4;false;true;2;2;96;[2,3];0.21875;4.5714285714285712
192;192.276;4;42;[1,1,1,1,2,2,2,2,2,2,2,2,2,2,2,2,2,2,4,4,4,4,4,4,4,4,4,4,4,4,4,4,4,4,12,12,12,12,12,12,12,12];4;false;true;2;2;96;[2,3];0.21875;4.5714285714285712
192;192.277;8;60;[1,1,1,1,1,1,1,1,2,2,2,2,2,2,2,2,2,2,2,2,2,2,2,2,2,2,2,2,3,3,3,3,3,3,3,3,4,4,4,4,4,4,4,4,4,4,4,4,6,6,6,6,6,6,6,6,6,6,6,6];5;false;true;2;2;96;[2,3];0.3125;3.2000000000000002
192;192.278;8;48;[1,1,1,1,1,1,1,1,2,2,2,2,2,2,2,2,2,2,2,2,4,4,4,4,4,4,4,4,4,4,4,4,4,4,4,4,6,6,6,6,6,6,6,6,12,12,12,12];5;false;true;2;2;96;[2,3];0.25;4.
192;192.279;8;48;[1,1,1,1,1,1,1,1,2,2,2,2,2,2,2,2,2,2,2,2,4,4,4,4,4,4,4,4,4,4,4,4,4,4,4,4,6,6,6,6,6,6,6,6,12,12,12,12];5;false;true;2;2;96;[2,3];0.25;4.
192;192.280;4;39;[1,1,1,1,2,2,2,2,2,2,2,2,2,2,2,2,4,4,4,4,4,4,4,4,4,4,4,4,4,4,4,4,4,12,12,12,12,24,24];5;false;true;2;2;96;[2,3];0.203125;4.9230769230769234
192;192.281;4;39;[1,1,1,1,2,2,2,2,2,2,2,2,2,2,2,2,4,4,4,4,4,4,4,4,4,4,4,4,4,4,4,4,4,12,12,12,12,24,24];5;false;true;2;2;96;[2,3];0.203125;4.9230769230769234
192;192.282;4;39;[1,1,1,1,2,2,2,2,2,2,2,2,2,2,2,2,4,4,4,4,4,4,4,4,4,4,4,4,4,4,4,4,4,12,12,12,12,24,24];5;false;true;2;2;96;[2,3];0.203125;4.9230769230769234
192;192.283;8;60;[1,1,1,1,1,1,1,1,2,2,2,2,2,2,2,2,2,2,2,2,2,2,2,2,2,2,2,2,3,3,3,3,3,3,3,3,4,4,4,4,4,4,4,4,4,4,4,4,6,6,6,6,6,6,6,6,6,6,6,6];5;false;true;2;2;96;[2,3];0.3125;3.2000000000000002
192;192.284;8;60;[1,1,1,1,1,1,1,1,2,2,2,2,2,2,2,2,2,2,2,2,2,2,2,2,2,2,2,2,3,3,3,3,3,3,3,3,4,4,4,4,4,4,4,4,4,4,4,4,6,6,6,6,6,6,6,6,6,6,6,6];5;false;true;2;2;96;[2,3];0.3125;3.2000000000000002
192;192.285;8;48;[1,1,1,1,1,1,1,1,2,2,2,2,2,2,2,2,2,2,2,2,4,4,4,4,4,4,4,4,4,4,4,4,4,4,4,4,6,6,6,6,6,6,6,6,12,12,12,12];5;false;true;2;2;96;[2,3];0.25;4.
192;192.286;8;48;[1,1,1,1,1,1,1,1,2,2,2,2,2,2,2,2,2,2,2,2,4,4,4,4,4,4,4,4,4,4,4,4,4,4,4,4,6,6,6,6,6,6,6,6,12,12,12,12];5;false;true;2;2;96;[2,3];0.25;4.
192;192.287;8;48;[1,1,1,1,1,1,1,1,2,2,2,2,2,2,2,2,2,2,2,2,4,4,4,4,4,4,4,4,4,4,4,4,4,4,4,4,6,6,6,6,6,6,6,6,12,12,12,12];5;false;true;2;2;96;[2,3];0.25;4.
192;192.288;8;48;[1,1,1,1,1,1,1,1,2,2,2,2,2,2,2,2,2,2,2,2,4,4,4,4,4,4,4,4,4,4,4,4,4,4,4,4,6,6,6,6,6,6,6,6,12,12,12,12];5;false;true;2;2;96;[2,3];0.25;4.
192;192.289;8;48;[1,1,1,1,1,1,1,1,2,2,2,2,2,2,2,2,2,2,2,2,4,4,4,4,4,4,4,4,4,4,4,4,4,4,4,4,6,6,6,6,6,6,6,6,12,12,12,12];5;false;true;2;2;96;[2,3];0.25;4.
192;192.290;4;39;[1,1,1,1,2,2,2,2,2,2,2,2,2,2,2,2,4,4,4,4,4,4,4,4,4,4,4,4,4,4,4,4,4,12,12,12,12,24,24];5;false;true;2;2;96;[2,3];0.203125;4.9230769230769234
192;192.291;4;39;[1,1,1,1,2,2,2,2,2,2,2,2,2,2,2,2,4,4,4,4,4,4,4,4,4,4,4,4,4,4,4,4,4,12,12,12,12,24,24];5;false;true;2;2;96;[2,3];0.203125;4.9230769230769234
192;192.292;4;39;[1,1,1,1,2,2,2,2,2,2,2,2,2,2,2,2,4,4,4,4,4,4,4,4,4,4,4,4,4,4,4,4,4,12,12,12,12,24,24];5;false;true;2;2;96;[2,3];0.203125;4.9230769230769234
192;192.293;4;39;[1,1,1,1,2,2,2,2,2,2,2,2,2,2,2,2,4,4,4,4,4,4,4,4,4,4,4,4,4,4,4,4,4,12,12,12,12,24,24];5;false;true;2;2;96;[2,3];0.203125;4.9230769230769234
192;192.294;4;39;[1,1,1,1,2,2,2,2,2,2,2,2,2,2,2,2,4,4,4,4,4,4,4,4,4,4,4,4,4,4,4,4,4,12,12,12,12,24,24];5;false;true;2;2;96;[2,3];0.203125;4.9230769230769234
192;192.295;4;39;[1,1,1,1,2,2,2,2,2,2,2,2,2,2,2,2,4,4,4,4,4,4,4,4,4,4,4,4,4,4,4,4,4,12,12,12,12,24,24];5;false;true;2;2;96;[2,3];0.203125;4.9230769230769234
192;192.296;4;39;[1,1,1,1,2,2,2,2,2,2,2,2,2,2,2,2,4,4,4,4,4,4,4,4,4,4,4,4,4,4,4,4,4,12,12,12,12,24,24];5;false;true;2;2;96;[2,3];0.203125;4.9230769230769234
192;192.297;4;39;[1,1,1,1,2,2,2,2,2,2,2,2,2,2,2,2,4,4,4,4,4,4,4,4,4,4,4,4,4,4,4,4,4,12,12,12,12,24,24];5;false;true;2;2;96;[2,3];0.203125;4.9230769230769234
192;192.298;4;39;[1,1,1,1,2,2,2,2,2,2,2,2,2,2,2,2,4,4,4,4,4,4,4,4,4,4,4,4,4,4,4,4,4,12,12,12,12,24,24];5;false;true;2;2;96;[2,3];0.203125;4.9230769230769234
192;192.299;2;33;[1,1,2,2,2,2,2,3,3,4,4,4,4,4,4,4,4,4,6,6,6,8,8,8,8,8,8,12,12,12,12,12,12];7;false;true;2;2;96;[2,3];0.171875;5.8181818181818183
192;192.300;2;27;[1,1,2,2,2,2,2,4,4,4,4,4,8,8,8,8,8,8,8,8,12,12,12,12,12,12,24];6;false;true;2;2;96;[2,3];0.140625;7.1111111111111107
192;192.301;2;27;[1,1,2,2,2,2,2,4,4,4,4,4,8,8,8,8,8,8,8,8,12,12,12,12,12,12,24];6;false;true;2;2;96;[2,3];0.140625;7.1111111111111107
192;192.302;2;33;[1,1,2,2,2,2,2,3,3,4,4,4,4,4,4,4,4,4,6,6,6,8,8,8,8,8,8,12,12,12,12,12,12];7;false;true;2;2;96;[2,3];0.171875;5.8181818181818183
192;192.303;2;33;[1,1,2,2,2,2,2,3,3,4,4,4,4,4,4,4,4,4,6,6,6,8,8,8,8,8,8,12,12,12,12,12,12];7;false;true;2;2;96;[2,3];0.171875;5.8181818181818183
192;192.304;2;33;[1,1,2,2,2,2,2,3,3,4,4,4,4,4,4,4,4,4,6,6,6,8,8,8,8,8,8,12,12,12,12,12,12];7;false;true;2;2;96;[2,3];0.171875;5.8181818181818183
192;192.305;2;27;[1,1,2,2,2,2,2,4,4,4,4,4,8,8,8,8,8,8,8,8,12,12,12,12,12,12,24];6;false;true;2;2;96;[2,3];0.140625;7.1111111111111107
192;192.306;2;27;[1,1,2,2,2,2,2,4,4,4,4,4,8,8,8,8,8,8,8,8,12,12,12,12,12,12,24];6;false;true;2;2;96;[2,3];0.140625;7.1111111111111107
192;192.307;2;27;[1,1,2,2,2,2,2,4,4,4,4,4,6,6,8,8,8,8,8,8,8,8,12,12,12,24,24];7;false;true;2;2;96;[2,3];0.140625;7.1111111111111107
192;192.308;2;27;[1,1,2,2,2,2,2,4,4,4,4,4,6,6,8,8,8,8,8,8,8,8,12,12,12,24,24];7;false;true;2;2;96;[2,3];0.140625;7.1111111111111107
192;192.309;2;33;[1,1,2,2,2,2,2,3,3,4,4,4,4,4,4,4,4,4,6,6,6,8,8,8,8,8,8,12,12,12,12,12,12];7;false;true;2;2;96;[2,3];0.171875;5.8181818181818183
192;192.310;2;33;[1,1,2,2,2,2,2,3,3,4,4,4,4,4,4,4,4,4,6,6,6,8,8,8,8,8,8,12,12,12,12,12,12];7;false;true;2;2;96;[2,3];0.171875;5.8181818181818183
192;192.311;2;27;[1,1,2,2,2,2,2,4,4,4,4,4,8,8,8,8,8,8,8,8,12,12,12,12,12,12,24];6;false;true;2;2;96;[2,3];0.140625;7.1111111111111107
192;192.312;2;27;[1,1,2,2,2,2,2,4,4,4,4,4,8,8,8,8,8,8,8,8,12,12,12,12,12,12,24];6;false;true;2;2;96;[2,3];0.140625;7.1111111111111107
192;192.313;2;27;[1,1,2,2,2,2,2,4,4,4,4,4,6,6,8,8,8,8,8,8,8,8,12,12,12,24,24];7;false;true;2;2;96;[2,3];0.140625;7.1111111111111107
192;192.314;2;27;[1,1,2,2,2,2,2,4,4,4,4,4,6,6,8,8,8,8,8,8,8,8,12,12,12,24,24];7;false;true;2;2;96;[2,3];0.140625;7.1111111111111107
192;192.315;4;42;[1,1,1,1,2,2,2,2,2,2,2,2,2,2,3,3,3,3,4,4,4,4,4,4,4,4,4,4,6,6,6,6,6,6,8,8,8,8,12,12,12,12];7;false;true;2;2;96;[2,3];0.21875;4.5714285714285712
192;192.316;4;36;[1,1,1,1,2,2,2,2,2,2,4,4,4,4,4,4,4,4,4,4,4,4,6,6,6,6,8,8,8,8,12,12,12,12,12,12];6;false;true;2;2;96;[2,3];0.1875;5.333333333333333
192;192.317;4;42;[1,1,1,1,2,2,2,2,2,2,2,2,2,2,3,3,3,3,4,4,4,4,4,4,4,4,4,4,6,6,6,6,6,6,8,8,8,8,12,12,12,12];7;false;true;2;2;96;[2,3];0.21875;4.5714285714285712
192;192.318;4;33;[1,1,1,1,2,2,2,2,2,2,4,4,4,4,4,4,4,4,4,4,6,6,8,8,8,8,8,12,12,12,12,12,24];7;false;true;2;2;96;[2,3];0.171875;5.8181818181818183
192;192.319;4;36;[1,1,1,1,2,2,2,2,2,2,2,2,2,2,4,4,4,4,4,4,6,6,6,6,6,6,6,6,8,8,8,8,8,8,24,24];6;false;true;2;2;96;[2,3];0.1875;5.333333333333333
192;192.320;4;33;[1,1,1,1,2,2,2,2,2,2,4,4,4,4,4,4,4,4,4,4,6,6,8,8,8,8,8,12,12,12,12,12,24];7;false;true;2;2;96;[2,3];0.171875;5.8181818181818183
192;192.321;4;33;[1,1,1,1,2,2,2,2,2,2,4,4,4,4,4,4,4,4,4,4,6,6,8,8,8,8,8,12,12,12,12,12,24];7;false;true;2;2;96;[2,3];0.171875;5.8181818181818183
192;192.322;4;33;[1,1,1,1,2,2,2,2,2,2,4,4,4,4,4,4,4,4,4,4,6,6,8,8,8,8,8,12,12,12,12,12,24];7;false;true;2;2;96;[2,3];0.171875;5.8181818181818183
192;192.323;4;30;[1,1,1,1,2,2,2,2,2,2,4,4,4,4,4,4,4,4,8,8,8,8,8,8,12,12,12,12,24,24];6;false;true;2;2;96;[2,3];0.15625;6.4000000000000004
192;192.324;4;30;[1,1,1,1,2,2,2,2,2,2,4,4,4,4,4,4,4,4,8,8,8,8,8,8,12,12,12,12,24,24];6;false;true;2;2;96;[2,3];0.15625;6.4000000000000004
192;192.325;4;33;[1,1,1,1,2,2,2,2,2,2,4,4,4,4,4,4,4,4,4,4,6,6,8,8,8,8,8,12,12,12,12,12,24];7;false;true;2;2;96;[2,3];0.171875;5.8181818181818183
192;192.326;4;33;[1,1,1,1,2,2,2,2,2,2,4,4,4,4,4,4,4,4,4,4,6,6,8,8,8,8,8,12,12,12,12,12,24];7;false;true;2;2;96;[2,3];0.171875;5.8181818181818183
192;192.327;4;36;[1,1,1,1,2,2,2,2,2,2,2,2,2,2,4,4,4,4,4,4,6,6,6,6,6,6,6,6,8,8,8,8,8,8,24,24];6;false;true;2;2;96;[2,3];0.1875;5.333333333333333
192;192.328;4;42;[1,1,1,1,2,2,2,2,2,2,2,2,2,2,3,3,3,3,4,4,4,4,4,4,4,4,4,4,6,6,6,6,6,6,8,8,8,8,12,12,12,12];7;false;true;2;2;96;[2,3];0.21875;4.5714285714285712
192;192.329;4;36;[1,1,1,1,2,2,2,2,2,2,4,4,4,4,4,4,4,4,4,4,4,4,6,6,6,6,8,8,8,8,12,12,12,12,12,12];6;false;true;2;2;96;[2,3];0.1875;5.333333333333333
192;192.330;4;36;[1,1,1,1,2,2,2,2,2,2,4,4,4,4,4,4,4,4,4,4,4,4,6,6,6,6,8,8,8,8,12,12,12,12,12,12];6;false;true;2;2;96;[2,3];0.1875;5.333333333333333
192;192.331;4;42;[1,1,1,1,2,2,2,2,2,2,2,2,2,2,3,3,3,3,4,4,4,4,4,4,4,4,4,4,6,6,6,6,6,6,8,8,8,8,12,12,12,12];7;false;true;2;2;96;[2,3];0.21875;4.5714285714285712
192;192.332;4;33;[1,1,1,1,2,2,2,2,2,2,4,4,4,4,4,4,4,4,4,4,6,6,8,8,8,8,8,12,12,12,12,12,24];7;false;true;2;2;96;[2,3];0.171875;5.8181818181818183
192;192.333;4;33;[1,1,1,1,2,2,2,2,2,2,4,4,4,4,4,4,4,4,4,4,6,6,8,8,8,8,8,12,12,12,12,12,24];7;false;true;2;2;96;[2,3];0.171875;5.8181818181818183
192;192.334;4;36;[1,1,1,1,2,2,2,2,2,2,2,2,2,2,4,4,4,4,4,4,6,6,6,6,6,6,6,6,8,8,8,8,8,8,24,24];6;false;true;2;2;96;[2,3];0.1875;5.333333333333333
192;192.335;4;33;[1,1,1,1,2,2,2,2,2,2,4,4,4,4,4,4,4,4,4,4,6,6,8,8,8,8,8,12,12,12,12,12,24];7;false;true;2;2;96;[2,3];0.171875;5.8181818181818183
192;192.336;4;33;[1,1,1,1,2,2,2,2,2,2,4,4,4,4,4,4,4,4,4,4,6,6,8,8,8,8,8,12,12,12,12,12,24];7;false;true;2;2;96;[2,3];0.171875;5.8181818181818183
192;192.337;4;36;[1,1,1,1,2,2,2,2,2,2,2,2,2,2,4,4,4,4,4,4,6,6,6,6,6,6,6,6,8,8,8,8,8,8,24,24];6;false;true;2;2;96;[2,3];0.1875;5.333333333333333
192;192.338;4;33;[1,1,1,1,2,2,2,2,2,2,4,4,4,4,4,4,4,4,4,4,6,6,8,8,8,8,8,12,12,12,12,12,24];7;false;true;2;2;96;[2,3];0.171875;5.8181818181818183
192;192.339;4;30;[1,1,1,1,2,2,2,2,2,2,4,4,4,4,4,4,4,4,8,8,8,8,8,8,12,12,12,12,24,24];6;false;true;2;2;96;[2,3];0.15625;6.4000000000000004
192;192.340;4;33;[1,1,1,1,2,2,2,2,2,2,4,4,4,4,4,4,4,4,4,4,6,6,8,8,8,8,8,12,12,12,12,12,24];7;false;true;2;2;96;[2,3];0.171875;5.8181818181818183
192;192.341;4;30;[1,1,1,1,2,2,2,2,2,2,4,4,4,4,4,4,4,4,8,8,8,8,8,8,12,12,12,12,24,24];6;false;true;2;2;96;[2,3];0.15625;6.4000000000000004
192;192.342;4;33;[1,1,1,1,2,2,2,2,2,2,4,4,4,4,4,4,4,4,4,4,6,6,8,8,8,8,8,12,12,12,12,12,24];7;false;true;2;2;96;[2,3];0.171875;5.8181818181818183
192;192.343;4;33;[1,1,1,1,2,2,2,2,2,2,4,4,4,4,4,4,4,4,4,4,6,6,8,8,8,8,8,12,12,12,12,12,24];7;false;true;2;2;96;[2,3];0.171875;5.8181818181818183
192;192.344;4;36;[1,1,1,1,2,2,2,2,2,2,4,4,4,4,4,4,4,4,4,4,4,4,6,6,6,6,8,8,8,8,12,12,12,12,12,12];6;false;true;2;2;96;[2,3];0.1875;5.333333333333333
192;192.345;4;33;[1,1,1,1,2,2,2,2,2,2,4,4,4,4,4,4,4,4,4,4,6,6,8,8,8,8,8,12,12,12,12,12,24];7;false;true;2;2;96;[2,3];0.171875;5.8181818181818183
192;192.346;4;33;[1,1,1,1,2,2,2,2,2,2,4,4,4,4,4,4,4,4,4,4,6,6,8,8,8,8,8,12,12,12,12,12,24];7;false;true;2;2;96;[2,3];0.171875;5.8181818181818183
192;192.347;4;42;[1,1,1,1,2,2,2,2,2,2,2,2,2,2,3,3,3,3,4,4,4,4,4,4,4,4,4,4,6,6,6,6,6,6,8,8,8,8,12,12,12,12];7;false;true;2;2;96;[2,3];0.21875;4.5714285714285712
192;192.348;4;36;[1,1,1,1,2,2,2,2,2,2,4,4,4,4,4,4,4,4,4,4,4,4,6,6,6,6,8,8,8,8,12,12,12,12,12,12];6;false;true;2;2;96;[2,3];0.1875;5.333333333333333
192;192.349;4;42;[1,1,1,1,2,2,2,2,2,2,2,2,2,2,3,3,3,3,4,4,4,4,4,4,4,4,4,4,6,6,6,6,6,6,8,8,8,8,12,12,12,12];7;false;true;2;2;96;[2,3];0.21875;4.5714285714285712
192;192.350;4;33;[1,1,1,1,2,2,2,2,2,2,4,4,4,4,4,4,4,4,4,4,6,6,8,8,8,8,8,12,12,12,12,12,24];7;false;true;2;2;96;[2,3];0.171875;5.8181818181818183
192;192.351;4;36;[1,1,1,1,2,2,2,2,2,2,2,2,2,2,4,4,4,4,4,4,6,6,6,6,6,6,6,6,8,8,8,8,8,8,24,24];6;false;true;2;2;96;[2,3];0.1875;5.333333333333333
192;192.352;4;33;[1,1,1,1,2,2,2,2,2,2,4,4,4,4,4,4,4,4,4,4,6,6,8,8,8,8,8,12,12,12,12,12,24];7;false;true;2;2;96;[2,3];0.171875;5.8181818181818183
192;192.353;4;30;[1,1,1,1,2,2,2,2,2,2,4,4,4,4,4,4,4,4,8,8,8,8,8,8,12,12,12,12,24,24];6;false;true;2;2;96;[2,3];0.15625;6.4000000000000004
192;192.354;4;33;[1,1,1,1,2,2,2,2,2,2,4,4,4,4,4,4,4,4,4,4,6,6,8,8,8,8,8,12,12,12,12,12,24];7;false;true;2;2;96;[2,3];0.171875;5.8181818181818183
192;192.355;4;33;[1,1,1,1,2,2,2,2,2,2,4,4,4,4,4,4,4,4,4,4,6,6,8,8,8,8,8,12,12,12,12,12,24];7;false;true;2;2;96;[2,3];0.171875;5.8181818181818183
192;192.356;4;30;[1,1,1,1,2,2,2,2,2,2,4,4,4,4,4,4,4,4,8,8,8,8,8,8,12,12,12,12,24,24];6;false;true;2;2;96;[2,3];0.15625;6.4000000000000004
192;192.357;4;33;[1,1,1,1,2,2,2,2,2,2,4,4,4,4,4,4,4,4,4,4,6,6,8,8,8,8,8,12,12,12,12,12,24];7;false;true;2;2;96;[2,3];0.171875;5.8181818181818183
192;192.358;4;33;[1,1,1,1,2,2,2,2,2,2,4,4,4,4,4,4,4,4,4,4,6,6,8,8,8,8,8,12,12,12,12,12,24];7;false;true;2;2;96;[2,3];0.171875;5.8181818181818183
192;192.359;4;36;[1,1,1,1,2,2,2,2,2,2,2,2,2,2,4,4,4,4,4,4,6,6,6,6,6,6,6,6,8,8,8,8,8,8,24,24];6;false;true;2;2;96;[2,3];0.1875;5.333333333333333
192;192.360;4;42;[1,1,1,1,2,2,2,2,2,2,2,2,2,2,3,3,3,3,4,4,4,4,4,4,4,4,4,4,6,6,6,6,6,6,8,8,8,8,12,12,12,12];7;false;true;2;2;96;[2,3];0.21875;4.5714285714285712
192;192.361;4;36;[1,1,1,1,2,2,2,2,2,2,4,4,4,4,4,4,4,4,4,4,4,4,6,6,6,6,8,8,8,8,12,12,12,12,12,12];6;false;true;2;2;96;[2,3];0.1875;5.333333333333333
192;192.362;4;36;[1,1,1,1,2,2,2,2,2,2,4,4,4,4,4,4,4,4,4,4,4,4,6,6,6,6,8,8,8,8,12,12,12,12,12,12];6;false;true;2;2;96;[2,3];0.1875;5.333333333333333
192;192.363;4;42;[1,1,1,1,2,2,2,2,2,2,2,2,2,2,3,3,3,3,4,4,4,4,4,4,4,4,4,4,6,6,6,6,6,6,8,8,8,8,12,12,12,12];7;false;true;2;2;96;[2,3];0.21875;4.5714285714285712
192;192.364;4;33;[1,1,1,1,2,2,2,2,2,2,4,4,4,4,4,4,4,4,4,4,6,6,8,8,8,8,8,12,12,12,12,12,24];7;false;true;2;2;96;[2,3];0.171875;5.8181818181818183
192;192.365;4;33;[1,1,1,1,2,2,2,2,2,2,4,4,4,4,4,4,4,4,4,4,6,6,8,8,8,8,8,12,12,12,12,12,24];7;false;true;2;2;96;[2,3];0.171875;5.8181818181818183
192;192.366;4;36;[1,1,1,1,2,2,2,2,2,2,2,2,2,2,4,4,4,4,4,4,6,6,6,6,6,6,6,6,8,8,8,8,8,8,24,24];6;false;true;2;2;96;[2,3];0.1875;5.333333333333333
192;192.367;4;33;[1,1,1,1,2,2,2,2,2,2,4,4,4,4,4,4,4,4,4,4,6,6,8,8,8,8,8,12,12,12,12,12,24];7;false;true;2;2;96;[2,3];0.171875;5.8181818181818183
192;192.368;4;33;[1,1,1,1,2,2,2,2,2,2,4,4,4,4,4,4,4,4,4,4,6,6,8,8,8,8,8,12,12,12,12,12,24];7;false;true;2;2;96;[2,3];0.171875;5.8181818181818183
192;192.369;4;33;[1,1,1,1,2,2,2,2,2,2,4,4,4,4,4,4,4,4,4,4,6,6,8,8,8,8,8,12,12,12,12,12,24];7;false;true;2;2;96;[2,3];0.171875;5.8181818181818183
192;192.370;4;33;[1,1,1,1,2,2,2,2,2,2,4,4,4,4,4,4,4,4,4,4,6,6,8,8,8,8,8,12,12,12,12,12,24];7;false;true;2;2;96;[2,3];0.171875;5.8181818181818183
192;192.371;4;30;[1,1,1,1,2,2,2,2,2,2,4,4,4,4,4,4,4,4,8,8,8,8,8,8,12,12,12,12,24,24];6;false;true;2;2;96;[2,3];0.15625;6.4000000000000004
192;192.372;4;36;[1,1,1,1,2,2,2,2,2,2,2,2,2,2,4,4,4,4,4,4,6,6,6,6,6,6,6,6,8,8,8,8,8,8,24,24];6;false;true;2;2;96;[2,3];0.1875;5.333333333333333
192;192.373;4;33;[1,1,1,1,2,2,2,2,2,2,4,4,4,4,4,4,4,4,4,4,6,6,8,8,8,8,8,12,12,12,12,12,24];7;false;true;2;2;96;[2,3];0.171875;5.8181818181818183
192;192.374;4;33;[1,1,1,1,2,2,2,2,2,2,4,4,4,4,4,4,4,4,4,4,6,6,8,8,8,8,8,12,12,12,12,12,24];7;false;true;2;2;96;[2,3];0.171875;5.8181818181818183
192;192.375;4;30;[1,1,1,1,2,2,2,2,2,2,4,4,4,4,4,4,4,4,8,8,8,8,8,8,12,12,12,12,24,24];6;false;true;2;2;96;[2,3];0.15625;6.4000000000000004
192;192.376;4;36;[1,1,1,1,2,2,2,2,2,2,4,4,4,4,4,4,4,4,4,4,4,4,6,6,6,6,8,8,8,8,12,12,12,12,12,12];6;false;true;2;2;96;[2,3];0.1875;5.333333333333333
192;192.377;4;33;[1,1,1,1,2,2,2,2,2,2,4,4,4,4,4,4,4,4,4,4,6,6,8,8,8,8,8,12,12,12,12,12,24];7;false;true;2;2;96;[2,3];0.171875;5.8181818181818183
192;192.378;4;33;[1,1,1,1,2,2,2,2,2,2,4,4,4,4,4,4,4,4,4,4,6,6,8,8,8,8,8,12,12,12,12,12,24];7;false;true;2;2;96;[2,3];0.171875;5.8181818181818183
192;192.379;4;42;[1,1,1,1,2,2,2,2,2,2,2,2,2,2,3,3,3,3,4,4,4,4,4,4,4,4,4,4,6,6,6,6,6,6,8,8,8,8,12,12,12,12];7;false;true;2;2;96;[2,3];0.21875;4.5714285714285712
192;192.380;4;36;[1,1,1,1,2,2,2,2,2,2,4,4,4,4,4,4,4,4,4,4,4,4,6,6,6,6,8,8,8,8,12,12,12,12,12,12];6;false;true;2;2;96;[2,3];0.1875;5.333333333333333
192;192.381;2;30;[1,1,2,2,2,2,2,2,2,4,4,4,4,4,4,4,4,4,4,8,8,8,8,8,12,12,12,12,24,24];6;false;true;2;2;96;[2,3];0.15625;6.4000000000000004
192;192.382;4;36;[1,1,1,1,2,2,2,2,2,2,4,4,4,4,4,4,4,4,4,4,4,4,6,6,6,6,8,8,8,8,12,12,12,12,12,12];6;false;true;2;2;96;[2,3];0.1875;5.333333333333333
192;192.383;4;42;[1,1,1,1,2,2,2,2,2,2,2,2,2,2,3,3,3,3,4,4,4,4,4,4,4,4,4,4,6,6,6,6,6,6,8,8,8,8,12,12,12,12];7;false;true;2;2;96;[2,3];0.21875;4.5714285714285712
192;192.384;2;30;[1,1,2,2,2,2,2,2,2,4,4,4,4,4,4,4,4,4,4,8,8,8,8,8,12,12,12,12,24,24];6;false;true;2;2;96;[2,3];0.15625;6.4000000000000004
192;192.385;2;30;[1,1,2,2,2,2,2,2,2,4,4,4,4,4,4,4,4,4,4,8,8,8,8,8,12,12,12,12,24,24];6;false;true;2;2;96;[2,3];0.15625;6.4000000000000004
192;192.386;2;30;[1,1,2,2,2,2,2,2,2,4,4,4,4,4,4,4,4,4,4,8,8,8,8,8,12,12,12,12,24,24];6;false;true;2;2;96;[2,3];0.15625;6.4000000000000004
192;192.387;8;48;[1,1,1,1,1,1,1,1,2,2,2,2,2,2,2,2,2,2,2,2,4,4,4,4,4,4,4,4,4,4,4,4,4,4,4,4,6,6,6,6,6,6,6,6,12,12,12,12];5;false;true;2;2;96;[2,3];0.25;4.
192;192.388;4;39;[1,1,1,1,2,2,2,2,2,2,2,2,2,2,2,2,4,4,4,4,4,4,4,4,4,4,4,4,4,4,4,4,4,12,12,12,12,24,24];5;false;true;2;2;96;[2,3];0.203125;4.9230769230769234
192;192.389;8;60;[1,1,1,1,1,1,1,1,2,2,2,2,2,2,2,2,2,2,2,2,2,2,2,2,2,2,2,2,3,3,3,3,3,3,3,3,4,4,4,4,4,4,4,4,4,4,4,4,6,6,6,6,6,6,6,6,6,6,6,6];5;false;true;2;2;96;[2,3];0.3125;3.2000000000000002
192;192.390;8;48;[1,1,1,1,1,1,1,1,2,2,2,2,2,2,2,2,2,2,2,2,4,4,4,4,4,4,4,4,4,4,4,4,4,4,4,4,6,6,6,6,6,6,6,6,12,12,12,12];5;false;true;2;2;96;[2,3];0.25;4.
192;192.391;8;60;[1,1,1,1,1,1,1,1,2,2,2,2,2,2,2,2,2,2,2,2,2,2,2,2,2,2,2,2,3,3,3,3,3,3,3,3,4,4,4,4,4,4,4,4,4,4,4,4,6,6,6,6,6,6,6,6,6,6,6,6];5;false;true;2;2;96;[2,3];0.3125;3.2000000000000002
192;192.392;8;60;[1,1,1,1,1,1,1,1,2,2,2,2,2,2,2,2,2,2,2,2,2,2,2,2,2,2,2,2,3,3,3,3,3,3,3,3,4,4,4,4,4,4,4,4,4,4,4,4,6,6,6,6,6,6,6,6,6,6,6,6];5;false;true;2;2;96;[2,3];0.3125;3.2000000000000002
192;192.393;8;60;[1,1,1,1,1,1,1,1,2,2,2,2,2,2,2,2,2,2,2,2,2,2,2,2,2,2,2,2,3,3,3,3,3,3,3,3,4,4,4,4,4,4,4,4,4,4,4,4,6,6,6,6,6,6,6,6,6,6,6,6];5;false;true;2;2;96;[2,3];0.3125;3.2000000000000002
192;192.394;8;48;[1,1,1,1,1,1,1,1,2,2,2,2,2,2,2,2,2,2,2,2,4,4,4,4,4,4,4,4,4,4,4,4,4,4,4,4,6,6,6,6,6,6,6,6,12,12,12,12];5;false;true;2;2;96;[2,3];0.25;4.
192;192.395;8;48;[1,1,1,1,1,1,1,1,2,2,2,2,2,2,2,2,2,2,2,2,4,4,4,4,4,4,4,4,4,4,4,4,4,4,4,4,6,6,6,6,6,6,6,6,12,12,12,12];5;false;true;2;2;96;[2,3];0.25;4.
192;192.396;8;48;[1,1,1,1,1,1,1,1,2,2,2,2,2,2,2,2,2,2,2,2,4,4,4,4,4,4,4,4,4,4,4,4,4,4,4,4,6,6,6,6,6,6,6,6,12,12,12,12];5;false;true;2;2;96;[2,3];0.25;4.
192;192.397;8;48;[1,1,1,1,1,1,1,1,2,2,2,2,2,2,2,2,2,2,2,2,4,4,4,4,4,4,4,4,4,4,4,4,4,4,4,4,6,6,6,6,6,6,6,6,12,12,12,12];5;false;true;2;2;96;[2,3];0.25;4.
192;192.398;8;48;[1,1,1,1,1,1,1,1,2,2,2,2,2,2,2,2,2,2,2,2,4,4,4,4,4,4,4,4,4,4,4,4,4,4,4,4,6,6,6,6,6,6,6,6,12,12,12,12];5;false;true;2;2;96;[2,3];0.25;4.
192;192.399;8;48;[1,1,1,1,1,1,1,1,2,2,2,2,2,2,2,2,2,2,2,2,4,4,4,4,4,4,4,4,4,4,4,4,4,4,4,4,6,6,6,6,6,6,6,6,12,12,12,12];5;false;true;2;2;96;[2,3];0.25;4.
192;192.400;4;39;[1,1,1,1,2,2,2,2,2,2,2,2,2,2,2,2,4,4,4,4,4,4,4,4,4,4,4,4,4,4,4,4,4,12,12,12,12,24,24];5;false;true;2;2;96;[2,3];0.203125;4.9230769230769234
192;192.401;4;39;[1,1,1,1,2,2,2,2,2,2,2,2,2,2,2,2,4,4,4,4,4,4,4,4,4,4,4,4,4,4,4,4,4,12,12,12,12,24,24];5;false;true;2;2;96;[2,3];0.203125;4.9230769230769234
192;192.402;4;39;[1,1,1,1,2,2,2,2,2,2,2,2,2,2,2,2,4,4,4,4,4,4,4,4,4,4,4,4,4,4,4,4,4,12,12,12,12,24,24];5;false;true;2;2;96;[2,3];0.203125;4.9230769230769234
192;192.403;4;39;[1,1,1,1,2,2,2,2,2,2,2,2,2,2,2,2,4,4,4,4,4,4,4,4,4,4,4,4,4,4,4,4,4,12,12,12,12,24,24];5;false;true;2;2;96;[2,3];0.203125;4.9230769230769234
192;192.404;4;39;[1,1,1,1,2,2,2,2,2,2,2,2,2,2,2,2,4,4,4,4,4,4,4,4,4,4,4,4,4,4,4,4,4,12,12,12,12,24,24];5;false;true;2;2;96;[2,3];0.203125;4.9230769230769234
192;192.405;4;39;[1,1,1,1,2,2,2,2,2,2,2,2,2,2,2,2,4,4,4,4,4,4,4,4,4,4,4,4,4,4,4,4,4,12,12,12,12,24,24];5;false;true;2;2;96;[2,3];0.203125;4.9230769230769234
192;192.406;4;39;[1,1,1,1,2,2,2,2,2,2,2,2,2,2,2,2,4,4,4,4,4,4,4,4,4,4,4,4,4,4,4,4,4,12,12,12,12,24,24];5;false;true;2;2;96;[2,3];0.203125;4.9230769230769234
192;192.407;4;39;[1,1,1,1,2,2,2,2,2,2,2,2,2,2,2,2,4,4,4,4,4,4,4,4,4,4,4,4,4,4,4,4,4,12,12,12,12,24,24];5;false;true;2;2;96;[2,3];0.203125;4.9230769230769234
192;192.408;4;39;[1,1,1,1,2,2,2,2,2,2,2,2,2,2,2,2,4,4,4,4,4,4,4,4,4,4,4,4,4,4,4,4,4,12,12,12,12,24,24];5;false;true;2;2;96;[2,3];0.203125;4.9230769230769234
192;192.409;4;39;[1,1,1,1,2,2,2,2,2,2,2,2,2,2,2,2,4,4,4,4,4,4,4,4,4,4,4,4,4,4,4,4,4,12,12,12,12,24,24];5;false;true;2;2;96;[2,3];0.203125;4.9230769230769234
192;192.410;4;39;[1,1,1,1,2,2,2,2,2,2,2,2,2,2,2,2,4,4,4,4,4,4,4,4,4,4,4,4,4,4,4,4,4,12,12,12,12,24,24];5;false;true;2;2;96;[2,3];0.203125;4.9230769230769234
192;192.411;4;42;[1,1,1,1,2,2,2,2,2,2,2,2,2,2,3,3,3,3,4,4,4,4,4,4,4,4,4,4,6,6,6,6,6,6,8,8,8,8,12,12,12,12];7;false;true;2;2;96;[2,3];0.21875;4.5714285714285712
192;192.412;4;36;[1,1,1,1,2,2,2,2,2,2,4,4,4,4,4,4,4,4,4,4,4,4,6,6,6,6,8,8,8,8,12,12,12,12,12,12];6;false;true;2;2;96;[2,3];0.1875;5.333333333333333
192;192.413;4;33;[1,1,1,1,2,2,2,2,2,2,4,4,4,4,4,4,4,4,4,4,6,6,8,8,8,8,8,12,12,12,12,12,24];7;false;true;2;2;96;[2,3];0.171875;5.8181818181818183
192;192.414;4;36;[1,1,1,1,2,2,2,2,2,2,2,2,2,2,4,4,4,4,4,4,6,6,6,6,6,6,6,6,8,8,8,8,8,8,24,24];6;false;true;2;2;96;[2,3];0.1875;5.333333333333333
192;192.415;4;30;[1,1,1,1,2,2,2,2,2,2,4,4,4,4,4,4,4,4,8,8,8,8,8,8,12,12,12,12,24,24];6;false;true;2;2;96;[2,3];0.15625;6.4000000000000004
192;192.416;4;33;[1,1,1,1,2,2,2,2,2,2,4,4,4,4,4,4,4,4,4,4,6,6,8,8,8,8,8,12,12,12,12,12,24];7;false;true;2;2;96;[2,3];0.171875;5.8181818181818183
192;192.417;4;36;[1,1,1,1,2,2,2,2,2,2,2,2,2,2,4,4,4,4,4,4,6,6,6,6,6,6,6,6,8,8,8,8,8,8,24,24];6;false;true;2;2;96;[2,3];0.1875;5.333333333333333
192;192.418;4;42;[1,1,1,1,2,2,2,2,2,2,2,2,2,2,3,3,3,3,4,4,4,4,4,4,4,4,4,4,6,6,6,6,6,6,8,8,8,8,12,12,12,12];7;false;true;2;2;96;[2,3];0.21875;4.5714285714285712
192;192.419;4;42;[1,1,1,1,2,2,2,2,2,2,2,2,2,2,3,3,3,3,4,4,4,4,4,4,4,4,4,4,6,6,6,6,6,6,8,8,8,8,12,12,12,12];7;false;true;2;2;96;[2,3];0.21875;4.5714285714285712
192;192.420;4;36;[1,1,1,1,2,2,2,2,2,2,4,4,4,4,4,4,4,4,4,4,4,4,6,6,6,6,8,8,8,8,12,12,12,12,12,12];6;false;true;2;2;96;[2,3];0.1875;5.333333333333333
192;192.421;4;33;[1,1,1,1,2,2,2,2,2,2,4,4,4,4,4,4,4,4,4,4,6,6,8,8,8,8,8,12,12,12,12,12,24];7;false;true;2;2;96;[2,3];0.171875;5.8181818181818183
192;192.422;4;33;[1,1,1,1,2,2,2,2,2,2,4,4,4,4,4,4,4,4,4,4,6,6,8,8,8,8,8,12,12,12,12,12,24];7;false;true;2;2;96;[2,3];0.171875;5.8181818181818183
192;192.423;4;36;[1,1,1,1,2,2,2,2,2,2,2,2,2,2,4,4,4,4,4,4,6,6,6,6,6,6,6,6,8,8,8,8,8,8,24,24];6;false;true;2;2;96;[2,3];0.1875;5.333333333333333
192;192.424;4;30;[1,1,1,1,2,2,2,2,2,2,4,4,4,4,4,4,4,4,8,8,8,8,8,8,12,12,12,12,24,24];6;false;true;2;2;96;[2,3];0.15625;6.4000000000000004
192;192.425;4;33;[1,1,1,1,2,2,2,2,2,2,4,4,4,4,4,4,4,4,4,4,6,6,8,8,8,8,8,12,12,12,12,12,24];7;false;true;2;2;96;[2,3];0.171875;5.8181818181818183
192;192.426;4;30;[1,1,1,1,2,2,2,2,2,2,4,4,4,4,4,4,4,4,8,8,8,8,8,8,12,12,12,12,24,24];6;false;true;2;2;96;[2,3];0.15625;6.4000000000000004
192;192.427;4;33;[1,1,1,1,2,2,2,2,2,2,4,4,4,4,4,4,4,4,4,4,6,6,8,8,8,8,8,12,12,12,12,12,24];7;false;true;2;2;96;[2,3];0.171875;5.8181818181818183
192;192.428;4;36;[1,1,1,1,2,2,2,2,2,2,4,4,4,4,4,4,4,4,4,4,4,4,6,6,6,6,8,8,8,8,12,12,12,12,12,12];6;false;true;2;2;96;[2,3];0.1875;5.333333333333333
192;192.429;4;33;[1,1,1,1,2,2,2,2,2,2,4,4,4,4,4,4,4,4,4,4,6,6,8,8,8,8,8,12,12,12,12,12,24];7;false;true;2;2;96;[2,3];0.171875;5.8181818181818183
192;192.430;4;33;[1,1,1,1,2,2,2,2,2,2,4,4,4,4,4,4,4,4,4,4,6,6,8,8,8,8,8,12,12,12,12,12,24];7;false;true;2;2;96;[2,3];0.171875;5.8181818181818183
192;192.431;4;42;[1,1,1,1,2,2,2,2,2,2,2,2,2,2,3,3,3,3,4,4,4,4,4,4,4,4,4,4,6,6,6,6,6,6,8,8,8,8,12,12,12,12];7;false;true;2;2;96;[2,3];0.21875;4.5714285714285712
192;192.432;4;42;[1,1,1,1,2,2,2,2,2,2,2,2,2,2,3,3,3,3,4,4,4,4,4,4,4,4,4,4,6,6,6,6,6,6,8,8,8,8,12,12,12,12];7;false;true;2;2;96;[2,3];0.21875;4.5714285714285712
192;192.433;4;36;[1,1,1,1,2,2,2,2,2,2,2,2,2,2,4,4,4,4,4,4,6,6,6,6,6,6,6,6,8,8,8,8,8,8,24,24];6;false;true;2;2;96;[2,3];0.1875;5.333333333333333
192;192.434;4;33;[1,1,1,1,2,2,2,2,2,2,4,4,4,4,4,4,4,4,4,4,6,6,8,8,8,8,8,12,12,12,12,12,24];7;false;true;2;2;96;[2,3];0.171875;5.8181818181818183
192;192.435;4;30;[1,1,1,1,2,2,2,2,2,2,4,4,4,4,4,4,4,4,8,8,8,8,8,8,12,12,12,12,24,24];6;false;true;2;2;96;[2,3];0.15625;6.4000000000000004
192;192.436;4;33;[1,1,1,1,2,2,2,2,2,2,4,4,4,4,4,4,4,4,4,4,6,6,8,8,8,8,8,12,12,12,12,12,24];7;false;true;2;2;96;[2,3];0.171875;5.8181818181818183
192;192.437;4;36;[1,1,1,1,2,2,2,2,2,2,2,2,2,2,4,4,4,4,4,4,6,6,6,6,6,6,6,6,8,8,8,8,8,8,24,24];6;false;true;2;2;96;[2,3];0.1875;5.333333333333333
192;192.438;4;42;[1,1,1,1,2,2,2,2,2,2,2,2,2,2,3,3,3,3,4,4,4,4,4,4,4,4,4,4,6,6,6,6,6,6,8,8,8,8,12,12,12,12];7;false;true;2;2;96;[2,3];0.21875;4.5714285714285712
192;192.439;4;42;[1,1,1,1,2,2,2,2,2,2,2,2,2,2,3,3,3,3,4,4,4,4,4,4,4,4,4,4,6,6,6,6,6,6,8,8,8,8,12,12,12,12];7;false;true;2;2;96;[2,3];0.21875;4.5714285714285712
192;192.440;4;36;[1,1,1,1,2,2,2,2,2,2,4,4,4,4,4,4,4,4,4,4,4,4,6,6,6,6,8,8,8,8,12,12,12,12,12,12];6;false;true;2;2;96;[2,3];0.1875;5.333333333333333
192;192.441;4;33;[1,1,1,1,2,2,2,2,2,2,4,4,4,4,4,4,4,4,4,4,6,6,8,8,8,8,8,12,12,12,12,12,24];7;false;true;2;2;96;[2,3];0.171875;5.8181818181818183
192;192.442;4;36;[1,1,1,1,2,2,2,2,2,2,2,2,2,2,4,4,4,4,4,4,6,6,6,6,6,6,6,6,8,8,8,8,8,8,24,24];6;false;true;2;2;96;[2,3];0.1875;5.333333333333333
192;192.443;4;33;[1,1,1,1,2,2,2,2,2,2,4,4,4,4,4,4,4,4,4,4,6,6,8,8,8,8,8,12,12,12,12,12,24];7;false;true;2;2;96;[2,3];0.171875;5.8181818181818183
192;192.444;4;33;[1,1,1,1,2,2,2,2,2,2,4,4,4,4,4,4,4,4,4,4,6,6,8,8,8,8,8,12,12,12,12,12,24];7;false;true;2;2;96;[2,3];0.171875;5.8181818181818183
192;192.445;4;30;[1,1,1,1,2,2,2,2,2,2,4,4,4,4,4,4,4,4,8,8,8,8,8,8,12,12,12,12,24,24];6;false;true;2;2;96;[2,3];0.15625;6.4000000000000004
192;192.446;4;36;[1,1,1,1,2,2,2,2,2,2,2,2,2,2,4,4,4,4,4,4,6,6,6,6,6,6,6,6,8,8,8,8,8,8,24,24];6;false;true;2;2;96;[2,3];0.1875;5.333333333333333
192;192.447;4;33;[1,1,1,1,2,2,2,2,2,2,4,4,4,4,4,4,4,4,4,4,6,6,8,8,8,8,8,12,12,12,12,12,24];7;false;true;2;2;96;[2,3];0.171875;5.8181818181818183
192;192.448;4;36;[1,1,1,1,2,2,2,2,2,2,4,4,4,4,4,4,4,4,4,4,4,4,6,6,6,6,8,8,8,8,12,12,12,12,12,12];6;false;true;2;2;96;[2,3];0.1875;5.333333333333333
192;192.449;4;33;[1,1,1,1,2,2,2,2,2,2,4,4,4,4,4,4,4,4,4,4,6,6,8,8,8,8,8,12,12,12,12,12,24];7;false;true;2;2;96;[2,3];0.171875;5.8181818181818183
192;192.450;4;33;[1,1,1,1,2,2,2,2,2,2,4,4,4,4,4,4,4,4,4,4,6,6,8,8,8,8,8,12,12,12,12,12,24];7;false;true;2;2;96;[2,3];0.171875;5.8181818181818183
192;192.451;4;42;[1,1,1,1,2,2,2,2,2,2,2,2,2,2,3,3,3,3,4,4,4,4,4,4,4,4,4,4,6,6,6,6,6,6,8,8,8,8,12,12,12,12];7;false;true;2;2;96;[2,3];0.21875;4.5714285714285712
192;192.452;4;36;[1,1,1,1,2,2,2,2,2,2,4,4,4,4,4,4,4,4,4,4,4,4,6,6,6,6,8,8,8,8,12,12,12,12,12,12];6;false;true;2;2;96;[2,3];0.1875;5.333333333333333
192;192.453;4;36;[1,1,1,1,2,2,2,2,2,2,4,4,4,4,4,4,4,4,4,4,4,4,6,6,6,6,8,8,8,8,12,12,12,12,12,12];6;false;true;2;2;96;[2,3];0.1875;5.333333333333333
192;192.454;4;42;[1,1,1,1,2,2,2,2,2,2,2,2,2,2,3,3,3,3,4,4,4,4,4,4,4,4,4,4,6,6,6,6,6,6,8,8,8,8,12,12,12,12];7;false;true;2;2;96;[2,3];0.21875;4.5714285714285712
192;192.455;2;30;[1,1,2,2,2,2,2,2,2,2,2,4,4,4,4,4,4,4,8,8,8,8,8,8,12,12,12,12,24,24];6;false;true;2;2;96;[2,3];0.15625;6.4000000000000004
192;192.456;2;30;[1,1,2,2,2,2,2,2,2,2,2,4,4,4,4,4,4,4,8,8,8,8,8,8,12,12,12,12,24,24];6;false;true;2;2;96;[2,3];0.15625;6.4000000000000004
192;192.457;2;30;[1,1,2,2,2,2,2,2,2,2,2,4,4,4,4,4,4,4,8,8,8,8,8,8,12,12,12,12,24,24];6;false;true;2;2;96;[2,3];0.15625;6.4000000000000004
192;192.458;32;96;[1,1,1,1,1,1,1,1,1,1,1,1,1,1,1,1,1,1,1,1,1,1,1,1,1,1,1,1,1,1,1,1,2,2,2,2,2,2,2,2,2,2,2,2,2,2,2,2,2,2,2,2,2,2,2,2,2,2,2,2,2,2,2,2,3,3,3,3,3,3,3,3,3,3,3,3,3,3,3,3,3,3,3,3,3,3,3,3,3,3,3,3,3,3,3,3];3;false;true;2;1;96;[2,3];0.5;2.
192;192.459;16;72;[1,1,1,1,1,1,1,1,1,1,1,1,1,1,1,1,2,2,2,2,2,2,2,2,2,2,2,2,2,2,2,2,2,2,2,2,2,2,2,2,2,2,2,2,2,2,2,2,2,2,2,2,2,2,2,2,6,6,6,6,6,6,6,6,6,6,6,6,6,6,6,6];3;false;true;2;1;96;[2,3];0.375;2.6666666666666665
192;192.460;16;72;[1,1,1,1,1,1,1,1,1,1,1,1,1,1,1,1,2,2,2,2,2,2,2,2,2,2,2,2,2,2,2,2,2,2,2,2,2,2,2,2,2,2,2,2,2,2,2,2,2,2,2,2,2,2,2,2,6,6,6,6,6,6,6,6,6,6,6,6,6,6,6,6];3;false;true;2;1;96;[2,3];0.375;2.6666666666666665
192;192.461;4;54;[1,1,1,1,2,2,2,2,2,2,2,2,2,2,2,2,2,2,2,2,2,2,2,2,2,2,2,2,2,2,2,2,2,2,2,2,2,2,2,2,2,2,2,2,2,2,2,2,2,2,24,24,24,24];3;false;true;2;1;96;[2,3];0.28125;3.5555555555555554
192;192.462;4;54;[1,1,1,1,2,2,2,2,2,2,2,2,2,2,2,2,2,2,2,2,2,2,2,2,2,2,2,2,2,2,2,2,2,2,2,2,2,2,2,2,2,2,2,2,2,2,2,2,2,2,24,24,24,24];3;false;true;2;1;96;[2,3];0.28125;3.5555555555555554
192;192.463;4;54;[1,1,1,1,2,2,2,2,2,2,2,2,2,2,2,2,2,2,2,2,2,2,2,2,2,2,2,2,2,2,2,2,2,2,2,2,2,2,2,2,2,2,2,2,2,2,2,2,2,2,24,24,24,24];3;false;true;2;1;96;[2,3];0.28125;3.5555555555555554
192;192.464;4;54;[1,1,1,1,2,2,2,2,2,2,2,2,2,2,2,2,2,2,2,2,2,2,2,2,2,2,2,2,2,2,2,2,2,2,2,2,2,2,2,2,2,2,2,2,2,2,2,2,2,2,24,24,24,24];3;false;true;2;1;96;[2,3];0.28125;3.5555555555555554
192;192.465;8;60;[1,1,1,1,1,1,1,1,2,2,2,2,2,2,2,2,2,2,2,2,2,2,2,2,2,2,2,2,3,3,3,3,3,3,3,3,4,4,4,4,4,4,4,4,4,4,4,4,6,6,6,6,6,6,6,6,6,6,6,6];5;false;true;2;2;96;[2,3];0.3125;3.2000000000000002
192;192.466;8;60;[1,1,1,1,1,1,1,1,2,2,2,2,2,2,2,2,2,2,2,2,2,2,2,2,2,2,2,2,3,3,3,3,3,3,3,3,4,4,4,4,4,4,4,4,4,4,4,4,6,6,6,6,6,6,6,6,6,6,6,6];5;false;true;2;2;96;[2,3];0.3125;3.2000000000000002
192;192.467;2;36;[1,1,2,2,2,2,2,2,2,2,2,2,2,2,2,4,4,4,4,4,4,4,4,4,4,4,4,4,4,4,4,4,24,24,24,24];4;false;true;2;2;96;[2,3];0.1875;5.333333333333333
192;192.468;2;36;[1,1,2,2,2,2,2,2,2,2,2,2,2,2,2,4,4,4,4,4,4,4,4,4,4,4,4,4,4,4,4,4,24,24,24,24];4;false;true;2;2;96;[2,3];0.1875;5.333333333333333
192;192.469;2;33;[1,1,2,2,2,2,2,2,2,2,2,3,3,4,4,4,4,4,4,4,6,6,6,6,6,6,6,8,8,16,16,24,24];8;false;true;2;2;96;[2,3];0.171875;5.8181818181818183
192;192.470;2;27;[1,1,2,2,2,2,2,4,4,4,4,4,4,4,4,4,6,6,8,8,12,12,12,16,16,24,24];8;false;true;2;2;96;[2,3];0.140625;7.1111111111111107
192;192.471;2;33;[1,1,2,2,2,2,2,2,2,2,2,3,3,4,4,4,4,4,4,4,6,6,6,6,6,6,6,8,8,16,16,24,24];8;false;true;2;2;96;[2,3];0.171875;5.8181818181818183
192;192.472;2;33;[1,1,2,2,2,2,2,2,2,2,2,3,3,4,4,4,4,4,4,4,6,6,6,6,6,6,6,8,8,16,16,24,24];8;false;true;2;2;96;[2,3];0.171875;5.8181818181818183
192;192.473;2;27;[1,1,2,2,2,2,2,4,4,4,4,4,4,4,4,4,6,6,8,8,12,12,12,16,16,24,24];8;false;true;2;2;96;[2,3];0.140625;7.1111111111111107
192;192.474;2;27;[1,1,2,2,2,2,2,4,4,4,4,4,4,4,4,4,6,6,8,8,12,12,12,16,16,24,24];8;false;true;2;2;96;[2,3];0.140625;7.1111111111111107
192;192.475;2;33;[1,1,2,2,2,2,2,2,2,2,2,3,3,4,4,4,4,4,4,4,6,6,6,6,6,6,6,8,8,16,16,24,24];8;false;true;2;2;96;[2,3];0.171875;5.8181818181818183
192;192.476;2;33;[1,1,2,2,2,2,2,2,2,2,2,3,3,4,4,4,4,4,4,4,6,6,6,6,6,6,6,8,8,16,16,24,24];8;false;true;2;2;96;[2,3];0.171875;5.8181818181818183
192;192.477;2;27;[1,1,2,2,2,2,2,4,4,4,4,4,4,4,4,4,6,6,8,8,12,12,12,16,16,24,24];8;false;true;2;2;96;[2,3];0.140625;7.1111111111111107
192;192.478;2;33;[1,1,2,2,2,2,2,2,2,2,2,3,3,4,4,4,4,4,4,4,6,6,6,6,6,6,6,8,8,16,16,24,24];8;false;true;2;2;96;[2,3];0.171875;5.8181818181818183
192;192.479;32;96;[1,1,1,1,1,1,1,1,1,1,1,1,1,1,1,1,1,1,1,1,1,1,1,1,1,1,1,1,1,1,1,1,2,2,2,2,2,2,2,2,2,2,2,2,2,2,2,2,2,2,2,2,2,2,2,2,2,2,2,2,2,2,2,2,3,3,3,3,3,3,3,3,3,3,3,3,3,3,3,3,3,3,3,3,3,3,3,3,3,3,3,3,3,3,3,3];3;false;true;2;1;96;[2,3];0.5;2.
192;192.480;16;72;[1,1,1,1,1,1,1,1,1,1,1,1,1,1,1,1,2,2,2,2,2,2,2,2,2,2,2,2,2,2,2,2,2,2,2,2,2,2,2,2,2,2,2,2,2,2,2,2,2,2,2,2,2,2,2,2,6,6,6,6,6,6,6,6,6,6,6,6,6,6,6,6];3;false;true;2;1;96;[2,3];0.375;2.6666666666666665
192;192.481;16;72;[1,1,1,1,1,1,1,1,1,1,1,1,1,1,1,1,2,2,2,2,2,2,2,2,2,2,2,2,2,2,2,2,2,2,2,2,2,2,2,2,2,2,2,2,2,2,2,2,2,2,2,2,2,2,2,2,6,6,6,6,6,6,6,6,6,6,6,6,6,6,6,6];3;false;true;2;1;96;[2,3];0.375;2.6666666666666665
192;192.482;16;72;[1,1,1,1,1,1,1,1,1,1,1,1,1,1,1,1,2,2,2,2,2,2,2,2,2,2,2,2,2,2,2,2,2,2,2,2,2,2,2,2,2,2,2,2,2,2,2,2,2,2,2,2,2,2,2,2,6,6,6,6,6,6,6,6,6,6,6,6,6,6,6,6];3;false;true;2;1;96;[2,3];0.375;2.6666666666666665
192;192.483;8;60;[1,1,1,1,1,1,1,1,2,2,2,2,2,2,2,2,2,2,2,2,2,2,2,2,2,2,2,2,2,2,2,2,2,2,2,2,2,2,2,2,2,2,2,2,2,2,2,2,2,2,2,2,12,12,12,12,12,12,12,12];3;false;true;2;1;96;[2,3];0.3125;3.2000000000000002
192;192.484;16;72;[1,1,1,1,1,1,1,1,1,1,1,1,1,1,1,1,2,2,2,2,2,2,2,2,2,2,2,2,2,2,2,2,2,2,2,2,2,2,2,2,2,2,2,2,2,2,2,2,2,2,2,2,2,2,2,2,6,6,6,6,6,6,6,6,6,6,6,6,6,6,6,6];3;false;true;2;1;96;[2,3];0.375;2.6666666666666665
192;192.485;8;60;[1,1,1,1,1,1,1,1,2,2,2,2,2,2,2,2,2,2,2,2,2,2,2,2,2,2,2,2,2,2,2,2,2,2,2,2,2,2,2,2,2,2,2,2,2,2,2,2,2,2,2,2,12,12,12,12,12,12,12,12];3;false;true;2;1;96;[2,3];0.3125;3.2000000000000002
192;192.486;8;60;[1,1,1,1,1,1,1,1,2,2,2,2,2,2,2,2,2,2,2,2,2,2,2,2,2,2,2,2,2,2,2,2,2,2,2,2,2,2,2,2,2,2,2,2,2,2,2,2,2,2,2,2,12,12,12,12,12,12,12,12];3;false;true;2;1;96;[2,3];0.3125;3.2000000000000002
192;192.487;8;60;[1,1,1,1,1,1,1,1,2,2,2,2,2,2,2,2,2,2,2,2,2,2,2,2,2,2,2,2,2,2,2,2,2,2,2,2,2,2,2,2,2,2,2,2,2,2,2,2,2,2,2,2,12,12,12,12,12,12,12,12];3;false;true;2;1;96;[2,3];0.3125;3.2000000000000002
192;192.488;8;60;[1,1,1,1,1,1,1,1,2,2,2,2,2,2,2,2,2,2,2,2,2,2,2,2,2,2,2,2,2,2,2,2,2,2,2,2,2,2,2,2,2,2,2,2,2,2,2,2,2,2,2,2,12,12,12,12,12,12,12,12];3;false;true;2;1;96;[2,3];0.3125;3.2000000000000002
192;192.489;32;96;[1,1,1,1,1,1,1,1,1,1,1,1,1,1,1,1,1,1,1,1,1,1,1,1,1,1,1,1,1,1,1,1,2,2,2,2,2,2,2,2,2,2,2,2,2,2,2,2,2,2,2,2,2,2,2,2,2,2,2,2,2,2,2,2,3,3,3,3,3,3,3,3,3,3,3,3,3,3,3,3,3,3,3,3,3,3,3,3,3,3,3,3,3,3,3,3];3;false;true;2;1;96;[2,3];0.5;2.
192;192.490;16;72;[1,1,1,1,1,1,1,1,1,1,1,1,1,1,1,1,2,2,2,2,2,2,2,2,2,2,2,2,2,2,2,2,2,2,2,2,2,2,2,2,2,2,2,2,2,2,2,2,2,2,2,2,2,2,2,2,6,6,6,6,6,6,6,6,6,6,6,6,6,6,6,6];3;false;true;2;1;96;[2,3];0.375;2.6666666666666665
192;192.491;16;72;[1,1,1,1,1,1,1,1,1,1,1,1,1,1,1,1,2,2,2,2,2,2,2,2,2,2,2,2,2,2,2,2,2,2,2,2,2,2,2,2,2,2,2,2,2,2,2,2,2,2,2,2,2,2,2,2,6,6,6,6,6,6,6,6,6,6,6,6,6,6,6,6];3;false;true;2;1;96;[2,3];0.375;2.6666666666666665
192;192.492;8;60;[1,1,1,1,1,1,1,1,2,2,2,2,2,2,2,2,2,2,2,2,2,2,2,2,2,2,2,2,2,2,2,2,2,2,2,2,2,2,2,2,2,2,2,2,2,2,2,2,2,2,2,2,12,12,12,12,12,12,12,12];3;false;true;2;1;96;[2,3];0.3125;3.2000000000000002
192;192.493;16;72;[1,1,1,1,1,1,1,1,1,1,1,1,1,1,1,1,2,2,2,2,2,2,2,2,2,2,2,2,2,2,2,2,2,2,2,2,2,2,2,2,2,2,2,2,2,2,2,2,2,2,2,2,2,2,2,2,6,6,6,6,6,6,6,6,6,6,6,6,6,6,6,6];3;false;true;2;1;96;[2,3];0.375;2.6666666666666665
192;192.494;8;60;[1,1,1,1,1,1,1,1,2,2,2,2,2,2,2,2,2,2,2,2,2,2,2,2,2,2,2,2,2,2,2,2,2,2,2,2,2,2,2,2,2,2,2,2,2,2,2,2,2,2,2,2,12,12,12,12,12,12,12,12];3;false;true;2;1;96;[2,3];0.3125;3.2000000000000002
192;192.495;8;60;[1,1,1,1,1,1,1,1,2,2,2,2,2,2,2,2,2,2,2,2,2,2,2,2,2,2,2,2,2,2,2,2,2,2,2,2,2,2,2,2,2,2,2,2,2,2,2,2,2,2,2,2,12,12,12,12,12,12,12,12];3;false;true;2;1;96;[2,3];0.3125;3.2000000000000002
192;192.496;8;60;[1,1,1,1,1,1,1,1,2,2,2,2,2,2,2,2,2,2,2,2,2,2,2,2,2,2,2,2,2,2,2,2,2,2,2,2,2,2,2,2,2,2,2,2,2,2,2,2,2,2,2,2,12,12,12,12,12,12,12,12];3;false;true;2;1;96;[2,3];0.3125;3.2000000000000002
192;192.497;16;72;[1,1,1,1,1,1,1,1,1,1,1,1,1,1,1,1,2,2,2,2,2,2,2,2,2,2,2,2,2,2,2,2,2,2,2,2,2,2,2,2,2,2,2,2,2,2,2,2,2,2,2,2,2,2,2,2,6,6,6,6,6,6,6,6,6,6,6,6,6,6,6,6];3;false;true;2;1;96;[2,3];0.375;2.6666666666666665
192;192.498;8;60;[1,1,1,1,1,1,1,1,2,2,2,2,2,2,2,2,2,2,2,2,2,2,2,2,2,2,2,2,2,2,2,2,2,2,2,2,2,2,2,2,2,2,2,2,2,2,2,2,2,2,2,2,12,12,12,12,12,12,12,12];3;false;true;2;1;96;[2,3];0.3125;3.2000000000000002
192;192.499;8;60;[1,1,1,1,1,1,1,1,2,2,2,2,2,2,2,2,2,2,2,2,2,2,2,2,2,2,2,2,2,2,2,2,2,2,2,2,2,2,2,2,2,2,2,2,2,2,2,2,2,2,2,2,12,12,12,12,12,12,12,12];3;false;true;2;1;96;[2,3];0.3125;3.2000000000000002
192;192.500;8;60;[1,1,1,1,1,1,1,1,2,2,2,2,2,2,2,2,2,2,2,2,2,2,2,2,2,2,2,2,3,3,3,3,3,3,3,3,4,4,4,4,4,4,4,4,4,4,4,4,6,6,6,6,6,6,6,6,6,6,6,6];5;false;true;2;2;96;[2,3];0.3125;3.2000000000000002
192;192.501;8;48;[1,1,1,1,1,1,1,1,2,2,2,2,2,2,2,2,2,2,2,2,4,4,4,4,4,4,4,4,4,4,4,4,4,4,4,4,6,6,6,6,6,6,6,6,12,12,12,12];5;false;true;2;2;96;[2,3];0.25;4.
192;192.502;8;48;[1,1,1,1,1,1,1,1,2,2,2,2,2,2,2,2,2,2,2,2,4,4,4,4,4,4,4,4,4,4,4,4,4,4,4,4,6,6,6,6,6,6,6,6,12,12,12,12];5;false;true;2;2;96;[2,3];0.25;4.
192;192.503;8;48;[1,1,1,1,1,1,1,1,2,2,2,2,2,2,2,2,2,2,2,2,4,4,4,4,4,4,4,4,4,4,4,4,4,4,4,4,6,6,6,6,6,6,6,6,12,12,12,12];5;false;true;2;2;96;[2,3];0.25;4.
192;192.504;8;48;[1,1,1,1,1,1,1,1,2,2,2,2,2,2,2,2,2,2,2,2,4,4,4,4,4,4,4,4,4,4,4,4,4,4,4,4,6,6,6,6,6,6,6,6,12,12,12,12];5;false;true;2;2;96;[2,3];0.25;4.
192;192.505;8;48;[1,1,1,1,1,1,1,1,2,2,2,2,2,2,2,2,2,2,2,2,4,4,4,4,4,4,4,4,4,4,4,4,4,4,4,4,6,6,6,6,6,6,6,6,12,12,12,12];5;false;true;2;2;96;[2,3];0.25;4.
192;192.506;8;42;[1,1,1,1,1,1,1,1,2,2,2,2,2,2,2,2,4,4,4,4,4,4,4,4,4,4,4,4,4,4,4,4,4,4,12,12,12,12,12,12,12,12];4;false;true;2;2;96;[2,3];0.21875;4.5714285714285712
192;192.507;8;42;[1,1,1,1,1,1,1,1,2,2,2,2,2,2,2,2,4,4,4,4,4,4,4,4,4,4,4,4,4,4,4,4,4,4,12,12,12,12,12,12,12,12];4;false;true;2;2;96;[2,3];0.21875;4.5714285714285712
192;192.508;8;42;[1,1,1,1,1,1,1,1,2,2,2,2,2,2,2,2,4,4,4,4,4,4,4,4,4,4,4,4,4,4,4,4,4,4,12,12,12,12,12,12,12,12];4;false;true;2;2;96;[2,3];0.21875;4.5714285714285712
192;192.509;8;48;[1,1,1,1,1,1,1,1,2,2,2,2,2,2,2,2,2,2,2,2,4,4,4,4,4,4,4,4,4,4,4,4,4,4,4,4,6,6,6,6,6,6,6,6,12,12,12,12];5;false;true;2;2;96;[2,3];0.25;4.
192;192.510;8;48;[1,1,1,1,1,1,1,1,2,2,2,2,2,2,2,2,2,2,2,2,4,4,4,4,4,4,4,4,4,4,4,4,4,4,4,4,6,6,6,6,6,6,6,6,12,12,12,12];5;false;true;2;2;96;[2,3];0.25;4.
192;192.511;8;42;[1,1,1,1,1,1,1,1,2,2,2,2,2,2,2,2,4,4,4,4,4,4,4,4,4,4,4,4,4,4,4,4,4,4,12,12,12,12,12,12,12,12];4;false;true;2;2;96;[2,3];0.21875;4.5714285714285712
192;192.512;8;42;[1,1,1,1,1,1,1,1,2,2,2,2,2,2,2,2,4,4,4,4,4,4,4,4,4,4,4,4,4,4,4,4,4,4,12,12,12,12,12,12,12,12];4;false;true;2;2;96;[2,3];0.21875;4.5714285714285712
192;192.513;4;42;[1,1,1,1,2,2,2,2,2,2,2,2,2,2,2,2,2,2,4,4,4,4,4,4,4,4,4,4,4,4,4,4,4,4,12,12,12,12,12,12,12,12];4;false;true;2;2;96;[2,3];0.21875;4.5714285714285712
192;192.514;8;48;[1,1,1,1,1,1,1,1,2,2,2,2,2,2,2,2,2,2,2,2,4,4,4,4,4,4,4,4,4,4,4,4,4,4,4,4,6,6,6,6,6,6,6,6,12,12,12,12];5;false;true;2;2;96;[2,3];0.25;4.
192;192.515;8;48;[1,1,1,1,1,1,1,1,2,2,2,2,2,2,2,2,2,2,2,2,4,4,4,4,4,4,4,4,4,4,4,4,4,4,4,4,6,6,6,6,6,6,6,6,12,12,12,12];5;false;true;2;2;96;[2,3];0.25;4.
192;192.516;8;48;[1,1,1,1,1,1,1,1,2,2,2,2,2,2,2,2,2,2,2,2,4,4,4,4,4,4,4,4,4,4,4,4,4,4,4,4,6,6,6,6,6,6,6,6,12,12,12,12];5;false;true;2;2;96;[2,3];0.25;4.
192;192.517;8;48;[1,1,1,1,1,1,1,1,2,2,2,2,2,2,2,2,2,2,2,2,4,4,4,4,4,4,4,4,4,4,4,4,4,4,4,4,6,6,6,6,6,6,6,6,12,12,12,12];5;false;true;2;2;96;[2,3];0.25;4.
192;192.518;8;42;[1,1,1,1,1,1,1,1,2,2,2,2,2,2,2,2,4,4,4,4,4,4,4,4,4,4,4,4,4,4,4,4,4,4,12,12,12,12,12,12,12,12];4;false;true;2;2;96;[2,3];0.21875;4.5714285714285712
192;192.519;8;42;[1,1,1,1,1,1,1,1,2,2,2,2,2,2,2,2,4,4,4,4,4,4,4,4,4,4,4,4,4,4,4,4,4,4,12,12,12,12,12,12,12,12];4;false;true;2;2;96;[2,3];0.21875;4.5714285714285712
192;192.520;8;42;[1,1,1,1,1,1,1,1,2,2,2,2,2,2,2,2,4,4,4,4,4,4,4,4,4,4,4,4,4,4,4,4,4,4,12,12,12,12,12,12,12,12];4;false;true;2;2;96;[2,3];0.21875;4.5714285714285712
192;192.521;8;48;[1,1,1,1,1,1,1,1,2,2,2,2,2,2,2,2,2,2,2,2,4,4,4,4,4,4,4,4,4,4,4,4,4,4,4,4,6,6,6,6,6,6,6,6,12,12,12,12];5;false;true;2;2;96;[2,3];0.25;4.
192;192.522;8;48;[1,1,1,1,1,1,1,1,2,2,2,2,2,2,2,2,2,2,2,2,4,4,4,4,4,4,4,4,4,4,4,4,4,4,4,4,6,6,6,6,6,6,6,6,12,12,12,12];5;false;true;2;2;96;[2,3];0.25;4.
192;192.523;4;42;[1,1,1,1,2,2,2,2,2,2,2,2,2,2,2,2,2,2,4,4,4,4,4,4,4,4,4,4,4,4,4,4,4,4,12,12,12,12,12,12,12,12];4;false;true;2;2;96;[2,3];0.21875;4.5714285714285712
192;192.524;8;48;[1,1,1,1,1,1,1,1,2,2,2,2,2,2,2,2,2,2,2,2,4,4,4,4,4,4,4,4,4,4,4,4,4,4,4,4,6,6,6,6,6,6,6,6,12,12,12,12];5;false;true;2;2;96;[2,3];0.25;4.
192;192.525;4;42;[1,1,1,1,2,2,2,2,2,2,2,2,2,2,2,2,2,2,4,4,4,4,4,4,4,4,4,4,4,4,4,4,4,4,12,12,12,12,12,12,12,12];4;false;true;2;2;96;[2,3];0.21875;4.5714285714285712
192;192.526;4;39;[1,1,1,1,2,2,2,2,2,2,2,2,2,2,2,2,4,4,4,4,4,4,4,4,4,4,4,4,4,4,4,4,4,12,12,12,12,24,24];5;false;true;2;2;96;[2,3];0.203125;4.9230769230769234
192;192.527;4;39;[1,1,1,1,2,2,2,2,2,2,2,2,2,2,2,2,4,4,4,4,4,4,4,4,4,4,4,4,4,4,4,4,4,12,12,12,12,24,24];5;false;true;2;2;96;[2,3];0.203125;4.9230769230769234
192;192.528;8;48;[1,1,1,1,1,1,1,1,2,2,2,2,2,2,2,2,2,2,2,2,4,4,4,4,4,4,4,4,4,4,4,4,4,4,4,4,6,6,6,6,6,6,6,6,12,12,12,12];5;false;true;2;2;96;[2,3];0.25;4.
192;192.529;4;39;[1,1,1,1,2,2,2,2,2,2,2,2,2,2,2,2,4,4,4,4,4,4,4,4,4,4,4,4,4,4,4,4,4,12,12,12,12,24,24];5;false;true;2;2;96;[2,3];0.203125;4.9230769230769234
192;192.530;4;39;[1,1,1,1,2,2,2,2,2,2,2,2,2,2,2,2,4,4,4,4,4,4,4,4,4,4,4,4,4,4,4,4,4,12,12,12,12,24,24];5;false;true;2;2;96;[2,3];0.203125;4.9230769230769234
192;192.531;8;48;[1,1,1,1,1,1,1,1,2,2,2,2,2,2,2,2,2,2,2,2,4,4,4,4,4,4,4,4,4,4,4,4,4,4,4,4,6,6,6,6,6,6,6,6,12,12,12,12];5;false;true;2;2;96;[2,3];0.25;4.
192;192.532;8;48;[1,1,1,1,1,1,1,1,2,2,2,2,2,2,2,2,2,2,2,2,4,4,4,4,4,4,4,4,4,4,4,4,4,4,4,4,6,6,6,6,6,6,6,6,12,12,12,12];5;false;true;2;2;96;[2,3];0.25;4.
192;192.533;8;60;[1,1,1,1,1,1,1,1,2,2,2,2,2,2,2,2,2,2,2,2,2,2,2,2,2,2,2,2,3,3,3,3,3,3,3,3,4,4,4,4,4,4,4,4,4,4,4,4,6,6,6,6,6,6,6,6,6,6,6,6];5;false;true;2;2;96;[2,3];0.3125;3.2000000000000002
192;192.534;8;48;[1,1,1,1,1,1,1,1,2,2,2,2,2,2,2,2,2,2,2,2,4,4,4,4,4,4,4,4,4,4,4,4,4,4,4,4,6,6,6,6,6,6,6,6,12,12,12,12];5;false;true;2;2;96;[2,3];0.25;4.
192;192.535;8;48;[1,1,1,1,1,1,1,1,2,2,2,2,2,2,2,2,2,2,2,2,4,4,4,4,4,4,4,4,4,4,4,4,4,4,4,4,6,6,6,6,6,6,6,6,12,12,12,12];5;false;true;2;2;96;[2,3];0.25;4.
192;192.536;8;48;[1,1,1,1,1,1,1,1,2,2,2,2,2,2,2,2,2,2,2,2,4,4,4,4,4,4,4,4,4,4,4,4,4,4,4,4,6,6,6,6,6,6,6,6,12,12,12,12];5;false;true;2;2;96;[2,3];0.25;4.
192;192.537;8;48;[1,1,1,1,1,1,1,1,2,2,2,2,2,2,2,2,2,2,2,2,4,4,4,4,4,4,4,4,4,4,4,4,4,4,4,4,6,6,6,6,6,6,6,6,12,12,12,12];5;false;true;2;2;96;[2,3];0.25;4.
192;192.538;8;42;[1,1,1,1,1,1,1,1,2,2,2,2,2,2,2,2,4,4,4,4,4,4,4,4,4,4,4,4,4,4,4,4,4,4,12,12,12,12,12,12,12,12];4;false;true;2;2;96;[2,3];0.21875;4.5714285714285712
192;192.539;8;48;[1,1,1,1,1,1,1,1,2,2,2,2,2,2,2,2,2,2,2,2,4,4,4,4,4,4,4,4,4,4,4,4,4,4,4,4,6,6,6,6,6,6,6,6,12,12,12,12];5;false;true;2;2;96;[2,3];0.25;4.
192;192.540;8;42;[1,1,1,1,1,1,1,1,2,2,2,2,2,2,2,2,4,4,4,4,4,4,4,4,4,4,4,4,4,4,4,4,4,4,12,12,12,12,12,12,12,12];4;false;true;2;2;96;[2,3];0.21875;4.5714285714285712
192;192.541;8;42;[1,1,1,1,1,1,1,1,2,2,2,2,2,2,2,2,4,4,4,4,4,4,4,4,4,4,4,4,4,4,4,4,4,4,12,12,12,12,12,12,12,12];4;false;true;2;2;96;[2,3];0.21875;4.5714285714285712
192;192.542;8;42;[1,1,1,1,1,1,1,1,2,2,2,2,2,2,2,2,4,4,4,4,4,4,4,4,4,4,4,4,4,4,4,4,4,4,12,12,12,12,12,12,12,12];4;false;true;2;2;96;[2,3];0.21875;4.5714285714285712
192;192.543;8;48;[1,1,1,1,1,1,1,1,2,2,2,2,2,2,2,2,2,2,2,2,4,4,4,4,4,4,4,4,4,4,4,4,4,4,4,4,6,6,6,6,6,6,6,6,12,12,12,12];5;false;true;2;2;96;[2,3];0.25;4.
192;192.544;8;42;[1,1,1,1,1,1,1,1,2,2,2,2,2,2,2,2,4,4,4,4,4,4,4,4,4,4,4,4,4,4,4,4,4,4,12,12,12,12,12,12,12,12];4;false;true;2;2;96;[2,3];0.21875;4.5714285714285712
192;192.545;8;42;[1,1,1,1,1,1,1,1,2,2,2,2,2,2,2,2,4,4,4,4,4,4,4,4,4,4,4,4,4,4,4,4,4,4,12,12,12,12,12,12,12,12];4;false;true;2;2;96;[2,3];0.21875;4.5714285714285712
192;192.546;8;48;[1,1,1,1,1,1,1,1,2,2,2,2,2,2,2,2,2,2,2,2,4,4,4,4,4,4,4,4,4,4,4,4,4,4,4,4,6,6,6,6,6,6,6,6,12,12,12,12];5;false;true;2;2;96;[2,3];0.25;4.
192;192.547;8;48;[1,1,1,1,1,1,1,1,2,2,2,2,2,2,2,2,2,2,2,2,4,4,4,4,4,4,4,4,4,4,4,4,4,4,4,4,6,6,6,6,6,6,6,6,12,12,12,12];5;false;true;2;2;96;[2,3];0.25;4.
192;192.548;8;48;[1,1,1,1,1,1,1,1,2,2,2,2,2,2,2,2,2,2,2,2,4,4,4,4,4,4,4,4,4,4,4,4,4,4,4,4,6,6,6,6,6,6,6,6,12,12,12,12];5;false;true;2;2;96;[2,3];0.25;4.
192;192.549;8;48;[1,1,1,1,1,1,1,1,2,2,2,2,2,2,2,2,2,2,2,2,4,4,4,4,4,4,4,4,4,4,4,4,4,4,4,4,6,6,6,6,6,6,6,6,12,12,12,12];5;false;true;2;2;96;[2,3];0.25;4.
192;192.550;8;42;[1,1,1,1,1,1,1,1,2,2,2,2,2,2,2,2,4,4,4,4,4,4,4,4,4,4,4,4,4,4,4,4,4,4,12,12,12,12,12,12,12,12];4;false;true;2;2;96;[2,3];0.21875;4.5714285714285712
192;192.551;8;42;[1,1,1,1,1,1,1,1,2,2,2,2,2,2,2,2,4,4,4,4,4,4,4,4,4,4,4,4,4,4,4,4,4,4,12,12,12,12,12,12,12,12];4;false;true;2;2;96;[2,3];0.21875;4.5714285714285712
192;192.552;8;42;[1,1,1,1,1,1,1,1,2,2,2,2,2,2,2,2,4,4,4,4,4,4,4,4,4,4,4,4,4,4,4,4,4,4,12,12,12,12,12,12,12,12];4;false;true;2;2;96;[2,3];0.21875;4.5714285714285712
192;192.553;8;42;[1,1,1,1,1,1,1,1,2,2,2,2,2,2,2,2,4,4,4,4,4,4,4,4,4,4,4,4,4,4,4,4,4,4,12,12,12,12,12,12,12,12];4;false;true;2;2;96;[2,3];0.21875;4.5714285714285712
192;192.554;4;42;[1,1,1,1,2,2,2,2,2,2,2,2,2,2,2,2,2,2,4,4,4,4,4,4,4,4,4,4,4,4,4,4,4,4,12,12,12,12,12,12,12,12];4;false;true;2;2;96;[2,3];0.21875;4.5714285714285712
192;192.555;4;39;[1,1,1,1,2,2,2,2,2,2,2,2,2,2,2,2,4,4,4,4,4,4,4,4,4,4,4,4,4,4,4,4,4,12,12,12,12,24,24];5;false;true;2;2;96;[2,3];0.203125;4.9230769230769234
192;192.556;8;60;[1,1,1,1,1,1,1,1,2,2,2,2,2,2,2,2,2,2,2,2,2,2,2,2,2,2,2,2,3,3,3,3,3,3,3,3,4,4,4,4,4,4,4,4,4,4,4,4,6,6,6,6,6,6,6,6,6,6,6,6];5;false;true;2;2;96;[2,3];0.3125;3.2000000000000002
192;192.557;8;48;[1,1,1,1,1,1,1,1,2,2,2,2,2,2,2,2,2,2,2,2,4,4,4,4,4,4,4,4,4,4,4,4,4,4,4,4,6,6,6,6,6,6,6,6,12,12,12,12];5;false;true;2;2;96;[2,3];0.25;4.
192;192.558;8;48;[1,1,1,1,1,1,1,1,2,2,2,2,2,2,2,2,2,2,2,2,4,4,4,4,4,4,4,4,4,4,4,4,4,4,4,4,6,6,6,6,6,6,6,6,12,12,12,12];5;false;true;2;2;96;[2,3];0.25;4.
192;192.559;8;48;[1,1,1,1,1,1,1,1,2,2,2,2,2,2,2,2,2,2,2,2,4,4,4,4,4,4,4,4,4,4,4,4,4,4,4,4,6,6,6,6,6,6,6,6,12,12,12,12];5;false;true;2;2;96;[2,3];0.25;4.
192;192.560;4;42;[1,1,1,1,2,2,2,2,2,2,2,2,2,2,2,2,2,2,4,4,4,4,4,4,4,4,4,4,4,4,4,4,4,4,12,12,12,12,12,12,12,12];4;false;true;2;2;96;[2,3];0.21875;4.5714285714285712
192;192.561;8;48;[1,1,1,1,1,1,1,1,2,2,2,2,2,2,2,2,2,2,2,2,4,4,4,4,4,4,4,4,4,4,4,4,4,4,4,4,6,6,6,6,6,6,6,6,12,12,12,12];5;false;true;2;2;96;[2,3];0.25;4.
192;192.562;4;39;[1,1,1,1,2,2,2,2,2,2,2,2,2,2,2,2,4,4,4,4,4,4,4,4,4,4,4,4,4,4,4,4,4,12,12,12,12,24,24];5;false;true;2;2;96;[2,3];0.203125;4.9230769230769234
192;192.563;4;42;[1,1,1,1,2,2,2,2,2,2,2,2,2,2,2,2,2,2,4,4,4,4,4,4,4,4,4,4,4,4,4,4,4,4,12,12,12,12,12,12,12,12];4;false;true;2;2;96;[2,3];0.21875;4.5714285714285712
192;192.564;4;42;[1,1,1,1,2,2,2,2,2,2,2,2,2,2,2,2,2,2,4,4,4,4,4,4,4,4,4,4,4,4,4,4,4,4,12,12,12,12,12,12,12,12];4;false;true;2;2;96;[2,3];0.21875;4.5714285714285712
192;192.565;4;42;[1,1,1,1,2,2,2,2,2,2,2,2,2,2,2,2,2,2,4,4,4,4,4,4,4,4,4,4,4,4,4,4,4,4,12,12,12,12,12,12,12,12];4;false;true;2;2;96;[2,3];0.21875;4.5714285714285712
192;192.566;4;39;[1,1,1,1,2,2,2,2,2,2,2,2,2,2,2,2,4,4,4,4,4,4,4,4,4,4,4,4,4,4,4,4,4,12,12,12,12,24,24];5;false;true;2;2;96;[2,3];0.203125;4.9230769230769234
192;192.567;4;39;[1,1,1,1,2,2,2,2,2,2,2,2,2,2,2,2,4,4,4,4,4,4,4,4,4,4,4,4,4,4,4,4,4,12,12,12,12,24,24];5;false;true;2;2;96;[2,3];0.203125;4.9230769230769234
192;192.568;4;39;[1,1,1,1,2,2,2,2,2,2,2,2,2,2,2,2,4,4,4,4,4,4,4,4,4,4,4,4,4,4,4,4,4,12,12,12,12,24,24];5;false;true;2;2;96;[2,3];0.203125;4.9230769230769234
192;192.569;8;60;[1,1,1,1,1,1,1,1,2,2,2,2,2,2,2,2,2,2,2,2,2,2,2,2,2,2,2,2,3,3,3,3,3,3,3,3,4,4,4,4,4,4,4,4,4,4,4,4,6,6,6,6,6,6,6,6,6,6,6,6];5;false;true;2;2;96;[2,3];0.3125;3.2000000000000002
192;192.570;8;48;[1,1,1,1,1,1,1,1,2,2,2,2,2,2,2,2,2,2,2,2,4,4,4,4,4,4,4,4,4,4,4,4,4,4,4,4,6,6,6,6,6,6,6,6,12,12,12,12];5;false;true;2;2;96;[2,3];0.25;4.
192;192.571;8;48;[1,1,1,1,1,1,1,1,2,2,2,2,2,2,2,2,2,2,2,2,4,4,4,4,4,4,4,4,4,4,4,4,4,4,4,4,6,6,6,6,6,6,6,6,12,12,12,12];5;false;true;2;2;96;[2,3];0.25;4.
192;192.572;8;48;[1,1,1,1,1,1,1,1,2,2,2,2,2,2,2,2,2,2,2,2,4,4,4,4,4,4,4,4,4,4,4,4,4,4,4,4,6,6,6,6,6,6,6,6,12,12,12,12];5;false;true;2;2;96;[2,3];0.25;4.
192;192.573;4;42;[1,1,1,1,2,2,2,2,2,2,2,2,2,2,2,2,2,2,4,4,4,4,4,4,4,4,4,4,4,4,4,4,4,4,12,12,12,12,12,12,12,12];4;false;true;2;2;96;[2,3];0.21875;4.5714285714285712
192;192.574;4;39;[1,1,1,1,2,2,2,2,2,2,2,2,2,2,2,2,4,4,4,4,4,4,4,4,4,4,4,4,4,4,4,4,4,12,12,12,12,24,24];5;false;true;2;2;96;[2,3];0.203125;4.9230769230769234
192;192.575;4;39;[1,1,1,1,2,2,2,2,2,2,2,2,2,2,2,2,4,4,4,4,4,4,4,4,4,4,4,4,4,4,4,4,4,12,12,12,12,24,24];5;false;true;2;2;96;[2,3];0.203125;4.9230769230769234
192;192.576;8;48;[1,1,1,1,1,1,1,1,2,2,2,2,2,2,2,2,2,2,2,2,4,4,4,4,4,4,4,4,4,4,4,4,4,4,4,4,6,6,6,6,6,6,6,6,12,12,12,12];5;false;true;2;2;96;[2,3];0.25;4.
192;192.577;4;42;[1,1,1,1,2,2,2,2,2,2,2,2,2,2,2,2,2,2,4,4,4,4,4,4,4,4,4,4,4,4,4,4,4,4,12,12,12,12,12,12,12,12];4;false;true;2;2;96;[2,3];0.21875;4.5714285714285712
192;192.578;4;39;[1,1,1,1,2,2,2,2,2,2,2,2,2,2,2,2,4,4,4,4,4,4,4,4,4,4,4,4,4,4,4,4,4,12,12,12,12,24,24];5;false;true;2;2;96;[2,3];0.203125;4.9230769230769234
192;192.579;4;39;[1,1,1,1,2,2,2,2,2,2,2,2,2,2,2,2,4,4,4,4,4,4,4,4,4,4,4,4,4,4,4,4,4,12,12,12,12,24,24];5;false;true;2;2;96;[2,3];0.203125;4.9230769230769234
192;192.580;4;39;[1,1,1,1,2,2,2,2,2,2,2,2,2,2,2,2,4,4,4,4,4,4,4,4,4,4,4,4,4,4,4,4,4,12,12,12,12,24,24];5;false;true;2;2;96;[2,3];0.203125;4.9230769230769234
192;192.581;4;39;[1,1,1,1,2,2,2,2,2,2,2,2,2,2,2,2,4,4,4,4,4,4,4,4,4,4,4,4,4,4,4,4,4,12,12,12,12,24,24];5;false;true;2;2;96;[2,3];0.203125;4.9230769230769234
192;192.582;8;60;[1,1,1,1,1,1,1,1,2,2,2,2,2,2,2,2,2,2,2,2,2,2,2,2,2,2,2,2,3,3,3,3,3,3,3,3,4,4,4,4,4,4,4,4,4,4,4,4,6,6,6,6,6,6,6,6,6,6,6,6];5;false;true;2;2;96;[2,3];0.3125;3.2000000000000002
192;192.583;8;48;[1,1,1,1,1,1,1,1,2,2,2,2,2,2,2,2,2,2,2,2,4,4,4,4,4,4,4,4,4,4,4,4,4,4,4,4,6,6,6,6,6,6,6,6,12,12,12,12];5;false;true;2;2;96;[2,3];0.25;4.
192;192.584;8;48;[1,1,1,1,1,1,1,1,2,2,2,2,2,2,2,2,2,2,2,2,4,4,4,4,4,4,4,4,4,4,4,4,4,4,4,4,6,6,6,6,6,6,6,6,12,12,12,12];5;false;true;2;2;96;[2,3];0.25;4.
192;192.585;4;42;[1,1,1,1,2,2,2,2,2,2,2,2,2,2,2,2,2,2,4,4,4,4,4,4,4,4,4,4,4,4,4,4,4,4,12,12,12,12,12,12,12,12];4;false;true;2;2;96;[2,3];0.21875;4.5714285714285712
192;192.586;4;39;[1,1,1,1,2,2,2,2,2,2,2,2,2,2,2,2,4,4,4,4,4,4,4,4,4,4,4,4,4,4,4,4,4,12,12,12,12,24,24];5;false;true;2;2;96;[2,3];0.203125;4.9230769230769234
192;192.587;4;39;[1,1,1,1,2,2,2,2,2,2,2,2,2,2,2,2,4,4,4,4,4,4,4,4,4,4,4,4,4,4,4,4,4,12,12,12,12,24,24];5;false;true;2;2;96;[2,3];0.203125;4.9230769230769234
192;192.588;8;48;[1,1,1,1,1,1,1,1,2,2,2,2,2,2,2,2,2,2,2,2,4,4,4,4,4,4,4,4,4,4,4,4,4,4,4,4,6,6,6,6,6,6,6,6,12,12,12,12];5;false;true;2;2;96;[2,3];0.25;4.
192;192.589;4;42;[1,1,1,1,2,2,2,2,2,2,2,2,2,2,2,2,2,2,4,4,4,4,4,4,4,4,4,4,4,4,4,4,4,4,12,12,12,12,12,12,12,12];4;false;true;2;2;96;[2,3];0.21875;4.5714285714285712
192;192.590;4;39;[1,1,1,1,2,2,2,2,2,2,2,2,2,2,2,2,4,4,4,4,4,4,4,4,4,4,4,4,4,4,4,4,4,12,12,12,12,24,24];5;false;true;2;2;96;[2,3];0.203125;4.9230769230769234
192;192.591;2;30;[1,1,2,2,2,2,2,2,2,4,4,4,4,4,4,4,4,4,4,8,8,8,8,8,12,12,12,12,24,24];6;false;true;2;2;96;[2,3];0.15625;6.4000000000000004
192;192.592;4;33;[1,1,1,1,2,2,2,2,2,2,2,2,4,4,4,4,4,4,4,8,8,8,8,8,8,12,12,12,12,12,12,12,12];5;false;true;2;2;96;[2,3];0.171875;5.8181818181818183
192;192.593;4;33;[1,1,1,1,2,2,2,2,2,2,2,2,4,4,4,4,4,4,4,8,8,8,8,8,8,12,12,12,12,12,12,12,12];5;false;true;2;2;96;[2,3];0.171875;5.8181818181818183
192;192.594;4;33;[1,1,1,1,2,2,2,2,2,2,2,2,4,4,4,4,4,4,4,8,8,8,8,8,8,12,12,12,12,12,12,12,12];5;false;true;2;2;96;[2,3];0.171875;5.8181818181818183
192;192.595;4;33;[1,1,1,1,2,2,2,2,2,2,2,2,4,4,4,4,4,4,4,8,8,8,8,8,8,12,12,12,12,12,12,12,12];5;false;true;2;2;96;[2,3];0.171875;5.8181818181818183
192;192.596;4;33;[1,1,1,1,2,2,2,2,2,2,2,2,4,4,4,4,4,4,4,8,8,8,8,8,8,12,12,12,12,12,12,12,12];5;false;true;2;2;96;[2,3];0.171875;5.8181818181818183
192;192.597;4;36;[1,1,1,1,2,2,2,2,2,2,2,2,2,2,4,4,4,4,4,4,6,6,6,6,6,6,6,6,8,8,8,8,8,8,24,24];6;false;true;2;2;96;[2,3];0.1875;5.333333333333333
192;192.598;4;30;[1,1,1,1,2,2,2,2,2,2,4,4,4,4,4,4,4,4,8,8,8,8,8,8,12,12,12,12,24,24];6;false;true;2;2;96;[2,3];0.15625;6.4000000000000004
192;192.599;4;33;[1,1,1,1,2,2,2,2,2,2,2,2,4,4,4,4,4,4,4,8,8,8,8,8,8,12,12,12,12,12,12,12,12];5;false;true;2;2;96;[2,3];0.171875;5.8181818181818183
192;192.600;4;36;[1,1,1,1,2,2,2,2,2,2,2,2,2,2,4,4,4,4,4,4,6,6,6,6,6,6,6,6,8,8,8,8,8,8,24,24];6;false;true;2;2;96;[2,3];0.1875;5.333333333333333
192;192.601;4;30;[1,1,1,1,2,2,2,2,2,2,4,4,4,4,4,4,4,4,8,8,8,8,8,8,12,12,12,12,24,24];6;false;true;2;2;96;[2,3];0.15625;6.4000000000000004
192;192.602;4;33;[1,1,1,1,2,2,2,2,2,2,2,2,4,4,4,4,4,4,4,8,8,8,8,8,8,12,12,12,12,12,12,12,12];5;false;true;2;2;96;[2,3];0.171875;5.8181818181818183
192;192.603;4;33;[1,1,1,1,2,2,2,2,2,2,2,2,4,4,4,4,4,4,4,8,8,8,8,8,8,12,12,12,12,12,12,12,12];5;false;true;2;2;96;[2,3];0.171875;5.8181818181818183
192;192.604;4;33;[1,1,1,1,2,2,2,2,2,2,2,2,4,4,4,4,4,4,4,8,8,8,8,8,8,12,12,12,12,12,12,12,12];5;false;true;2;2;96;[2,3];0.171875;5.8181818181818183
192;192.605;4;33;[1,1,1,1,2,2,2,2,2,2,2,2,4,4,4,4,4,4,4,8,8,8,8,8,8,12,12,12,12,12,12,12,12];5;false;true;2;2;96;[2,3];0.171875;5.8181818181818183
192;192.606;4;33;[1,1,1,1,2,2,2,2,2,2,2,2,4,4,4,4,4,4,4,8,8,8,8,8,8,12,12,12,12,12,12,12,12];5;false;true;2;2;96;[2,3];0.171875;5.8181818181818183
192;192.607;4;36;[1,1,1,1,2,2,2,2,2,2,2,2,2,2,4,4,4,4,4,4,6,6,6,6,6,6,6,6,8,8,8,8,8,8,24,24];6;false;true;2;2;96;[2,3];0.1875;5.333333333333333
192;192.608;4;30;[1,1,1,1,2,2,2,2,2,2,4,4,4,4,4,4,4,4,8,8,8,8,8,8,12,12,12,12,24,24];6;false;true;2;2;96;[2,3];0.15625;6.4000000000000004
192;192.609;4;33;[1,1,1,1,2,2,2,2,2,2,2,2,4,4,4,4,4,4,4,8,8,8,8,8,8,12,12,12,12,12,12,12,12];5;false;true;2;2;96;[2,3];0.171875;5.8181818181818183
192;192.610;4;36;[1,1,1,1,2,2,2,2,2,2,2,2,2,2,4,4,4,4,4,4,6,6,6,6,6,6,6,6,8,8,8,8,8,8,24,24];6;false;true;2;2;96;[2,3];0.1875;5.333333333333333
192;192.611;4;30;[1,1,1,1,2,2,2,2,2,2,4,4,4,4,4,4,4,4,8,8,8,8,8,8,12,12,12,12,24,24];6;false;true;2;2;96;[2,3];0.15625;6.4000000000000004
192;192.612;2;30;[1,1,2,2,2,2,2,2,2,4,4,4,4,4,4,4,4,4,4,8,8,8,8,8,12,12,12,12,24,24];6;false;true;2;2;96;[2,3];0.15625;6.4000000000000004
192;192.613;4;33;[1,1,1,1,2,2,2,2,2,2,2,2,4,4,4,4,4,4,4,8,8,8,8,8,8,12,12,12,12,12,12,12,12];5;false;true;2;2;96;[2,3];0.171875;5.8181818181818183
192;192.614;4;30;[1,1,1,1,2,2,2,2,2,2,4,4,4,4,4,4,4,4,8,8,8,8,8,8,12,12,12,12,24,24];6;false;true;2;2;96;[2,3];0.15625;6.4000000000000004
192;192.615;4;36;[1,1,1,1,2,2,2,2,2,2,2,2,2,2,4,4,4,4,4,4,6,6,6,6,6,6,6,6,8,8,8,8,8,8,24,24];6;false;true;2;2;96;[2,3];0.1875;5.333333333333333
192;192.616;4;33;[1,1,1,1,2,2,2,2,2,2,2,2,4,4,4,4,4,4,4,8,8,8,8,8,8,12,12,12,12,12,12,12,12];5;false;true;2;2;96;[2,3];0.171875;5.8181818181818183
192;192.617;4;30;[1,1,1,1,2,2,2,2,2,2,4,4,4,4,4,4,4,4,8,8,8,8,8,8,12,12,12,12,24,24];6;false;true;2;2;96;[2,3];0.15625;6.4000000000000004
192;192.618;4;36;[1,1,1,1,2,2,2,2,2,2,2,2,2,2,4,4,4,4,4,4,6,6,6,6,6,6,6,6,8,8,8,8,8,8,24,24];6;false;true;2;2;96;[2,3];0.1875;5.333333333333333
192;192.619;4;30;[1,1,1,1,2,2,2,2,2,2,4,4,4,4,4,4,4,4,8,8,8,8,8,8,12,12,12,12,24,24];6;false;true;2;2;96;[2,3];0.15625;6.4000000000000004
192;192.620;2;30;[1,1,2,2,2,2,2,2,2,4,4,4,4,4,4,4,4,4,4,8,8,8,8,8,12,12,12,12,24,24];6;false;true;2;2;96;[2,3];0.15625;6.4000000000000004
192;192.621;2;30;[1,1,2,2,2,2,2,2,2,4,4,4,4,4,4,4,4,4,4,8,8,8,8,8,12,12,12,12,24,24];6;false;true;2;2;96;[2,3];0.15625;6.4000000000000004
192;192.622;4;33;[1,1,1,1,2,2,2,2,2,2,2,2,4,4,4,4,4,4,4,8,8,8,8,8,8,12,12,12,12,12,12,12,12];5;false;true;2;2;96;[2,3];0.171875;5.8181818181818183
192;192.623;4;30;[1,1,1,1,2,2,2,2,2,2,4,4,4,4,4,4,4,4,8,8,8,8,8,8,12,12,12,12,24,24];6;false;true;2;2;96;[2,3];0.15625;6.4000000000000004
192;192.624;4;36;[1,1,1,1,2,2,2,2,2,2,2,2,2,2,4,4,4,4,4,4,6,6,6,6,6,6,6,6,8,8,8,8,8,8,24,24];6;false;true;2;2;96;[2,3];0.1875;5.333333333333333
192;192.625;4;33;[1,1,1,1,2,2,2,2,2,2,2,2,4,4,4,4,4,4,4,8,8,8,8,8,8,12,12,12,12,12,12,12,12];5;false;true;2;2;96;[2,3];0.171875;5.8181818181818183
192;192.626;4;30;[1,1,1,1,2,2,2,2,2,2,4,4,4,4,4,4,4,4,8,8,8,8,8,8,12,12,12,12,24,24];6;false;true;2;2;96;[2,3];0.15625;6.4000000000000004
192;192.627;4;36;[1,1,1,1,2,2,2,2,2,2,2,2,2,2,4,4,4,4,4,4,6,6,6,6,6,6,6,6,8,8,8,8,8,8,24,24];6;false;true;2;2;96;[2,3];0.1875;5.333333333333333
192;192.628;4;30;[1,1,1,1,2,2,2,2,2,2,4,4,4,4,4,4,4,4,8,8,8,8,8,8,12,12,12,12,24,24];6;false;true;2;2;96;[2,3];0.15625;6.4000000000000004
192;192.629;4;36;[1,1,1,1,2,2,2,2,2,2,2,2,2,2,4,4,4,4,4,4,6,6,6,6,6,6,6,6,8,8,8,8,8,8,24,24];6;false;true;2;2;96;[2,3];0.1875;5.333333333333333
192;192.630;4;30;[1,1,1,1,2,2,2,2,2,2,4,4,4,4,4,4,4,4,8,8,8,8,8,8,12,12,12,12,24,24];6;false;true;2;2;96;[2,3];0.15625;6.4000000000000004
192;192.631;4;33;[1,1,1,1,2,2,2,2,2,2,2,2,4,4,4,4,4,4,4,8,8,8,8,8,8,12,12,12,12,12,12,12,12];5;false;true;2;2;96;[2,3];0.171875;5.8181818181818183
192;192.632;4;36;[1,1,1,1,2,2,2,2,2,2,2,2,2,2,4,4,4,4,4,4,6,6,6,6,6,6,6,6,8,8,8,8,8,8,24,24];6;false;true;2;2;96;[2,3];0.1875;5.333333333333333
192;192.633;4;30;[1,1,1,1,2,2,2,2,2,2,4,4,4,4,4,4,4,4,8,8,8,8,8,8,12,12,12,12,24,24];6;false;true;2;2;96;[2,3];0.15625;6.4000000000000004
192;192.634;4;33;[1,1,1,1,2,2,2,2,2,2,2,2,4,4,4,4,4,4,4,8,8,8,8,8,8,12,12,12,12,12,12,12,12];5;false;true;2;2;96;[2,3];0.171875;5.8181818181818183
192;192.635;4;36;[1,1,1,1,2,2,2,2,2,2,2,2,2,2,4,4,4,4,4,4,6,6,6,6,6,6,6,6,8,8,8,8,8,8,24,24];6;false;true;2;2;96;[2,3];0.1875;5.333333333333333
192;192.636;2;30;[1,1,2,2,2,2,2,2,2,4,4,4,4,4,4,4,4,4,4,8,8,8,8,8,12,12,12,12,24,24];6;false;true;2;2;96;[2,3];0.15625;6.4000000000000004
192;192.637;4;36;[1,1,1,1,2,2,2,2,2,2,2,2,2,2,4,4,4,4,4,4,6,6,6,6,6,6,6,6,8,8,8,8,8,8,24,24];6;false;true;2;2;96;[2,3];0.1875;5.333333333333333
192;192.638;4;36;[1,1,1,1,2,2,2,2,2,2,2,2,2,2,4,4,4,4,4,4,6,6,6,6,6,6,6,6,8,8,8,8,8,8,24,24];6;false;true;2;2;96;[2,3];0.1875;5.333333333333333
192;192.639;4;36;[1,1,1,1,2,2,2,2,2,2,2,2,2,2,4,4,4,4,4,4,6,6,6,6,6,6,6,6,8,8,8,8,8,8,24,24];6;false;true;2;2;96;[2,3];0.1875;5.333333333333333
192;192.640;4;30;[1,1,1,1,2,2,2,2,2,2,4,4,4,4,4,4,4,4,8,8,8,8,8,8,12,12,12,12,24,24];6;false;true;2;2;96;[2,3];0.15625;6.4000000000000004
192;192.641;4;30;[1,1,1,1,2,2,2,2,2,2,4,4,4,4,4,4,4,4,8,8,8,8,8,8,12,12,12,12,24,24];6;false;true;2;2;96;[2,3];0.15625;6.4000000000000004
192;192.642;4;33;[1,1,1,1,2,2,2,2,2,2,2,2,4,4,4,4,4,4,4,8,8,8,8,8,8,12,12,12,12,12,12,12,12];5;false;true;2;2;96;[2,3];0.171875;5.8181818181818183
192;192.643;4;33;[1,1,1,1,2,2,2,2,2,2,2,2,4,4,4,4,4,4,4,8,8,8,8,8,8,12,12,12,12,12,12,12,12];5;false;true;2;2;96;[2,3];0.171875;5.8181818181818183
192;192.644;4;36;[1,1,1,1,2,2,2,2,2,2,2,2,2,2,4,4,4,4,4,4,6,6,6,6,6,6,6,6,8,8,8,8,8,8,24,24];6;false;true;2;2;96;[2,3];0.1875;5.333333333333333
192;192.645;4;30;[1,1,1,1,2,2,2,2,2,2,4,4,4,4,4,4,4,4,8,8,8,8,8,8,12,12,12,12,24,24];6;false;true;2;2;96;[2,3];0.15625;6.4000000000000004
192;192.646;4;33;[1,1,1,1,2,2,2,2,2,2,2,2,4,4,4,4,4,4,4,8,8,8,8,8,8,12,12,12,12,12,12,12,12];5;false;true;2;2;96;[2,3];0.171875;5.8181818181818183
192;192.647;4;36;[1,1,1,1,2,2,2,2,2,2,2,2,2,2,4,4,4,4,4,4,6,6,6,6,6,6,6,6,8,8,8,8,8,8,24,24];6;false;true;2;2;96;[2,3];0.1875;5.333333333333333
192;192.648;4;30;[1,1,1,1,2,2,2,2,2,2,4,4,4,4,4,4,4,4,8,8,8,8,8,8,12,12,12,12,24,24];6;false;true;2;2;96;[2,3];0.15625;6.4000000000000004
192;192.649;4;33;[1,1,1,1,2,2,2,2,2,2,2,2,4,4,4,4,4,4,4,8,8,8,8,8,8,12,12,12,12,12,12,12,12];5;false;true;2;2;96;[2,3];0.171875;5.8181818181818183
192;192.650;4;33;[1,1,1,1,2,2,2,2,2,2,2,2,4,4,4,4,4,4,4,8,8,8,8,8,8,12,12,12,12,12,12,12,12];5;false;true;2;2;96;[2,3];0.171875;5.8181818181818183
192;192.651;4;36;[1,1,1,1,2,2,2,2,2,2,2,2,2,2,4,4,4,4,4,4,6,6,6,6,6,6,6,6,8,8,8,8,8,8,24,24];6;false;true;2;2;96;[2,3];0.1875;5.333333333333333
192;192.652;4;36;[1,1,1,1,2,2,2,2,2,2,2,2,2,2,4,4,4,4,4,4,6,6,6,6,6,6,6,6,8,8,8,8,8,8,24,24];6;false;true;2;2;96;[2,3];0.1875;5.333333333333333
192;192.653;4;33;[1,1,1,1,2,2,2,2,2,2,2,2,4,4,4,4,4,4,4,8,8,8,8,8,8,12,12,12,12,12,12,12,12];5;false;true;2;2;96;[2,3];0.171875;5.8181818181818183
192;192.654;2;30;[1,1,2,2,2,2,2,2,2,4,4,4,4,4,4,4,4,4,4,8,8,8,8,8,12,12,12,12,24,24];6;false;true;2;2;96;[2,3];0.15625;6.4000000000000004
192;192.655;32;96;[1,1,1,1,1,1,1,1,1,1,1,1,1,1,1,1,1,1,1,1,1,1,1,1,1,1,1,1,1,1,1,1,2,2,2,2,2,2,2,2,2,2,2,2,2,2,2,2,2,2,2,2,2,2,2,2,2,2,2,2,2,2,2,2,3,3,3,3,3,3,3,3,3,3,3,3,3,3,3,3,3,3,3,3,3,3,3,3,3,3,3,3,3,3,3,3];3;false;true;2;1;96;[2,3];0.5;2.
192;192.656;16;72;[1,1,1,1,1,1,1,1,1,1,1,1,1,1,1,1,2,2,2,2,2,2,2,2,2,2,2,2,2,2,2,2,2,2,2,2,2,2,2,2,2,2,2,2,2,2,2,2,2,2,2,2,2,2,2,2,6,6,6,6,6,6,6,6,6,6,6,6,6,6,6,6];3;false;true;2;1;96;[2,3];0.375;2.6666666666666665
192;192.657;32;96;[1,1,1,1,1,1,1,1,1,1,1,1,1,1,1,1,1,1,1,1,1,1,1,1,1,1,1,1,1,1,1,1,2,2,2,2,2,2,2,2,2,2,2,2,2,2,2,2,2,2,2,2,2,2,2,2,2,2,2,2,2,2,2,2,3,3,3,3,3,3,3,3,3,3,3,3,3,3,3,3,3,3,3,3,3,3,3,3,3,3,3,3,3,3,3,3];3;false;true;2;1;96;[2,3];0.5;2.
192;192.658;16;72;[1,1,1,1,1,1,1,1,1,1,1,1,1,1,1,1,2,2,2,2,2,2,2,2,2,2,2,2,2,2,2,2,2,2,2,2,2,2,2,2,2,2,2,2,2,2,2,2,2,2,2,2,2,2,2,2,6,6,6,6,6,6,6,6,6,6,6,6,6,6,6,6];3;false;true;2;1;96;[2,3];0.375;2.6666666666666665
192;192.659;16;72;[1,1,1,1,1,1,1,1,1,1,1,1,1,1,1,1,2,2,2,2,2,2,2,2,2,2,2,2,2,2,2,2,2,2,2,2,2,2,2,2,2,2,2,2,2,2,2,2,2,2,2,2,2,2,2,2,6,6,6,6,6,6,6,6,6,6,6,6,6,6,6,6];3;false;true;2;1;96;[2,3];0.375;2.6666666666666665
192;192.660;16;72;[1,1,1,1,1,1,1,1,1,1,1,1,1,1,1,1,2,2,2,2,2,2,2,2,2,2,2,2,2,2,2,2,2,2,2,2,2,2,2,2,2,2,2,2,2,2,2,2,2,2,2,2,2,2,2,2,6,6,6,6,6,6,6,6,6,6,6,6,6,6,6,6];3;false;true;2;1;96;[2,3];0.375;2.6666666666666665
192;192.661;8;60;[1,1,1,1,1,1,1,1,2,2,2,2,2,2,2,2,2,2,2,2,2,2,2,2,2,2,2,2,2,2,2,2,2,2,2,2,2,2,2,2,2,2,2,2,2,2,2,2,2,2,2,2,12,12,12,12,12,12,12,12];3;false;true;2;1;96;[2,3];0.3125;3.2000000000000002
192;192.662;8;60;[1,1,1,1,1,1,1,1,2,2,2,2,2,2,2,2,2,2,2,2,2,2,2,2,2,2,2,2,2,2,2,2,2,2,2,2,2,2,2,2,2,2,2,2,2,2,2,2,2,2,2,2,12,12,12,12,12,12,12,12];3;false;true;2;1;96;[2,3];0.3125;3.2000000000000002
192;192.663;8;60;[1,1,1,1,1,1,1,1,2,2,2,2,2,2,2,2,2,2,2,2,2,2,2,2,2,2,2,2,2,2,2,2,2,2,2,2,2,2,2,2,2,2,2,2,2,2,2,2,2,2,2,2,12,12,12,12,12,12,12,12];3;false;true;2;1;96;[2,3];0.3125;3.2000000000000002
192;192.664;8;60;[1,1,1,1,1,1,1,1,2,2,2,2,2,2,2,2,2,2,2,2,2,2,2,2,2,2,2,2,2,2,2,2,2,2,2,2,2,2,2,2,2,2,2,2,2,2,2,2,2,2,2,2,12,12,12,12,12,12,12,12];3;false;true;2;1;96;[2,3];0.3125;3.2000000000000002
192;192.665;8;60;[1,1,1,1,1,1,1,1,2,2,2,2,2,2,2,2,2,2,2,2,2,2,2,2,2,2,2,2,2,2,2,2,2,2,2,2,2,2,2,2,2,2,2,2,2,2,2,2,2,2,2,2,12,12,12,12,12,12,12,12];3;false;true;2;1;96;[2,3];0.3125;3.2000000000000002
192;192.666;8;60;[1,1,1,1,1,1,1,1,2,2,2,2,2,2,2,2,2,2,2,2,2,2,2,2,2,2,2,2,2,2,2,2,2,2,2,2,2,2,2,2,2,2,2,2,2,2,2,2,2,2,2,2,12,12,12,12,12,12,12,12];3;false;true;2;1;96;[2,3];0.3125;3.2000000000000002
192;192.667;16;72;[1,1,1,1,1,1,1,1,1,1,1,1,1,1,1,1,2,2,2,2,2,2,2,2,2,2,2,2,2,2,2,2,2,2,2,2,2,2,2,2,2,2,2,2,2,2,2,2,2,2,2,2,2,2,2,2,6,6,6,6,6,6,6,6,6,6,6,6,6,6,6,6];3;false;true;2;1;96;[2,3];0.375;2.6666666666666665
192;192.668;16;72;[1,1,1,1,1,1,1,1,1,1,1,1,1,1,1,1,2,2,2,2,2,2,2,2,2,2,2,2,2,2,2,2,2,2,2,2,2,2,2,2,2,2,2,2,2,2,2,2,2,2,2,2,2,2,2,2,6,6,6,6,6,6,6,6,6,6,6,6,6,6,6,6];3;false;true;2;1;96;[2,3];0.375;2.6666666666666665
192;192.669;8;60;[1,1,1,1,1,1,1,1,2,2,2,2,2,2,2,2,2,2,2,2,2,2,2,2,2,2,2,2,2,2,2,2,2,2,2,2,2,2,2,2,2,2,2,2,2,2,2,2,2,2,2,2,12,12,12,12,12,12,12,12];3;false;true;2;1;96;[2,3];0.3125;3.2000000000000002
192;192.670;8;60;[1,1,1,1,1,1,1,1,2,2,2,2,2,2,2,2,2,2,2,2,2,2,2,2,2,2,2,2,2,2,2,2,2,2,2,2,2,2,2,2,2,2,2,2,2,2,2,2,2,2,2,2,12,12,12,12,12,12,12,12];3;false;true;2;1;96;[2,3];0.3125;3.2000000000000002
192;192.671;8;60;[1,1,1,1,1,1,1,1,2,2,2,2,2,2,2,2,2,2,2,2,2,2,2,2,2,2,2,2,2,2,2,2,2,2,2,2,2,2,2,2,2,2,2,2,2,2,2,2,2,2,2,2,12,12,12,12,12,12,12,12];3;false;true;2;1;96;[2,3];0.3125;3.2000000000000002
192;192.672;8;60;[1,1,1,1,1,1,1,1,2,2,2,2,2,2,2,2,2,2,2,2,2,2,2,2,2,2,2,2,2,2,2,2,2,2,2,2,2,2,2,2,2,2,2,2,2,2,2,2,2,2,2,2,12,12,12,12,12,12,12,12];3;false;true;2;1;96;[2,3];0.3125;3.2000000000000002
192;192.673;4;54;[1,1,1,1,2,2,2,2,2,2,2,2,2,2,2,2,2,2,2,2,2,2,2,2,2,2,2,2,2,2,2,2,2,2,2,2,2,2,2,2,2,2,2,2,2,2,2,2,2,2,24,24,24,24];3;false;true;2;1;96;[2,3];0.28125;3.5555555555555554
192;192.674;4;54;[1,1,1,1,2,2,2,2,2,2,2,2,2,2,2,2,2,2,2,2,2,2,2,2,2,2,2,2,2,2,2,2,2,2,2,2,2,2,2,2,2,2,2,2,2,2,2,2,2,2,24,24,24,24];3;false;true;2;1;96;[2,3];0.28125;3.5555555555555554
192;192.675;4;54;[1,1,1,1,2,2,2,2,2,2,2,2,2,2,2,2,2,2,2,2,2,2,2,2,2,2,2,2,2,2,2,2,2,2,2,2,2,2,2,2,2,2,2,2,2,2,2,2,2,2,24,24,24,24];3;false;true;2;1;96;[2,3];0.28125;3.5555555555555554
192;192.676;8;60;[1,1,1,1,1,1,1,1,2,2,2,2,2,2,2,2,2,2,2,2,2,2,2,2,2,2,2,2,3,3,3,3,3,3,3,3,4,4,4,4,4,4,4,4,4,4,4,4,6,6,6,6,6,6,6,6,6,6,6,6];5;false;true;2;2;96;[2,3];0.3125;3.2000000000000002
192;192.677;8;48;[1,1,1,1,1,1,1,1,2,2,2,2,2,2,2,2,2,2,2,2,4,4,4,4,4,4,4,4,4,4,4,4,4,4,4,4,6,6,6,6,6,6,6,6,12,12,12,12];5;false;true;2;2;96;[2,3];0.25;4.
192;192.678;8;48;[1,1,1,1,1,1,1,1,2,2,2,2,2,2,2,2,2,2,2,2,4,4,4,4,4,4,4,4,4,4,4,4,4,4,4,4,6,6,6,6,6,6,6,6,12,12,12,12];5;false;true;2;2;96;[2,3];0.25;4.
192;192.679;4;42;[1,1,1,1,2,2,2,2,2,2,2,2,2,2,2,2,2,2,4,4,4,4,4,4,4,4,4,4,4,4,4,4,4,4,12,12,12,12,12,12,12,12];4;false;true;2;2;96;[2,3];0.21875;4.5714285714285712
192;192.680;4;42;[1,1,1,1,2,2,2,2,2,2,2,2,2,2,2,2,2,2,4,4,4,4,4,4,4,4,4,4,4,4,4,4,4,4,12,12,12,12,12,12,12,12];4;false;true;2;2;96;[2,3];0.21875;4.5714285714285712
192;192.681;8;60;[1,1,1,1,1,1,1,1,2,2,2,2,2,2,2,2,2,2,2,2,2,2,2,2,2,2,2,2,3,3,3,3,3,3,3,3,4,4,4,4,4,4,4,4,4,4,4,4,6,6,6,6,6,6,6,6,6,6,6,6];5;false;true;2;2;96;[2,3];0.3125;3.2000000000000002
192;192.682;8;48;[1,1,1,1,1,1,1,1,2,2,2,2,2,2,2,2,2,2,2,2,4,4,4,4,4,4,4,4,4,4,4,4,4,4,4,4,6,6,6,6,6,6,6,6,12,12,12,12];5;false;true;2;2;96;[2,3];0.25;4.
192;192.683;4;42;[1,1,1,1,2,2,2,2,2,2,2,2,2,2,2,2,2,2,4,4,4,4,4,4,4,4,4,4,4,4,4,4,4,4,12,12,12,12,12,12,12,12];4;false;true;2;2;96;[2,3];0.21875;4.5714285714285712
192;192.684;4;42;[1,1,1,1,2,2,2,2,2,2,2,2,2,2,2,2,2,2,4,4,4,4,4,4,4,4,4,4,4,4,4,4,4,4,12,12,12,12,12,12,12,12];4;false;true;2;2;96;[2,3];0.21875;4.5714285714285712
192;192.685;8;48;[1,1,1,1,1,1,1,1,2,2,2,2,2,2,2,2,2,2,2,2,4,4,4,4,4,4,4,4,4,4,4,4,4,4,4,4,6,6,6,6,6,6,6,6,12,12,12,12];5;false;true;2;2;96;[2,3];0.25;4.
192;192.686;8;48;[1,1,1,1,1,1,1,1,2,2,2,2,2,2,2,2,2,2,2,2,4,4,4,4,4,4,4,4,4,4,4,4,4,4,4,4,6,6,6,6,6,6,6,6,12,12,12,12];5;false;true;2;2;96;[2,3];0.25;4.
192;192.687;8;48;[1,1,1,1,1,1,1,1,2,2,2,2,2,2,2,2,2,2,2,2,4,4,4,4,4,4,4,4,4,4,4,4,4,4,4,4,6,6,6,6,6,6,6,6,12,12,12,12];5;false;true;2;2;96;[2,3];0.25;4.
192;192.688;8;48;[1,1,1,1,1,1,1,1,2,2,2,2,2,2,2,2,2,2,2,2,4,4,4,4,4,4,4,4,4,4,4,4,4,4,4,4,6,6,6,6,6,6,6,6,12,12,12,12];5;false;true;2;2;96;[2,3];0.25;4.
192;192.689;4;42;[1,1,1,1,2,2,2,2,2,2,2,2,2,2,2,2,2,2,4,4,4,4,4,4,4,4,4,4,4,4,4,4,4,4,12,12,12,12,12,12,12,12];4;false;true;2;2;96;[2,3];0.21875;4.5714285714285712
192;192.690;4;42;[1,1,1,1,2,2,2,2,2,2,2,2,2,2,2,2,2,2,4,4,4,4,4,4,4,4,4,4,4,4,4,4,4,4,12,12,12,12,12,12,12,12];4;false;true;2;2;96;[2,3];0.21875;4.5714285714285712
192;192.691;4;42;[1,1,1,1,2,2,2,2,2,2,2,2,2,2,2,2,2,2,4,4,4,4,4,4,4,4,4,4,4,4,4,4,4,4,12,12,12,12,12,12,12,12];4;false;true;2;2;96;[2,3];0.21875;4.5714285714285712
192;192.692;4;42;[1,1,1,1,2,2,2,2,2,2,2,2,2,2,2,2,2,2,4,4,4,4,4,4,4,4,4,4,4,4,4,4,4,4,12,12,12,12,12,12,12,12];4;false;true;2;2;96;[2,3];0.21875;4.5714285714285712
192;192.693;4;36;[1,1,1,1,2,2,2,2,2,2,2,2,2,2,4,4,4,4,4,4,4,4,4,4,4,4,4,4,4,4,4,4,24,24,24,24];4;false;true;2;2;96;[2,3];0.1875;5.333333333333333
192;192.694;4;36;[1,1,1,1,2,2,2,2,2,2,2,2,2,2,4,4,4,4,4,4,4,4,4,4,4,4,4,4,4,4,4,4,24,24,24,24];4;false;true;2;2;96;[2,3];0.1875;5.333333333333333
192;192.695;4;42;[1,1,1,1,2,2,2,2,2,2,2,2,2,2,2,2,2,2,4,4,4,4,4,4,4,4,4,4,4,4,4,4,4,4,12,12,12,12,12,12,12,12];4;false;true;2;2;96;[2,3];0.21875;4.5714285714285712
192;192.696;4;36;[1,1,1,1,2,2,2,2,2,2,2,2,2,2,4,4,4,4,4,4,4,4,4,4,4,4,4,4,4,4,4,4,24,24,24,24];4;false;true;2;2;96;[2,3];0.1875;5.333333333333333
192;192.697;8;48;[1,1,1,1,1,1,1,1,2,2,2,2,2,2,2,2,2,2,2,2,4,4,4,4,4,4,4,4,4,4,4,4,4,4,4,4,6,6,6,6,6,6,6,6,12,12,12,12];5;false;true;2;2;96;[2,3];0.25;4.
192;192.698;4;42;[1,1,1,1,2,2,2,2,2,2,2,2,2,2,2,2,2,2,4,4,4,4,4,4,4,4,4,4,4,4,4,4,4,4,12,12,12,12,12,12,12,12];4;false;true;2;2;96;[2,3];0.21875;4.5714285714285712
192;192.699;8;60;[1,1,1,1,1,1,1,1,2,2,2,2,2,2,2,2,2,2,2,2,2,2,2,2,2,2,2,2,3,3,3,3,3,3,3,3,4,4,4,4,4,4,4,4,4,4,4,4,6,6,6,6,6,6,6,6,6,6,6,6];5;false;true;2;2;96;[2,3];0.3125;3.2000000000000002
192;192.700;2;36;[1,1,2,2,2,2,2,2,2,2,2,2,2,2,2,4,4,4,4,4,4,4,4,4,4,4,4,4,4,4,4,4,24,24,24,24];4;false;true;2;2;96;[2,3];0.1875;5.333333333333333
192;192.701;2;36;[1,1,2,2,2,2,2,2,2,2,2,2,2,2,2,4,4,4,4,4,4,4,4,4,4,4,4,4,4,4,4,4,24,24,24,24];4;false;true;2;2;96;[2,3];0.1875;5.333333333333333
192;192.702;2;36;[1,1,2,2,2,2,2,2,2,2,2,2,2,2,2,4,4,4,4,4,4,4,4,4,4,4,4,4,4,4,4,4,24,24,24,24];4;false;true;2;2;96;[2,3];0.1875;5.333333333333333
192;192.703;8;48;[1,1,1,1,1,1,1,1,2,2,2,2,2,2,2,2,2,2,2,2,4,4,4,4,4,4,4,4,4,4,4,4,4,4,4,4,6,6,6,6,6,6,6,6,12,12,12,12];5;false;true;2;2;96;[2,3];0.25;4.
192;192.704;4;42;[1,1,1,1,2,2,2,2,2,2,2,2,2,2,2,2,2,2,4,4,4,4,4,4,4,4,4,4,4,4,4,4,4,4,12,12,12,12,12,12,12,12];4;false;true;2;2;96;[2,3];0.21875;4.5714285714285712
192;192.705;4;36;[1,1,1,1,2,2,2,2,2,2,2,2,2,2,4,4,4,4,4,4,6,6,6,6,6,6,6,6,8,8,8,8,8,8,24,24];6;false;true;2;2;96;[2,3];0.1875;5.333333333333333
192;192.706;2;30;[1,1,2,2,2,2,2,2,2,2,2,4,4,4,4,4,4,4,8,8,8,8,8,8,12,12,12,12,24,24];6;false;true;2;2;96;[2,3];0.15625;6.4000000000000004
192;192.707;4;36;[1,1,1,1,2,2,2,2,2,2,2,2,2,2,4,4,4,4,4,4,6,6,6,6,6,6,6,6,8,8,8,8,8,8,24,24];6;false;true;2;2;96;[2,3];0.1875;5.333333333333333
192;192.708;4;42;[1,1,1,1,2,2,2,2,2,2,2,2,2,2,3,3,3,3,4,4,4,4,4,4,4,4,4,4,6,6,6,6,6,6,8,8,8,8,12,12,12,12];7;false;true;2;2;96;[2,3];0.21875;4.5714285714285712
192;192.709;4;33;[1,1,1,1,2,2,2,2,2,2,4,4,4,4,4,4,4,4,4,4,6,6,8,8,8,8,8,12,12,12,12,12,24];7;false;true;2;2;96;[2,3];0.171875;5.8181818181818183
192;192.710;4;36;[1,1,1,1,2,2,2,2,2,2,2,2,2,2,4,4,4,4,4,4,6,6,6,6,6,6,6,6,8,8,8,8,8,8,24,24];6;false;true;2;2;96;[2,3];0.1875;5.333333333333333
192;192.711;4;36;[1,1,1,1,2,2,2,2,2,2,4,4,4,4,4,4,4,4,4,4,4,4,6,6,6,6,8,8,8,8,12,12,12,12,12,12];6;false;true;2;2;96;[2,3];0.1875;5.333333333333333
192;192.712;4;33;[1,1,1,1,2,2,2,2,2,2,4,4,4,4,4,4,4,4,4,4,6,6,8,8,8,8,8,12,12,12,12,12,24];7;false;true;2;2;96;[2,3];0.171875;5.8181818181818183
192;192.713;4;30;[1,1,1,1,2,2,2,2,2,2,4,4,4,4,4,4,4,4,8,8,8,8,8,8,12,12,12,12,24,24];6;false;true;2;2;96;[2,3];0.15625;6.4000000000000004
192;192.714;4;36;[1,1,1,1,2,2,2,2,2,2,2,2,2,2,4,4,4,4,4,4,6,6,6,6,6,6,6,6,8,8,8,8,8,8,24,24];6;false;true;2;2;96;[2,3];0.1875;5.333333333333333
192;192.715;4;33;[1,1,1,1,2,2,2,2,2,2,4,4,4,4,4,4,4,4,4,4,6,6,8,8,8,8,8,12,12,12,12,12,24];7;false;true;2;2;96;[2,3];0.171875;5.8181818181818183
192;192.716;4;36;[1,1,1,1,2,2,2,2,2,2,2,2,2,2,4,4,4,4,4,4,6,6,6,6,6,6,6,6,8,8,8,8,8,8,24,24];6;false;true;2;2;96;[2,3];0.1875;5.333333333333333
192;192.717;4;33;[1,1,1,1,2,2,2,2,2,2,4,4,4,4,4,4,4,4,4,4,6,6,8,8,8,8,8,12,12,12,12,12,24];7;false;true;2;2;96;[2,3];0.171875;5.8181818181818183
192;192.718;4;30;[1,1,1,1,2,2,2,2,2,2,4,4,4,4,4,4,4,4,8,8,8,8,8,8,12,12,12,12,24,24];6;false;true;2;2;96;[2,3];0.15625;6.4000000000000004
192;192.719;2;30;[1,1,2,2,2,2,2,2,2,2,2,4,4,4,4,4,4,4,8,8,8,8,8,8,12,12,12,12,24,24];6;false;true;2;2;96;[2,3];0.15625;6.4000000000000004
192;192.720;4;42;[1,1,1,1,2,2,2,2,2,2,2,2,2,2,3,3,3,3,4,4,4,4,4,4,4,4,4,4,6,6,6,6,6,6,8,8,8,8,12,12,12,12];7;false;true;2;2;96;[2,3];0.21875;4.5714285714285712
192;192.721;4;33;[1,1,1,1,2,2,2,2,2,2,4,4,4,4,4,4,4,4,4,4,6,6,8,8,8,8,8,12,12,12,12,12,24];7;false;true;2;2;96;[2,3];0.171875;5.8181818181818183
192;192.722;4;33;[1,1,1,1,2,2,2,2,2,2,4,4,4,4,4,4,4,4,4,4,6,6,8,8,8,8,8,12,12,12,12,12,24];7;false;true;2;2;96;[2,3];0.171875;5.8181818181818183
192;192.723;4;36;[1,1,1,1,2,2,2,2,2,2,4,4,4,4,4,4,4,4,4,4,4,4,6,6,6,6,8,8,8,8,12,12,12,12,12,12];6;false;true;2;2;96;[2,3];0.1875;5.333333333333333
192;192.724;4;33;[1,1,1,1,2,2,2,2,2,2,4,4,4,4,4,4,4,4,4,4,6,6,8,8,8,8,8,12,12,12,12,12,24];7;false;true;2;2;96;[2,3];0.171875;5.8181818181818183
192;192.725;4;33;[1,1,1,1,2,2,2,2,2,2,4,4,4,4,4,4,4,4,4,4,6,6,8,8,8,8,8,12,12,12,12,12,24];7;false;true;2;2;96;[2,3];0.171875;5.8181818181818183
192;192.726;4;30;[1,1,1,1,2,2,2,2,2,2,4,4,4,4,4,4,4,4,8,8,8,8,8,8,12,12,12,12,24,24];6;false;true;2;2;96;[2,3];0.15625;6.4000000000000004
192;192.727;4;36;[1,1,1,1,2,2,2,2,2,2,2,2,2,2,4,4,4,4,4,4,6,6,6,6,6,6,6,6,8,8,8,8,8,8,24,24];6;false;true;2;2;96;[2,3];0.1875;5.333333333333333
192;192.728;4;33;[1,1,1,1,2,2,2,2,2,2,4,4,4,4,4,4,4,4,4,4,6,6,8,8,8,8,8,12,12,12,12,12,24];7;false;true;2;2;96;[2,3];0.171875;5.8181818181818183
192;192.729;4;33;[1,1,1,1,2,2,2,2,2,2,4,4,4,4,4,4,4,4,4,4,6,6,8,8,8,8,8,12,12,12,12,12,24];7;false;true;2;2;96;[2,3];0.171875;5.8181818181818183
192;192.730;4;36;[1,1,1,1,2,2,2,2,2,2,2,2,2,2,4,4,4,4,4,4,6,6,6,6,6,6,6,6,8,8,8,8,8,8,24,24];6;false;true;2;2;96;[2,3];0.1875;5.333333333333333
192;192.731;4;33;[1,1,1,1,2,2,2,2,2,2,4,4,4,4,4,4,4,4,4,4,6,6,8,8,8,8,8,12,12,12,12,12,24];7;false;true;2;2;96;[2,3];0.171875;5.8181818181818183
192;192.732;4;33;[1,1,1,1,2,2,2,2,2,2,4,4,4,4,4,4,4,4,4,4,6,6,8,8,8,8,8,12,12,12,12,12,24];7;false;true;2;2;96;[2,3];0.171875;5.8181818181818183
192;192.733;4;30;[1,1,1,1,2,2,2,2,2,2,4,4,4,4,4,4,4,4,8,8,8,8,8,8,12,12,12,12,24,24];6;false;true;2;2;96;[2,3];0.15625;6.4000000000000004
192;192.734;4;36;[1,1,1,1,2,2,2,2,2,2,2,2,2,2,4,4,4,4,4,4,6,6,6,6,6,6,6,6,8,8,8,8,8,8,24,24];6;false;true;2;2;96;[2,3];0.1875;5.333333333333333
192;192.735;4;30;[1,1,1,1,2,2,2,2,2,2,4,4,4,4,4,4,4,4,8,8,8,8,8,8,12,12,12,12,24,24];6;false;true;2;2;96;[2,3];0.15625;6.4000000000000004
192;192.736;2;30;[1,1,2,2,2,2,2,2,2,2,2,4,4,4,4,4,4,4,8,8,8,8,8,8,12,12,12,12,24,24];6;false;true;2;2;96;[2,3];0.15625;6.4000000000000004
192;192.737;4;36;[1,1,1,1,2,2,2,2,2,2,2,2,2,2,4,4,4,4,4,4,6,6,6,6,6,6,6,6,8,8,8,8,8,8,24,24];6;false;true;2;2;96;[2,3];0.1875;5.333333333333333
192;192.738;2;30;[1,1,2,2,2,2,2,2,2,2,2,4,4,4,4,4,4,4,8,8,8,8,8,8,12,12,12,12,24,24];6;false;true;2;2;96;[2,3];0.15625;6.4000000000000004
192;192.739;4;36;[1,1,1,1,2,2,2,2,2,2,2,2,2,2,4,4,4,4,4,4,6,6,6,6,6,6,6,6,8,8,8,8,8,8,24,24];6;false;true;2;2;96;[2,3];0.1875;5.333333333333333
192;192.740;4;42;[1,1,1,1,2,2,2,2,2,2,2,2,2,2,3,3,3,3,4,4,4,4,4,4,4,4,4,4,6,6,6,6,6,6,8,8,8,8,12,12,12,12];7;false;true;2;2;96;[2,3];0.21875;4.5714285714285712
192;192.741;4;33;[1,1,1,1,2,2,2,2,2,2,4,4,4,4,4,4,4,4,4,4,6,6,8,8,8,8,8,12,12,12,12,12,24];7;false;true;2;2;96;[2,3];0.171875;5.8181818181818183
192;192.742;4;36;[1,1,1,1,2,2,2,2,2,2,2,2,2,2,4,4,4,4,4,4,6,6,6,6,6,6,6,6,8,8,8,8,8,8,24,24];6;false;true;2;2;96;[2,3];0.1875;5.333333333333333
192;192.743;4;36;[1,1,1,1,2,2,2,2,2,2,4,4,4,4,4,4,4,4,4,4,4,4,6,6,6,6,8,8,8,8,12,12,12,12,12,12];6;false;true;2;2;96;[2,3];0.1875;5.333333333333333
192;192.744;4;33;[1,1,1,1,2,2,2,2,2,2,4,4,4,4,4,4,4,4,4,4,6,6,8,8,8,8,8,12,12,12,12,12,24];7;false;true;2;2;96;[2,3];0.171875;5.8181818181818183
192;192.745;4;33;[1,1,1,1,2,2,2,2,2,2,4,4,4,4,4,4,4,4,4,4,6,6,8,8,8,8,8,12,12,12,12,12,24];7;false;true;2;2;96;[2,3];0.171875;5.8181818181818183
192;192.746;4;33;[1,1,1,1,2,2,2,2,2,2,4,4,4,4,4,4,4,4,4,4,6,6,8,8,8,8,8,12,12,12,12,12,24];7;false;true;2;2;96;[2,3];0.171875;5.8181818181818183
192;192.747;4;36;[1,1,1,1,2,2,2,2,2,2,2,2,2,2,4,4,4,4,4,4,6,6,6,6,6,6,6,6,8,8,8,8,8,8,24,24];6;false;true;2;2;96;[2,3];0.1875;5.333333333333333
192;192.748;4;30;[1,1,1,1,2,2,2,2,2,2,4,4,4,4,4,4,4,4,8,8,8,8,8,8,12,12,12,12,24,24];6;false;true;2;2;96;[2,3];0.15625;6.4000000000000004
192;192.749;4;30;[1,1,1,1,2,2,2,2,2,2,4,4,4,4,4,4,4,4,8,8,8,8,8,8,12,12,12,12,24,24];6;false;true;2;2;96;[2,3];0.15625;6.4000000000000004
192;192.750;4;36;[1,1,1,1,2,2,2,2,2,2,2,2,2,2,4,4,4,4,4,4,6,6,6,6,6,6,6,6,8,8,8,8,8,8,24,24];6;false;true;2;2;96;[2,3];0.1875;5.333333333333333
192;192.751;2;30;[1,1,2,2,2,2,2,2,2,2,2,4,4,4,4,4,4,4,8,8,8,8,8,8,12,12,12,12,24,24];6;false;true;2;2;96;[2,3];0.15625;6.4000000000000004
192;192.752;2;30;[1,1,2,2,2,2,2,2,2,2,2,4,4,4,4,4,4,4,8,8,8,8,8,8,12,12,12,12,24,24];6;false;true;2;2;96;[2,3];0.15625;6.4000000000000004
192;192.753;4;36;[1,1,1,1,2,2,2,2,2,2,2,2,2,2,4,4,4,4,4,4,6,6,6,6,6,6,6,6,8,8,8,8,8,8,24,24];6;false;true;2;2;96;[2,3];0.1875;5.333333333333333
192;192.754;2;30;[1,1,2,2,2,2,2,2,2,2,2,4,4,4,4,4,4,4,8,8,8,8,8,8,12,12,12,12,24,24];6;false;true;2;2;96;[2,3];0.15625;6.4000000000000004
192;192.755;4;42;[1,1,1,1,2,2,2,2,2,2,2,2,2,2,3,3,3,3,4,4,4,4,4,4,4,4,4,4,6,6,6,6,6,6,8,8,8,8,12,12,12,12];7;false;true;2;2;96;[2,3];0.21875;4.5714285714285712
192;192.756;4;36;[1,1,1,1,2,2,2,2,2,2,4,4,4,4,4,4,4,4,4,4,4,4,6,6,6,6,8,8,8,8,12,12,12,12,12,12];6;false;true;2;2;96;[2,3];0.1875;5.333333333333333
192;192.757;2;27;[1,1,2,2,2,2,2,4,4,4,4,4,8,8,8,8,8,8,8,8,12,12,12,12,12,12,24];6;false;true;2;2;96;[2,3];0.140625;7.1111111111111107
192;192.758;2;27;[1,1,2,2,2,2,2,4,4,4,4,4,6,6,8,8,8,8,8,8,8,8,12,12,12,24,24];7;false;true;2;2;96;[2,3];0.140625;7.1111111111111107
192;192.759;2;27;[1,1,2,2,2,2,2,4,4,4,4,4,6,6,8,8,8,8,8,8,8,8,12,12,12,24,24];7;false;true;2;2;96;[2,3];0.140625;7.1111111111111107
192;192.760;2;27;[1,1,2,2,2,2,2,4,4,4,4,4,8,8,8,8,8,8,8,8,12,12,12,12,12,12,24];6;false;true;2;2;96;[2,3];0.140625;7.1111111111111107
192;192.761;2;27;[1,1,2,2,2,2,2,4,4,4,4,4,8,8,8,8,8,8,8,8,12,12,12,12,12,12,24];6;false;true;2;2;96;[2,3];0.140625;7.1111111111111107
192;192.762;2;27;[1,1,2,2,2,2,2,4,4,4,4,4,6,6,8,8,8,8,8,8,8,8,12,12,12,24,24];7;false;true;2;2;96;[2,3];0.140625;7.1111111111111107
192;192.763;2;27;[1,1,2,2,2,2,2,4,4,4,4,4,6,6,8,8,8,8,8,8,8,8,12,12,12,24,24];7;false;true;2;2;96;[2,3];0.140625;7.1111111111111107
192;192.764;2;27;[1,1,2,2,2,2,2,4,4,4,4,4,8,8,8,8,8,8,8,8,12,12,12,12,12,12,24];6;false;true;2;2;96;[2,3];0.140625;7.1111111111111107
192;192.765;16;72;[1,1,1,1,1,1,1,1,1,1,1,1,1,1,1,1,2,2,2,2,2,2,2,2,2,2,2,2,2,2,2,2,2,2,2,2,2,2,2,2,2,2,2,2,2,2,2,2,2,2,2,2,2,2,2,2,6,6,6,6,6,6,6,6,6,6,6,6,6,6,6,6];3;false;true;2;1;96;[2,3];0.375;2.6666666666666665
192;192.766;8;60;[1,1,1,1,1,1,1,1,2,2,2,2,2,2,2,2,2,2,2,2,2,2,2,2,2,2,2,2,2,2,2,2,2,2,2,2,2,2,2,2,2,2,2,2,2,2,2,2,2,2,2,2,12,12,12,12,12,12,12,12];3;false;true;2;1;96;[2,3];0.3125;3.2000000000000002
192;192.767;16;72;[1,1,1,1,1,1,1,1,1,1,1,1,1,1,1,1,2,2,2,2,2,2,2,2,2,2,2,2,2,2,2,2,2,2,2,2,2,2,2,2,2,2,2,2,2,2,2,2,2,2,2,2,2,2,2,2,6,6,6,6,6,6,6,6,6,6,6,6,6,6,6,6];3;false;true;2;1;96;[2,3];0.375;2.6666666666666665
192;192.768;16;72;[1,1,1,1,1,1,1,1,1,1,1,1,1,1,1,1,2,2,2,2,2,2,2,2,2,2,2,2,2,2,2,2,2,2,2,2,2,2,2,2,2,2,2,2,2,2,2,2,2,2,2,2,2,2,2,2,6,6,6,6,6,6,6,6,6,6,6,6,6,6,6,6];3;false;true;2;1;96;[2,3];0.375;2.6666666666666665
192;192.769;8;60;[1,1,1,1,1,1,1,1,2,2,2,2,2,2,2,2,2,2,2,2,2,2,2,2,2,2,2,2,2,2,2,2,2,2,2,2,2,2,2,2,2,2,2,2,2,2,2,2,2,2,2,2,12,12,12,12,12,12,12,12];3;false;true;2;1;96;[2,3];0.3125;3.2000000000000002
192;192.770;8;60;[1,1,1,1,1,1,1,1,2,2,2,2,2,2,2,2,2,2,2,2,2,2,2,2,2,2,2,2,2,2,2,2,2,2,2,2,2,2,2,2,2,2,2,2,2,2,2,2,2,2,2,2,12,12,12,12,12,12,12,12];3;false;true;2;1;96;[2,3];0.3125;3.2000000000000002
192;192.771;8;60;[1,1,1,1,1,1,1,1,2,2,2,2,2,2,2,2,2,2,2,2,2,2,2,2,2,2,2,2,2,2,2,2,2,2,2,2,2,2,2,2,2,2,2,2,2,2,2,2,2,2,2,2,12,12,12,12,12,12,12,12];3;false;true;2;1;96;[2,3];0.3125;3.2000000000000002
192;192.772;8;60;[1,1,1,1,1,1,1,1,2,2,2,2,2,2,2,2,2,2,2,2,2,2,2,2,2,2,2,2,2,2,2,2,2,2,2,2,2,2,2,2,2,2,2,2,2,2,2,2,2,2,2,2,12,12,12,12,12,12,12,12];3;false;true;2;1;96;[2,3];0.3125;3.2000000000000002
192;192.773;8;48;[1,1,1,1,1,1,1,1,2,2,2,2,2,2,2,2,2,2,2,2,4,4,4,4,4,4,4,4,4,4,4,4,4,4,4,4,6,6,6,6,6,6,6,6,12,12,12,12];5;false;true;2;2;96;[2,3];0.25;4.
192;192.774;4;42;[1,1,1,1,2,2,2,2,2,2,2,2,2,2,2,2,2,2,4,4,4,4,4,4,4,4,4,4,4,4,4,4,4,4,12,12,12,12,12,12,12,12];4;false;true;2;2;96;[2,3];0.21875;4.5714285714285712
192;192.775;4;42;[1,1,1,1,2,2,2,2,2,2,2,2,2,2,2,2,2,2,4,4,4,4,4,4,4,4,4,4,4,4,4,4,4,4,12,12,12,12,12,12,12,12];4;false;true;2;2;96;[2,3];0.21875;4.5714285714285712
192;192.776;4;39;[1,1,1,1,2,2,2,2,2,2,2,2,2,2,2,2,4,4,4,4,4,4,4,4,4,4,4,4,4,4,4,4,4,12,12,12,12,24,24];5;false;true;2;2;96;[2,3];0.203125;4.9230769230769234
192;192.777;4;39;[1,1,1,1,2,2,2,2,2,2,2,2,2,2,2,2,4,4,4,4,4,4,4,4,4,4,4,4,4,4,4,4,4,12,12,12,12,24,24];5;false;true;2;2;96;[2,3];0.203125;4.9230769230769234
192;192.778;4;42;[1,1,1,1,2,2,2,2,2,2,2,2,2,2,2,2,2,2,4,4,4,4,4,4,4,4,4,4,4,4,4,4,4,4,12,12,12,12,12,12,12,12];4;false;true;2;2;96;[2,3];0.21875;4.5714285714285712
192;192.779;8;48;[1,1,1,1,1,1,1,1,2,2,2,2,2,2,2,2,2,2,2,2,4,4,4,4,4,4,4,4,4,4,4,4,4,4,4,4,6,6,6,6,6,6,6,6,12,12,12,12];5;false;true;2;2;96;[2,3];0.25;4.
192;192.780;8;48;[1,1,1,1,1,1,1,1,2,2,2,2,2,2,2,2,2,2,2,2,4,4,4,4,4,4,4,4,4,4,4,4,4,4,4,4,6,6,6,6,6,6,6,6,12,12,12,12];5;false;true;2;2;96;[2,3];0.25;4.
192;192.781;8;42;[1,1,1,1,1,1,1,1,2,2,2,2,2,2,2,2,4,4,4,4,4,4,4,4,4,4,4,4,4,4,4,4,4,4,12,12,12,12,12,12,12,12];4;false;true;2;2;96;[2,3];0.21875;4.5714285714285712
192;192.782;8;42;[1,1,1,1,1,1,1,1,2,2,2,2,2,2,2,2,4,4,4,4,4,4,4,4,4,4,4,4,4,4,4,4,4,4,12,12,12,12,12,12,12,12];4;false;true;2;2;96;[2,3];0.21875;4.5714285714285712
192;192.783;8;48;[1,1,1,1,1,1,1,1,2,2,2,2,2,2,2,2,2,2,2,2,4,4,4,4,4,4,4,4,4,4,4,4,4,4,4,4,6,6,6,6,6,6,6,6,12,12,12,12];5;false;true;2;2;96;[2,3];0.25;4.
192;192.784;4;42;[1,1,1,1,2,2,2,2,2,2,2,2,2,2,2,2,2,2,4,4,4,4,4,4,4,4,4,4,4,4,4,4,4,4,12,12,12,12,12,12,12,12];4;false;true;2;2;96;[2,3];0.21875;4.5714285714285712
192;192.785;4;42;[1,1,1,1,2,2,2,2,2,2,2,2,2,2,2,2,2,2,4,4,4,4,4,4,4,4,4,4,4,4,4,4,4,4,12,12,12,12,12,12,12,12];4;false;true;2;2;96;[2,3];0.21875;4.5714285714285712
192;192.786;4;39;[1,1,1,1,2,2,2,2,2,2,2,2,2,2,2,2,4,4,4,4,4,4,4,4,4,4,4,4,4,4,4,4,4,12,12,12,12,24,24];5;false;true;2;2;96;[2,3];0.203125;4.9230769230769234
192;192.787;4;39;[1,1,1,1,2,2,2,2,2,2,2,2,2,2,2,2,4,4,4,4,4,4,4,4,4,4,4,4,4,4,4,4,4,12,12,12,12,24,24];5;false;true;2;2;96;[2,3];0.203125;4.9230769230769234
192;192.788;8;48;[1,1,1,1,1,1,1,1,2,2,2,2,2,2,2,2,2,2,2,2,4,4,4,4,4,4,4,4,4,4,4,4,4,4,4,4,6,6,6,6,6,6,6,6,12,12,12,12];5;false;true;2;2;96;[2,3];0.25;4.
192;192.789;8;42;[1,1,1,1,1,1,1,1,2,2,2,2,2,2,2,2,4,4,4,4,4,4,4,4,4,4,4,4,4,4,4,4,4,4,12,12,12,12,12,12,12,12];4;false;true;2;2;96;[2,3];0.21875;4.5714285714285712
192;192.790;8;42;[1,1,1,1,1,1,1,1,2,2,2,2,2,2,2,2,4,4,4,4,4,4,4,4,4,4,4,4,4,4,4,4,4,4,12,12,12,12,12,12,12,12];4;false;true;2;2;96;[2,3];0.21875;4.5714285714285712
192;192.791;4;42;[1,1,1,1,2,2,2,2,2,2,2,2,2,2,2,2,2,2,4,4,4,4,4,4,4,4,4,4,4,4,4,4,4,4,12,12,12,12,12,12,12,12];4;false;true;2;2;96;[2,3];0.21875;4.5714285714285712
192;192.792;8;48;[1,1,1,1,1,1,1,1,2,2,2,2,2,2,2,2,2,2,2,2,4,4,4,4,4,4,4,4,4,4,4,4,4,4,4,4,6,6,6,6,6,6,6,6,12,12,12,12];5;false;true;2;2;96;[2,3];0.25;4.
192;192.793;8;48;[1,1,1,1,1,1,1,1,2,2,2,2,2,2,2,2,2,2,2,2,4,4,4,4,4,4,4,4,4,4,4,4,4,4,4,4,6,6,6,6,6,6,6,6,12,12,12,12];5;false;true;2;2;96;[2,3];0.25;4.
192;192.794;8;48;[1,1,1,1,1,1,1,1,2,2,2,2,2,2,2,2,2,2,2,2,4,4,4,4,4,4,4,4,4,4,4,4,4,4,4,4,6,6,6,6,6,6,6,6,12,12,12,12];5;false;true;2;2;96;[2,3];0.25;4.
192;192.795;4;42;[1,1,1,1,2,2,2,2,2,2,2,2,2,2,2,2,2,2,4,4,4,4,4,4,4,4,4,4,4,4,4,4,4,4,12,12,12,12,12,12,12,12];4;false;true;2;2;96;[2,3];0.21875;4.5714285714285712
192;192.796;4;42;[1,1,1,1,2,2,2,2,2,2,2,2,2,2,2,2,2,2,4,4,4,4,4,4,4,4,4,4,4,4,4,4,4,4,12,12,12,12,12,12,12,12];4;false;true;2;2;96;[2,3];0.21875;4.5714285714285712
192;192.797;4;39;[1,1,1,1,2,2,2,2,2,2,2,2,2,2,2,2,4,4,4,4,4,4,4,4,4,4,4,4,4,4,4,4,4,12,12,12,12,24,24];5;false;true;2;2;96;[2,3];0.203125;4.9230769230769234
192;192.798;4;39;[1,1,1,1,2,2,2,2,2,2,2,2,2,2,2,2,4,4,4,4,4,4,4,4,4,4,4,4,4,4,4,4,4,12,12,12,12,24,24];5;false;true;2;2;96;[2,3];0.203125;4.9230769230769234
192;192.799;4;42;[1,1,1,1,2,2,2,2,2,2,2,2,2,2,2,2,2,2,4,4,4,4,4,4,4,4,4,4,4,4,4,4,4,4,12,12,12,12,12,12,12,12];4;false;true;2;2;96;[2,3];0.21875;4.5714285714285712
192;192.800;2;33;[1,1,2,2,2,2,2,4,4,4,4,4,4,4,4,4,4,4,4,4,4,4,4,4,4,4,4,4,12,12,24,24,24];5;false;true;2;2;96;[2,3];0.171875;5.8181818181818183
192;192.801;2;33;[1,1,2,2,2,2,2,4,4,4,4,4,4,4,4,4,4,4,4,4,4,4,4,4,4,4,4,4,12,12,24,24,24];5;false;true;2;2;96;[2,3];0.171875;5.8181818181818183
192;192.802;2;33;[1,1,2,2,2,2,2,4,4,4,4,4,4,4,4,4,4,4,4,4,4,4,4,4,4,4,4,4,12,12,24,24,24];5;false;true;2;2;96;[2,3];0.171875;5.8181818181818183
192;192.803;2;33;[1,1,2,2,2,2,2,4,4,4,4,4,4,4,4,4,4,4,4,4,4,4,4,4,4,4,4,4,12,12,24,24,24];5;false;true;2;2;96;[2,3];0.171875;5.8181818181818183
192;192.804;2;33;[1,1,2,2,2,2,2,4,4,4,4,4,4,4,4,4,4,4,4,4,4,4,4,4,4,4,4,4,12,12,24,24,24];5;false;true;2;2;96;[2,3];0.171875;5.8181818181818183
192;192.805;2;33;[1,1,2,2,2,2,2,4,4,4,4,4,4,4,4,4,4,4,4,4,4,4,4,4,4,4,4,4,12,12,24,24,24];5;false;true;2;2;96;[2,3];0.171875;5.8181818181818183
192;192.806;8;60;[1,1,1,1,1,1,1,1,2,2,2,2,2,2,2,2,2,2,2,2,2,2,2,2,2,2,2,2,2,2,2,2,2,2,2,2,2,2,2,2,2,2,2,2,2,2,2,2,2,2,2,2,12,12,12,12,12,12,12,12];3;false;true;2;1;96;[2,3];0.3125;3.2000000000000002
192;192.807;192;192;[1,1,1,1,1,1,1,1,1,1,1,1,1,1,1,1,1,1,1,1,1,1,1,1,1,1,1,1,1,1,1,1,1,1,1,1,1,1,1,1,1,1,1,1,1,1,1,1,1,1,1,1,1,1,1,1,1,1,1,1,1,1,1,1,1,1,1,1,1,1,1,1,1,1,1,1,1,1,1,1,1,1,1,1,1,1,1,1,1,1,1,1,1,1,1,1,1,1,1,1,1,1,1,1,1,1,1,1,1,1,1,1,1,1,1,1,1,1,1,1,1,1,1,1,1,1,1,1,1,1,1,1,1,1,1,1,1,1,1,1,1,1,1,1,1,1,1,1,1,1,1,1,1,1,1,1,1,1,1,1,1,1,1,1,1,1,1,1,1,1,1,1,1,1,1,1,1,1,1,1,1,1,1,1,1,1,1,1,1,1,1,1];1;true;true;1;1;192;[2,3];1.;1.
192;192.808;48;120;[1,1,1,1,1,1,1,1,1,1,1,1,1,1,1,1,1,1,1,1,1,1,1,1,1,1,1,1,1,1,1,1,1,1,1,1,1,1,1,1,1,1,1,1,1,1,1,1,2,2,2,2,2,2,2,2,2,2,2,2,2,2,2,2,2,2,2,2,2,2,2,2,2,2,2,2,2,2,2,2,2,2,2,2,2,2,2,2,2,2,2,2,2,2,2,2,2,2,2,2,2,2,2,2,2,2,2,2,2,2,2,2,2,2,2,2,2,2,2,2];2;true;true;2;2;192;[2,3];0.625;1.6000000000000001
192;192.809;48;120;[1,1,1,1,1,1,1,1,1,1,1,1,1,1,1,1,1,1,1,1,1,1,1,1,1,1,1,1,1,1,1,1,1,1,1,1,1,1,1,1,1,1,1,1,1,1,1,1,2,2,2,2,2,2,2,2,2,2,2,2,2,2,2,2,2,2,2,2,2,2,2,2,2,2,2,2,2,2,2,2,2,2,2,2,2,2,2,2,2,2,2,2,2,2,2,2,2,2,2,2,2,2,2,2,2,2,2,2,2,2,2,2,2,2,2,2,2,2,2,2];2;true;true;2;2;192;[2,3];0.625;1.6000000000000001
192;192.810;48;120;[1,1,1,1,1,1,1,1,1,1,1,1,1,1,1,1,1,1,1,1,1,1,1,1,1,1,1,1,1,1,1,1,1,1,1,1,1,1,1,1,1,1,1,1,1,1,1,1,2,2,2,2,2,2,2,2,2,2,2,2,2,2,2,2,2,2,2,2,2,2,2,2,2,2,2,2,2,2,2,2,2,2,2,2,2,2,2,2,2,2,2,2,2,2,2,2,2,2,2,2,2,2,2,2,2,2,2,2,2,2,2,2,2,2,2,2,2,2,2,2];2;true;true;2;2;192;[2,3];0.625;1.6000000000000001
192;192.811;48;120;[1,1,1,1,1,1,1,1,1,1,1,1,1,1,1,1,1,1,1,1,1,1,1,1,1,1,1,1,1,1,1,1,1,1,1,1,1,1,1,1,1,1,1,1,1,1,1,1,2,2,2,2,2,2,2,2,2,2,2,2,2,2,2,2,2,2,2,2,2,2,2,2,2,2,2,2,2,2,2,2,2,2,2,2,2,2,2,2,2,2,2,2,2,2,2,2,2,2,2,2,2,2,2,2,2,2,2,2,2,2,2,2,2,2,2,2,2,2,2,2];2;true;true;2;2;192;[2,3];0.625;1.6000000000000001
192;192.812;24;84;[1,1,1,1,1,1,1,1,1,1,1,1,1,1,1,1,1,1,1,1,1,1,1,1,2,2,2,2,2,2,2,2,2,2,2,2,2,2,2,2,2,2,2,2,2,2,2,2,2,2,2,2,2,2,2,2,2,2,2,2,4,4,4,4,4,4,4,4,4,4,4,4,4,4,4,4,4,4,4,4,4,4,4,4];3;true;true;2;2;192;[2,3];0.4375;2.2857142857142856
192;192.813;24;84;[1,1,1,1,1,1,1,1,1,1,1,1,1,1,1,1,1,1,1,1,1,1,1,1,2,2,2,2,2,2,2,2,2,2,2,2,2,2,2,2,2,2,2,2,2,2,2,2,2,2,2,2,2,2,2,2,2,2,2,2,4,4,4,4,4,4,4,4,4,4,4,4,4,4,4,4,4,4,4,4,4,4,4,4];3;true;true;2;2;192;[2,3];0.4375;2.2857142857142856
192;192.814;24;84;[1,1,1,1,1,1,1,1,1,1,1,1,1,1,1,1,1,1,1,1,1,1,1,1,2,2,2,2,2,2,2,2,2,2,2,2,2,2,2,2,2,2,2,2,2,2,2,2,2,2,2,2,2,2,2,2,2,2,2,2,4,4,4,4,4,4,4,4,4,4,4,4,4,4,4,4,4,4,4,4,4,4,4,4];3;true;true;2;2;192;[2,3];0.4375;2.2857142857142856
192;192.815;24;84;[1,1,1,1,1,1,1,1,1,1,1,1,1,1,1,1,1,1,1,1,1,1,1,1,2,2,2,2,2,2,2,2,2,2,2,2,2,2,2,2,2,2,2,2,2,2,2,2,2,2,2,2,2,2,2,2,2,2,2,2,4,4,4,4,4,4,4,4,4,4,4,4,4,4,4,4,4,4,4,4,4,4,4,4];3;true;true;2;2;192;[2,3];0.4375;2.2857142857142856
192;192.816;24;84;[1,1,1,1,1,1,1,1,1,1,1,1,1,1,1,1,1,1,1,1,1,1,1,1,2,2,2,2,2,2,2,2,2,2,2,2,2,2,2,2,2,2,2,2,2,2,2,2,2,2,2,2,2,2,2,2,2,2,2,2,4,4,4,4,4,4,4,4,4,4,4,4,4,4,4,4,4,4,4,4,4,4,4,4];3;true;true;2;2;192;[2,3];0.4375;2.2857142857142856
192;192.817;24;84;[1,1,1,1,1,1,1,1,1,1,1,1,1,1,1,1,1,1,1,1,1,1,1,1,2,2,2,2,2,2,2,2,2,2,2,2,2,2,2,2,2,2,2,2,2,2,2,2,2,2,2,2,2,2,2,2,2,2,2,2,4,4,4,4,4,4,4,4,4,4,4,4,4,4,4,4,4,4,4,4,4,4,4,4];3;true;true;2;2;192;[2,3];0.4375;2.2857142857142856
192;192.818;24;84;[1,1,1,1,1,1,1,1,1,1,1,1,1,1,1,1,1,1,1,1,1,1,1,1,2,2,2,2,2,2,2,2,2,2,2,2,2,2,2,2,2,2,2,2,2,2,2,2,2,2,2,2,2,2,2,2,2,2,2,2,4,4,4,4,4,4,4,4,4,4,4,4,4,4,4,4,4,4,4,4,4,4,4,4];3;true;true;2;2;192;[2,3];0.4375;2.2857142857142856
192;192.819;24;84;[1,1,1,1,1,1,1,1,1,1,1,1,1,1,1,1,1,1,1,1,1,1,1,1,2,2,2,2,2,2,2,2,2,2,2,2,2,2,2,2,2,2,2,2,2,2,2,2,2,2,2,2,2,2,2,2,2,2,2,2,4,4,4,4,4,4,4,4,4,4,4,4,4,4,4,4,4,4,4,4,4,4,4,4];3;true;true;2;2;192;[2,3];0.4375;2.2857142857142856
192;192.820;24;84;[1,1,1,1,1,1,1,1,1,1,1,1,1,1,1,1,1,1,1,1,1,1,1,1,2,2,2,2,2,2,2,2,2,2,2,2,2,2,2,2,2,2,2,2,2,2,2,2,2,2,2,2,2,2,2,2,2,2,2,2,4,4,4,4,4,4,4,4,4,4,4,4,4,4,4,4,4,4,4,4,4,4,4,4];3;true;true;2;2;192;[2,3];0.4375;2.2857142857142856
192;192.821;24;84;[1,1,1,1,1,1,1,1,1,1,1,1,1,1,1,1,1,1,1,1,1,1,1,1,2,2,2,2,2,2,2,2,2,2,2,2,2,2,2,2,2,2,2,2,2,2,2,2,2,2,2,2,2,2,2,2,2,2,2,2,4,4,4,4,4,4,4,4,4,4,4,4,4,4,4,4,4,4,4,4,4,4,4,4];3;true;true;2;2;192;[2,3];0.4375;2.2857142857142856
192;192.822;24;84;[1,1,1,1,1,1,1,1,1,1,1,1,1,1,1,1,1,1,1,1,1,1,1,1,2,2,2,2,2,2,2,2,2,2,2,2,2,2,2,2,2,2,2,2,2,2,2,2,2,2,2,2,2,2,2,2,2,2,2,2,4,4,4,4,4,4,4,4,4,4,4,4,4,4,4,4,4,4,4,4,4,4,4,4];3;true;true;2;2;192;[2,3];0.4375;2.2857142857142856
192;192.823;24;84;[1,1,1,1,1,1,1,1,1,1,1,1,1,1,1,1,1,1,1,1,1,1,1,1,2,2,2,2,2,2,2,2,2,2,2,2,2,2,2,2,2,2,2,2,2,2,2,2,2,2,2,2,2,2,2,2,2,2,2,2,4,4,4,4,4,4,4,4,4,4,4,4,4,4,4,4,4,4,4,4,4,4,4,4];3;true;true;2;2;192;[2,3];0.4375;2.2857142857142856
192;192.824;24;84;[1,1,1,1,1,1,1,1,1,1,1,1,1,1,1,1,1,1,1,1,1,1,1,1,2,2,2,2,2,2,2,2,2,2,2,2,2,2,2,2,2,2,2,2,2,2,2,2,2,2,2,2,2,2,2,2,2,2,2,2,4,4,4,4,4,4,4,4,4,4,4,4,4,4,4,4,4,4,4,4,4,4,4,4];3;true;true;2;2;192;[2,3];0.4375;2.2857142857142856
192;192.825;24;66;[1,1,1,1,1,1,1,1,1,1,1,1,1,1,1,1,1,1,1,1,1,1,1,1,4,4,4,4,4,4,4,4,4,4,4,4,4,4,4,4,4,4,4,4,4,4,4,4,4,4,4,4,4,4,4,4,4,4,4,4,4,4,4,4,4,4];2;true;true;2;2;192;[2,3];0.34375;2.9090909090909092
192;192.826;24;66;[1,1,1,1,1,1,1,1,1,1,1,1,1,1,1,1,1,1,1,1,1,1,1,1,4,4,4,4,4,4,4,4,4,4,4,4,4,4,4,4,4,4,4,4,4,4,4,4,4,4,4,4,4,4,4,4,4,4,4,4,4,4,4,4,4,4];2;true;true;2;2;192;[2,3];0.34375;2.9090909090909092
192;192.827;24;66;[1,1,1,1,1,1,1,1,1,1,1,1,1,1,1,1,1,1,1,1,1,1,1,1,4,4,4,4,4,4,4,4,4,4,4,4,4,4,4,4,4,4,4,4,4,4,4,4,4,4,4,4,4,4,4,4,4,4,4,4,4,4,4,4,4,4];2;true;true;2;2;192;[2,3];0.34375;2.9090909090909092
192;192.828;24;66;[1,1,1,1,1,1,1,1,1,1,1,1,1,1,1,1,1,1,1,1,1,1,1,1,4,4,4,4,4,4,4,4,4,4,4,4,4,4,4,4,4,4,4,4,4,4,4,4,4,4,4,4,4,4,4,4,4,4,4,4,4,4,4,4,4,4];2;true;true;2;2;192;[2,3];0.34375;2.9090909090909092
192;192.829;24;66;[1,1,1,1,1,1,1,1,1,1,1,1,1,1,1,1,1,1,1,1,1,1,1,1,4,4,4,4,4,4,4,4,4,4,4,4,4,4,4,4,4,4,4,4,4,4,4,4,4,4,4,4,4,4,4,4,4,4,4,4,4,4,4,4,4,4];2;true;true;2;2;192;[2,3];0.34375;2.9090909090909092
192;192.830;24;66;[1,1,1,1,1,1,1,1,1,1,1,1,1,1,1,1,1,1,1,1,1,1,1,1,4,4,4,4,4,4,4,4,4,4,4,4,4,4,4,4,4,4,4,4,4,4,4,4,4,4,4,4,4,4,4,4,4,4,4,4,4,4,4,4,4,4];2;true;true;2;2;192;[2,3];0.34375;2.9090909090909092
192;192.831;24;66;[1,1,1,1,1,1,1,1,1,1,1,1,1,1,1,1,1,1,1,1,1,1,1,1,4,4,4,4,4,4,4,4,4,4,4,4,4,4,4,4,4,4,4,4,4,4,4,4,4,4,4,4,4,4,4,4,4,4,4,4,4,4,4,4,4,4];2;true;true;2;2;192;[2,3];0.34375;2.9090909090909092
192;192.832;24;66;[1,1,1,1,1,1,1,1,1,1,1,1,1,1,1,1,1,1,1,1,1,1,1,1,4,4,4,4,4,4,4,4,4,4,4,4,4,4,4,4,4,4,4,4,4,4,4,4,4,4,4,4,4,4,4,4,4,4,4,4,4,4,4,4,4,4];2;true;true;2;2;192;[2,3];0.34375;2.9090909090909092
192;192.833;24;66;[1,1,1,1,1,1,1,1,1,1,1,1,1,1,1,1,1,1,1,1,1,1,1,1,4,4,4,4,4,4,4,4,4,4,4,4,4,4,4,4,4,4,4,4,4,4,4,4,4,4,4,4,4,4,4,4,4,4,4,4,4,4,4,4,4,4];2;true;true;2;2;192;[2,3];0.34375;2.9090909090909092
192;192.834;24;66;[1,1,1,1,1,1,1,1,1,1,1,1,1,1,1,1,1,1,1,1,1,1,1,1,4,4,4,4,4,4,4,4,4,4,4,4,4,4,4,4,4,4,4,4,4,4,4,4,4,4,4,4,4,4,4,4,4,4,4,4,4,4,4,4,4,4];2;true;true;2;2;192;[2,3];0.34375;2.9090909090909092
192;192.835;192;192;[1,1,1,1,1,1,1,1,1,1,1,1,1,1,1,1,1,1,1,1,1,1,1,1,1,1,1,1,1,1,1,1,1,1,1,1,1,1,1,1,1,1,1,1,1,1,1,1,1,1,1,1,1,1,1,1,1,1,1,1,1,1,1,1,1,1,1,1,1,1,1,1,1,1,1,1,1,1,1,1,1,1,1,1,1,1,1,1,1,1,1,1,1,1,1,1,1,1,1,1,1,1,1,1,1,1,1,1,1,1,1,1,1,1,1,1,1,1,1,1,1,1,1,1,1,1,1,1,1,1,1,1,1,1,1,1,1,1,1,1,1,1,1,1,1,1,1,1,1,1,1,1,1,1,1,1,1,1,1,1,1,1,1,1,1,1,1,1,1,1,1,1,1,1,1,1,1,1,1,1,1,1,1,1,1,1,1,1,1,1,1,1];1;true;true;1;1;192;[2,3];1.;1.
192;192.836;48;120;[1,1,1,1,1,1,1,1,1,1,1,1,1,1,1,1,1,1,1,1,1,1,1,1,1,1,1,1,1,1,1,1,1,1,1,1,1,1,1,1,1,1,1,1,1,1,1,1,2,2,2,2,2,2,2,2,2,2,2,2,2,2,2,2,2,2,2,2,2,2,2,2,2,2,2,2,2,2,2,2,2,2,2,2,2,2,2,2,2,2,2,2,2,2,2,2,2,2,2,2,2,2,2,2,2,2,2,2,2,2,2,2,2,2,2,2,2,2,2,2];2;true;true;2;2;192;[2,3];0.625;1.6000000000000001
192;192.837;48;120;[1,1,1,1,1,1,1,1,1,1,1,1,1,1,1,1,1,1,1,1,1,1,1,1,1,1,1,1,1,1,1,1,1,1,1,1,1,1,1,1,1,1,1,1,1,1,1,1,2,2,2,2,2,2,2,2,2,2,2,2,2,2,2,2,2,2,2,2,2,2,2,2,2,2,2,2,2,2,2,2,2,2,2,2,2,2,2,2,2,2,2,2,2,2,2,2,2,2,2,2,2,2,2,2,2,2,2,2,2,2,2,2,2,2,2,2,2,2,2,2];2;true;true;2;2;192;[2,3];0.625;1.6000000000000001
192;192.838;48;120;[1,1,1,1,1,1,1,1,1,1,1,1,1,1,1,1,1,1,1,1,1,1,1,1,1,1,1,1,1,1,1,1,1,1,1,1,1,1,1,1,1,1,1,1,1,1,1,1,2,2,2,2,2,2,2,2,2,2,2,2,2,2,2,2,2,2,2,2,2,2,2,2,2,2,2,2,2,2,2,2,2,2,2,2,2,2,2,2,2,2,2,2,2,2,2,2,2,2,2,2,2,2,2,2,2,2,2,2,2,2,2,2,2,2,2,2,2,2,2,2];2;true;true;2;2;192;[2,3];0.625;1.6000000000000001
192;192.839;48;120;[1,1,1,1,1,1,1,1,1,1,1,1,1,1,1,1,1,1,1,1,1,1,1,1,1,1,1,1,1,1,1,1,1,1,1,1,1,1,1,1,1,1,1,1,1,1,1,1,2,2,2,2,2,2,2,2,2,2,2,2,2,2,2,2,2,2,2,2,2,2,2,2,2,2,2,2,2,2,2,2,2,2,2,2,2,2,2,2,2,2,2,2,2,2,2,2,2,2,2,2,2,2,2,2,2,2,2,2,2,2,2,2,2,2,2,2,2,2,2,2];2;true;true;2;2;192;[2,3];0.625;1.6000000000000001
192;192.840;24;84;[1,1,1,1,1,1,1,1,1,1,1,1,1,1,1,1,1,1,1,1,1,1,1,1,2,2,2,2,2,2,2,2,2,2,2,2,2,2,2,2,2,2,2,2,2,2,2,2,2,2,2,2,2,2,2,2,2,2,2,2,4,4,4,4,4,4,4,4,4,4,4,4,4,4,4,4,4,4,4,4,4,4,4,4];3;true;true;2;2;192;[2,3];0.4375;2.2857142857142856
192;192.841;24;84;[1,1,1,1,1,1,1,1,1,1,1,1,1,1,1,1,1,1,1,1,1,1,1,1,2,2,2,2,2,2,2,2,2,2,2,2,2,2,2,2,2,2,2,2,2,2,2,2,2,2,2,2,2,2,2,2,2,2,2,2,4,4,4,4,4,4,4,4,4,4,4,4,4,4,4,4,4,4,4,4,4,4,4,4];3;true;true;2;2;192;[2,3];0.4375;2.2857142857142856
192;192.842;12;66;[1,1,1,1,1,1,1,1,1,1,1,1,2,2,2,2,2,2,2,2,2,2,2,2,2,2,2,2,2,2,4,4,4,4,4,4,4,4,4,4,4,4,4,4,4,4,4,4,4,4,4,4,4,4,4,4,4,4,4,4,4,4,4,4,4,4];3;true;true;2;2;192;[2,3];0.34375;2.9090909090909092
192;192.843;12;66;[1,1,1,1,1,1,1,1,1,1,1,1,2,2,2,2,2,2,2,2,2,2,2,2,2,2,2,2,2,2,4,4,4,4,4,4,4,4,4,4,4,4,4,4,4,4,4,4,4,4,4,4,4,4,4,4,4,4,4,4,4,4,4,4,4,4];3;true;true;2;2;192;[2,3];0.34375;2.9090909090909092
192;192.844;12;66;[1,1,1,1,1,1,1,1,1,1,1,1,2,2,2,2,2,2,2,2,2,2,2,2,2,2,2,2,2,2,4,4,4,4,4,4,4,4,4,4,4,4,4,4,4,4,4,4,4,4,4,4,4,4,4,4,4,4,4,4,4,4,4,4,4,4];3;true;true;2;2;192;[2,3];0.34375;2.9090909090909092
192;192.845;12;66;[1,1,1,1,1,1,1,1,1,1,1,1,2,2,2,2,2,2,2,2,2,2,2,2,2,2,2,2,2,2,4,4,4,4,4,4,4,4,4,4,4,4,4,4,4,4,4,4,4,4,4,4,4,4,4,4,4,4,4,4,4,4,4,4,4,4];3;true;true;2;2;192;[2,3];0.34375;2.9090909090909092
192;192.846;12;66;[1,1,1,1,1,1,1,1,1,1,1,1,2,2,2,2,2,2,2,2,2,2,2,2,2,2,2,2,2,2,4,4,4,4,4,4,4,4,4,4,4,4,4,4,4,4,4,4,4,4,4,4,4,4,4,4,4,4,4,4,4,4,4,4,4,4];3;true;true;2;2;192;[2,3];0.34375;2.9090909090909092
192;192.847;24;84;[1,1,1,1,1,1,1,1,1,1,1,1,1,1,1,1,1,1,1,1,1,1,1,1,2,2,2,2,2,2,2,2,2,2,2,2,2,2,2,2,2,2,2,2,2,2,2,2,2,2,2,2,2,2,2,2,2,2,2,2,4,4,4,4,4,4,4,4,4,4,4,4,4,4,4,4,4,4,4,4,4,4,4,4];3;true;true;2;2;192;[2,3];0.4375;2.2857142857142856
192;192.848;24;84;[1,1,1,1,1,1,1,1,1,1,1,1,1,1,1,1,1,1,1,1,1,1,1,1,2,2,2,2,2,2,2,2,2,2,2,2,2,2,2,2,2,2,2,2,2,2,2,2,2,2,2,2,2,2,2,2,2,2,2,2,4,4,4,4,4,4,4,4,4,4,4,4,4,4,4,4,4,4,4,4,4,4,4,4];3;true;true;2;2;192;[2,3];0.4375;2.2857142857142856
192;192.849;24;84;[1,1,1,1,1,1,1,1,1,1,1,1,1,1,1,1,1,1,1,1,1,1,1,1,2,2,2,2,2,2,2,2,2,2,2,2,2,2,2,2,2,2,2,2,2,2,2,2,2,2,2,2,2,2,2,2,2,2,2,2,4,4,4,4,4,4,4,4,4,4,4,4,4,4,4,4,4,4,4,4,4,4,4,4];3;true;true;2;2;192;[2,3];0.4375;2.2857142857142856
192;192.850;12;66;[1,1,1,1,1,1,1,1,1,1,1,1,2,2,2,2,2,2,2,2,2,2,2,2,2,2,2,2,2,2,4,4,4,4,4,4,4,4,4,4,4,4,4,4,4,4,4,4,4,4,4,4,4,4,4,4,4,4,4,4,4,4,4,4,4,4];3;true;true;2;2;192;[2,3];0.34375;2.9090909090909092
192;192.851;12;66;[1,1,1,1,1,1,1,1,1,1,1,1,2,2,2,2,2,2,2,2,2,2,2,2,2,2,2,2,2,2,4,4,4,4,4,4,4,4,4,4,4,4,4,4,4,4,4,4,4,4,4,4,4,4,4,4,4,4,4,4,4,4,4,4,4,4];3;true;true;2;2;192;[2,3];0.34375;2.9090909090909092
192;192.852;12;66;[1,1,1,1,1,1,1,1,1,1,1,1,2,2,2,2,2,2,2,2,2,2,2,2,2,2,2,2,2,2,4,4,4,4,4,4,4,4,4,4,4,4,4,4,4,4,4,4,4,4,4,4,4,4,4,4,4,4,4,4,4,4,4,4,4,4];3;true;true;2;2;192;[2,3];0.34375;2.9090909090909092
192;192.853;24;84;[1,1,1,1,1,1,1,1,1,1,1,1,1,1,1,1,1,1,1,1,1,1,1,1,2,2,2,2,2,2,2,2,2,2,2,2,2,2,2,2,2,2,2,2,2,2,2,2,2,2,2,2,2,2,2,2,2,2,2,2,4,4,4,4,4,4,4,4,4,4,4,4,4,4,4,4,4,4,4,4,4,4,4,4];3;true;true;2;2;192;[2,3];0.4375;2.2857142857142856
192;192.854;12;66;[1,1,1,1,1,1,1,1,1,1,1,1,2,2,2,2,2,2,2,2,2,2,2,2,2,2,2,2,2,2,4,4,4,4,4,4,4,4,4,4,4,4,4,4,4,4,4,4,4,4,4,4,4,4,4,4,4,4,4,4,4,4,4,4,4,4];3;true;true;2;2;192;[2,3];0.34375;2.9090909090909092
192;192.855;48;120;[1,1,1,1,1,1,1,1,1,1,1,1,1,1,1,1,1,1,1,1,1,1,1,1,1,1,1,1,1,1,1,1,1,1,1,1,1,1,1,1,1,1,1,1,1,1,1,1,2,2,2,2,2,2,2,2,2,2,2,2,2,2,2,2,2,2,2,2,2,2,2,2,2,2,2,2,2,2,2,2,2,2,2,2,2,2,2,2,2,2,2,2,2,2,2,2,2,2,2,2,2,2,2,2,2,2,2,2,2,2,2,2,2,2,2,2,2,2,2,2];2;true;true;2;2;192;[2,3];0.625;1.6000000000000001
192;192.856;24;84;[1,1,1,1,1,1,1,1,1,1,1,1,1,1,1,1,1,1,1,1,1,1,1,1,2,2,2,2,2,2,2,2,2,2,2,2,2,2,2,2,2,2,2,2,2,2,2,2,2,2,2,2,2,2,2,2,2,2,2,2,4,4,4,4,4,4,4,4,4,4,4,4,4,4,4,4,4,4,4,4,4,4,4,4];3;true;true;2;2;192;[2,3];0.4375;2.2857142857142856
192;192.857;24;84;[1,1,1,1,1,1,1,1,1,1,1,1,1,1,1,1,1,1,1,1,1,1,1,1,2,2,2,2,2,2,2,2,2,2,2,2,2,2,2,2,2,2,2,2,2,2,2,2,2,2,2,2,2,2,2,2,2,2,2,2,4,4,4,4,4,4,4,4,4,4,4,4,4,4,4,4,4,4,4,4,4,4,4,4];3;true;true;2;2;192;[2,3];0.4375;2.2857142857142856
192;192.858;24;84;[1,1,1,1,1,1,1,1,1,1,1,1,1,1,1,1,1,1,1,1,1,1,1,1,2,2,2,2,2,2,2,2,2,2,2,2,2,2,2,2,2,2,2,2,2,2,2,2,2,2,2,2,2,2,2,2,2,2,2,2,4,4,4,4,4,4,4,4,4,4,4,4,4,4,4,4,4,4,4,4,4,4,4,4];3;true;true;2;2;192;[2,3];0.4375;2.2857142857142856
192;192.859;24;84;[1,1,1,1,1,1,1,1,1,1,1,1,1,1,1,1,1,1,1,1,1,1,1,1,2,2,2,2,2,2,2,2,2,2,2,2,2,2,2,2,2,2,2,2,2,2,2,2,2,2,2,2,2,2,2,2,2,2,2,2,4,4,4,4,4,4,4,4,4,4,4,4,4,4,4,4,4,4,4,4,4,4,4,4];3;true;true;2;2;192;[2,3];0.4375;2.2857142857142856
192;192.860;24;84;[1,1,1,1,1,1,1,1,1,1,1,1,1,1,1,1,1,1,1,1,1,1,1,1,2,2,2,2,2,2,2,2,2,2,2,2,2,2,2,2,2,2,2,2,2,2,2,2,2,2,2,2,2,2,2,2,2,2,2,2,4,4,4,4,4,4,4,4,4,4,4,4,4,4,4,4,4,4,4,4,4,4,4,4];3;true;true;2;2;192;[2,3];0.4375;2.2857142857142856
192;192.861;12;66;[1,1,1,1,1,1,1,1,1,1,1,1,2,2,2,2,2,2,2,2,2,2,2,2,2,2,2,2,2,2,4,4,4,4,4,4,4,4,4,4,4,4,4,4,4,4,4,4,4,4,4,4,4,4,4,4,4,4,4,4,4,4,4,4,4,4];3;true;true;2;2;192;[2,3];0.34375;2.9090909090909092
192;192.862;24;84;[1,1,1,1,1,1,1,1,1,1,1,1,1,1,1,1,1,1,1,1,1,1,1,1,2,2,2,2,2,2,2,2,2,2,2,2,2,2,2,2,2,2,2,2,2,2,2,2,2,2,2,2,2,2,2,2,2,2,2,2,4,4,4,4,4,4,4,4,4,4,4,4,4,4,4,4,4,4,4,4,4,4,4,4];3;true;true;2;2;192;[2,3];0.4375;2.2857142857142856
192;192.863;12;66;[1,1,1,1,1,1,1,1,1,1,1,1,2,2,2,2,2,2,2,2,2,2,2,2,2,2,2,2,2,2,4,4,4,4,4,4,4,4,4,4,4,4,4,4,4,4,4,4,4,4,4,4,4,4,4,4,4,4,4,4,4,4,4,4,4,4];3;true;true;2;2;192;[2,3];0.34375;2.9090909090909092
192;192.864;48;120;[1,1,1,1,1,1,1,1,1,1,1,1,1,1,1,1,1,1,1,1,1,1,1,1,1,1,1,1,1,1,1,1,1,1,1,1,1,1,1,1,1,1,1,1,1,1,1,1,2,2,2,2,2,2,2,2,2,2,2,2,2,2,2,2,2,2,2,2,2,2,2,2,2,2,2,2,2,2,2,2,2,2,2,2,2,2,2,2,2,2,2,2,2,2,2,2,2,2,2,2,2,2,2,2,2,2,2,2,2,2,2,2,2,2,2,2,2,2,2,2];2;true;true;2;2;192;[2,3];0.625;1.6000000000000001
192;192.865;24;84;[1,1,1,1,1,1,1,1,1,1,1,1,1,1,1,1,1,1,1,1,1,1,1,1,2,2,2,2,2,2,2,2,2,2,2,2,2,2,2,2,2,2,2,2,2,2,2,2,2,2,2,2,2,2,2,2,2,2,2,2,4,4,4,4,4,4,4,4,4,4,4,4,4,4,4,4,4,4,4,4,4,4,4,4];3;true;true;2;2;192;[2,3];0.4375;2.2857142857142856
192;192.866;24;84;[1,1,1,1,1,1,1,1,1,1,1,1,1,1,1,1,1,1,1,1,1,1,1,1,2,2,2,2,2,2,2,2,2,2,2,2,2,2,2,2,2,2,2,2,2,2,2,2,2,2,2,2,2,2,2,2,2,2,2,2,4,4,4,4,4,4,4,4,4,4,4,4,4,4,4,4,4,4,4,4,4,4,4,4];3;true;true;2;2;192;[2,3];0.4375;2.2857142857142856
192;192.867;48;120;[1,1,1,1,1,1,1,1,1,1,1,1,1,1,1,1,1,1,1,1,1,1,1,1,1,1,1,1,1,1,1,1,1,1,1,1,1,1,1,1,1,1,1,1,1,1,1,1,2,2,2,2,2,2,2,2,2,2,2,2,2,2,2,2,2,2,2,2,2,2,2,2,2,2,2,2,2,2,2,2,2,2,2,2,2,2,2,2,2,2,2,2,2,2,2,2,2,2,2,2,2,2,2,2,2,2,2,2,2,2,2,2,2,2,2,2,2,2,2,2];2;true;true;2;2;192;[2,3];0.625;1.6000000000000001
192;192.868;24;84;[1,1,1,1,1,1,1,1,1,1,1,1,1,1,1,1,1,1,1,1,1,1,1,1,2,2,2,2,2,2,2,2,2,2,2,2,2,2,2,2,2,2,2,2,2,2,2,2,2,2,2,2,2,2,2,2,2,2,2,2,4,4,4,4,4,4,4,4,4,4,4,4,4,4,4,4,4,4,4,4,4,4,4,4];3;true;true;2;2;192;[2,3];0.4375;2.2857142857142856
192;192.869;24;84;[1,1,1,1,1,1,1,1,1,1,1,1,1,1,1,1,1,1,1,1,1,1,1,1,2,2,2,2,2,2,2,2,2,2,2,2,2,2,2,2,2,2,2,2,2,2,2,2,2,2,2,2,2,2,2,2,2,2,2,2,4,4,4,4,4,4,4,4,4,4,4,4,4,4,4,4,4,4,4,4,4,4,4,4];3;true;true;2;2;192;[2,3];0.4375;2.2857142857142856
192;192.870;24;84;[1,1,1,1,1,1,1,1,1,1,1,1,1,1,1,1,1,1,1,1,1,1,1,1,2,2,2,2,2,2,2,2,2,2,2,2,2,2,2,2,2,2,2,2,2,2,2,2,2,2,2,2,2,2,2,2,2,2,2,2,4,4,4,4,4,4,4,4,4,4,4,4,4,4,4,4,4,4,4,4,4,4,4,4];3;true;true;2;2;192;[2,3];0.4375;2.2857142857142856
192;192.871;24;84;[1,1,1,1,1,1,1,1,1,1,1,1,1,1,1,1,1,1,1,1,1,1,1,1,2,2,2,2,2,2,2,2,2,2,2,2,2,2,2,2,2,2,2,2,2,2,2,2,2,2,2,2,2,2,2,2,2,2,2,2,4,4,4,4,4,4,4,4,4,4,4,4,4,4,4,4,4,4,4,4,4,4,4,4];3;true;true;2;2;192;[2,3];0.4375;2.2857142857142856
192;192.872;24;84;[1,1,1,1,1,1,1,1,1,1,1,1,1,1,1,1,1,1,1,1,1,1,1,1,2,2,2,2,2,2,2,2,2,2,2,2,2,2,2,2,2,2,2,2,2,2,2,2,2,2,2,2,2,2,2,2,2,2,2,2,4,4,4,4,4,4,4,4,4,4,4,4,4,4,4,4,4,4,4,4,4,4,4,4];3;true;true;2;2;192;[2,3];0.4375;2.2857142857142856
192;192.873;12;66;[1,1,1,1,1,1,1,1,1,1,1,1,2,2,2,2,2,2,2,2,2,2,2,2,2,2,2,2,2,2,4,4,4,4,4,4,4,4,4,4,4,4,4,4,4,4,4,4,4,4,4,4,4,4,4,4,4,4,4,4,4,4,4,4,4,4];3;true;true;2;2;192;[2,3];0.34375;2.9090909090909092
192;192.874;12;66;[1,1,1,1,1,1,1,1,1,1,1,1,2,2,2,2,2,2,2,2,2,2,2,2,2,2,2,2,2,2,4,4,4,4,4,4,4,4,4,4,4,4,4,4,4,4,4,4,4,4,4,4,4,4,4,4,4,4,4,4,4,4,4,4,4,4];3;true;true;2;2;192;[2,3];0.34375;2.9090909090909092
192;192.875;12;66;[1,1,1,1,1,1,1,1,1,1,1,1,2,2,2,2,2,2,2,2,2,2,2,2,2,2,2,2,2,2,4,4,4,4,4,4,4,4,4,4,4,4,4,4,4,4,4,4,4,4,4,4,4,4,4,4,4,4,4,4,4,4,4,4,4,4];3;true;true;2;2;192;[2,3];0.34375;2.9090909090909092
192;192.876;24;84;[1,1,1,1,1,1,1,1,1,1,1,1,1,1,1,1,1,1,1,1,1,1,1,1,2,2,2,2,2,2,2,2,2,2,2,2,2,2,2,2,2,2,2,2,2,2,2,2,2,2,2,2,2,2,2,2,2,2,2,2,4,4,4,4,4,4,4,4,4,4,4,4,4,4,4,4,4,4,4,4,4,4,4,4];3;true;true;2;2;192;[2,3];0.4375;2.2857142857142856
192;192.877;12;66;[1,1,1,1,1,1,1,1,1,1,1,1,2,2,2,2,2,2,2,2,2,2,2,2,2,2,2,2,2,2,4,4,4,4,4,4,4,4,4,4,4,4,4,4,4,4,4,4,4,4,4,4,4,4,4,4,4,4,4,4,4,4,4,4,4,4];3;true;true;2;2;192;[2,3];0.34375;2.9090909090909092
192;192.878;48;120;[1,1,1,1,1,1,1,1,1,1,1,1,1,1,1,1,1,1,1,1,1,1,1,1,1,1,1,1,1,1,1,1,1,1,1,1,1,1,1,1,1,1,1,1,1,1,1,1,2,2,2,2,2,2,2,2,2,2,2,2,2,2,2,2,2,2,2,2,2,2,2,2,2,2,2,2,2,2,2,2,2,2,2,2,2,2,2,2,2,2,2,2,2,2,2,2,2,2,2,2,2,2,2,2,2,2,2,2,2,2,2,2,2,2,2,2,2,2,2,2];2;true;true;2;2;192;[2,3];0.625;1.6000000000000001
192;192.879;24;84;[1,1,1,1,1,1,1,1,1,1,1,1,1,1,1,1,1,1,1,1,1,1,1,1,2,2,2,2,2,2,2,2,2,2,2,2,2,2,2,2,2,2,2,2,2,2,2,2,2,2,2,2,2,2,2,2,2,2,2,2,4,4,4,4,4,4,4,4,4,4,4,4,4,4,4,4,4,4,4,4,4,4,4,4];3;true;true;2;2;192;[2,3];0.4375;2.2857142857142856
192;192.880;12;57;[1,1,1,1,1,1,1,1,1,1,1,1,2,2,2,2,2,2,2,2,2,2,2,2,4,4,4,4,4,4,4,4,4,4,4,4,4,4,4,4,4,4,4,4,4,4,4,4,4,4,4,8,8,8,8,8,8];4;true;true;2;2;192;[2,3];0.296875;3.3684210526315788
192;192.881;12;57;[1,1,1,1,1,1,1,1,1,1,1,1,2,2,2,2,2,2,2,2,2,2,2,2,4,4,4,4,4,4,4,4,4,4,4,4,4,4,4,4,4,4,4,4,4,4,4,4,4,4,4,8,8,8,8,8,8];4;true;true;2;2;192;[2,3];0.296875;3.3684210526315788
192;192.882;12;57;[1,1,1,1,1,1,1,1,1,1,1,1,2,2,2,2,2,2,2,2,2,2,2,2,4,4,4,4,4,4,4,4,4,4,4,4,4,4,4,4,4,4,4,4,4,4,4,4,4,4,4,8,8,8,8,8,8];4;true;true;2;2;192;[2,3];0.296875;3.3684210526315788
192;192.883;12;57;[1,1,1,1,1,1,1,1,1,1,1,1,2,2,2,2,2,2,2,2,2,2,2,2,4,4,4,4,4,4,4,4,4,4,4,4,4,4,4,4,4,4,4,4,4,4,4,4,4,4,4,8,8,8,8,8,8];4;true;true;2;2;192;[2,3];0.296875;3.3684210526315788
192;192.884;12;57;[1,1,1,1,1,1,1,1,1,1,1,1,2,2,2,2,2,2,2,2,2,2,2,2,4,4,4,4,4,4,4,4,4,4,4,4,4,4,4,4,4,4,4,4,4,4,4,4,4,4,4,8,8,8,8,8,8];4;true;true;2;2;192;[2,3];0.296875;3.3684210526315788
192;192.885;12;57;[1,1,1,1,1,1,1,1,1,1,1,1,2,2,2,2,2,2,2,2,2,2,2,2,4,4,4,4,4,4,4,4,4,4,4,4,4,4,4,4,4,4,4,4,4,4,4,4,4,4,4,8,8,8,8,8,8];4;true;true;2;2;192;[2,3];0.296875;3.3684210526315788
192;192.886;6;48;[1,1,1,1,1,1,2,2,2,2,2,2,2,2,2,4,4,4,4,4,4,4,4,4,4,4,4,4,4,4,4,4,4,4,4,4,4,4,4,8,8,8,8,8,8,8,8,8];4;true;true;2;2;192;[2,3];0.25;4.
192;192.887;6;48;[1,1,1,1,1,1,2,2,2,2,2,2,2,2,2,4,4,4,4,4,4,4,4,4,4,4,4,4,4,4,4,4,4,4,4,4,4,4,4,8,8,8,8,8,8,8,8,8];4;true;true;2;2;192;[2,3];0.25;4.
192;192.888;6;48;[1,1,1,1,1,1,2,2,2,2,2,2,2,2,2,4,4,4,4,4,4,4,4,4,4,4,4,4,4,4,4,4,4,4,4,4,4,4,4,8,8,8,8,8,8,8,8,8];4;true;true;2;2;192;[2,3];0.25;4.
192;192.889;6;48;[1,1,1,1,1,1,2,2,2,2,2,2,2,2,2,4,4,4,4,4,4,4,4,4,4,4,4,4,4,4,4,4,4,4,4,4,4,4,4,8,8,8,8,8,8,8,8,8];4;true;true;2;2;192;[2,3];0.25;4.
192;192.890;6;48;[1,1,1,1,1,1,2,2,2,2,2,2,2,2,2,4,4,4,4,4,4,4,4,4,4,4,4,4,4,4,4,4,4,4,4,4,4,4,4,8,8,8,8,8,8,8,8,8];4;true;true;2;2;192;[2,3];0.25;4.
192;192.891;6;48;[1,1,1,1,1,1,2,2,2,2,2,2,2,2,2,4,4,4,4,4,4,4,4,4,4,4,4,4,4,4,4,4,4,4,4,4,4,4,4,8,8,8,8,8,8,8,8,8];4;true;true;2;2;192;[2,3];0.25;4.
192;192.892;12;57;[1,1,1,1,1,1,1,1,1,1,1,1,2,2,2,2,2,2,2,2,2,2,2,2,4,4,4,4,4,4,4,4,4,4,4,4,4,4,4,4,4,4,4,4,4,4,4,4,4,4,4,8,8,8,8,8,8];4;true;true;2;2;192;[2,3];0.296875;3.3684210526315788
192;192.893;12;57;[1,1,1,1,1,1,1,1,1,1,1,1,2,2,2,2,2,2,2,2,2,2,2,2,4,4,4,4,4,4,4,4,4,4,4,4,4,4,4,4,4,4,4,4,4,4,4,4,4,4,4,8,8,8,8,8,8];4;true;true;2;2;192;[2,3];0.296875;3.3684210526315788
192;192.894;12;57;[1,1,1,1,1,1,1,1,1,1,1,1,2,2,2,2,2,2,2,2,2,2,2,2,4,4,4,4,4,4,4,4,4,4,4,4,4,4,4,4,4,4,4,4,4,4,4,4,4,4,4,8,8,8,8,8,8];4;true;true;2;2;192;[2,3];0.296875;3.3684210526315788
192;192.895;12;57;[1,1,1,1,1,1,1,1,1,1,1,1,2,2,2,2,2,2,2,2,2,2,2,2,4,4,4,4,4,4,4,4,4,4,4,4,4,4,4,4,4,4,4,4,4,4,4,4,4,4,4,8,8,8,8,8,8];4;true;true;2;2;192;[2,3];0.296875;3.3684210526315788
192;192.896;12;57;[1,1,1,1,1,1,1,1,1,1,1,1,2,2,2,2,2,2,2,2,2,2,2,2,4,4,4,4,4,4,4,4,4,4,4,4,4,4,4,4,4,4,4,4,4,4,4,4,4,4,4,8,8,8,8,8,8];4;true;true;2;2;192;[2,3];0.296875;3.3684210526315788
192;192.897;12;57;[1,1,1,1,1,1,1,1,1,1,1,1,2,2,2,2,2,2,2,2,2,2,2,2,4,4,4,4,4,4,4,4,4,4,4,4,4,4,4,4,4,4,4,4,4,4,4,4,4,4,4,8,8,8,8,8,8];4;true;true;2;2;192;[2,3];0.296875;3.3684210526315788
192;192.898;12;66;[1,1,1,1,1,1,1,1,1,1,1,1,2,2,2,2,2,2,2,2,2,2,2,2,2,2,2,2,2,2,2,2,2,2,2,2,2,2,2,2,2,2,2,2,2,2,2,2,2,2,2,2,2,2,8,8,8,8,8,8,8,8,8,8,8,8];3;true;true;2;2;192;[2,3];0.34375;2.9090909090909092
192;192.899;12;66;[1,1,1,1,1,1,1,1,1,1,1,1,2,2,2,2,2,2,2,2,2,2,2,2,2,2,2,2,2,2,2,2,2,2,2,2,2,2,2,2,2,2,2,2,2,2,2,2,2,2,2,2,2,2,8,8,8,8,8,8,8,8,8,8,8,8];3;true;true;2;2;192;[2,3];0.34375;2.9090909090909092
192;192.900;12;66;[1,1,1,1,1,1,1,1,1,1,1,1,2,2,2,2,2,2,2,2,2,2,2,2,2,2,2,2,2,2,2,2,2,2,2,2,2,2,2,2,2,2,2,2,2,2,2,2,2,2,2,2,2,2,8,8,8,8,8,8,8,8,8,8,8,8];3;true;true;2;2;192;[2,3];0.34375;2.9090909090909092
192;192.901;12;48;[1,1,1,1,1,1,1,1,1,1,1,1,2,2,2,2,2,2,4,4,4,4,4,4,4,4,4,4,4,4,4,4,4,4,4,4,8,8,8,8,8,8,8,8,8,8,8,8];4;true;true;2;2;192;[2,3];0.25;4.
192;192.902;12;48;[1,1,1,1,1,1,1,1,1,1,1,1,2,2,2,2,2,2,4,4,4,4,4,4,4,4,4,4,4,4,4,4,4,4,4,4,8,8,8,8,8,8,8,8,8,8,8,8];4;true;true;2;2;192;[2,3];0.25;4.
192;192.903;12;48;[1,1,1,1,1,1,1,1,1,1,1,1,2,2,2,2,2,2,4,4,4,4,4,4,4,4,4,4,4,4,4,4,4,4,4,4,8,8,8,8,8,8,8,8,8,8,8,8];4;true;true;2;2;192;[2,3];0.25;4.
192;192.904;6;48;[1,1,1,1,1,1,2,2,2,2,2,2,2,2,2,2,2,2,2,2,2,4,4,4,4,4,4,4,4,4,4,4,4,4,4,4,8,8,8,8,8,8,8,8,8,8,8,8];4;true;true;2;2;192;[2,3];0.25;4.
192;192.905;6;48;[1,1,1,1,1,1,2,2,2,2,2,2,2,2,2,2,2,2,2,2,2,4,4,4,4,4,4,4,4,4,4,4,4,4,4,4,8,8,8,8,8,8,8,8,8,8,8,8];4;true;true;2;2;192;[2,3];0.25;4.
192;192.906;6;48;[1,1,1,1,1,1,2,2,2,2,2,2,2,2,2,2,2,2,2,2,2,4,4,4,4,4,4,4,4,4,4,4,4,4,4,4,8,8,8,8,8,8,8,8,8,8,8,8];4;true;true;2;2;192;[2,3];0.25;4.
192;192.907;12;57;[1,1,1,1,1,1,1,1,1,1,1,1,2,2,2,2,2,2,2,2,2,2,2,2,4,4,4,4,4,4,4,4,4,4,4,4,4,4,4,4,4,4,4,4,4,4,4,4,4,4,4,8,8,8,8,8,8];4;true;true;2;2;192;[2,3];0.296875;3.3684210526315788
192;192.908;12;57;[1,1,1,1,1,1,1,1,1,1,1,1,2,2,2,2,2,2,2,2,2,2,2,2,4,4,4,4,4,4,4,4,4,4,4,4,4,4,4,4,4,4,4,4,4,4,4,4,4,4,4,8,8,8,8,8,8];4;true;true;2;2;192;[2,3];0.296875;3.3684210526315788
192;192.909;12;57;[1,1,1,1,1,1,1,1,1,1,1,1,2,2,2,2,2,2,2,2,2,2,2,2,4,4,4,4,4,4,4,4,4,4,4,4,4,4,4,4,4,4,4,4,4,4,4,4,4,4,4,8,8,8,8,8,8];4;true;true;2;2;192;[2,3];0.296875;3.3684210526315788
192;192.910;12;57;[1,1,1,1,1,1,1,1,1,1,1,1,2,2,2,2,2,2,2,2,2,2,2,2,4,4,4,4,4,4,4,4,4,4,4,4,4,4,4,4,4,4,4,4,4,4,4,4,4,4,4,8,8,8,8,8,8];4;true;true;2;2;192;[2,3];0.296875;3.3684210526315788
192;192.911;12;57;[1,1,1,1,1,1,1,1,1,1,1,1,2,2,2,2,2,2,2,2,2,2,2,2,4,4,4,4,4,4,4,4,4,4,4,4,4,4,4,4,4,4,4,4,4,4,4,4,4,4,4,8,8,8,8,8,8];4;true;true;2;2;192;[2,3];0.296875;3.3684210526315788
192;192.912;12;57;[1,1,1,1,1,1,1,1,1,1,1,1,2,2,2,2,2,2,2,2,2,2,2,2,4,4,4,4,4,4,4,4,4,4,4,4,4,4,4,4,4,4,4,4,4,4,4,4,4,4,4,8,8,8,8,8,8];4;true;true;2;2;192;[2,3];0.296875;3.3684210526315788
192;192.913;12;57;[1,1,1,1,1,1,1,1,1,1,1,1,2,2,2,2,2,2,2,2,2,2,2,2,4,4,4,4,4,4,4,4,4,4,4,4,4,4,4,4,4,4,4,4,4,4,4,4,4,4,4,8,8,8,8,8,8];4;true;true;2;2;192;[2,3];0.296875;3.3684210526315788
192;192.914;12;57;[1,1,1,1,1,1,1,1,1,1,1,1,2,2,2,2,2,2,2,2,2,2,2,2,4,4,4,4,4,4,4,4,4,4,4,4,4,4,4,4,4,4,4,4,4,4,4,4,4,4,4,8,8,8,8,8,8];4;true;true;2;2;192;[2,3];0.296875;3.3684210526315788
192;192.915;12;57;[1,1,1,1,1,1,1,1,1,1,1,1,2,2,2,2,2,2,2,2,2,2,2,2,4,4,4,4,4,4,4,4,4,4,4,4,4,4,4,4,4,4,4,4,4,4,4,4,4,4,4,8,8,8,8,8,8];4;true;true;2;2;192;[2,3];0.296875;3.3684210526315788
192;192.916;12;57;[1,1,1,1,1,1,1,1,1,1,1,1,2,2,2,2,2,2,2,2,2,2,2,2,4,4,4,4,4,4,4,4,4,4,4,4,4,4,4,4,4,4,4,4,4,4,4,4,4,4,4,8,8,8,8,8,8];4;true;true;2;2;192;[2,3];0.296875;3.3684210526315788
192;192.917;12;57;[1,1,1,1,1,1,1,1,1,1,1,1,2,2,2,2,2,2,2,2,2,2,2,2,4,4,4,4,4,4,4,4,4,4,4,4,4,4,4,4,4,4,4,4,4,4,4,4,4,4,4,8,8,8,8,8,8];4;true;true;2;2;192;[2,3];0.296875;3.3684210526315788
192;192.918;12;57;[1,1,1,1,1,1,1,1,1,1,1,1,2,2,2,2,2,2,2,2,2,2,2,2,4,4,4,4,4,4,4,4,4,4,4,4,4,4,4,4,4,4,4,4,4,4,4,4,4,4,4,8,8,8,8,8,8];4;true;true;2;2;192;[2,3];0.296875;3.3684210526315788
192;192.919;12;66;[1,1,1,1,1,1,1,1,1,1,1,1,2,2,2,2,2,2,2,2,2,2,2,2,2,2,2,2,2,2,2,2,2,2,2,2,2,2,2,2,2,2,2,2,2,2,2,2,2,2,2,2,2,2,8,8,8,8,8,8,8,8,8,8,8,8];3;true;true;2;2;192;[2,3];0.34375;2.9090909090909092
192;192.920;12;66;[1,1,1,1,1,1,1,1,1,1,1,1,2,2,2,2,2,2,2,2,2,2,2,2,2,2,2,2,2,2,2,2,2,2,2,2,2,2,2,2,2,2,2,2,2,2,2,2,2,2,2,2,2,2,8,8,8,8,8,8,8,8,8,8,8,8];3;true;true;2;2;192;[2,3];0.34375;2.9090909090909092
192;192.921;12;66;[1,1,1,1,1,1,1,1,1,1,1,1,2,2,2,2,2,2,2,2,2,2,2,2,2,2,2,2,2,2,2,2,2,2,2,2,2,2,2,2,2,2,2,2,2,2,2,2,2,2,2,2,2,2,8,8,8,8,8,8,8,8,8,8,8,8];3;true;true;2;2;192;[2,3];0.34375;2.9090909090909092
192;192.922;12;48;[1,1,1,1,1,1,1,1,1,1,1,1,2,2,2,2,2,2,4,4,4,4,4,4,4,4,4,4,4,4,4,4,4,4,4,4,8,8,8,8,8,8,8,8,8,8,8,8];4;true;true;2;2;192;[2,3];0.25;4.
192;192.923;12;48;[1,1,1,1,1,1,1,1,1,1,1,1,2,2,2,2,2,2,4,4,4,4,4,4,4,4,4,4,4,4,4,4,4,4,4,4,8,8,8,8,8,8,8,8,8,8,8,8];4;true;true;2;2;192;[2,3];0.25;4.
192;192.924;12;48;[1,1,1,1,1,1,1,1,1,1,1,1,2,2,2,2,2,2,4,4,4,4,4,4,4,4,4,4,4,4,4,4,4,4,4,4,8,8,8,8,8,8,8,8,8,8,8,8];4;true;true;2;2;192;[2,3];0.25;4.
192;192.925;12;66;[1,1,1,1,1,1,1,1,1,1,1,1,2,2,2,2,2,2,2,2,2,2,2,2,2,2,2,2,2,2,2,2,2,2,2,2,2,2,2,2,2,2,2,2,2,2,2,2,2,2,2,2,2,2,8,8,8,8,8,8,8,8,8,8,8,8];3;true;true;2;2;192;[2,3];0.34375;2.9090909090909092
192;192.926;12;66;[1,1,1,1,1,1,1,1,1,1,1,1,2,2,2,2,2,2,2,2,2,2,2,2,2,2,2,2,2,2,2,2,2,2,2,2,2,2,2,2,2,2,2,2,2,2,2,2,2,2,2,2,2,2,8,8,8,8,8,8,8,8,8,8,8,8];3;true;true;2;2;192;[2,3];0.34375;2.9090909090909092
192;192.927;12;66;[1,1,1,1,1,1,1,1,1,1,1,1,2,2,2,2,2,2,2,2,2,2,2,2,2,2,2,2,2,2,2,2,2,2,2,2,2,2,2,2,2,2,2,2,2,2,2,2,2,2,2,2,2,2,8,8,8,8,8,8,8,8,8,8,8,8];3;true;true;2;2;192;[2,3];0.34375;2.9090909090909092
192;192.928;12;66;[1,1,1,1,1,1,1,1,1,1,1,1,2,2,2,2,2,2,2,2,2,2,2,2,2,2,2,2,2,2,2,2,2,2,2,2,2,2,2,2,2,2,2,2,2,2,2,2,2,2,2,2,2,2,8,8,8,8,8,8,8,8,8,8,8,8];3;true;true;2;2;192;[2,3];0.34375;2.9090909090909092
192;192.929;12;48;[1,1,1,1,1,1,1,1,1,1,1,1,2,2,2,2,2,2,4,4,4,4,4,4,4,4,4,4,4,4,4,4,4,4,4,4,8,8,8,8,8,8,8,8,8,8,8,8];4;true;true;2;2;192;[2,3];0.25;4.
192;192.930;12;48;[1,1,1,1,1,1,1,1,1,1,1,1,2,2,2,2,2,2,4,4,4,4,4,4,4,4,4,4,4,4,4,4,4,4,4,4,8,8,8,8,8,8,8,8,8,8,8,8];4;true;true;2;2;192;[2,3];0.25;4.
192;192.931;12;66;[1,1,1,1,1,1,1,1,1,1,1,1,2,2,2,2,2,2,2,2,2,2,2,2,2,2,2,2,2,2,2,2,2,2,2,2,2,2,2,2,2,2,2,2,2,2,2,2,2,2,2,2,2,2,8,8,8,8,8,8,8,8,8,8,8,8];3;true;true;2;2;192;[2,3];0.34375;2.9090909090909092
192;192.932;12;66;[1,1,1,1,1,1,1,1,1,1,1,1,2,2,2,2,2,2,2,2,2,2,2,2,2,2,2,2,2,2,2,2,2,2,2,2,2,2,2,2,2,2,2,2,2,2,2,2,2,2,2,2,2,2,8,8,8,8,8,8,8,8,8,8,8,8];3;true;true;2;2;192;[2,3];0.34375;2.9090909090909092
192;192.933;12;66;[1,1,1,1,1,1,1,1,1,1,1,1,2,2,2,2,2,2,2,2,2,2,2,2,2,2,2,2,2,2,2,2,2,2,2,2,2,2,2,2,2,2,2,2,2,2,2,2,2,2,2,2,2,2,8,8,8,8,8,8,8,8,8,8,8,8];3;true;true;2;2;192;[2,3];0.34375;2.9090909090909092
192;192.934;12;48;[1,1,1,1,1,1,1,1,1,1,1,1,2,2,2,2,2,2,4,4,4,4,4,4,4,4,4,4,4,4,4,4,4,4,4,4,8,8,8,8,8,8,8,8,8,8,8,8];4;true;true;2;2;192;[2,3];0.25;4.
192;192.935;192;192;[1,1,1,1,1,1,1,1,1,1,1,1,1,1,1,1,1,1,1,1,1,1,1,1,1,1,1,1,1,1,1,1,1,1,1,1,1,1,1,1,1,1,1,1,1,1,1,1,1,1,1,1,1,1,1,1,1,1,1,1,1,1,1,1,1,1,1,1,1,1,1,1,1,1,1,1,1,1,1,1,1,1,1,1,1,1,1,1,1,1,1,1,1,1,1,1,1,1,1,1,1,1,1,1,1,1,1,1,1,1,1,1,1,1,1,1,1,1,1,1,1,1,1,1,1,1,1,1,1,1,1,1,1,1,1,1,1,1,1,1,1,1,1,1,1,1,1,1,1,1,1,1,1,1,1,1,1,1,1,1,1,1,1,1,1,1,1,1,1,1,1,1,1,1,1,1,1,1,1,1,1,1,1,1,1,1,1,1,1,1,1,1];1;true;true;1;1;192;[2,3];1.;1.
192;192.936;48;120;[1,1,1,1,1,1,1,1,1,1,1,1,1,1,1,1,1,1,1,1,1,1,1,1,1,1,1,1,1,1,1,1,1,1,1,1,1,1,1,1,1,1,1,1,1,1,1,1,2,2,2,2,2,2,2,2,2,2,2,2,2,2,2,2,2,2,2,2,2,2,2,2,2,2,2,2,2,2,2,2,2,2,2,2,2,2,2,2,2,2,2,2,2,2,2,2,2,2,2,2,2,2,2,2,2,2,2,2,2,2,2,2,2,2,2,2,2,2,2,2];2;true;true;2;2;192;[2,3];0.625;1.6000000000000001
192;192.937;48;120;[1,1,1,1,1,1,1,1,1,1,1,1,1,1,1,1,1,1,1,1,1,1,1,1,1,1,1,1,1,1,1,1,1,1,1,1,1,1,1,1,1,1,1,1,1,1,1,1,2,2,2,2,2,2,2,2,2,2,2,2,2,2,2,2,2,2,2,2,2,2,2,2,2,2,2,2,2,2,2,2,2,2,2,2,2,2,2,2,2,2,2,2,2,2,2,2,2,2,2,2,2,2,2,2,2,2,2,2,2,2,2,2,2,2,2,2,2,2,2,2];2;true;true;2;2;192;[2,3];0.625;1.6000000000000001
192;192.938;12;66;[1,1,1,1,1,1,1,1,1,1,1,1,2,2,2,2,2,2,2,2,2,2,2,2,2,2,2,2,2,2,2,2,2,2,2,2,2,2,2,2,2,2,2,2,2,2,2,2,2,2,2,2,2,2,8,8,8,8,8,8,8,8,8,8,8,8];3;true;true;2;2;192;[2,3];0.34375;2.9090909090909092
192;192.939;12;66;[1,1,1,1,1,1,1,1,1,1,1,1,2,2,2,2,2,2,2,2,2,2,2,2,2,2,2,2,2,2,2,2,2,2,2,2,2,2,2,2,2,2,2,2,2,2,2,2,2,2,2,2,2,2,8,8,8,8,8,8,8,8,8,8,8,8];3;true;true;2;2;192;[2,3];0.34375;2.9090909090909092
192;192.940;12;66;[1,1,1,1,1,1,1,1,1,1,1,1,2,2,2,2,2,2,2,2,2,2,2,2,2,2,2,2,2,2,2,2,2,2,2,2,2,2,2,2,2,2,2,2,2,2,2,2,2,2,2,2,2,2,8,8,8,8,8,8,8,8,8,8,8,8];3;true;true;2;2;192;[2,3];0.34375;2.9090909090909092
192;192.941;12;66;[1,1,1,1,1,1,1,1,1,1,1,1,2,2,2,2,2,2,2,2,2,2,2,2,2,2,2,2,2,2,2,2,2,2,2,2,2,2,2,2,2,2,2,2,2,2,2,2,2,2,2,2,2,2,8,8,8,8,8,8,8,8,8,8,8,8];3;true;true;2;2;192;[2,3];0.34375;2.9090909090909092
192;192.942;6;48;[1,1,1,1,1,1,2,2,2,2,2,2,2,2,2,2,2,2,2,2,2,4,4,4,4,4,4,4,4,4,4,4,4,4,4,4,8,8,8,8,8,8,8,8,8,8,8,8];4;true;true;2;2;192;[2,3];0.25;4.
192;192.943;6;48;[1,1,1,1,1,1,2,2,2,2,2,2,2,2,2,2,2,2,2,2,2,4,4,4,4,4,4,4,4,4,4,4,4,4,4,4,8,8,8,8,8,8,8,8,8,8,8,8];4;true;true;2;2;192;[2,3];0.25;4.
192;192.944;2;20;[1,1,3,3,3,3,3,3,6,6,12,12,12,12,12,12,12,12,32,32];5;false;true;3;1;32;[2,3];0.10416666666666667;9.5999999999999996
192;192.945;4;23;[1,1,1,1,2,2,6,6,8,8,8,8,8,8,8,8,12,12,12,12,12,24,24];6;false;true;4;2;32;[2,3];0.11979166666666667;8.3478260869565215
192;192.946;8;32;[1,1,1,1,1,1,1,1,6,6,6,6,6,6,6,6,6,6,6,6,8,8,8,8,8,8,8,8,12,12,12,12];4;false;true;4;2;32;[2,3];0.16666666666666666;6.
192;192.947;4;26;[1,1,1,1,2,2,6,6,6,6,8,8,8,8,8,8,8,8,12,12,12,12,12,12,12,12];5;false;true;4;2;32;[2,3];0.13541666666666666;7.384615384615385
192;192.948;4;23;[1,1,1,1,2,2,6,6,8,8,8,8,8,8,8,8,12,12,12,12,12,24,24];6;false;true;4;2;32;[2,3];0.11979166666666667;8.3478260869565215
192;192.949;4;23;[1,1,1,1,2,2,6,6,8,8,8,8,8,8,8,8,12,12,12,12,12,24,24];6;false;true;4;2;32;[2,3];0.11979166666666667;8.3478260869565215
192;192.950;4;23;[1,1,1,1,2,2,6,6,8,8,8,8,8,8,8,8,12,12,12,12,12,24,24];6;false;true;4;2;32;[2,3];0.11979166666666667;8.3478260869565215
192;192.951;8;32;[1,1,1,1,1,1,1,1,6,6,6,6,6,6,6,6,6,6,6,6,8,8,8,8,8,8,8,8,12,12,12,12];4;false;true;4;2;32;[2,3];0.16666666666666666;6.
192;192.952;4;23;[1,1,1,1,2,2,6,6,8,8,8,8,8,8,8,8,12,12,12,12,12,24,24];6;false;true;4;2;32;[2,3];0.11979166666666667;8.3478260869565215
192;192.953;4;26;[1,1,1,1,2,2,6,6,6,6,8,8,8,8,8,8,8,8,12,12,12,12,12,12,12,12];5;false;true;4;2;32;[2,3];0.13541666666666666;7.384615384615385
192;192.954;4;23;[1,1,1,1,2,2,6,6,8,8,8,8,8,8,8,8,12,12,12,12,12,24,24];6;false;true;4;2;32;[2,3];0.11979166666666667;8.3478260869565215
192;192.955;1;14;[1,3,4,6,6,12,12,12,12,12,24,24,32,32];7;false;true;3;2;32;[2,3];0.072916666666666671;13.714285714285714
192;192.956;1;14;[1,3,4,6,6,12,12,12,12,12,24,24,32,32];7;false;true;3;2;32;[2,3];0.072916666666666671;13.714285714285714
192;192.957;2;22;[1,1,2,2,2,3,3,6,6,6,8,8,8,8,8,8,8,8,24,24,24,24];6;false;true;3;1;32;[2,3];0.11458333333333333;8.7272727272727266
192;192.958;8;40;[1,1,1,1,1,1,1,1,3,3,3,3,3,3,3,3,6,6,6,6,6,6,6,6,6,6,6,6,6,6,6,6,8,8,8,8,8,8,8,8];4;false;true;3;1;32;[2,3];0.20833333333333334;4.7999999999999998
192;192.959;4;28;[1,1,1,1,2,2,3,3,3,3,6,6,8,8,8,8,8,8,8,8,12,12,12,12,12,12,12,12];6;false;true;3;1;32;[2,3];0.14583333333333334;6.8571428571428568
192;192.960;2;22;[1,1,2,2,2,3,3,6,6,6,8,8,8,8,8,8,8,8,24,24,24,24];6;false;true;3;1;32;[2,3];0.11458333333333333;8.7272727272727266
192;192.961;2;22;[1,1,2,2,2,3,3,6,6,6,8,8,8,8,8,8,8,8,24,24,24,24];6;false;true;3;1;32;[2,3];0.11458333333333333;8.7272727272727266
192;192.962;2;20;[1,1,2,2,2,6,6,8,8,8,8,8,8,8,8,12,24,24,24,24];6;false;true;4;2;32;[2,3];0.10416666666666667;9.5999999999999996
192;192.963;8;32;[1,1,1,1,1,1,1,1,6,6,6,6,6,6,6,6,6,6,6,6,8,8,8,8,8,8,8,8,12,12,12,12];4;false;true;4;2;32;[2,3];0.16666666666666666;6.
192;192.964;4;26;[1,1,1,1,2,2,6,6,6,6,8,8,8,8,8,8,8,8,12,12,12,12,12,12,12,12];5;false;true;4;2;32;[2,3];0.13541666666666666;7.384615384615385
192;192.965;2;20;[1,1,2,2,2,6,6,8,8,8,8,8,8,8,8,12,24,24,24,24];6;false;true;4;2;32;[2,3];0.10416666666666667;9.5999999999999996
192;192.966;2;20;[1,1,2,2,2,6,6,8,8,8,8,8,8,8,8,12,24,24,24,24];6;false;true;4;2;32;[2,3];0.10416666666666667;9.5999999999999996
192;192.967;8;40;[1,1,1,1,1,1,1,1,3,3,3,3,3,3,3,3,6,6,6,6,6,6,6,6,6,6,6,6,6,6,6,6,8,8,8,8,8,8,8,8];4;false;true;3;1;32;[2,3];0.20833333333333334;4.7999999999999998
192;192.968;4;28;[1,1,1,1,2,2,3,3,3,3,6,6,8,8,8,8,8,8,8,8,12,12,12,12,12,12,12,12];6;false;true;3;1;32;[2,3];0.14583333333333334;6.8571428571428568
192;192.969;8;40;[1,1,1,1,1,1,1,1,3,3,3,3,3,3,3,3,6,6,6,6,6,6,6,6,6,6,6,6,6,6,6,6,8,8,8,8,8,8,8,8];4;false;true;3;1;32;[2,3];0.20833333333333334;4.7999999999999998
192;192.970;4;28;[1,1,1,1,2,2,3,3,3,3,6,6,8,8,8,8,8,8,8,8,12,12,12,12,12,12,12,12];6;false;true;3;1;32;[2,3];0.14583333333333334;6.8571428571428568
192;192.971;4;28;[1,1,1,1,2,2,3,3,3,3,6,6,8,8,8,8,8,8,8,8,12,12,12,12,12,12,12,12];6;false;true;3;1;32;[2,3];0.14583333333333334;6.8571428571428568
192;192.972;4;28;[1,1,1,1,2,2,3,3,3,3,6,6,8,8,8,8,8,8,8,8,12,12,12,12,12,12,12,12];6;false;true;3;1;32;[2,3];0.14583333333333334;6.8571428571428568
192;192.973;2;19;[1,1,2,3,3,4,6,8,8,12,12,12,12,12,16,16,16,24,24];9;false;true;3;2;32;[2,3];0.098958333333333329;10.105263157894736
192;192.974;2;19;[1,1,2,3,3,4,6,8,8,12,12,12,12,12,16,16,16,24,24];9;false;true;3;2;32;[2,3];0.098958333333333329;10.105263157894736
192;192.975;2;19;[1,1,2,3,3,4,6,8,8,12,12,12,12,12,16,16,16,24,24];9;false;true;3;2;32;[2,3];0.098958333333333329;10.105263157894736
192;192.976;2;19;[1,1,2,3,3,4,6,8,8,12,12,12,12,12,16,16,16,24,24];9;false;true;3;2;32;[2,3];0.098958333333333329;10.105263157894736
192;192.977;8;32;[1,1,1,1,1,1,1,1,6,6,6,6,6,6,6,6,6,6,6,6,8,8,8,8,8,8,8,8,12,12,12,12];4;false;true;4;2;32;[2,3];0.16666666666666666;6.
192;192.978;4;23;[1,1,1,1,2,2,6,6,8,8,8,8,8,8,8,8,12,12,12,12,12,24,24];6;false;true;4;2;32;[2,3];0.11979166666666667;8.3478260869565215
192;192.979;4;26;[1,1,1,1,2,2,6,6,6,6,8,8,8,8,8,8,8,8,12,12,12,12,12,12,12,12];5;false;true;4;2;32;[2,3];0.13541666666666666;7.384615384615385
192;192.980;4;23;[1,1,1,1,2,2,6,6,8,8,8,8,8,8,8,8,12,12,12,12,12,24,24];6;false;true;4;2;32;[2,3];0.11979166666666667;8.3478260869565215
192;192.981;8;32;[1,1,1,1,1,1,1,1,6,6,6,6,6,6,6,6,6,6,6,6,8,8,8,8,8,8,8,8,12,12,12,12];4;false;true;4;2;32;[2,3];0.16666666666666666;6.
192;192.982;4;26;[1,1,1,1,2,2,6,6,6,6,8,8,8,8,8,8,8,8,12,12,12,12,12,12,12,12];5;false;true;4;2;32;[2,3];0.13541666666666666;7.384615384615385
192;192.983;8;32;[1,1,1,1,1,1,1,1,6,6,6,6,6,6,6,6,6,6,6,6,8,8,8,8,8,8,8,8,12,12,12,12];4;false;true;4;2;32;[2,3];0.16666666666666666;6.
192;192.984;4;23;[1,1,1,1,2,2,6,6,8,8,8,8,8,8,8,8,12,12,12,12,12,24,24];6;false;true;4;2;32;[2,3];0.11979166666666667;8.3478260869565215
192;192.985;4;26;[1,1,1,1,2,2,6,6,6,6,8,8,8,8,8,8,8,8,12,12,12,12,12,12,12,12];5;false;true;4;2;32;[2,3];0.13541666666666666;7.384615384615385
192;192.986;4;23;[1,1,1,1,2,2,6,6,8,8,8,8,8,8,8,8,12,12,12,12,12,24,24];6;false;true;4;2;32;[2,3];0.11979166666666667;8.3478260869565215
192;192.987;2;17;[1,1,2,4,6,6,8,8,12,12,12,16,16,16,24,24,24];8;false;true;4;2;32;[2,3];0.088541666666666671;11.294117647058824
192;192.988;2;17;[1,1,2,4,6,6,8,8,12,12,12,16,16,16,24,24,24];8;false;true;4;2;32;[2,3];0.088541666666666671;11.294117647058824
192;192.989;2;17;[1,1,2,4,6,6,8,8,12,12,12,16,16,16,24,24,24];8;false;true;4;2;32;[2,3];0.088541666666666671;11.294117647058824
192;192.990;2;17;[1,1,2,4,6,6,8,8,12,12,12,16,16,16,24,24,24];8;false;true;4;2;32;[2,3];0.088541666666666671;11.294117647058824
192;192.991;4;28;[1,1,1,1,2,2,3,3,3,3,6,6,8,8,8,8,8,8,8,8,12,12,12,12,12,12,12,12];6;false;true;3;1;32;[2,3];0.14583333333333334;6.8571428571428568
192;192.992;4;32;[1,1,1,1,3,3,3,3,3,3,3,3,3,3,3,3,3,3,3,3,3,3,3,3,16,16,16,16,16,16,16,16];3;false;true;2;1;64;[2,3];0.16666666666666666;6.
192;192.993;16;64;[1,1,1,1,1,1,1,1,1,1,1,1,1,1,1,1,3,3,3,3,3,3,3,3,3,3,3,3,3,3,3,3,4,4,4,4,4,4,4,4,4,4,4,4,4,4,4,4,4,4,4,4,4,4,4,4,4,4,4,4,4,4,4,4];3;false;true;2;1;64;[2,3];0.33333333333333331;3.
192;192.994;4;40;[1,1,1,1,2,2,2,2,2,2,3,3,3,3,4,4,4,4,4,4,4,4,6,6,6,6,6,6,8,8,8,8,8,8,8,8,8,8,8,8];6;false;true;2;2;64;[2,3];0.20833333333333334;4.7999999999999998
192;192.995;4;40;[1,1,1,1,2,2,2,2,2,2,3,3,3,3,4,4,4,4,4,4,4,4,6,6,6,6,6,6,8,8,8,8,8,8,8,8,8,8,8,8];6;false;true;2;2;64;[2,3];0.20833333333333334;4.7999999999999998
192;192.996;16;56;[1,1,1,1,1,1,1,1,1,1,1,1,1,1,1,1,4,4,4,4,4,4,4,4,4,4,4,4,4,4,4,4,4,4,4,4,4,4,4,4,4,4,4,4,4,4,4,4,6,6,6,6,6,6,6,6];3;false;true;3;2;64;[2,3];0.29166666666666669;3.4285714285714284
192;192.997;16;56;[1,1,1,1,1,1,1,1,1,1,1,1,1,1,1,1,4,4,4,4,4,4,4,4,4,4,4,4,4,4,4,4,4,4,4,4,4,4,4,4,4,4,4,4,4,4,4,4,6,6,6,6,6,6,6,6];3;false;true;3;2;64;[2,3];0.29166666666666669;3.4285714285714284
192;192.998;4;38;[1,1,1,1,2,2,2,2,2,2,4,4,4,4,4,4,4,4,6,6,6,6,6,6,6,6,8,8,8,8,8,8,8,8,8,8,8,8];5;false;true;3;2;64;[2,3];0.19791666666666666;5.0526315789473681
192;192.999;4;38;[1,1,1,1,2,2,2,2,2,2,4,4,4,4,4,4,4,4,6,6,6,6,6,6,6,6,8,8,8,8,8,8,8,8,8,8,8,8];5;false;true;3;2;64;[2,3];0.19791666666666666;5.0526315789473681
192;192.1000;2;20;[1,1,3,3,4,4,6,6,6,6,12,12,16,16,16,16,16,16,16,16];6;false;true;2;2;64;[2,3];0.10416666666666667;9.5999999999999996
192;192.1001;2;20;[1,1,3,3,4,4,6,6,6,6,12,12,16,16,16,16,16,16,16,16];6;false;true;2;2;64;[2,3];0.10416666666666667;9.5999999999999996
192;192.1002;2;20;[1,1,3,3,4,4,6,6,6,6,12,12,16,16,16,16,16,16,16,16];6;false;true;2;2;64;[2,3];0.10416666666666667;9.5999999999999996
192;192.1003;4;35;[1,1,1,1,2,2,2,2,2,2,4,4,4,4,4,4,4,4,6,6,8,8,8,8,8,8,8,8,8,8,8,8,12,12,12];6;false;true;3;2;64;[2,3];0.18229166666666666;5.4857142857142858
192;192.1004;4;35;[1,1,1,1,2,2,2,2,2,2,4,4,4,4,4,4,4,4,6,6,8,8,8,8,8,8,8,8,8,8,8,8,12,12,12];6;false;true;3;2;64;[2,3];0.18229166666666666;5.4857142857142858
192;192.1005;4;35;[1,1,1,1,2,2,2,2,2,2,4,4,4,4,4,4,4,4,6,6,8,8,8,8,8,8,8,8,8,8,8,8,12,12,12];6;false;true;3;2;64;[2,3];0.18229166666666666;5.4857142857142858
192;192.1006;4;35;[1,1,1,1,2,2,2,2,2,2,4,4,4,4,4,4,4,4,6,6,8,8,8,8,8,8,8,8,8,8,8,8,12,12,12];6;false;true;3;2;64;[2,3];0.18229166666666666;5.4857142857142858
192;192.1007;4;35;[1,1,1,1,2,2,2,2,2,2,4,4,4,4,4,4,4,4,6,6,8,8,8,8,8,8,8,8,8,8,8,8,12,12,12];6;false;true;3;2;64;[2,3];0.18229166666666666;5.4857142857142858
192;192.1008;1;17;[1,3,4,4,4,12,12,12,12,16,16,16,16,16,16,16,16];5;false;true;2;2;64;[2,3];0.088541666666666671;11.294117647058824
192;192.1009;1;17;[1,3,4,4,4,12,12,12,12,16,16,16,16,16,16,16,16];5;false;true;2;2;64;[2,3];0.088541666666666671;11.294117647058824
192;192.1010;16;64;[1,1,1,1,1,1,1,1,1,1,1,1,1,1,1,1,3,3,3,3,3,3,3,3,3,3,3,3,3,3,3,3,4,4,4,4,4,4,4,4,4,4,4,4,4,4,4,4,4,4,4,4,4,4,4,4,4,4,4,4,4,4,4,4];3;false;true;2;1;64;[2,3];0.33333333333333331;3.
192;192.1011;4;40;[1,1,1,1,2,2,2,2,2,2,3,3,3,3,4,4,4,4,4,4,4,4,6,6,6,6,6,6,8,8,8,8,8,8,8,8,8,8,8,8];6;false;true;2;2;64;[2,3];0.20833333333333334;4.7999999999999998
192;192.1012;16;56;[1,1,1,1,1,1,1,1,1,1,1,1,1,1,1,1,4,4,4,4,4,4,4,4,4,4,4,4,4,4,4,4,4,4,4,4,4,4,4,4,4,4,4,4,4,4,4,4,6,6,6,6,6,6,6,6];3;false;true;3;2;64;[2,3];0.29166666666666669;3.4285714285714284
192;192.1013;4;38;[1,1,1,1,2,2,2,2,2,2,4,4,4,4,4,4,4,4,6,6,6,6,6,6,6,6,8,8,8,8,8,8,8,8,8,8,8,8];5;false;true;3;2;64;[2,3];0.19791666666666666;5.0526315789473681
192;192.1014;2;28;[1,1,2,2,2,3,3,4,4,4,4,4,4,6,6,6,8,8,8,8,8,8,12,12,16,16,16,16];8;false;true;2;2;64;[2,3];0.14583333333333334;6.8571428571428568
192;192.1015;2;28;[1,1,2,2,2,3,3,4,4,4,4,4,4,6,6,6,8,8,8,8,8,8,12,12,16,16,16,16];8;false;true;2;2;64;[2,3];0.14583333333333334;6.8571428571428568
192;192.1016;2;28;[1,1,2,2,2,3,3,4,4,4,4,4,4,6,6,6,8,8,8,8,8,8,12,12,16,16,16,16];8;false;true;2;2;64;[2,3];0.14583333333333334;6.8571428571428568
192;192.1017;2;26;[1,1,2,2,2,4,4,4,4,4,4,6,6,8,8,8,8,8,8,12,12,12,16,16,16,16];7;false;true;3;2;64;[2,3];0.13541666666666666;7.384615384615385
192;192.1018;2;26;[1,1,2,2,2,4,4,4,4,4,4,6,6,8,8,8,8,8,8,12,12,12,16,16,16,16];7;false;true;3;2;64;[2,3];0.13541666666666666;7.384615384615385
192;192.1019;2;26;[1,1,2,2,2,4,4,4,4,4,4,6,6,8,8,8,8,8,8,12,12,12,16,16,16,16];7;false;true;3;2;64;[2,3];0.13541666666666666;7.384615384615385
192;192.1020;1;24;[1,3,3,3,3,3,3,3,3,3,3,3,3,3,3,3,3,3,3,3,3,3,64,64];3;false;true;2;1;64;[2,3];0.125;8.
192;192.1021;4;18;[1,1,1,1,6,6,12,12,12,12,16,16,16,16,16,16,16,16];4;false;true;3;2;64;[2,3];0.09375;10.666666666666666
192;192.1022;4;19;[1,1,1,1,6,6,6,6,12,12,12,16,16,16,16,16,16,16,16];4;false;true;3;2;64;[2,3];0.098958333333333329;10.105263157894736
192;192.1023;1;9;[1,3,12,12,12,12,12,64,64];4;false;true;3;2;64;[2,3];0.046875;21.333333333333332
192;192.1024;4;17;[1,1,1,1,12,12,12,12,12,16,16,16,16,16,16,16,16];3;false;true;3;2;64;[2,3];0.088541666666666671;11.294117647058824
192;192.1025;1;9;[1,3,12,12,12,12,12,64,64];4;false;true;3;2;64;[2,3];0.046875;21.333333333333332
192;192.1026;16;72;[1,1,1,1,1,1,1,1,1,1,1,1,1,1,1,1,2,2,2,2,2,2,2,2,2,2,2,2,2,2,2,2,2,2,2,2,2,2,2,2,2,2,2,2,2,2,2,2,2,2,2,2,2,2,2,2,6,6,6,6,6,6,6,6,6,6,6,6,6,6,6,6];3;false;true;2;1;96;[2,3];0.375;2.6666666666666665
192;192.1027;8;60;[1,1,1,1,1,1,1,1,2,2,2,2,2,2,2,2,2,2,2,2,2,2,2,2,2,2,2,2,2,2,2,2,2,2,2,2,2,2,2,2,2,2,2,2,2,2,2,2,2,2,2,2,12,12,12,12,12,12,12,12];3;false;true;2;1;96;[2,3];0.3125;3.2000000000000002
192;192.1028;8;60;[1,1,1,1,1,1,1,1,2,2,2,2,2,2,2,2,2,2,2,2,2,2,2,2,2,2,2,2,2,2,2,2,2,2,2,2,2,2,2,2,2,2,2,2,2,2,2,2,2,2,2,2,12,12,12,12,12,12,12,12];3;false;true;2;1;96;[2,3];0.3125;3.2000000000000002
192;192.1029;8;60;[1,1,1,1,1,1,1,1,2,2,2,2,2,2,2,2,2,2,2,2,2,2,2,2,2,2,2,2,2,2,2,2,2,2,2,2,2,2,2,2,2,2,2,2,2,2,2,2,2,2,2,2,12,12,12,12,12,12,12,12];3;false;true;2;1;96;[2,3];0.3125;3.2000000000000002
192;192.1030;32;96;[1,1,1,1,1,1,1,1,1,1,1,1,1,1,1,1,1,1,1,1,1,1,1,1,1,1,1,1,1,1,1,1,2,2,2,2,2,2,2,2,2,2,2,2,2,2,2,2,2,2,2,2,2,2,2,2,2,2,2,2,2,2,2,2,3,3,3,3,3,3,3,3,3,3,3,3,3,3,3,3,3,3,3,3,3,3,3,3,3,3,3,3,3,3,3,3];3;false;true;2;1;96;[2,3];0.5;2.
192;192.1031;16;72;[1,1,1,1,1,1,1,1,1,1,1,1,1,1,1,1,2,2,2,2,2,2,2,2,2,2,2,2,2,2,2,2,2,2,2,2,2,2,2,2,2,2,2,2,2,2,2,2,2,2,2,2,2,2,2,2,6,6,6,6,6,6,6,6,6,6,6,6,6,6,6,6];3;false;true;2;1;96;[2,3];0.375;2.6666666666666665
192;192.1032;16;72;[1,1,1,1,1,1,1,1,1,1,1,1,1,1,1,1,2,2,2,2,2,2,2,2,2,2,2,2,2,2,2,2,2,2,2,2,2,2,2,2,2,2,2,2,2,2,2,2,2,2,2,2,2,2,2,2,6,6,6,6,6,6,6,6,6,6,6,6,6,6,6,6];3;false;true;2;1;96;[2,3];0.375;2.6666666666666665
192;192.1033;16;72;[1,1,1,1,1,1,1,1,1,1,1,1,1,1,1,1,2,2,2,2,2,2,2,2,2,2,2,2,2,2,2,2,2,2,2,2,2,2,2,2,2,2,2,2,2,2,2,2,2,2,2,2,2,2,2,2,6,6,6,6,6,6,6,6,6,6,6,6,6,6,6,6];3;false;true;2;1;96;[2,3];0.375;2.6666666666666665
192;192.1034;8;60;[1,1,1,1,1,1,1,1,2,2,2,2,2,2,2,2,2,2,2,2,2,2,2,2,2,2,2,2,2,2,2,2,2,2,2,2,2,2,2,2,2,2,2,2,2,2,2,2,2,2,2,2,12,12,12,12,12,12,12,12];3;false;true;2;1;96;[2,3];0.3125;3.2000000000000002
192;192.1035;8;60;[1,1,1,1,1,1,1,1,2,2,2,2,2,2,2,2,2,2,2,2,2,2,2,2,2,2,2,2,2,2,2,2,2,2,2,2,2,2,2,2,2,2,2,2,2,2,2,2,2,2,2,2,12,12,12,12,12,12,12,12];3;false;true;2;1;96;[2,3];0.3125;3.2000000000000002
192;192.1036;8;60;[1,1,1,1,1,1,1,1,2,2,2,2,2,2,2,2,2,2,2,2,2,2,2,2,2,2,2,2,2,2,2,2,2,2,2,2,2,2,2,2,2,2,2,2,2,2,2,2,2,2,2,2,12,12,12,12,12,12,12,12];3;false;true;2;1;96;[2,3];0.3125;3.2000000000000002
192;192.1037;8;60;[1,1,1,1,1,1,1,1,2,2,2,2,2,2,2,2,2,2,2,2,2,2,2,2,2,2,2,2,2,2,2,2,2,2,2,2,2,2,2,2,2,2,2,2,2,2,2,2,2,2,2,2,12,12,12,12,12,12,12,12];3;false;true;2;1;96;[2,3];0.3125;3.2000000000000002
192;192.1038;8;60;[1,1,1,1,1,1,1,1,2,2,2,2,2,2,2,2,2,2,2,2,2,2,2,2,2,2,2,2,2,2,2,2,2,2,2,2,2,2,2,2,2,2,2,2,2,2,2,2,2,2,2,2,12,12,12,12,12,12,12,12];3;false;true;2;1;96;[2,3];0.3125;3.2000000000000002
192;192.1039;8;60;[1,1,1,1,1,1,1,1,2,2,2,2,2,2,2,2,2,2,2,2,2,2,2,2,2,2,2,2,3,3,3,3,3,3,3,3,4,4,4,4,4,4,4,4,4,4,4,4,6,6,6,6,6,6,6,6,6,6,6,6];5;false;true;2;2;96;[2,3];0.3125;3.2000000000000002
192;192.1040;8;48;[1,1,1,1,1,1,1,1,2,2,2,2,2,2,2,2,2,2,2,2,4,4,4,4,4,4,4,4,4,4,4,4,4,4,4,4,6,6,6,6,6,6,6,6,12,12,12,12];5;false;true;2;2;96;[2,3];0.25;4.
192;192.1041;8;48;[1,1,1,1,1,1,1,1,2,2,2,2,2,2,2,2,2,2,2,2,4,4,4,4,4,4,4,4,4,4,4,4,4,4,4,4,6,6,6,6,6,6,6,6,12,12,12,12];5;false;true;2;2;96;[2,3];0.25;4.
192;192.1042;4;42;[1,1,1,1,2,2,2,2,2,2,2,2,2,2,2,2,2,2,4,4,4,4,4,4,4,4,4,4,4,4,4,4,4,4,12,12,12,12,12,12,12,12];4;false;true;2;2;96;[2,3];0.21875;4.5714285714285712
192;192.1043;8;60;[1,1,1,1,1,1,1,1,2,2,2,2,2,2,2,2,2,2,2,2,2,2,2,2,2,2,2,2,3,3,3,3,3,3,3,3,4,4,4,4,4,4,4,4,4,4,4,4,6,6,6,6,6,6,6,6,6,6,6,6];5;false;true;2;2;96;[2,3];0.3125;3.2000000000000002
192;192.1044;8;60;[1,1,1,1,1,1,1,1,2,2,2,2,2,2,2,2,2,2,2,2,2,2,2,2,2,2,2,2,3,3,3,3,3,3,3,3,4,4,4,4,4,4,4,4,4,4,4,4,6,6,6,6,6,6,6,6,6,6,6,6];5;false;true;2;2;96;[2,3];0.3125;3.2000000000000002
192;192.1045;4;54;[1,1,1,1,2,2,2,2,2,2,2,2,2,2,2,2,2,2,2,2,2,2,2,2,2,2,4,4,4,4,4,4,4,4,4,4,4,4,6,6,6,6,6,6,6,6,6,6,6,6,6,6,6,6];4;false;true;2;2;96;[2,3];0.28125;3.5555555555555554
192;192.1046;8;48;[1,1,1,1,1,1,1,1,2,2,2,2,2,2,2,2,2,2,2,2,4,4,4,4,4,4,4,4,4,4,4,4,4,4,4,4,6,6,6,6,6,6,6,6,12,12,12,12];5;false;true;2;2;96;[2,3];0.25;4.
192;192.1047;8;48;[1,1,1,1,1,1,1,1,2,2,2,2,2,2,2,2,2,2,2,2,4,4,4,4,4,4,4,4,4,4,4,4,4,4,4,4,6,6,6,6,6,6,6,6,12,12,12,12];5;false;true;2;2;96;[2,3];0.25;4.
192;192.1048;8;48;[1,1,1,1,1,1,1,1,2,2,2,2,2,2,2,2,2,2,2,2,4,4,4,4,4,4,4,4,4,4,4,4,4,4,4,4,6,6,6,6,6,6,6,6,12,12,12,12];5;false;true;2;2;96;[2,3];0.25;4.
192;192.1049;4;45;[1,1,1,1,2,2,2,2,2,2,2,2,2,2,2,2,2,2,2,2,4,4,4,4,4,4,4,4,4,4,4,4,4,4,4,6,6,6,6,12,12,12,12,12,12];5;false;true;2;2;96;[2,3];0.234375;4.2666666666666666
192;192.1050;8;48;[1,1,1,1,1,1,1,1,2,2,2,2,2,2,2,2,2,2,2,2,4,4,4,4,4,4,4,4,4,4,4,4,4,4,4,4,6,6,6,6,6,6,6,6,12,12,12,12];5;false;true;2;2;96;[2,3];0.25;4.
192;192.1051;8;48;[1,1,1,1,1,1,1,1,2,2,2,2,2,2,2,2,2,2,2,2,4,4,4,4,4,4,4,4,4,4,4,4,4,4,4,4,6,6,6,6,6,6,6,6,12,12,12,12];5;false;true;2;2;96;[2,3];0.25;4.
192;192.1052;4;42;[1,1,1,1,2,2,2,2,2,2,2,2,2,2,2,2,2,2,4,4,4,4,4,4,4,4,4,4,4,4,4,4,4,4,12,12,12,12,12,12,12,12];4;false;true;2;2;96;[2,3];0.21875;4.5714285714285712
192;192.1053;4;42;[1,1,1,1,2,2,2,2,2,2,2,2,2,2,2,2,2,2,4,4,4,4,4,4,4,4,4,4,4,4,4,4,4,4,12,12,12,12,12,12,12,12];4;false;true;2;2;96;[2,3];0.21875;4.5714285714285712
192;192.1054;4;45;[1,1,1,1,2,2,2,2,2,2,2,2,2,2,2,2,2,2,2,2,4,4,4,4,4,4,4,4,4,4,4,4,4,4,4,6,6,6,6,12,12,12,12,12,12];5;false;true;2;2;96;[2,3];0.234375;4.2666666666666666
192;192.1055;8;60;[1,1,1,1,1,1,1,1,2,2,2,2,2,2,2,2,2,2,2,2,2,2,2,2,2,2,2,2,3,3,3,3,3,3,3,3,4,4,4,4,4,4,4,4,4,4,4,4,6,6,6,6,6,6,6,6,6,6,6,6];5;false;true;2;2;96;[2,3];0.3125;3.2000000000000002
192;192.1056;8;48;[1,1,1,1,1,1,1,1,2,2,2,2,2,2,2,2,2,2,2,2,4,4,4,4,4,4,4,4,4,4,4,4,4,4,4,4,6,6,6,6,6,6,6,6,12,12,12,12];5;false;true;2;2;96;[2,3];0.25;4.
192;192.1057;8;48;[1,1,1,1,1,1,1,1,2,2,2,2,2,2,2,2,2,2,2,2,4,4,4,4,4,4,4,4,4,4,4,4,4,4,4,4,6,6,6,6,6,6,6,6,12,12,12,12];5;false;true;2;2;96;[2,3];0.25;4.
192;192.1058;8;48;[1,1,1,1,1,1,1,1,2,2,2,2,2,2,2,2,2,2,2,2,4,4,4,4,4,4,4,4,4,4,4,4,4,4,4,4,6,6,6,6,6,6,6,6,12,12,12,12];5;false;true;2;2;96;[2,3];0.25;4.
192;192.1059;4;42;[1,1,1,1,2,2,2,2,2,2,2,2,2,2,2,2,2,2,4,4,4,4,4,4,4,4,4,4,4,4,4,4,4,4,12,12,12,12,12,12,12,12];4;false;true;2;2;96;[2,3];0.21875;4.5714285714285712
192;192.1060;8;60;[1,1,1,1,1,1,1,1,2,2,2,2,2,2,2,2,2,2,2,2,2,2,2,2,2,2,2,2,3,3,3,3,3,3,3,3,4,4,4,4,4,4,4,4,4,4,4,4,6,6,6,6,6,6,6,6,6,6,6,6];5;false;true;2;2;96;[2,3];0.3125;3.2000000000000002
192;192.1061;8;60;[1,1,1,1,1,1,1,1,2,2,2,2,2,2,2,2,2,2,2,2,2,2,2,2,2,2,2,2,3,3,3,3,3,3,3,3,4,4,4,4,4,4,4,4,4,4,4,4,6,6,6,6,6,6,6,6,6,6,6,6];5;false;true;2;2;96;[2,3];0.3125;3.2000000000000002
192;192.1062;8;60;[1,1,1,1,1,1,1,1,2,2,2,2,2,2,2,2,2,2,2,2,2,2,2,2,2,2,2,2,3,3,3,3,3,3,3,3,4,4,4,4,4,4,4,4,4,4,4,4,6,6,6,6,6,6,6,6,6,6,6,6];5;false;true;2;2;96;[2,3];0.3125;3.2000000000000002
192;192.1063;4;54;[1,1,1,1,2,2,2,2,2,2,2,2,2,2,2,2,2,2,2,2,2,2,2,2,2,2,4,4,4,4,4,4,4,4,4,4,4,4,6,6,6,6,6,6,6,6,6,6,6,6,6,6,6,6];4;false;true;2;2;96;[2,3];0.28125;3.5555555555555554
192;192.1064;8;48;[1,1,1,1,1,1,1,1,2,2,2,2,2,2,2,2,2,2,2,2,4,4,4,4,4,4,4,4,4,4,4,4,4,4,4,4,6,6,6,6,6,6,6,6,12,12,12,12];5;false;true;2;2;96;[2,3];0.25;4.
192;192.1065;8;48;[1,1,1,1,1,1,1,1,2,2,2,2,2,2,2,2,2,2,2,2,4,4,4,4,4,4,4,4,4,4,4,4,4,4,4,4,6,6,6,6,6,6,6,6,12,12,12,12];5;false;true;2;2;96;[2,3];0.25;4.
192;192.1066;4;45;[1,1,1,1,2,2,2,2,2,2,2,2,2,2,2,2,2,2,2,2,4,4,4,4,4,4,4,4,4,4,4,4,4,4,4,6,6,6,6,12,12,12,12,12,12];5;false;true;2;2;96;[2,3];0.234375;4.2666666666666666
192;192.1067;8;48;[1,1,1,1,1,1,1,1,2,2,2,2,2,2,2,2,2,2,2,2,4,4,4,4,4,4,4,4,4,4,4,4,4,4,4,4,6,6,6,6,6,6,6,6,12,12,12,12];5;false;true;2;2;96;[2,3];0.25;4.
192;192.1068;8;48;[1,1,1,1,1,1,1,1,2,2,2,2,2,2,2,2,2,2,2,2,4,4,4,4,4,4,4,4,4,4,4,4,4,4,4,4,6,6,6,6,6,6,6,6,12,12,12,12];5;false;true;2;2;96;[2,3];0.25;4.
192;192.1069;4;42;[1,1,1,1,2,2,2,2,2,2,2,2,2,2,2,2,2,2,4,4,4,4,4,4,4,4,4,4,4,4,4,4,4,4,12,12,12,12,12,12,12,12];4;false;true;2;2;96;[2,3];0.21875;4.5714285714285712
192;192.1070;4;45;[1,1,1,1,2,2,2,2,2,2,2,2,2,2,2,2,2,2,2,2,4,4,4,4,4,4,4,4,4,4,4,4,4,4,4,6,6,6,6,12,12,12,12,12,12];5;false;true;2;2;96;[2,3];0.234375;4.2666666666666666
192;192.1071;8;48;[1,1,1,1,1,1,1,1,2,2,2,2,2,2,2,2,2,2,2,2,4,4,4,4,4,4,4,4,4,4,4,4,4,4,4,4,6,6,6,6,6,6,6,6,12,12,12,12];5;false;true;2;2;96;[2,3];0.25;4.
192;192.1072;4;45;[1,1,1,1,2,2,2,2,2,2,2,2,2,2,2,2,2,2,2,2,4,4,4,4,4,4,4,4,4,4,4,4,4,4,4,6,6,6,6,12,12,12,12,12,12];5;false;true;2;2;96;[2,3];0.234375;4.2666666666666666
192;192.1073;4;45;[1,1,1,1,2,2,2,2,2,2,2,2,2,2,2,2,2,2,2,2,4,4,4,4,4,4,4,4,4,4,4,4,4,4,4,6,6,6,6,12,12,12,12,12,12];5;false;true;2;2;96;[2,3];0.234375;4.2666666666666666
192;192.1074;4;42;[1,1,1,1,2,2,2,2,2,2,2,2,2,2,2,2,2,2,4,4,4,4,4,4,4,4,4,4,4,4,4,4,4,4,12,12,12,12,12,12,12,12];4;false;true;2;2;96;[2,3];0.21875;4.5714285714285712
192;192.1075;4;54;[1,1,1,1,2,2,2,2,2,2,2,2,2,2,2,2,2,2,2,2,2,2,2,2,2,2,4,4,4,4,4,4,4,4,4,4,4,4,6,6,6,6,6,6,6,6,6,6,6,6,6,6,6,6];4;false;true;2;2;96;[2,3];0.28125;3.5555555555555554
192;192.1076;8;48;[1,1,1,1,1,1,1,1,2,2,2,2,2,2,2,2,2,2,2,2,4,4,4,4,4,4,4,4,4,4,4,4,4,4,4,4,6,6,6,6,6,6,6,6,12,12,12,12];5;false;true;2;2;96;[2,3];0.25;4.
192;192.1077;4;42;[1,1,1,1,2,2,2,2,2,2,2,2,2,2,2,2,2,2,4,4,4,4,4,4,4,4,4,4,4,4,4,4,4,4,12,12,12,12,12,12,12,12];4;false;true;2;2;96;[2,3];0.21875;4.5714285714285712
192;192.1078;4;42;[1,1,1,1,2,2,2,2,2,2,2,2,2,2,2,2,2,2,4,4,4,4,4,4,4,4,4,4,4,4,4,4,4,4,12,12,12,12,12,12,12,12];4;false;true;2;2;96;[2,3];0.21875;4.5714285714285712
192;192.1079;8;60;[1,1,1,1,1,1,1,1,2,2,2,2,2,2,2,2,2,2,2,2,2,2,2,2,2,2,2,2,3,3,3,3,3,3,3,3,4,4,4,4,4,4,4,4,4,4,4,4,6,6,6,6,6,6,6,6,6,6,6,6];5;false;true;2;2;96;[2,3];0.3125;3.2000000000000002
192;192.1080;4;54;[1,1,1,1,2,2,2,2,2,2,2,2,2,2,2,2,2,2,2,2,2,2,2,2,2,2,4,4,4,4,4,4,4,4,4,4,4,4,6,6,6,6,6,6,6,6,6,6,6,6,6,6,6,6];4;false;true;2;2;96;[2,3];0.28125;3.5555555555555554
192;192.1081;8;60;[1,1,1,1,1,1,1,1,2,2,2,2,2,2,2,2,2,2,2,2,2,2,2,2,2,2,2,2,3,3,3,3,3,3,3,3,4,4,4,4,4,4,4,4,4,4,4,4,6,6,6,6,6,6,6,6,6,6,6,6];5;false;true;2;2;96;[2,3];0.3125;3.2000000000000002
192;192.1082;4;54;[1,1,1,1,2,2,2,2,2,2,2,2,2,2,2,2,2,2,2,2,2,2,2,2,2,2,4,4,4,4,4,4,4,4,4,4,4,4,6,6,6,6,6,6,6,6,6,6,6,6,6,6,6,6];4;false;true;2;2;96;[2,3];0.28125;3.5555555555555554
192;192.1083;8;48;[1,1,1,1,1,1,1,1,2,2,2,2,2,2,2,2,2,2,2,2,4,4,4,4,4,4,4,4,4,4,4,4,4,4,4,4,6,6,6,6,6,6,6,6,12,12,12,12];5;false;true;2;2;96;[2,3];0.25;4.
192;192.1084;4;42;[1,1,1,1,2,2,2,2,2,2,2,2,2,2,2,2,2,2,4,4,4,4,4,4,4,4,4,4,4,4,4,4,4,4,12,12,12,12,12,12,12,12];4;false;true;2;2;96;[2,3];0.21875;4.5714285714285712
192;192.1085;4;42;[1,1,1,1,2,2,2,2,2,2,2,2,2,2,2,2,2,2,4,4,4,4,4,4,4,4,4,4,4,4,4,4,4,4,12,12,12,12,12,12,12,12];4;false;true;2;2;96;[2,3];0.21875;4.5714285714285712
192;192.1086;4;45;[1,1,1,1,2,2,2,2,2,2,2,2,2,2,2,2,2,2,2,2,4,4,4,4,4,4,4,4,4,4,4,4,4,4,4,6,6,6,6,12,12,12,12,12,12];5;false;true;2;2;96;[2,3];0.234375;4.2666666666666666
192;192.1087;8;48;[1,1,1,1,1,1,1,1,2,2,2,2,2,2,2,2,2,2,2,2,4,4,4,4,4,4,4,4,4,4,4,4,4,4,4,4,6,6,6,6,6,6,6,6,12,12,12,12];5;false;true;2;2;96;[2,3];0.25;4.
192;192.1088;4;45;[1,1,1,1,2,2,2,2,2,2,2,2,2,2,2,2,2,2,2,2,4,4,4,4,4,4,4,4,4,4,4,4,4,4,4,6,6,6,6,12,12,12,12,12,12];5;false;true;2;2;96;[2,3];0.234375;4.2666666666666666
192;192.1089;4;45;[1,1,1,1,2,2,2,2,2,2,2,2,2,2,2,2,2,2,2,2,4,4,4,4,4,4,4,4,4,4,4,4,4,4,4,6,6,6,6,12,12,12,12,12,12];5;false;true;2;2;96;[2,3];0.234375;4.2666666666666666
192;192.1090;4;45;[1,1,1,1,2,2,2,2,2,2,2,2,2,2,2,2,2,2,2,2,4,4,4,4,4,4,4,4,4,4,4,4,4,4,4,6,6,6,6,12,12,12,12,12,12];5;false;true;2;2;96;[2,3];0.234375;4.2666666666666666
192;192.1091;4;45;[1,1,1,1,2,2,2,2,2,2,2,2,2,2,2,2,2,2,2,2,4,4,4,4,4,4,4,4,4,4,4,4,4,4,4,6,6,6,6,12,12,12,12,12,12];5;false;true;2;2;96;[2,3];0.234375;4.2666666666666666
192;192.1092;4;45;[1,1,1,1,2,2,2,2,2,2,2,2,2,2,2,2,2,2,2,2,4,4,4,4,4,4,4,4,4,4,4,4,4,4,4,6,6,6,6,12,12,12,12,12,12];5;false;true;2;2;96;[2,3];0.234375;4.2666666666666666
192;192.1093;4;42;[1,1,1,1,2,2,2,2,2,2,2,2,2,2,2,2,2,2,4,4,4,4,4,4,4,4,4,4,4,4,4,4,4,4,12,12,12,12,12,12,12,12];4;false;true;2;2;96;[2,3];0.21875;4.5714285714285712
192;192.1094;4;42;[1,1,1,1,2,2,2,2,2,2,2,2,2,2,2,2,2,2,4,4,4,4,4,4,4,4,4,4,4,4,4,4,4,4,12,12,12,12,12,12,12,12];4;false;true;2;2;96;[2,3];0.21875;4.5714285714285712
192;192.1095;8;60;[1,1,1,1,1,1,1,1,2,2,2,2,2,2,2,2,2,2,2,2,2,2,2,2,2,2,2,2,3,3,3,3,3,3,3,3,4,4,4,4,4,4,4,4,4,4,4,4,6,6,6,6,6,6,6,6,6,6,6,6];5;false;true;2;2;96;[2,3];0.3125;3.2000000000000002
192;192.1096;4;45;[1,1,1,1,2,2,2,2,2,2,2,2,2,2,2,2,2,2,2,2,4,4,4,4,4,4,4,4,4,4,4,4,4,4,4,6,6,6,6,12,12,12,12,12,12];5;false;true;2;2;96;[2,3];0.234375;4.2666666666666666
192;192.1097;8;48;[1,1,1,1,1,1,1,1,2,2,2,2,2,2,2,2,2,2,2,2,4,4,4,4,4,4,4,4,4,4,4,4,4,4,4,4,6,6,6,6,6,6,6,6,12,12,12,12];5;false;true;2;2;96;[2,3];0.25;4.
192;192.1098;4;45;[1,1,1,1,2,2,2,2,2,2,2,2,2,2,2,2,2,2,2,2,4,4,4,4,4,4,4,4,4,4,4,4,4,4,4,6,6,6,6,12,12,12,12,12,12];5;false;true;2;2;96;[2,3];0.234375;4.2666666666666666
192;192.1099;4;45;[1,1,1,1,2,2,2,2,2,2,2,2,2,2,2,2,2,2,2,2,4,4,4,4,4,4,4,4,4,4,4,4,4,4,4,6,6,6,6,12,12,12,12,12,12];5;false;true;2;2;96;[2,3];0.234375;4.2666666666666666
192;192.1100;4;45;[1,1,1,1,2,2,2,2,2,2,2,2,2,2,2,2,2,2,2,2,4,4,4,4,4,4,4,4,4,4,4,4,4,4,4,6,6,6,6,12,12,12,12,12,12];5;false;true;2;2;96;[2,3];0.234375;4.2666666666666666
192;192.1101;4;45;[1,1,1,1,2,2,2,2,2,2,2,2,2,2,2,2,2,2,2,2,4,4,4,4,4,4,4,4,4,4,4,4,4,4,4,6,6,6,6,12,12,12,12,12,12];5;false;true;2;2;96;[2,3];0.234375;4.2666666666666666
192;192.1102;4;45;[1,1,1,1,2,2,2,2,2,2,2,2,2,2,2,2,2,2,2,2,4,4,4,4,4,4,4,4,4,4,4,4,4,4,4,6,6,6,6,12,12,12,12,12,12];5;false;true;2;2;96;[2,3];0.234375;4.2666666666666666
192;192.1103;8;60;[1,1,1,1,1,1,1,1,2,2,2,2,2,2,2,2,2,2,2,2,2,2,2,2,2,2,2,2,3,3,3,3,3,3,3,3,4,4,4,4,4,4,4,4,4,4,4,4,6,6,6,6,6,6,6,6,6,6,6,6];5;false;true;2;2;96;[2,3];0.3125;3.2000000000000002
192;192.1104;4;54;[1,1,1,1,2,2,2,2,2,2,2,2,2,2,2,2,2,2,2,2,2,2,2,2,2,2,4,4,4,4,4,4,4,4,4,4,4,4,6,6,6,6,6,6,6,6,6,6,6,6,6,6,6,6];4;false;true;2;2;96;[2,3];0.28125;3.5555555555555554
192;192.1105;4;54;[1,1,1,1,2,2,2,2,2,2,2,2,2,2,2,2,2,2,2,2,2,2,2,2,2,2,4,4,4,4,4,4,4,4,4,4,4,4,6,6,6,6,6,6,6,6,6,6,6,6,6,6,6,6];4;false;true;2;2;96;[2,3];0.28125;3.5555555555555554
192;192.1106;8;48;[1,1,1,1,1,1,1,1,2,2,2,2,2,2,2,2,2,2,2,2,4,4,4,4,4,4,4,4,4,4,4,4,4,4,4,4,6,6,6,6,6,6,6,6,12,12,12,12];5;false;true;2;2;96;[2,3];0.25;4.
192;192.1107;8;48;[1,1,1,1,1,1,1,1,2,2,2,2,2,2,2,2,2,2,2,2,4,4,4,4,4,4,4,4,4,4,4,4,4,4,4,4,6,6,6,6,6,6,6,6,12,12,12,12];5;false;true;2;2;96;[2,3];0.25;4.
192;192.1108;4;45;[1,1,1,1,2,2,2,2,2,2,2,2,2,2,2,2,2,2,2,2,4,4,4,4,4,4,4,4,4,4,4,4,4,4,4,6,6,6,6,12,12,12,12,12,12];5;false;true;2;2;96;[2,3];0.234375;4.2666666666666666
192;192.1109;4;45;[1,1,1,1,2,2,2,2,2,2,2,2,2,2,2,2,2,2,2,2,4,4,4,4,4,4,4,4,4,4,4,4,4,4,4,6,6,6,6,12,12,12,12,12,12];5;false;true;2;2;96;[2,3];0.234375;4.2666666666666666
192;192.1110;4;45;[1,1,1,1,2,2,2,2,2,2,2,2,2,2,2,2,2,2,2,2,4,4,4,4,4,4,4,4,4,4,4,4,4,4,4,6,6,6,6,12,12,12,12,12,12];5;false;true;2;2;96;[2,3];0.234375;4.2666666666666666
192;192.1111;4;45;[1,1,1,1,2,2,2,2,2,2,2,2,2,2,2,2,2,2,2,2,4,4,4,4,4,4,4,4,4,4,4,4,4,4,4,6,6,6,6,12,12,12,12,12,12];5;false;true;2;2;96;[2,3];0.234375;4.2666666666666666
192;192.1112;4;45;[1,1,1,1,2,2,2,2,2,2,2,2,2,2,2,2,2,2,2,2,4,4,4,4,4,4,4,4,4,4,4,4,4,4,4,6,6,6,6,12,12,12,12,12,12];5;false;true;2;2;96;[2,3];0.234375;4.2666666666666666
192;192.1113;4;45;[1,1,1,1,2,2,2,2,2,2,2,2,2,2,2,2,2,2,2,2,4,4,4,4,4,4,4,4,4,4,4,4,4,4,4,6,6,6,6,12,12,12,12,12,12];5;false;true;2;2;96;[2,3];0.234375;4.2666666666666666
192;192.1114;4;45;[1,1,1,1,2,2,2,2,2,2,2,2,2,2,2,2,2,2,2,2,4,4,4,4,4,4,4,4,4,4,4,4,4,4,4,6,6,6,6,12,12,12,12,12,12];5;false;true;2;2;96;[2,3];0.234375;4.2666666666666666
192;192.1115;4;45;[1,1,1,1,2,2,2,2,2,2,2,2,2,2,2,2,2,2,2,2,4,4,4,4,4,4,4,4,4,4,4,4,4,4,4,6,6,6,6,12,12,12,12,12,12];5;false;true;2;2;96;[2,3];0.234375;4.2666666666666666
192;192.1116;8;48;[1,1,1,1,1,1,1,1,2,2,2,2,2,2,2,2,2,2,2,2,4,4,4,4,4,4,4,4,4,4,4,4,4,4,4,4,6,6,6,6,6,6,6,6,12,12,12,12];5;false;true;2;2;96;[2,3];0.25;4.
192;192.1117;4;45;[1,1,1,1,2,2,2,2,2,2,2,2,2,2,2,2,2,2,2,2,4,4,4,4,4,4,4,4,4,4,4,4,4,4,4,6,6,6,6,12,12,12,12,12,12];5;false;true;2;2;96;[2,3];0.234375;4.2666666666666666
192;192.1118;4;45;[1,1,1,1,2,2,2,2,2,2,2,2,2,2,2,2,2,2,2,2,4,4,4,4,4,4,4,4,4,4,4,4,4,4,4,6,6,6,6,12,12,12,12,12,12];5;false;true;2;2;96;[2,3];0.234375;4.2666666666666666
192;192.1119;4;42;[1,1,1,1,2,2,2,2,2,2,2,2,2,2,2,2,2,2,4,4,4,4,4,4,4,4,4,4,4,4,4,4,4,4,12,12,12,12,12,12,12,12];4;false;true;2;2;96;[2,3];0.21875;4.5714285714285712
192;192.1120;4;42;[1,1,1,1,2,2,2,2,2,2,2,2,2,2,2,2,2,2,4,4,4,4,4,4,4,4,4,4,4,4,4,4,4,4,12,12,12,12,12,12,12,12];4;false;true;2;2;96;[2,3];0.21875;4.5714285714285712
192;192.1121;4;42;[1,1,1,1,2,2,2,2,2,2,2,2,2,2,2,2,2,2,4,4,4,4,4,4,4,4,4,4,4,4,4,4,4,4,12,12,12,12,12,12,12,12];4;false;true;2;2;96;[2,3];0.21875;4.5714285714285712
192;192.1122;4;45;[1,1,1,1,2,2,2,2,2,2,2,2,2,2,2,2,2,2,2,2,4,4,4,4,4,4,4,4,4,4,4,4,4,4,4,6,6,6,6,12,12,12,12,12,12];5;false;true;2;2;96;[2,3];0.234375;4.2666666666666666
192;192.1123;4;42;[1,1,1,1,2,2,2,2,2,2,2,2,2,2,2,2,2,2,4,4,4,4,4,4,4,4,4,4,4,4,4,4,4,4,12,12,12,12,12,12,12,12];4;false;true;2;2;96;[2,3];0.21875;4.5714285714285712
192;192.1124;4;45;[1,1,1,1,2,2,2,2,2,2,2,2,2,2,2,2,2,2,2,2,4,4,4,4,4,4,4,4,4,4,4,4,4,4,4,6,6,6,6,12,12,12,12,12,12];5;false;true;2;2;96;[2,3];0.234375;4.2666666666666666
192;192.1125;4;45;[1,1,1,1,2,2,2,2,2,2,2,2,2,2,2,2,2,2,2,2,4,4,4,4,4,4,4,4,4,4,4,4,4,4,4,6,6,6,6,12,12,12,12,12,12];5;false;true;2;2;96;[2,3];0.234375;4.2666666666666666
192;192.1126;4;45;[1,1,1,1,2,2,2,2,2,2,2,2,2,2,2,2,2,2,2,2,4,4,4,4,4,4,4,4,4,4,4,4,4,4,4,6,6,6,6,12,12,12,12,12,12];5;false;true;2;2;96;[2,3];0.234375;4.2666666666666666
192;192.1127;4;45;[1,1,1,1,2,2,2,2,2,2,2,2,2,2,2,2,2,2,2,2,4,4,4,4,4,4,4,4,4,4,4,4,4,4,4,6,6,6,6,12,12,12,12,12,12];5;false;true;2;2;96;[2,3];0.234375;4.2666666666666666
192;192.1128;4;45;[1,1,1,1,2,2,2,2,2,2,2,2,2,2,2,2,2,2,2,2,4,4,4,4,4,4,4,4,4,4,4,4,4,4,4,6,6,6,6,12,12,12,12,12,12];5;false;true;2;2;96;[2,3];0.234375;4.2666666666666666
192;192.1129;4;45;[1,1,1,1,2,2,2,2,2,2,2,2,2,2,2,2,2,2,2,2,4,4,4,4,4,4,4,4,4,4,4,4,4,4,4,6,6,6,6,12,12,12,12,12,12];5;false;true;2;2;96;[2,3];0.234375;4.2666666666666666
192;192.1130;8;60;[1,1,1,1,1,1,1,1,2,2,2,2,2,2,2,2,2,2,2,2,2,2,2,2,2,2,2,2,3,3,3,3,3,3,3,3,4,4,4,4,4,4,4,4,4,4,4,4,6,6,6,6,6,6,6,6,6,6,6,6];5;false;true;2;2;96;[2,3];0.3125;3.2000000000000002
192;192.1131;4;54;[1,1,1,1,2,2,2,2,2,2,2,2,2,2,2,2,2,2,2,2,2,2,2,2,2,2,4,4,4,4,4,4,4,4,4,4,4,4,6,6,6,6,6,6,6,6,6,6,6,6,6,6,6,6];4;false;true;2;2;96;[2,3];0.28125;3.5555555555555554
192;192.1132;8;60;[1,1,1,1,1,1,1,1,2,2,2,2,2,2,2,2,2,2,2,2,2,2,2,2,2,2,2,2,3,3,3,3,3,3,3,3,4,4,4,4,4,4,4,4,4,4,4,4,6,6,6,6,6,6,6,6,6,6,6,6];5;false;true;2;2;96;[2,3];0.3125;3.2000000000000002
192;192.1133;4;54;[1,1,1,1,2,2,2,2,2,2,2,2,2,2,2,2,2,2,2,2,2,2,2,2,2,2,4,4,4,4,4,4,4,4,4,4,4,4,6,6,6,6,6,6,6,6,6,6,6,6,6,6,6,6];4;false;true;2;2;96;[2,3];0.28125;3.5555555555555554
192;192.1134;4;45;[1,1,1,1,2,2,2,2,2,2,2,2,2,2,2,2,2,2,2,2,4,4,4,4,4,4,4,4,4,4,4,4,4,4,4,6,6,6,6,12,12,12,12,12,12];5;false;true;2;2;96;[2,3];0.234375;4.2666666666666666
192;192.1135;4;45;[1,1,1,1,2,2,2,2,2,2,2,2,2,2,2,2,2,2,2,2,4,4,4,4,4,4,4,4,4,4,4,4,4,4,4,6,6,6,6,12,12,12,12,12,12];5;false;true;2;2;96;[2,3];0.234375;4.2666666666666666
192;192.1136;4;45;[1,1,1,1,2,2,2,2,2,2,2,2,2,2,2,2,2,2,2,2,4,4,4,4,4,4,4,4,4,4,4,4,4,4,4,6,6,6,6,12,12,12,12,12,12];5;false;true;2;2;96;[2,3];0.234375;4.2666666666666666
192;192.1137;8;48;[1,1,1,1,1,1,1,1,2,2,2,2,2,2,2,2,2,2,2,2,4,4,4,4,4,4,4,4,4,4,4,4,4,4,4,4,6,6,6,6,6,6,6,6,12,12,12,12];5;false;true;2;2;96;[2,3];0.25;4.
192;192.1138;4;45;[1,1,1,1,2,2,2,2,2,2,2,2,2,2,2,2,2,2,2,2,4,4,4,4,4,4,4,4,4,4,4,4,4,4,4,6,6,6,6,12,12,12,12,12,12];5;false;true;2;2;96;[2,3];0.234375;4.2666666666666666
192;192.1139;8;48;[1,1,1,1,1,1,1,1,2,2,2,2,2,2,2,2,2,2,2,2,4,4,4,4,4,4,4,4,4,4,4,4,4,4,4,4,6,6,6,6,6,6,6,6,12,12,12,12];5;false;true;2;2;96;[2,3];0.25;4.
192;192.1140;4;45;[1,1,1,1,2,2,2,2,2,2,2,2,2,2,2,2,2,2,2,2,4,4,4,4,4,4,4,4,4,4,4,4,4,4,4,6,6,6,6,12,12,12,12,12,12];5;false;true;2;2;96;[2,3];0.234375;4.2666666666666666
192;192.1141;4;42;[1,1,1,1,2,2,2,2,2,2,2,2,2,2,2,2,2,2,4,4,4,4,4,4,4,4,4,4,4,4,4,4,4,4,12,12,12,12,12,12,12,12];4;false;true;2;2;96;[2,3];0.21875;4.5714285714285712
192;192.1142;4;42;[1,1,1,1,2,2,2,2,2,2,2,2,2,2,2,2,2,2,4,4,4,4,4,4,4,4,4,4,4,4,4,4,4,4,12,12,12,12,12,12,12,12];4;false;true;2;2;96;[2,3];0.21875;4.5714285714285712
192;192.1143;4;45;[1,1,1,1,2,2,2,2,2,2,2,2,2,2,2,2,2,2,2,2,4,4,4,4,4,4,4,4,4,4,4,4,4,4,4,6,6,6,6,12,12,12,12,12,12];5;false;true;2;2;96;[2,3];0.234375;4.2666666666666666
192;192.1144;4;45;[1,1,1,1,2,2,2,2,2,2,2,2,2,2,2,2,2,2,2,2,4,4,4,4,4,4,4,4,4,4,4,4,4,4,4,6,6,6,6,12,12,12,12,12,12];5;false;true;2;2;96;[2,3];0.234375;4.2666666666666666
192;192.1145;4;42;[1,1,1,1,2,2,2,2,2,2,2,2,2,2,3,3,3,3,4,4,4,4,4,4,4,4,4,4,6,6,6,6,6,6,8,8,8,8,12,12,12,12];7;false;true;2;2;96;[2,3];0.21875;4.5714285714285712
192;192.1146;4;39;[1,1,1,1,2,2,2,2,2,2,2,2,4,4,4,4,4,4,4,4,4,4,4,6,6,6,6,6,6,6,6,8,8,8,8,12,12,12,12];6;false;true;2;2;96;[2,3];0.203125;4.9230769230769234
192;192.1147;4;42;[1,1,1,1,2,2,2,2,2,2,2,2,2,2,3,3,3,3,4,4,4,4,4,4,4,4,4,4,6,6,6,6,6,6,8,8,8,8,12,12,12,12];7;false;true;2;2;96;[2,3];0.21875;4.5714285714285712
192;192.1148;4;36;[1,1,1,1,2,2,2,2,2,2,4,4,4,4,4,4,4,4,4,4,4,4,6,6,6,6,8,8,8,8,12,12,12,12,12,12];6;false;true;2;2;96;[2,3];0.1875;5.333333333333333
192;192.1149;4;39;[1,1,1,1,2,2,2,2,2,2,2,2,4,4,4,4,4,4,4,4,4,4,4,6,6,6,6,6,6,6,6,8,8,8,8,12,12,12,12];6;false;true;2;2;96;[2,3];0.203125;4.9230769230769234
192;192.1150;4;39;[1,1,1,1,2,2,2,2,2,2,2,2,4,4,4,4,4,4,4,4,4,4,4,6,6,6,6,6,6,6,6,8,8,8,8,12,12,12,12];6;false;true;2;2;96;[2,3];0.203125;4.9230769230769234
192;192.1151;4;36;[1,1,1,1,2,2,2,2,2,2,4,4,4,4,4,4,4,4,4,4,4,4,6,6,6,6,8,8,8,8,12,12,12,12,12,12];6;false;true;2;2;96;[2,3];0.1875;5.333333333333333
192;192.1152;4;36;[1,1,1,1,2,2,2,2,2,2,4,4,4,4,4,4,4,4,4,4,4,4,6,6,6,6,8,8,8,8,12,12,12,12,12,12];6;false;true;2;2;96;[2,3];0.1875;5.333333333333333
192;192.1153;4;33;[1,1,1,1,2,2,2,2,4,4,4,4,4,4,4,4,4,4,4,4,4,8,8,8,8,12,12,12,12,12,12,12,12];5;false;true;2;2;96;[2,3];0.171875;5.8181818181818183
192;192.1154;4;33;[1,1,1,1,2,2,2,2,4,4,4,4,4,4,4,4,4,4,4,4,4,8,8,8,8,12,12,12,12,12,12,12,12];5;false;true;2;2;96;[2,3];0.171875;5.8181818181818183
192;192.1155;4;42;[1,1,1,1,2,2,2,2,2,2,2,2,2,2,3,3,3,3,4,4,4,4,4,4,4,4,4,4,6,6,6,6,6,6,8,8,8,8,12,12,12,12];7;false;true;2;2;96;[2,3];0.21875;4.5714285714285712
192;192.1156;4;36;[1,1,1,1,2,2,2,2,2,2,4,4,4,4,4,4,4,4,4,4,4,4,6,6,6,6,8,8,8,8,12,12,12,12,12,12];6;false;true;2;2;96;[2,3];0.1875;5.333333333333333
192;192.1157;4;39;[1,1,1,1,2,2,2,2,2,2,2,2,4,4,4,4,4,4,4,4,4,4,4,6,6,6,6,6,6,6,6,8,8,8,8,12,12,12,12];6;false;true;2;2;96;[2,3];0.203125;4.9230769230769234
192;192.1158;4;39;[1,1,1,1,2,2,2,2,2,2,2,2,4,4,4,4,4,4,4,4,4,4,4,6,6,6,6,6,6,6,6,8,8,8,8,12,12,12,12];6;false;true;2;2;96;[2,3];0.203125;4.9230769230769234
192;192.1159;4;42;[1,1,1,1,2,2,2,2,2,2,2,2,2,2,3,3,3,3,4,4,4,4,4,4,4,4,4,4,6,6,6,6,6,6,8,8,8,8,12,12,12,12];7;false;true;2;2;96;[2,3];0.21875;4.5714285714285712
192;192.1160;4;39;[1,1,1,1,2,2,2,2,2,2,2,2,4,4,4,4,4,4,4,4,4,4,4,6,6,6,6,6,6,6,6,8,8,8,8,12,12,12,12];6;false;true;2;2;96;[2,3];0.203125;4.9230769230769234
192;192.1161;4;36;[1,1,1,1,2,2,2,2,2,2,4,4,4,4,4,4,4,4,4,4,4,4,6,6,6,6,8,8,8,8,12,12,12,12,12,12];6;false;true;2;2;96;[2,3];0.1875;5.333333333333333
192;192.1162;4;36;[1,1,1,1,2,2,2,2,2,2,4,4,4,4,4,4,4,4,4,4,4,4,6,6,6,6,8,8,8,8,12,12,12,12,12,12];6;false;true;2;2;96;[2,3];0.1875;5.333333333333333
192;192.1163;4;42;[1,1,1,1,2,2,2,2,2,2,2,2,2,2,3,3,3,3,4,4,4,4,4,4,4,4,4,4,6,6,6,6,6,6,8,8,8,8,12,12,12,12];7;false;true;2;2;96;[2,3];0.21875;4.5714285714285712
192;192.1164;4;36;[1,1,1,1,2,2,2,2,2,2,4,4,4,4,4,4,4,4,4,4,4,4,6,6,6,6,8,8,8,8,12,12,12,12,12,12];6;false;true;2;2;96;[2,3];0.1875;5.333333333333333
192;192.1165;4;42;[1,1,1,1,2,2,2,2,2,2,2,2,2,2,3,3,3,3,4,4,4,4,4,4,4,4,4,4,6,6,6,6,6,6,8,8,8,8,12,12,12,12];7;false;true;2;2;96;[2,3];0.21875;4.5714285714285712
192;192.1166;4;36;[1,1,1,1,2,2,2,2,2,2,4,4,4,4,4,4,4,4,4,4,4,4,6,6,6,6,8,8,8,8,12,12,12,12,12,12];6;false;true;2;2;96;[2,3];0.1875;5.333333333333333
192;192.1167;4;36;[1,1,1,1,2,2,2,2,2,2,4,4,4,4,4,4,4,4,4,4,4,4,6,6,6,6,8,8,8,8,12,12,12,12,12,12];6;false;true;2;2;96;[2,3];0.1875;5.333333333333333
192;192.1168;4;39;[1,1,1,1,2,2,2,2,2,2,2,2,4,4,4,4,4,4,4,4,4,4,4,6,6,6,6,6,6,6,6,8,8,8,8,12,12,12,12];6;false;true;2;2;96;[2,3];0.203125;4.9230769230769234
192;192.1169;4;39;[1,1,1,1,2,2,2,2,2,2,2,2,4,4,4,4,4,4,4,4,4,4,4,6,6,6,6,6,6,6,6,8,8,8,8,12,12,12,12];6;false;true;2;2;96;[2,3];0.203125;4.9230769230769234
192;192.1170;4;39;[1,1,1,1,2,2,2,2,2,2,2,2,4,4,4,4,4,4,4,4,4,4,4,6,6,6,6,6,6,6,6,8,8,8,8,12,12,12,12];6;false;true;2;2;96;[2,3];0.203125;4.9230769230769234
192;192.1171;4;39;[1,1,1,1,2,2,2,2,2,2,2,2,4,4,4,4,4,4,4,4,4,4,4,6,6,6,6,6,6,6,6,8,8,8,8,12,12,12,12];6;false;true;2;2;96;[2,3];0.203125;4.9230769230769234
192;192.1172;4;36;[1,1,1,1,2,2,2,2,2,2,4,4,4,4,4,4,4,4,4,4,4,4,6,6,6,6,8,8,8,8,12,12,12,12,12,12];6;false;true;2;2;96;[2,3];0.1875;5.333333333333333
192;192.1173;4;39;[1,1,1,1,2,2,2,2,2,2,2,2,4,4,4,4,4,4,4,4,4,4,4,6,6,6,6,6,6,6,6,8,8,8,8,12,12,12,12];6;false;true;2;2;96;[2,3];0.203125;4.9230769230769234
192;192.1174;4;36;[1,1,1,1,2,2,2,2,2,2,4,4,4,4,4,4,4,4,4,4,4,4,6,6,6,6,8,8,8,8,12,12,12,12,12,12];6;false;true;2;2;96;[2,3];0.1875;5.333333333333333
192;192.1175;4;39;[1,1,1,1,2,2,2,2,2,2,2,2,4,4,4,4,4,4,4,4,4,4,4,6,6,6,6,6,6,6,6,8,8,8,8,12,12,12,12];6;false;true;2;2;96;[2,3];0.203125;4.9230769230769234
192;192.1176;4;36;[1,1,1,1,2,2,2,2,2,2,4,4,4,4,4,4,4,4,4,4,4,4,6,6,6,6,8,8,8,8,12,12,12,12,12,12];6;false;true;2;2;96;[2,3];0.1875;5.333333333333333
192;192.1177;4;39;[1,1,1,1,2,2,2,2,2,2,2,2,4,4,4,4,4,4,4,4,4,4,4,6,6,6,6,6,6,6,6,8,8,8,8,12,12,12,12];6;false;true;2;2;96;[2,3];0.203125;4.9230769230769234
192;192.1178;4;36;[1,1,1,1,2,2,2,2,2,2,4,4,4,4,4,4,4,4,4,4,4,4,6,6,6,6,8,8,8,8,12,12,12,12,12,12];6;false;true;2;2;96;[2,3];0.1875;5.333333333333333
192;192.1179;4;33;[1,1,1,1,2,2,2,2,4,4,4,4,4,4,4,4,4,4,4,4,4,8,8,8,8,12,12,12,12,12,12,12,12];5;false;true;2;2;96;[2,3];0.171875;5.8181818181818183
192;192.1180;4;33;[1,1,1,1,2,2,2,2,4,4,4,4,4,4,4,4,4,4,4,4,4,8,8,8,8,12,12,12,12,12,12,12,12];5;false;true;2;2;96;[2,3];0.171875;5.8181818181818183
192;192.1181;4;42;[1,1,1,1,2,2,2,2,2,2,2,2,2,2,3,3,3,3,4,4,4,4,4,4,4,4,4,4,6,6,6,6,6,6,8,8,8,8,12,12,12,12];7;false;true;2;2;96;[2,3];0.21875;4.5714285714285712
192;192.1182;4;36;[1,1,1,1,2,2,2,2,2,2,4,4,4,4,4,4,4,4,4,4,4,4,6,6,6,6,8,8,8,8,12,12,12,12,12,12];6;false;true;2;2;96;[2,3];0.1875;5.333333333333333
192;192.1183;4;42;[1,1,1,1,2,2,2,2,2,2,2,2,2,2,3,3,3,3,4,4,4,4,4,4,4,4,4,4,6,6,6,6,6,6,8,8,8,8,12,12,12,12];7;false;true;2;2;96;[2,3];0.21875;4.5714285714285712
192;192.1184;4;36;[1,1,1,1,2,2,2,2,2,2,4,4,4,4,4,4,4,4,4,4,4,4,6,6,6,6,8,8,8,8,12,12,12,12,12,12];6;false;true;2;2;96;[2,3];0.1875;5.333333333333333
192;192.1185;4;42;[1,1,1,1,2,2,2,2,2,2,2,2,2,2,3,3,3,3,4,4,4,4,4,4,4,4,4,4,6,6,6,6,6,6,8,8,8,8,12,12,12,12];7;false;true;2;2;96;[2,3];0.21875;4.5714285714285712
192;192.1186;4;42;[1,1,1,1,2,2,2,2,2,2,2,2,2,2,3,3,3,3,4,4,4,4,4,4,4,4,4,4,6,6,6,6,6,6,8,8,8,8,12,12,12,12];7;false;true;2;2;96;[2,3];0.21875;4.5714285714285712
192;192.1187;4;36;[1,1,1,1,2,2,2,2,2,2,4,4,4,4,4,4,4,4,4,4,4,4,6,6,6,6,8,8,8,8,12,12,12,12,12,12];6;false;true;2;2;96;[2,3];0.1875;5.333333333333333
192;192.1188;4;36;[1,1,1,1,2,2,2,2,2,2,4,4,4,4,4,4,4,4,4,4,4,4,6,6,6,6,8,8,8,8,12,12,12,12,12,12];6;false;true;2;2;96;[2,3];0.1875;5.333333333333333
192;192.1189;4;39;[1,1,1,1,2,2,2,2,2,2,2,2,4,4,4,4,4,4,4,4,4,4,4,6,6,6,6,6,6,6,6,8,8,8,8,12,12,12,12];6;false;true;2;2;96;[2,3];0.203125;4.9230769230769234
192;192.1190;4;39;[1,1,1,1,2,2,2,2,2,2,2,2,4,4,4,4,4,4,4,4,4,4,4,6,6,6,6,6,6,6,6,8,8,8,8,12,12,12,12];6;false;true;2;2;96;[2,3];0.203125;4.9230769230769234
192;192.1191;4;39;[1,1,1,1,2,2,2,2,2,2,2,2,4,4,4,4,4,4,4,4,4,4,4,6,6,6,6,6,6,6,6,8,8,8,8,12,12,12,12];6;false;true;2;2;96;[2,3];0.203125;4.9230769230769234
192;192.1192;4;39;[1,1,1,1,2,2,2,2,2,2,2,2,4,4,4,4,4,4,4,4,4,4,4,6,6,6,6,6,6,6,6,8,8,8,8,12,12,12,12];6;false;true;2;2;96;[2,3];0.203125;4.9230769230769234
192;192.1193;4;36;[1,1,1,1,2,2,2,2,2,2,4,4,4,4,4,4,4,4,4,4,4,4,6,6,6,6,8,8,8,8,12,12,12,12,12,12];6;false;true;2;2;96;[2,3];0.1875;5.333333333333333
192;192.1194;4;39;[1,1,1,1,2,2,2,2,2,2,2,2,4,4,4,4,4,4,4,4,4,4,4,6,6,6,6,6,6,6,6,8,8,8,8,12,12,12,12];6;false;true;2;2;96;[2,3];0.203125;4.9230769230769234
192;192.1195;4;39;[1,1,1,1,2,2,2,2,2,2,2,2,4,4,4,4,4,4,4,4,4,4,4,6,6,6,6,6,6,6,6,8,8,8,8,12,12,12,12];6;false;true;2;2;96;[2,3];0.203125;4.9230769230769234
192;192.1196;4;39;[1,1,1,1,2,2,2,2,2,2,2,2,4,4,4,4,4,4,4,4,4,4,4,6,6,6,6,6,6,6,6,8,8,8,8,12,12,12,12];6;false;true;2;2;96;[2,3];0.203125;4.9230769230769234
192;192.1197;4;36;[1,1,1,1,2,2,2,2,2,2,4,4,4,4,4,4,4,4,4,4,4,4,6,6,6,6,8,8,8,8,12,12,12,12,12,12];6;false;true;2;2;96;[2,3];0.1875;5.333333333333333
192;192.1198;4;39;[1,1,1,1,2,2,2,2,2,2,2,2,4,4,4,4,4,4,4,4,4,4,4,6,6,6,6,6,6,6,6,8,8,8,8,12,12,12,12];6;false;true;2;2;96;[2,3];0.203125;4.9230769230769234
192;192.1199;4;36;[1,1,1,1,2,2,2,2,2,2,4,4,4,4,4,4,4,4,4,4,4,4,6,6,6,6,8,8,8,8,12,12,12,12,12,12];6;false;true;2;2;96;[2,3];0.1875;5.333333333333333
192;192.1200;4;39;[1,1,1,1,2,2,2,2,2,2,2,2,4,4,4,4,4,4,4,4,4,4,4,6,6,6,6,6,6,6,6,8,8,8,8,12,12,12,12];6;false;true;2;2;96;[2,3];0.203125;4.9230769230769234
192;192.1201;4;39;[1,1,1,1,2,2,2,2,2,2,2,2,4,4,4,4,4,4,4,4,4,4,4,6,6,6,6,6,6,6,6,8,8,8,8,12,12,12,12];6;false;true;2;2;96;[2,3];0.203125;4.9230769230769234
192;192.1202;4;36;[1,1,1,1,2,2,2,2,2,2,4,4,4,4,4,4,4,4,4,4,4,4,6,6,6,6,8,8,8,8,12,12,12,12,12,12];6;false;true;2;2;96;[2,3];0.1875;5.333333333333333
192;192.1203;4;36;[1,1,1,1,2,2,2,2,2,2,4,4,4,4,4,4,4,4,4,4,4,4,6,6,6,6,8,8,8,8,12,12,12,12,12,12];6;false;true;2;2;96;[2,3];0.1875;5.333333333333333
192;192.1204;4;36;[1,1,1,1,2,2,2,2,2,2,4,4,4,4,4,4,4,4,4,4,4,4,6,6,6,6,8,8,8,8,12,12,12,12,12,12];6;false;true;2;2;96;[2,3];0.1875;5.333333333333333
192;192.1205;4;33;[1,1,1,1,2,2,2,2,4,4,4,4,4,4,4,4,4,4,4,4,4,8,8,8,8,12,12,12,12,12,12,12,12];5;false;true;2;2;96;[2,3];0.171875;5.8181818181818183
192;192.1206;4;33;[1,1,1,1,2,2,2,2,4,4,4,4,4,4,4,4,4,4,4,4,4,8,8,8,8,12,12,12,12,12,12,12,12];5;false;true;2;2;96;[2,3];0.171875;5.8181818181818183
192;192.1207;4;36;[1,1,1,1,2,2,2,2,2,2,4,4,4,4,4,4,4,4,4,4,4,4,6,6,6,6,8,8,8,8,12,12,12,12,12,12];6;false;true;2;2;96;[2,3];0.1875;5.333333333333333
192;192.1208;4;42;[1,1,1,1,2,2,2,2,2,2,2,2,2,2,3,3,3,3,4,4,4,4,4,4,4,4,4,4,6,6,6,6,6,6,8,8,8,8,12,12,12,12];7;false;true;2;2;96;[2,3];0.21875;4.5714285714285712
192;192.1209;4;39;[1,1,1,1,2,2,2,2,2,2,2,2,4,4,4,4,4,4,4,4,4,4,4,6,6,6,6,6,6,6,6,8,8,8,8,12,12,12,12];6;false;true;2;2;96;[2,3];0.203125;4.9230769230769234
192;192.1210;4;33;[1,1,1,1,2,2,2,2,4,4,4,4,4,4,4,4,4,4,4,4,4,8,8,8,8,12,12,12,12,12,12,12,12];5;false;true;2;2;96;[2,3];0.171875;5.8181818181818183
192;192.1211;4;42;[1,1,1,1,2,2,2,2,2,2,2,2,2,2,3,3,3,3,4,4,4,4,4,4,4,4,4,4,6,6,6,6,6,6,8,8,8,8,12,12,12,12];7;false;true;2;2;96;[2,3];0.21875;4.5714285714285712
192;192.1212;4;36;[1,1,1,1,2,2,2,2,2,2,4,4,4,4,4,4,4,4,4,4,4,4,6,6,6,6,8,8,8,8,12,12,12,12,12,12];6;false;true;2;2;96;[2,3];0.1875;5.333333333333333
192;192.1213;4;39;[1,1,1,1,2,2,2,2,2,2,2,2,4,4,4,4,4,4,4,4,4,4,4,6,6,6,6,6,6,6,6,8,8,8,8,12,12,12,12];6;false;true;2;2;96;[2,3];0.203125;4.9230769230769234
192;192.1214;4;39;[1,1,1,1,2,2,2,2,2,2,2,2,4,4,4,4,4,4,4,4,4,4,4,6,6,6,6,6,6,6,6,8,8,8,8,12,12,12,12];6;false;true;2;2;96;[2,3];0.203125;4.9230769230769234
192;192.1215;4;42;[1,1,1,1,2,2,2,2,2,2,2,2,2,2,3,3,3,3,4,4,4,4,4,4,4,4,4,4,6,6,6,6,6,6,8,8,8,8,12,12,12,12];7;false;true;2;2;96;[2,3];0.21875;4.5714285714285712
192;192.1216;4;36;[1,1,1,1,2,2,2,2,2,2,4,4,4,4,4,4,4,4,4,4,4,4,6,6,6,6,8,8,8,8,12,12,12,12,12,12];6;false;true;2;2;96;[2,3];0.1875;5.333333333333333
192;192.1217;4;39;[1,1,1,1,2,2,2,2,2,2,2,2,4,4,4,4,4,4,4,4,4,4,4,6,6,6,6,6,6,6,6,8,8,8,8,12,12,12,12];6;false;true;2;2;96;[2,3];0.203125;4.9230769230769234
192;192.1218;4;39;[1,1,1,1,2,2,2,2,2,2,2,2,4,4,4,4,4,4,4,4,4,4,4,6,6,6,6,6,6,6,6,8,8,8,8,12,12,12,12];6;false;true;2;2;96;[2,3];0.203125;4.9230769230769234
192;192.1219;4;36;[1,1,1,1,2,2,2,2,2,2,4,4,4,4,4,4,4,4,4,4,4,4,6,6,6,6,8,8,8,8,12,12,12,12,12,12];6;false;true;2;2;96;[2,3];0.1875;5.333333333333333
192;192.1220;4;39;[1,1,1,1,2,2,2,2,2,2,2,2,4,4,4,4,4,4,4,4,4,4,4,6,6,6,6,6,6,6,6,8,8,8,8,12,12,12,12];6;false;true;2;2;96;[2,3];0.203125;4.9230769230769234
192;192.1221;4;36;[1,1,1,1,2,2,2,2,2,2,4,4,4,4,4,4,4,4,4,4,4,4,6,6,6,6,8,8,8,8,12,12,12,12,12,12];6;false;true;2;2;96;[2,3];0.1875;5.333333333333333
192;192.1222;4;36;[1,1,1,1,2,2,2,2,2,2,4,4,4,4,4,4,4,4,4,4,4,4,6,6,6,6,8,8,8,8,12,12,12,12,12,12];6;false;true;2;2;96;[2,3];0.1875;5.333333333333333
192;192.1223;4;39;[1,1,1,1,2,2,2,2,2,2,2,2,4,4,4,4,4,4,4,4,4,4,4,6,6,6,6,6,6,6,6,8,8,8,8,12,12,12,12];6;false;true;2;2;96;[2,3];0.203125;4.9230769230769234
192;192.1224;4;36;[1,1,1,1,2,2,2,2,2,2,4,4,4,4,4,4,4,4,4,4,4,4,6,6,6,6,8,8,8,8,12,12,12,12,12,12];6;false;true;2;2;96;[2,3];0.1875;5.333333333333333
192;192.1225;4;33;[1,1,1,1,2,2,2,2,4,4,4,4,4,4,4,4,4,4,4,4,4,8,8,8,8,12,12,12,12,12,12,12,12];5;false;true;2;2;96;[2,3];0.171875;5.8181818181818183
192;192.1226;4;33;[1,1,1,1,2,2,2,2,4,4,4,4,4,4,4,4,4,4,4,4,4,8,8,8,8,12,12,12,12,12,12,12,12];5;false;true;2;2;96;[2,3];0.171875;5.8181818181818183
192;192.1227;4;42;[1,1,1,1,2,2,2,2,2,2,2,2,2,2,3,3,3,3,4,4,4,4,4,4,4,4,4,4,6,6,6,6,6,6,8,8,8,8,12,12,12,12];7;false;true;2;2;96;[2,3];0.21875;4.5714285714285712
192;192.1228;4;36;[1,1,1,1,2,2,2,2,2,2,4,4,4,4,4,4,4,4,4,4,4,4,6,6,6,6,8,8,8,8,12,12,12,12,12,12];6;false;true;2;2;96;[2,3];0.1875;5.333333333333333
192;192.1229;4;39;[1,1,1,1,2,2,2,2,2,2,2,2,4,4,4,4,4,4,4,4,4,4,4,6,6,6,6,6,6,6,6,8,8,8,8,12,12,12,12];6;false;true;2;2;96;[2,3];0.203125;4.9230769230769234
192;192.1230;4;39;[1,1,1,1,2,2,2,2,2,2,2,2,4,4,4,4,4,4,4,4,4,4,4,6,6,6,6,6,6,6,6,8,8,8,8,12,12,12,12];6;false;true;2;2;96;[2,3];0.203125;4.9230769230769234
192;192.1231;4;33;[1,1,1,1,2,2,2,2,4,4,4,4,4,4,4,4,4,4,4,4,4,8,8,8,8,12,12,12,12,12,12,12,12];5;false;true;2;2;96;[2,3];0.171875;5.8181818181818183
192;192.1232;4;42;[1,1,1,1,2,2,2,2,2,2,2,2,2,2,3,3,3,3,4,4,4,4,4,4,4,4,4,4,6,6,6,6,6,6,8,8,8,8,12,12,12,12];7;false;true;2;2;96;[2,3];0.21875;4.5714285714285712
192;192.1233;4;36;[1,1,1,1,2,2,2,2,2,2,4,4,4,4,4,4,4,4,4,4,4,4,6,6,6,6,8,8,8,8,12,12,12,12,12,12];6;false;true;2;2;96;[2,3];0.1875;5.333333333333333
192;192.1234;4;36;[1,1,1,1,2,2,2,2,2,2,4,4,4,4,4,4,4,4,4,4,4,4,6,6,6,6,8,8,8,8,12,12,12,12,12,12];6;false;true;2;2;96;[2,3];0.1875;5.333333333333333
192;192.1235;4;39;[1,1,1,1,2,2,2,2,2,2,2,2,4,4,4,4,4,4,4,4,4,4,4,6,6,6,6,6,6,6,6,8,8,8,8,12,12,12,12];6;false;true;2;2;96;[2,3];0.203125;4.9230769230769234
192;192.1236;4;39;[1,1,1,1,2,2,2,2,2,2,2,2,4,4,4,4,4,4,4,4,4,4,4,6,6,6,6,6,6,6,6,8,8,8,8,12,12,12,12];6;false;true;2;2;96;[2,3];0.203125;4.9230769230769234
192;192.1237;4;36;[1,1,1,1,2,2,2,2,2,2,4,4,4,4,4,4,4,4,4,4,4,4,6,6,6,6,8,8,8,8,12,12,12,12,12,12];6;false;true;2;2;96;[2,3];0.1875;5.333333333333333
192;192.1238;4;39;[1,1,1,1,2,2,2,2,2,2,2,2,4,4,4,4,4,4,4,4,4,4,4,6,6,6,6,6,6,6,6,8,8,8,8,12,12,12,12];6;false;true;2;2;96;[2,3];0.203125;4.9230769230769234
192;192.1239;4;42;[1,1,1,1,2,2,2,2,2,2,2,2,2,2,3,3,3,3,4,4,4,4,4,4,4,4,4,4,6,6,6,6,6,6,8,8,8,8,12,12,12,12];7;false;true;2;2;96;[2,3];0.21875;4.5714285714285712
192;192.1240;4;39;[1,1,1,1,2,2,2,2,2,2,2,2,4,4,4,4,4,4,4,4,4,4,4,6,6,6,6,6,6,6,6,8,8,8,8,12,12,12,12];6;false;true;2;2;96;[2,3];0.203125;4.9230769230769234
192;192.1241;4;36;[1,1,1,1,2,2,2,2,2,2,4,4,4,4,4,4,4,4,4,4,4,4,6,6,6,6,8,8,8,8,12,12,12,12,12,12];6;false;true;2;2;96;[2,3];0.1875;5.333333333333333
192;192.1242;4;33;[1,1,1,1,2,2,2,2,4,4,4,4,4,4,4,4,4,4,4,4,4,8,8,8,8,12,12,12,12,12,12,12,12];5;false;true;2;2;96;[2,3];0.171875;5.8181818181818183
192;192.1243;4;33;[1,1,1,1,2,2,2,2,4,4,4,4,4,4,4,4,4,4,4,4,4,8,8,8,8,12,12,12,12,12,12,12,12];5;false;true;2;2;96;[2,3];0.171875;5.8181818181818183
192;192.1244;4;39;[1,1,1,1,2,2,2,2,2,2,2,2,4,4,4,4,4,4,4,4,4,4,4,6,6,6,6,6,6,6,6,8,8,8,8,12,12,12,12];6;false;true;2;2;96;[2,3];0.203125;4.9230769230769234
192;192.1245;4;33;[1,1,1,1,2,2,2,2,4,4,4,4,4,4,4,4,4,4,4,4,4,8,8,8,8,12,12,12,12,12,12,12,12];5;false;true;2;2;96;[2,3];0.171875;5.8181818181818183
192;192.1246;4;42;[1,1,1,1,2,2,2,2,2,2,2,2,2,2,3,3,3,3,4,4,4,4,4,4,4,4,4,4,6,6,6,6,6,6,8,8,8,8,12,12,12,12];7;false;true;2;2;96;[2,3];0.21875;4.5714285714285712
192;192.1247;4;42;[1,1,1,1,2,2,2,2,2,2,2,2,2,2,3,3,3,3,4,4,4,4,4,4,4,4,4,4,6,6,6,6,6,6,8,8,8,8,12,12,12,12];7;false;true;2;2;96;[2,3];0.21875;4.5714285714285712
192;192.1248;4;36;[1,1,1,1,2,2,2,2,2,2,4,4,4,4,4,4,4,4,4,4,4,4,6,6,6,6,8,8,8,8,12,12,12,12,12,12];6;false;true;2;2;96;[2,3];0.1875;5.333333333333333
192;192.1249;4;39;[1,1,1,1,2,2,2,2,2,2,2,2,4,4,4,4,4,4,4,4,4,4,4,6,6,6,6,6,6,6,6,8,8,8,8,12,12,12,12];6;false;true;2;2;96;[2,3];0.203125;4.9230769230769234
192;192.1250;4;42;[1,1,1,1,2,2,2,2,2,2,2,2,2,2,3,3,3,3,4,4,4,4,4,4,4,4,4,4,6,6,6,6,6,6,8,8,8,8,12,12,12,12];7;false;true;2;2;96;[2,3];0.21875;4.5714285714285712
192;192.1251;4;36;[1,1,1,1,2,2,2,2,2,2,4,4,4,4,4,4,4,4,4,4,4,4,6,6,6,6,8,8,8,8,12,12,12,12,12,12];6;false;true;2;2;96;[2,3];0.1875;5.333333333333333
192;192.1252;4;39;[1,1,1,1,2,2,2,2,2,2,2,2,4,4,4,4,4,4,4,4,4,4,4,6,6,6,6,6,6,6,6,8,8,8,8,12,12,12,12];6;false;true;2;2;96;[2,3];0.203125;4.9230769230769234
192;192.1253;4;39;[1,1,1,1,2,2,2,2,2,2,2,2,4,4,4,4,4,4,4,4,4,4,4,6,6,6,6,6,6,6,6,8,8,8,8,12,12,12,12];6;false;true;2;2;96;[2,3];0.203125;4.9230769230769234
192;192.1254;4;39;[1,1,1,1,2,2,2,2,2,2,2,2,4,4,4,4,4,4,4,4,4,4,4,6,6,6,6,6,6,6,6,8,8,8,8,12,12,12,12];6;false;true;2;2;96;[2,3];0.203125;4.9230769230769234
192;192.1255;4;36;[1,1,1,1,2,2,2,2,2,2,4,4,4,4,4,4,4,4,4,4,4,4,6,6,6,6,8,8,8,8,12,12,12,12,12,12];6;false;true;2;2;96;[2,3];0.1875;5.333333333333333
192;192.1256;4;36;[1,1,1,1,2,2,2,2,2,2,4,4,4,4,4,4,4,4,4,4,4,4,6,6,6,6,8,8,8,8,12,12,12,12,12,12];6;false;true;2;2;96;[2,3];0.1875;5.333333333333333
192;192.1257;4;36;[1,1,1,1,2,2,2,2,2,2,4,4,4,4,4,4,4,4,4,4,4,4,6,6,6,6,8,8,8,8,12,12,12,12,12,12];6;false;true;2;2;96;[2,3];0.1875;5.333333333333333
192;192.1258;4;33;[1,1,1,1,2,2,2,2,4,4,4,4,4,4,4,4,4,4,4,4,4,8,8,8,8,12,12,12,12,12,12,12,12];5;false;true;2;2;96;[2,3];0.171875;5.8181818181818183
192;192.1259;4;33;[1,1,1,1,2,2,2,2,4,4,4,4,4,4,4,4,4,4,4,4,4,8,8,8,8,12,12,12,12,12,12,12,12];5;false;true;2;2;96;[2,3];0.171875;5.8181818181818183
192;192.1260;4;36;[1,1,1,1,2,2,2,2,2,2,4,4,4,4,4,4,4,4,4,4,4,4,6,6,6,6,8,8,8,8,12,12,12,12,12,12];6;false;true;2;2;96;[2,3];0.1875;5.333333333333333
192;192.1261;4;39;[1,1,1,1,2,2,2,2,2,2,2,2,4,4,4,4,4,4,4,4,4,4,4,6,6,6,6,6,6,6,6,8,8,8,8,12,12,12,12];6;false;true;2;2;96;[2,3];0.203125;4.9230769230769234
192;192.1262;4;42;[1,1,1,1,2,2,2,2,2,2,2,2,2,2,3,3,3,3,4,4,4,4,4,4,4,4,4,4,6,6,6,6,6,6,8,8,8,8,12,12,12,12];7;false;true;2;2;96;[2,3];0.21875;4.5714285714285712
192;192.1263;4;36;[1,1,1,1,2,2,2,2,2,2,4,4,4,4,4,4,4,4,4,4,4,4,6,6,6,6,8,8,8,8,12,12,12,12,12,12];6;false;true;2;2;96;[2,3];0.1875;5.333333333333333
192;192.1264;4;39;[1,1,1,1,2,2,2,2,2,2,2,2,4,4,4,4,4,4,4,4,4,4,4,6,6,6,6,6,6,6,6,8,8,8,8,12,12,12,12];6;false;true;2;2;96;[2,3];0.203125;4.9230769230769234
192;192.1265;4;42;[1,1,1,1,2,2,2,2,2,2,2,2,2,2,3,3,3,3,4,4,4,4,4,4,4,4,4,4,6,6,6,6,6,6,8,8,8,8,12,12,12,12];7;false;true;2;2;96;[2,3];0.21875;4.5714285714285712
192;192.1266;4;36;[1,1,1,1,2,2,2,2,2,2,4,4,4,4,4,4,4,4,4,4,4,4,6,6,6,6,8,8,8,8,12,12,12,12,12,12];6;false;true;2;2;96;[2,3];0.1875;5.333333333333333
192;192.1267;4;39;[1,1,1,1,2,2,2,2,2,2,2,2,4,4,4,4,4,4,4,4,4,4,4,6,6,6,6,6,6,6,6,8,8,8,8,12,12,12,12];6;false;true;2;2;96;[2,3];0.203125;4.9230769230769234
192;192.1268;4;39;[1,1,1,1,2,2,2,2,2,2,2,2,4,4,4,4,4,4,4,4,4,4,4,6,6,6,6,6,6,6,6,8,8,8,8,12,12,12,12];6;false;true;2;2;96;[2,3];0.203125;4.9230769230769234
192;192.1269;4;36;[1,1,1,1,2,2,2,2,2,2,4,4,4,4,4,4,4,4,4,4,4,4,6,6,6,6,8,8,8,8,12,12,12,12,12,12];6;false;true;2;2;96;[2,3];0.1875;5.333333333333333
192;192.1270;4;33;[1,1,1,1,2,2,2,2,4,4,4,4,4,4,4,4,4,4,4,4,4,8,8,8,8,12,12,12,12,12,12,12,12];5;false;true;2;2;96;[2,3];0.171875;5.8181818181818183
192;192.1271;4;33;[1,1,1,1,2,2,2,2,4,4,4,4,4,4,4,4,4,4,4,4,4,8,8,8,8,12,12,12,12,12,12,12,12];5;false;true;2;2;96;[2,3];0.171875;5.8181818181818183
192;192.1272;4;39;[1,1,1,1,2,2,2,2,2,2,2,2,4,4,4,4,4,4,4,4,4,4,4,6,6,6,6,6,6,6,6,8,8,8,8,12,12,12,12];6;false;true;2;2;96;[2,3];0.203125;4.9230769230769234
192;192.1273;4;42;[1,1,1,1,2,2,2,2,2,2,2,2,2,2,3,3,3,3,4,4,4,4,4,4,4,4,4,4,6,6,6,6,6,6,8,8,8,8,12,12,12,12];7;false;true;2;2;96;[2,3];0.21875;4.5714285714285712
192;192.1274;4;36;[1,1,1,1,2,2,2,2,2,2,4,4,4,4,4,4,4,4,4,4,4,4,6,6,6,6,8,8,8,8,12,12,12,12,12,12];6;false;true;2;2;96;[2,3];0.1875;5.333333333333333
192;192.1275;4;42;[1,1,1,1,2,2,2,2,2,2,2,2,2,2,3,3,3,3,4,4,4,4,4,4,4,4,4,4,6,6,6,6,6,6,8,8,8,8,12,12,12,12];7;false;true;2;2;96;[2,3];0.21875;4.5714285714285712
192;192.1276;4;39;[1,1,1,1,2,2,2,2,2,2,2,2,4,4,4,4,4,4,4,4,4,4,4,6,6,6,6,6,6,6,6,8,8,8,8,12,12,12,12];6;false;true;2;2;96;[2,3];0.203125;4.9230769230769234
192;192.1277;4;39;[1,1,1,1,2,2,2,2,2,2,2,2,4,4,4,4,4,4,4,4,4,4,4,6,6,6,6,6,6,6,6,8,8,8,8,12,12,12,12];6;false;true;2;2;96;[2,3];0.203125;4.9230769230769234
192;192.1278;4;36;[1,1,1,1,2,2,2,2,2,2,4,4,4,4,4,4,4,4,4,4,4,4,6,6,6,6,8,8,8,8,12,12,12,12,12,12];6;false;true;2;2;96;[2,3];0.1875;5.333333333333333
192;192.1279;4;33;[1,1,1,1,2,2,2,2,4,4,4,4,4,4,4,4,4,4,4,4,4,8,8,8,8,12,12,12,12,12,12,12,12];5;false;true;2;2;96;[2,3];0.171875;5.8181818181818183
192;192.1280;4;39;[1,1,1,1,2,2,2,2,2,2,2,2,4,4,4,4,4,4,4,4,4,4,4,6,6,6,6,6,6,6,6,8,8,8,8,12,12,12,12];6;false;true;2;2;96;[2,3];0.203125;4.9230769230769234
192;192.1281;4;39;[1,1,1,1,2,2,2,2,2,2,2,2,4,4,4,4,4,4,4,4,4,4,4,6,6,6,6,6,6,6,6,8,8,8,8,12,12,12,12];6;false;true;2;2;96;[2,3];0.203125;4.9230769230769234
192;192.1282;4;42;[1,1,1,1,2,2,2,2,2,2,2,2,2,2,3,3,3,3,4,4,4,4,4,4,4,4,4,4,6,6,6,6,6,6,8,8,8,8,12,12,12,12];7;false;true;2;2;96;[2,3];0.21875;4.5714285714285712
192;192.1283;4;36;[1,1,1,1,2,2,2,2,2,2,4,4,4,4,4,4,4,4,4,4,4,4,6,6,6,6,8,8,8,8,12,12,12,12,12,12];6;false;true;2;2;96;[2,3];0.1875;5.333333333333333
192;192.1284;4;42;[1,1,1,1,2,2,2,2,2,2,2,2,2,2,3,3,3,3,4,4,4,4,4,4,4,4,4,4,6,6,6,6,6,6,8,8,8,8,12,12,12,12];7;false;true;2;2;96;[2,3];0.21875;4.5714285714285712
192;192.1285;4;39;[1,1,1,1,2,2,2,2,2,2,2,2,4,4,4,4,4,4,4,4,4,4,4,6,6,6,6,6,6,6,6,8,8,8,8,12,12,12,12];6;false;true;2;2;96;[2,3];0.203125;4.9230769230769234
192;192.1286;4;39;[1,1,1,1,2,2,2,2,2,2,2,2,4,4,4,4,4,4,4,4,4,4,4,6,6,6,6,6,6,6,6,8,8,8,8,12,12,12,12];6;false;true;2;2;96;[2,3];0.203125;4.9230769230769234
192;192.1287;4;42;[1,1,1,1,2,2,2,2,2,2,2,2,2,2,3,3,3,3,4,4,4,4,4,4,4,4,4,4,6,6,6,6,6,6,8,8,8,8,12,12,12,12];7;false;true;2;2;96;[2,3];0.21875;4.5714285714285712
192;192.1288;4;36;[1,1,1,1,2,2,2,2,2,2,4,4,4,4,4,4,4,4,4,4,4,4,6,6,6,6,8,8,8,8,12,12,12,12,12,12];6;false;true;2;2;96;[2,3];0.1875;5.333333333333333
192;192.1289;4;39;[1,1,1,1,2,2,2,2,2,2,2,2,4,4,4,4,4,4,4,4,4,4,4,6,6,6,6,6,6,6,6,8,8,8,8,12,12,12,12];6;false;true;2;2;96;[2,3];0.203125;4.9230769230769234
192;192.1290;4;36;[1,1,1,1,2,2,2,2,2,2,4,4,4,4,4,4,4,4,4,4,4,4,6,6,6,6,8,8,8,8,12,12,12,12,12,12];6;false;true;2;2;96;[2,3];0.1875;5.333333333333333
192;192.1291;4;39;[1,1,1,1,2,2,2,2,2,2,2,2,4,4,4,4,4,4,4,4,4,4,4,6,6,6,6,6,6,6,6,8,8,8,8,12,12,12,12];6;false;true;2;2;96;[2,3];0.203125;4.9230769230769234
192;192.1292;4;36;[1,1,1,1,2,2,2,2,2,2,4,4,4,4,4,4,4,4,4,4,4,4,6,6,6,6,8,8,8,8,12,12,12,12,12,12];6;false;true;2;2;96;[2,3];0.1875;5.333333333333333
192;192.1293;4;39;[1,1,1,1,2,2,2,2,2,2,2,2,4,4,4,4,4,4,4,4,4,4,4,6,6,6,6,6,6,6,6,8,8,8,8,12,12,12,12];6;false;true;2;2;96;[2,3];0.203125;4.9230769230769234
192;192.1294;4;33;[1,1,1,1,2,2,2,2,4,4,4,4,4,4,4,4,4,4,4,4,4,8,8,8,8,12,12,12,12,12,12,12,12];5;false;true;2;2;96;[2,3];0.171875;5.8181818181818183
192;192.1295;32;96;[1,1,1,1,1,1,1,1,1,1,1,1,1,1,1,1,1,1,1,1,1,1,1,1,1,1,1,1,1,1,1,1,2,2,2,2,2,2,2,2,2,2,2,2,2,2,2,2,2,2,2,2,2,2,2,2,2,2,2,2,2,2,2,2,3,3,3,3,3,3,3,3,3,3,3,3,3,3,3,3,3,3,3,3,3,3,3,3,3,3,3,3,3,3,3,3];3;false;true;2;1;96;[2,3];0.5;2.
192;192.1296;16;72;[1,1,1,1,1,1,1,1,1,1,1,1,1,1,1,1,2,2,2,2,2,2,2,2,2,2,2,2,2,2,2,2,2,2,2,2,2,2,2,2,2,2,2,2,2,2,2,2,2,2,2,2,2,2,2,2,6,6,6,6,6,6,6,6,6,6,6,6,6,6,6,6];3;false;true;2;1;96;[2,3];0.375;2.6666666666666665
192;192.1297;16;72;[1,1,1,1,1,1,1,1,1,1,1,1,1,1,1,1,2,2,2,2,2,2,2,2,2,2,2,2,2,2,2,2,2,2,2,2,2,2,2,2,2,2,2,2,2,2,2,2,2,2,2,2,2,2,2,2,6,6,6,6,6,6,6,6,6,6,6,6,6,6,6,6];3;false;true;2;1;96;[2,3];0.375;2.6666666666666665
192;192.1298;8;60;[1,1,1,1,1,1,1,1,2,2,2,2,2,2,2,2,2,2,2,2,2,2,2,2,2,2,2,2,2,2,2,2,2,2,2,2,2,2,2,2,2,2,2,2,2,2,2,2,2,2,2,2,12,12,12,12,12,12,12,12];3;false;true;2;1;96;[2,3];0.3125;3.2000000000000002
192;192.1299;8;60;[1,1,1,1,1,1,1,1,2,2,2,2,2,2,2,2,2,2,2,2,2,2,2,2,2,2,2,2,2,2,2,2,2,2,2,2,2,2,2,2,2,2,2,2,2,2,2,2,2,2,2,2,12,12,12,12,12,12,12,12];3;false;true;2;1;96;[2,3];0.3125;3.2000000000000002
192;192.1300;8;60;[1,1,1,1,1,1,1,1,2,2,2,2,2,2,2,2,2,2,2,2,2,2,2,2,2,2,2,2,2,2,2,2,2,2,2,2,2,2,2,2,2,2,2,2,2,2,2,2,2,2,2,2,12,12,12,12,12,12,12,12];3;false;true;2;1;96;[2,3];0.3125;3.2000000000000002
192;192.1301;8;60;[1,1,1,1,1,1,1,1,2,2,2,2,2,2,2,2,2,2,2,2,2,2,2,2,2,2,2,2,2,2,2,2,2,2,2,2,2,2,2,2,2,2,2,2,2,2,2,2,2,2,2,2,12,12,12,12,12,12,12,12];3;false;true;2;1;96;[2,3];0.3125;3.2000000000000002
192;192.1302;8;60;[1,1,1,1,1,1,1,1,2,2,2,2,2,2,2,2,2,2,2,2,2,2,2,2,2,2,2,2,3,3,3,3,3,3,3,3,4,4,4,4,4,4,4,4,4,4,4,4,6,6,6,6,6,6,6,6,6,6,6,6];5;false;true;2;2;96;[2,3];0.3125;3.2000000000000002
192;192.1303;8;60;[1,1,1,1,1,1,1,1,2,2,2,2,2,2,2,2,2,2,2,2,2,2,2,2,2,2,2,2,3,3,3,3,3,3,3,3,4,4,4,4,4,4,4,4,4,4,4,4,6,6,6,6,6,6,6,6,6,6,6,6];5;false;true;2;2;96;[2,3];0.3125;3.2000000000000002
192;192.1304;4;54;[1,1,1,1,2,2,2,2,2,2,2,2,2,2,2,2,2,2,2,2,2,2,2,2,2,2,4,4,4,4,4,4,4,4,4,4,4,4,6,6,6,6,6,6,6,6,6,6,6,6,6,6,6,6];4;false;true;2;2;96;[2,3];0.28125;3.5555555555555554
192;192.1305;4;42;[1,1,1,1,2,2,2,2,2,2,2,2,2,2,2,2,2,2,4,4,4,4,4,4,4,4,4,4,4,4,4,4,4,4,12,12,12,12,12,12,12,12];4;false;true;2;2;96;[2,3];0.21875;4.5714285714285712
192;192.1306;4;42;[1,1,1,1,2,2,2,2,2,2,2,2,2,2,2,2,2,2,4,4,4,4,4,4,4,4,4,4,4,4,4,4,4,4,12,12,12,12,12,12,12,12];4;false;true;2;2;96;[2,3];0.21875;4.5714285714285712
192;192.1307;4;42;[1,1,1,1,2,2,2,2,2,2,2,2,2,2,2,2,2,2,4,4,4,4,4,4,4,4,4,4,4,4,4,4,4,4,12,12,12,12,12,12,12,12];4;false;true;2;2;96;[2,3];0.21875;4.5714285714285712
192;192.1308;8;60;[1,1,1,1,1,1,1,1,2,2,2,2,2,2,2,2,2,2,2,2,2,2,2,2,2,2,2,2,3,3,3,3,3,3,3,3,4,4,4,4,4,4,4,4,4,4,4,4,6,6,6,6,6,6,6,6,6,6,6,6];5;false;true;2;2;96;[2,3];0.3125;3.2000000000000002
192;192.1309;4;54;[1,1,1,1,2,2,2,2,2,2,2,2,2,2,2,2,2,2,2,2,2,2,2,2,2,2,4,4,4,4,4,4,4,4,4,4,4,4,6,6,6,6,6,6,6,6,6,6,6,6,6,6,6,6];4;false;true;2;2;96;[2,3];0.28125;3.5555555555555554
192;192.1310;2;42;[1,1,2,2,2,2,2,2,2,2,2,2,2,2,2,2,2,2,2,4,4,4,4,4,4,4,4,4,4,4,4,4,4,4,12,12,12,12,12,12,12,12];4;false;true;2;2;96;[2,3];0.21875;4.5714285714285712
192;192.1311;2;42;[1,1,2,2,2,2,2,2,2,2,2,2,2,2,2,2,2,2,2,4,4,4,4,4,4,4,4,4,4,4,4,4,4,4,12,12,12,12,12,12,12,12];4;false;true;2;2;96;[2,3];0.21875;4.5714285714285712
192;192.1312;2;42;[1,1,2,2,2,2,2,2,2,2,2,2,2,2,2,2,2,2,2,4,4,4,4,4,4,4,4,4,4,4,4,4,4,4,12,12,12,12,12,12,12,12];4;false;true;2;2;96;[2,3];0.21875;4.5714285714285712
192;192.1313;4;42;[1,1,1,1,2,2,2,2,2,2,2,2,2,2,3,3,3,3,4,4,4,4,4,4,4,4,4,4,6,6,6,6,6,6,8,8,8,8,12,12,12,12];7;false;true;2;2;96;[2,3];0.21875;4.5714285714285712
192;192.1314;4;36;[1,1,1,1,2,2,2,2,2,2,4,4,4,4,4,4,4,4,4,4,4,4,6,6,6,6,8,8,8,8,12,12,12,12,12,12];6;false;true;2;2;96;[2,3];0.1875;5.333333333333333
192;192.1315;4;42;[1,1,1,1,2,2,2,2,2,2,2,2,2,2,3,3,3,3,4,4,4,4,4,4,4,4,4,4,6,6,6,6,6,6,8,8,8,8,12,12,12,12];7;false;true;2;2;96;[2,3];0.21875;4.5714285714285712
192;192.1316;2;36;[1,1,2,2,2,2,2,2,2,2,2,4,4,4,4,4,4,4,4,4,4,4,6,6,6,6,8,8,8,8,12,12,12,12,12,12];6;false;true;2;2;96;[2,3];0.1875;5.333333333333333
192;192.1317;4;42;[1,1,1,1,2,2,2,2,2,2,2,2,2,2,3,3,3,3,4,4,4,4,4,4,4,4,4,4,6,6,6,6,6,6,8,8,8,8,12,12,12,12];7;false;true;2;2;96;[2,3];0.21875;4.5714285714285712
192;192.1318;4;36;[1,1,1,1,2,2,2,2,2,2,4,4,4,4,4,4,4,4,4,4,4,4,6,6,6,6,8,8,8,8,12,12,12,12,12,12];6;false;true;2;2;96;[2,3];0.1875;5.333333333333333
192;192.1319;4;36;[1,1,1,1,2,2,2,2,2,2,4,4,4,4,4,4,4,4,4,4,4,4,6,6,6,6,8,8,8,8,12,12,12,12,12,12];6;false;true;2;2;96;[2,3];0.1875;5.333333333333333
192;192.1320;4;42;[1,1,1,1,2,2,2,2,2,2,2,2,2,2,3,3,3,3,4,4,4,4,4,4,4,4,4,4,6,6,6,6,6,6,8,8,8,8,12,12,12,12];7;false;true;2;2;96;[2,3];0.21875;4.5714285714285712
192;192.1321;2;36;[1,1,2,2,2,2,2,2,2,2,2,4,4,4,4,4,4,4,4,4,4,4,6,6,6,6,8,8,8,8,12,12,12,12,12,12];6;false;true;2;2;96;[2,3];0.1875;5.333333333333333
192;192.1322;4;42;[1,1,1,1,2,2,2,2,2,2,2,2,2,2,3,3,3,3,4,4,4,4,4,4,4,4,4,4,6,6,6,6,6,6,8,8,8,8,12,12,12,12];7;false;true;2;2;96;[2,3];0.21875;4.5714285714285712
192;192.1323;4;36;[1,1,1,1,2,2,2,2,2,2,4,4,4,4,4,4,4,4,4,4,4,4,6,6,6,6,8,8,8,8,12,12,12,12,12,12];6;false;true;2;2;96;[2,3];0.1875;5.333333333333333
192;192.1324;4;42;[1,1,1,1,2,2,2,2,2,2,2,2,2,2,3,3,3,3,4,4,4,4,4,4,4,4,4,4,6,6,6,6,6,6,8,8,8,8,12,12,12,12];7;false;true;2;2;96;[2,3];0.21875;4.5714285714285712
192;192.1325;2;36;[1,1,2,2,2,2,2,2,2,2,2,4,4,4,4,4,4,4,4,4,4,4,6,6,6,6,8,8,8,8,12,12,12,12,12,12];6;false;true;2;2;96;[2,3];0.1875;5.333333333333333
192;192.1326;4;42;[1,1,1,1,2,2,2,2,2,2,2,2,2,2,3,3,3,3,4,4,4,4,4,4,4,4,4,4,6,6,6,6,6,6,8,8,8,8,12,12,12,12];7;false;true;2;2;96;[2,3];0.21875;4.5714285714285712
192;192.1327;4;36;[1,1,1,1,2,2,2,2,2,2,4,4,4,4,4,4,4,4,4,4,4,4,6,6,6,6,8,8,8,8,12,12,12,12,12,12];6;false;true;2;2;96;[2,3];0.1875;5.333333333333333
192;192.1328;2;36;[1,1,2,2,2,2,2,2,2,2,2,4,4,4,4,4,4,4,4,4,4,4,6,6,6,6,8,8,8,8,12,12,12,12,12,12];6;false;true;2;2;96;[2,3];0.1875;5.333333333333333
192;192.1329;2;36;[1,1,2,2,2,2,2,2,2,2,2,4,4,4,4,4,4,4,4,4,4,4,6,6,6,6,8,8,8,8,12,12,12,12,12,12];6;false;true;2;2;96;[2,3];0.1875;5.333333333333333
192;192.1330;2;36;[1,1,2,2,2,2,2,2,2,2,2,4,4,4,4,4,4,4,4,4,4,4,6,6,6,6,8,8,8,8,12,12,12,12,12,12];6;false;true;2;2;96;[2,3];0.1875;5.333333333333333
192;192.1331;2;33;[1,1,2,2,2,2,2,3,3,4,4,4,4,4,4,4,4,4,6,6,6,8,8,8,8,8,8,12,12,12,12,12,12];7;false;true;2;2;96;[2,3];0.171875;5.8181818181818183
192;192.1332;2;33;[1,1,2,2,2,2,2,3,3,4,4,4,4,4,4,4,4,4,6,6,6,8,8,8,8,8,8,12,12,12,12,12,12];7;false;true;2;2;96;[2,3];0.171875;5.8181818181818183
192;192.1333;2;33;[1,1,2,2,2,2,2,4,4,4,4,4,4,4,4,4,6,6,6,6,6,6,8,8,8,8,8,8,12,12,12,12,12];6;false;true;2;2;96;[2,3];0.171875;5.8181818181818183
192;192.1334;2;33;[1,1,2,2,2,2,2,4,4,4,4,4,4,4,4,4,6,6,6,6,6,6,8,8,8,8,8,8,12,12,12,12,12];6;false;true;2;2;96;[2,3];0.171875;5.8181818181818183
192;192.1335;2;33;[1,1,2,2,2,2,2,3,3,4,4,4,4,4,4,4,4,4,6,6,6,8,8,8,8,8,8,12,12,12,12,12,12];7;false;true;2;2;96;[2,3];0.171875;5.8181818181818183
192;192.1336;2;33;[1,1,2,2,2,2,2,3,3,4,4,4,4,4,4,4,4,4,6,6,6,8,8,8,8,8,8,12,12,12,12,12,12];7;false;true;2;2;96;[2,3];0.171875;5.8181818181818183
192;192.1337;2;33;[1,1,2,2,2,2,2,4,4,4,4,4,4,4,4,4,6,6,6,6,6,6,8,8,8,8,8,8,12,12,12,12,12];6;false;true;2;2;96;[2,3];0.171875;5.8181818181818183
192;192.1338;2;33;[1,1,2,2,2,2,2,4,4,4,4,4,4,4,4,4,6,6,6,6,6,6,8,8,8,8,8,8,12,12,12,12,12];6;false;true;2;2;96;[2,3];0.171875;5.8181818181818183
192;192.1339;32;96;[1,1,1,1,1,1,1,1,1,1,1,1,1,1,1,1,1,1,1,1,1,1,1,1,1,1,1,1,1,1,1,1,2,2,2,2,2,2,2,2,2,2,2,2,2,2,2,2,2,2,2,2,2,2,2,2,2,2,2,2,2,2,2,2,3,3,3,3,3,3,3,3,3,3,3,3,3,3,3,3,3,3,3,3,3,3,3,3,3,3,3,3,3,3,3,3];3;false;true;2;1;96;[2,3];0.5;2.
192;192.1340;16;72;[1,1,1,1,1,1,1,1,1,1,1,1,1,1,1,1,2,2,2,2,2,2,2,2,2,2,2,2,2,2,2,2,2,2,2,2,2,2,2,2,2,2,2,2,2,2,2,2,2,2,2,2,2,2,2,2,6,6,6,6,6,6,6,6,6,6,6,6,6,6,6,6];3;false;true;2;1;96;[2,3];0.375;2.6666666666666665
192;192.1341;32;96;[1,1,1,1,1,1,1,1,1,1,1,1,1,1,1,1,1,1,1,1,1,1,1,1,1,1,1,1,1,1,1,1,2,2,2,2,2,2,2,2,2,2,2,2,2,2,2,2,2,2,2,2,2,2,2,2,2,2,2,2,2,2,2,2,3,3,3,3,3,3,3,3,3,3,3,3,3,3,3,3,3,3,3,3,3,3,3,3,3,3,3,3,3,3,3,3];3;false;true;2;1;96;[2,3];0.5;2.
192;192.1342;16;72;[1,1,1,1,1,1,1,1,1,1,1,1,1,1,1,1,2,2,2,2,2,2,2,2,2,2,2,2,2,2,2,2,2,2,2,2,2,2,2,2,2,2,2,2,2,2,2,2,2,2,2,2,2,2,2,2,6,6,6,6,6,6,6,6,6,6,6,6,6,6,6,6];3;false;true;2;1;96;[2,3];0.375;2.6666666666666665
192;192.1343;8;60;[1,1,1,1,1,1,1,1,2,2,2,2,2,2,2,2,2,2,2,2,2,2,2,2,2,2,2,2,2,2,2,2,2,2,2,2,2,2,2,2,2,2,2,2,2,2,2,2,2,2,2,2,12,12,12,12,12,12,12,12];3;false;true;2;1;96;[2,3];0.3125;3.2000000000000002
192;192.1344;16;72;[1,1,1,1,1,1,1,1,1,1,1,1,1,1,1,1,2,2,2,2,2,2,2,2,2,2,2,2,2,2,2,2,2,2,2,2,2,2,2,2,2,2,2,2,2,2,2,2,2,2,2,2,2,2,2,2,6,6,6,6,6,6,6,6,6,6,6,6,6,6,6,6];3;false;true;2;1;96;[2,3];0.375;2.6666666666666665
192;192.1345;16;72;[1,1,1,1,1,1,1,1,1,1,1,1,1,1,1,1,2,2,2,2,2,2,2,2,2,2,2,2,2,2,2,2,2,2,2,2,2,2,2,2,2,2,2,2,2,2,2,2,2,2,2,2,2,2,2,2,6,6,6,6,6,6,6,6,6,6,6,6,6,6,6,6];3;false;true;2;1;96;[2,3];0.375;2.6666666666666665
192;192.1346;16;72;[1,1,1,1,1,1,1,1,1,1,1,1,1,1,1,1,2,2,2,2,2,2,2,2,2,2,2,2,2,2,2,2,2,2,2,2,2,2,2,2,2,2,2,2,2,2,2,2,2,2,2,2,2,2,2,2,6,6,6,6,6,6,6,6,6,6,6,6,6,6,6,6];3;false;true;2;1;96;[2,3];0.375;2.6666666666666665
192;192.1347;16;72;[1,1,1,1,1,1,1,1,1,1,1,1,1,1,1,1,2,2,2,2,2,2,2,2,2,2,2,2,2,2,2,2,2,2,2,2,2,2,2,2,2,2,2,2,2,2,2,2,2,2,2,2,2,2,2,2,6,6,6,6,6,6,6,6,6,6,6,6,6,6,6,6];3;false;true;2;1;96;[2,3];0.375;2.6666666666666665
192;192.1348;8;60;[1,1,1,1,1,1,1,1,2,2,2,2,2,2,2,2,2,2,2,2,2,2,2,2,2,2,2,2,2,2,2,2,2,2,2,2,2,2,2,2,2,2,2,2,2,2,2,2,2,2,2,2,12,12,12,12,12,12,12,12];3;false;true;2;1;96;[2,3];0.3125;3.2000000000000002
192;192.1349;8;60;[1,1,1,1,1,1,1,1,2,2,2,2,2,2,2,2,2,2,2,2,2,2,2,2,2,2,2,2,2,2,2,2,2,2,2,2,2,2,2,2,2,2,2,2,2,2,2,2,2,2,2,2,12,12,12,12,12,12,12,12];3;false;true;2;1;96;[2,3];0.3125;3.2000000000000002
192;192.1350;8;60;[1,1,1,1,1,1,1,1,2,2,2,2,2,2,2,2,2,2,2,2,2,2,2,2,2,2,2,2,2,2,2,2,2,2,2,2,2,2,2,2,2,2,2,2,2,2,2,2,2,2,2,2,12,12,12,12,12,12,12,12];3;false;true;2;1;96;[2,3];0.3125;3.2000000000000002
192;192.1351;8;48;[1,1,1,1,1,1,1,1,2,2,2,2,2,2,2,2,2,2,2,2,4,4,4,4,4,4,4,4,4,4,4,4,4,4,4,4,6,6,6,6,6,6,6,6,12,12,12,12];5;false;true;2;2;96;[2,3];0.25;4.
192;192.1352;4;42;[1,1,1,1,2,2,2,2,2,2,2,2,2,2,2,2,2,2,4,4,4,4,4,4,4,4,4,4,4,4,4,4,4,4,12,12,12,12,12,12,12,12];4;false;true;2;2;96;[2,3];0.21875;4.5714285714285712
192;192.1353;8;48;[1,1,1,1,1,1,1,1,2,2,2,2,2,2,2,2,2,2,2,2,4,4,4,4,4,4,4,4,4,4,4,4,4,4,4,4,6,6,6,6,6,6,6,6,12,12,12,12];5;false;true;2;2;96;[2,3];0.25;4.
192;192.1354;8;60;[1,1,1,1,1,1,1,1,2,2,2,2,2,2,2,2,2,2,2,2,2,2,2,2,2,2,2,2,3,3,3,3,3,3,3,3,4,4,4,4,4,4,4,4,4,4,4,4,6,6,6,6,6,6,6,6,6,6,6,6];5;false;true;2;2;96;[2,3];0.3125;3.2000000000000002
192;192.1355;8;48;[1,1,1,1,1,1,1,1,2,2,2,2,2,2,2,2,2,2,2,2,4,4,4,4,4,4,4,4,4,4,4,4,4,4,4,4,6,6,6,6,6,6,6,6,12,12,12,12];5;false;true;2;2;96;[2,3];0.25;4.
192;192.1356;8;48;[1,1,1,1,1,1,1,1,2,2,2,2,2,2,2,2,2,2,2,2,4,4,4,4,4,4,4,4,4,4,4,4,4,4,4,4,6,6,6,6,6,6,6,6,12,12,12,12];5;false;true;2;2;96;[2,3];0.25;4.
192;192.1357;4;54;[1,1,1,1,2,2,2,2,2,2,2,2,2,2,2,2,2,2,2,2,2,2,2,2,2,2,4,4,4,4,4,4,4,4,4,4,4,4,6,6,6,6,6,6,6,6,6,6,6,6,6,6,6,6];4;false;true;2;2;96;[2,3];0.28125;3.5555555555555554
192;192.1358;8;48;[1,1,1,1,1,1,1,1,2,2,2,2,2,2,2,2,2,2,2,2,4,4,4,4,4,4,4,4,4,4,4,4,4,4,4,4,6,6,6,6,6,6,6,6,12,12,12,12];5;false;true;2;2;96;[2,3];0.25;4.
192;192.1359;8;48;[1,1,1,1,1,1,1,1,2,2,2,2,2,2,2,2,2,2,2,2,4,4,4,4,4,4,4,4,4,4,4,4,4,4,4,4,6,6,6,6,6,6,6,6,12,12,12,12];5;false;true;2;2;96;[2,3];0.25;4.
192;192.1360;4;45;[1,1,1,1,2,2,2,2,2,2,2,2,2,2,2,2,2,2,2,2,4,4,4,4,4,4,4,4,4,4,4,4,4,4,4,6,6,6,6,12,12,12,12,12,12];5;false;true;2;2;96;[2,3];0.234375;4.2666666666666666
192;192.1361;8;48;[1,1,1,1,1,1,1,1,2,2,2,2,2,2,2,2,2,2,2,2,4,4,4,4,4,4,4,4,4,4,4,4,4,4,4,4,6,6,6,6,6,6,6,6,12,12,12,12];5;false;true;2;2;96;[2,3];0.25;4.
192;192.1362;8;48;[1,1,1,1,1,1,1,1,2,2,2,2,2,2,2,2,2,2,2,2,4,4,4,4,4,4,4,4,4,4,4,4,4,4,4,4,6,6,6,6,6,6,6,6,12,12,12,12];5;false;true;2;2;96;[2,3];0.25;4.
192;192.1363;4;42;[1,1,1,1,2,2,2,2,2,2,2,2,2,2,2,2,2,2,4,4,4,4,4,4,4,4,4,4,4,4,4,4,4,4,12,12,12,12,12,12,12,12];4;false;true;2;2;96;[2,3];0.21875;4.5714285714285712
192;192.1364;4;42;[1,1,1,1,2,2,2,2,2,2,2,2,2,2,2,2,2,2,4,4,4,4,4,4,4,4,4,4,4,4,4,4,4,4,12,12,12,12,12,12,12,12];4;false;true;2;2;96;[2,3];0.21875;4.5714285714285712
192;192.1365;4;45;[1,1,1,1,2,2,2,2,2,2,2,2,2,2,2,2,2,2,2,2,4,4,4,4,4,4,4,4,4,4,4,4,4,4,4,6,6,6,6,12,12,12,12,12,12];5;false;true;2;2;96;[2,3];0.234375;4.2666666666666666
192;192.1366;8;48;[1,1,1,1,1,1,1,1,2,2,2,2,2,2,2,2,2,2,2,2,4,4,4,4,4,4,4,4,4,4,4,4,4,4,4,4,6,6,6,6,6,6,6,6,12,12,12,12];5;false;true;2;2;96;[2,3];0.25;4.
192;192.1367;4;42;[1,1,1,1,2,2,2,2,2,2,2,2,2,2,2,2,2,2,4,4,4,4,4,4,4,4,4,4,4,4,4,4,4,4,12,12,12,12,12,12,12,12];4;false;true;2;2;96;[2,3];0.21875;4.5714285714285712
192;192.1368;8;48;[1,1,1,1,1,1,1,1,2,2,2,2,2,2,2,2,2,2,2,2,4,4,4,4,4,4,4,4,4,4,4,4,4,4,4,4,6,6,6,6,6,6,6,6,12,12,12,12];5;false;true;2;2;96;[2,3];0.25;4.
192;192.1369;8;48;[1,1,1,1,1,1,1,1,2,2,2,2,2,2,2,2,2,2,2,2,4,4,4,4,4,4,4,4,4,4,4,4,4,4,4,4,6,6,6,6,6,6,6,6,12,12,12,12];5;false;true;2;2;96;[2,3];0.25;4.
192;192.1370;8;60;[1,1,1,1,1,1,1,1,2,2,2,2,2,2,2,2,2,2,2,2,2,2,2,2,2,2,2,2,3,3,3,3,3,3,3,3,4,4,4,4,4,4,4,4,4,4,4,4,6,6,6,6,6,6,6,6,6,6,6,6];5;false;true;2;2;96;[2,3];0.3125;3.2000000000000002
192;192.1371;4;54;[1,1,1,1,2,2,2,2,2,2,2,2,2,2,2,2,2,2,2,2,2,2,2,2,2,2,4,4,4,4,4,4,4,4,4,4,4,4,6,6,6,6,6,6,6,6,6,6,6,6,6,6,6,6];4;false;true;2;2;96;[2,3];0.28125;3.5555555555555554
192;192.1372;8;48;[1,1,1,1,1,1,1,1,2,2,2,2,2,2,2,2,2,2,2,2,4,4,4,4,4,4,4,4,4,4,4,4,4,4,4,4,6,6,6,6,6,6,6,6,12,12,12,12];5;false;true;2;2;96;[2,3];0.25;4.
192;192.1373;8;48;[1,1,1,1,1,1,1,1,2,2,2,2,2,2,2,2,2,2,2,2,4,4,4,4,4,4,4,4,4,4,4,4,4,4,4,4,6,6,6,6,6,6,6,6,12,12,12,12];5;false;true;2;2;96;[2,3];0.25;4.
192;192.1374;4;45;[1,1,1,1,2,2,2,2,2,2,2,2,2,2,2,2,2,2,2,2,4,4,4,4,4,4,4,4,4,4,4,4,4,4,4,6,6,6,6,12,12,12,12,12,12];5;false;true;2;2;96;[2,3];0.234375;4.2666666666666666
192;192.1375;4;42;[1,1,1,1,2,2,2,2,2,2,2,2,2,2,2,2,2,2,4,4,4,4,4,4,4,4,4,4,4,4,4,4,4,4,12,12,12,12,12,12,12,12];4;false;true;2;2;96;[2,3];0.21875;4.5714285714285712
192;192.1376;4;45;[1,1,1,1,2,2,2,2,2,2,2,2,2,2,2,2,2,2,2,2,4,4,4,4,4,4,4,4,4,4,4,4,4,4,4,6,6,6,6,12,12,12,12,12,12];5;false;true;2;2;96;[2,3];0.234375;4.2666666666666666
192;192.1377;8;60;[1,1,1,1,1,1,1,1,2,2,2,2,2,2,2,2,2,2,2,2,2,2,2,2,2,2,2,2,3,3,3,3,3,3,3,3,4,4,4,4,4,4,4,4,4,4,4,4,6,6,6,6,6,6,6,6,6,6,6,6];5;false;true;2;2;96;[2,3];0.3125;3.2000000000000002
192;192.1378;4;54;[1,1,1,1,2,2,2,2,2,2,2,2,2,2,2,2,2,2,2,2,2,2,2,2,2,2,4,4,4,4,4,4,4,4,4,4,4,4,6,6,6,6,6,6,6,6,6,6,6,6,6,6,6,6];4;false;true;2;2;96;[2,3];0.28125;3.5555555555555554
192;192.1379;4;42;[1,1,1,1,2,2,2,2,2,2,2,2,2,2,2,2,2,2,4,4,4,4,4,4,4,4,4,4,4,4,4,4,4,4,12,12,12,12,12,12,12,12];4;false;true;2;2;96;[2,3];0.21875;4.5714285714285712
192;192.1380;8;48;[1,1,1,1,1,1,1,1,2,2,2,2,2,2,2,2,2,2,2,2,4,4,4,4,4,4,4,4,4,4,4,4,4,4,4,4,6,6,6,6,6,6,6,6,12,12,12,12];5;false;true;2;2;96;[2,3];0.25;4.
192;192.1381;4;42;[1,1,1,1,2,2,2,2,2,2,2,2,2,2,2,2,2,2,4,4,4,4,4,4,4,4,4,4,4,4,4,4,4,4,12,12,12,12,12,12,12,12];4;false;true;2;2;96;[2,3];0.21875;4.5714285714285712
192;192.1382;4;42;[1,1,1,1,2,2,2,2,2,2,2,2,2,2,2,2,2,2,4,4,4,4,4,4,4,4,4,4,4,4,4,4,4,4,12,12,12,12,12,12,12,12];4;false;true;2;2;96;[2,3];0.21875;4.5714285714285712
192;192.1383;4;45;[1,1,1,1,2,2,2,2,2,2,2,2,2,2,2,2,2,2,2,2,4,4,4,4,4,4,4,4,4,4,4,4,4,4,4,6,6,6,6,12,12,12,12,12,12];5;false;true;2;2;96;[2,3];0.234375;4.2666666666666666
192;192.1384;4;42;[1,1,1,1,2,2,2,2,2,2,2,2,2,2,2,2,2,2,4,4,4,4,4,4,4,4,4,4,4,4,4,4,4,4,12,12,12,12,12,12,12,12];4;false;true;2;2;96;[2,3];0.21875;4.5714285714285712
192;192.1385;8;60;[1,1,1,1,1,1,1,1,2,2,2,2,2,2,2,2,2,2,2,2,2,2,2,2,2,2,2,2,3,3,3,3,3,3,3,3,4,4,4,4,4,4,4,4,4,4,4,4,6,6,6,6,6,6,6,6,6,6,6,6];5;false;true;2;2;96;[2,3];0.3125;3.2000000000000002
192;192.1386;4;54;[1,1,1,1,2,2,2,2,2,2,2,2,2,2,2,2,2,2,2,2,2,2,2,2,2,2,4,4,4,4,4,4,4,4,4,4,4,4,6,6,6,6,6,6,6,6,6,6,6,6,6,6,6,6];4;false;true;2;2;96;[2,3];0.28125;3.5555555555555554
192;192.1387;8;48;[1,1,1,1,1,1,1,1,2,2,2,2,2,2,2,2,2,2,2,2,4,4,4,4,4,4,4,4,4,4,4,4,4,4,4,4,6,6,6,6,6,6,6,6,12,12,12,12];5;false;true;2;2;96;[2,3];0.25;4.
192;192.1388;4;45;[1,1,1,1,2,2,2,2,2,2,2,2,2,2,2,2,2,2,2,2,4,4,4,4,4,4,4,4,4,4,4,4,4,4,4,6,6,6,6,12,12,12,12,12,12];5;false;true;2;2;96;[2,3];0.234375;4.2666666666666666
192;192.1389;4;42;[1,1,1,1,2,2,2,2,2,2,2,2,2,2,2,2,2,2,4,4,4,4,4,4,4,4,4,4,4,4,4,4,4,4,12,12,12,12,12,12,12,12];4;false;true;2;2;96;[2,3];0.21875;4.5714285714285712
192;192.1390;4;45;[1,1,1,1,2,2,2,2,2,2,2,2,2,2,2,2,2,2,2,2,4,4,4,4,4,4,4,4,4,4,4,4,4,4,4,6,6,6,6,12,12,12,12,12,12];5;false;true;2;2;96;[2,3];0.234375;4.2666666666666666
192;192.1391;8;48;[1,1,1,1,1,1,1,1,2,2,2,2,2,2,2,2,2,2,2,2,4,4,4,4,4,4,4,4,4,4,4,4,4,4,4,4,6,6,6,6,6,6,6,6,12,12,12,12];5;false;true;2;2;96;[2,3];0.25;4.
192;192.1392;4;42;[1,1,1,1,2,2,2,2,2,2,2,2,2,2,2,2,2,2,4,4,4,4,4,4,4,4,4,4,4,4,4,4,4,4,12,12,12,12,12,12,12,12];4;false;true;2;2;96;[2,3];0.21875;4.5714285714285712
192;192.1393;4;45;[1,1,1,1,2,2,2,2,2,2,2,2,2,2,2,2,2,2,2,2,4,4,4,4,4,4,4,4,4,4,4,4,4,4,4,6,6,6,6,12,12,12,12,12,12];5;false;true;2;2;96;[2,3];0.234375;4.2666666666666666
192;192.1394;2;39;[1,1,2,2,2,2,2,2,2,2,2,4,4,4,4,4,4,4,4,4,4,4,4,4,4,4,4,4,4,4,6,6,12,12,12,12,12,12,12];5;false;true;2;2;96;[2,3];0.203125;4.9230769230769234
192;192.1395;2;39;[1,1,2,2,2,2,2,2,2,2,2,4,4,4,4,4,4,4,4,4,4,4,4,4,4,4,4,4,4,4,6,6,12,12,12,12,12,12,12];5;false;true;2;2;96;[2,3];0.203125;4.9230769230769234
192;192.1396;2;39;[1,1,2,2,2,2,2,2,2,2,2,4,4,4,4,4,4,4,4,4,4,4,4,4,4,4,4,4,4,4,6,6,12,12,12,12,12,12,12];5;false;true;2;2;96;[2,3];0.203125;4.9230769230769234
192;192.1397;2;39;[1,1,2,2,2,2,2,2,2,2,2,4,4,4,4,4,4,4,4,4,4,4,4,4,4,4,4,4,4,4,6,6,12,12,12,12,12,12,12];5;false;true;2;2;96;[2,3];0.203125;4.9230769230769234
192;192.1398;16;72;[1,1,1,1,1,1,1,1,1,1,1,1,1,1,1,1,2,2,2,2,2,2,2,2,2,2,2,2,2,2,2,2,2,2,2,2,2,2,2,2,2,2,2,2,2,2,2,2,2,2,2,2,2,2,2,2,6,6,6,6,6,6,6,6,6,6,6,6,6,6,6,6];3;false;true;2;1;96;[2,3];0.375;2.6666666666666665
192;192.1399;8;60;[1,1,1,1,1,1,1,1,2,2,2,2,2,2,2,2,2,2,2,2,2,2,2,2,2,2,2,2,2,2,2,2,2,2,2,2,2,2,2,2,2,2,2,2,2,2,2,2,2,2,2,2,12,12,12,12,12,12,12,12];3;false;true;2;1;96;[2,3];0.3125;3.2000000000000002
192;192.1400;192;192;[1,1,1,1,1,1,1,1,1,1,1,1,1,1,1,1,1,1,1,1,1,1,1,1,1,1,1,1,1,1,1,1,1,1,1,1,1,1,1,1,1,1,1,1,1,1,1,1,1,1,1,1,1,1,1,1,1,1,1,1,1,1,1,1,1,1,1,1,1,1,1,1,1,1,1,1,1,1,1,1,1,1,1,1,1,1,1,1,1,1,1,1,1,1,1,1,1,1,1,1,1,1,1,1,1,1,1,1,1,1,1,1,1,1,1,1,1,1,1,1,1,1,1,1,1,1,1,1,1,1,1,1,1,1,1,1,1,1,1,1,1,1,1,1,1,1,1,1,1,1,1,1,1,1,1,1,1,1,1,1,1,1,1,1,1,1,1,1,1,1,1,1,1,1,1,1,1,1,1,1,1,1,1,1,1,1,1,1,1,1,1,1];1;true;true;1;1;192;[2,3];1.;1.
192;192.1401;48;120;[1,1,1,1,1,1,1,1,1,1,1,1,1,1,1,1,1,1,1,1,1,1,1,1,1,1,1,1,1,1,1,1,1,1,1,1,1,1,1,1,1,1,1,1,1,1,1,1,2,2,2,2,2,2,2,2,2,2,2,2,2,2,2,2,2,2,2,2,2,2,2,2,2,2,2,2,2,2,2,2,2,2,2,2,2,2,2,2,2,2,2,2,2,2,2,2,2,2,2,2,2,2,2,2,2,2,2,2,2,2,2,2,2,2,2,2,2,2,2,2];2;true;true;2;2;192;[2,3];0.625;1.6000000000000001
192;192.1402;48;120;[1,1,1,1,1,1,1,1,1,1,1,1,1,1,1,1,1,1,1,1,1,1,1,1,1,1,1,1,1,1,1,1,1,1,1,1,1,1,1,1,1,1,1,1,1,1,1,1,2,2,2,2,2,2,2,2,2,2,2,2,2,2,2,2,2,2,2,2,2,2,2,2,2,2,2,2,2,2,2,2,2,2,2,2,2,2,2,2,2,2,2,2,2,2,2,2,2,2,2,2,2,2,2,2,2,2,2,2,2,2,2,2,2,2,2,2,2,2,2,2];2;true;true;2;2;192;[2,3];0.625;1.6000000000000001
192;192.1403;48;120;[1,1,1,1,1,1,1,1,1,1,1,1,1,1,1,1,1,1,1,1,1,1,1,1,1,1,1,1,1,1,1,1,1,1,1,1,1,1,1,1,1,1,1,1,1,1,1,1,2,2,2,2,2,2,2,2,2,2,2,2,2,2,2,2,2,2,2,2,2,2,2,2,2,2,2,2,2,2,2,2,2,2,2,2,2,2,2,2,2,2,2,2,2,2,2,2,2,2,2,2,2,2,2,2,2,2,2,2,2,2,2,2,2,2,2,2,2,2,2,2];2;true;true;2;2;192;[2,3];0.625;1.6000000000000001
192;192.1404;48;120;[1,1,1,1,1,1,1,1,1,1,1,1,1,1,1,1,1,1,1,1,1,1,1,1,1,1,1,1,1,1,1,1,1,1,1,1,1,1,1,1,1,1,1,1,1,1,1,1,2,2,2,2,2,2,2,2,2,2,2,2,2,2,2,2,2,2,2,2,2,2,2,2,2,2,2,2,2,2,2,2,2,2,2,2,2,2,2,2,2,2,2,2,2,2,2,2,2,2,2,2,2,2,2,2,2,2,2,2,2,2,2,2,2,2,2,2,2,2,2,2];2;true;true;2;2;192;[2,3];0.625;1.6000000000000001
192;192.1405;48;120;[1,1,1,1,1,1,1,1,1,1,1,1,1,1,1,1,1,1,1,1,1,1,1,1,1,1,1,1,1,1,1,1,1,1,1,1,1,1,1,1,1,1,1,1,1,1,1,1,2,2,2,2,2,2,2,2,2,2,2,2,2,2,2,2,2,2,2,2,2,2,2,2,2,2,2,2,2,2,2,2,2,2,2,2,2,2,2,2,2,2,2,2,2,2,2,2,2,2,2,2,2,2,2,2,2,2,2,2,2,2,2,2,2,2,2,2,2,2,2,2];2;true;true;2;2;192;[2,3];0.625;1.6000000000000001
192;192.1406;48;120;[1,1,1,1,1,1,1,1,1,1,1,1,1,1,1,1,1,1,1,1,1,1,1,1,1,1,1,1,1,1,1,1,1,1,1,1,1,1,1,1,1,1,1,1,1,1,1,1,2,2,2,2,2,2,2,2,2,2,2,2,2,2,2,2,2,2,2,2,2,2,2,2,2,2,2,2,2,2,2,2,2,2,2,2,2,2,2,2,2,2,2,2,2,2,2,2,2,2,2,2,2,2,2,2,2,2,2,2,2,2,2,2,2,2,2,2,2,2,2,2];2;true;true;2;2;192;[2,3];0.625;1.6000000000000001
192;192.1407;12;102;[1,1,1,1,1,1,1,1,1,1,1,1,2,2,2,2,2,2,2,2,2,2,2,2,2,2,2,2,2,2,2,2,2,2,2,2,2,2,2,2,2,2,2,2,2,2,2,2,2,2,2,2,2,2,2,2,2,2,2,2,2,2,2,2,2,2,2,2,2,2,2,2,2,2,2,2,2,2,2,2,2,2,2,2,2,2,2,2,2,2,2,2,2,2,2,2,2,2,2,2,2,2];2;true;true;2;2;192;[2,3];0.53125;1.8823529411764706
192;192.1408;12;102;[1,1,1,1,1,1,1,1,1,1,1,1,2,2,2,2,2,2,2,2,2,2,2,2,2,2,2,2,2,2,2,2,2,2,2,2,2,2,2,2,2,2,2,2,2,2,2,2,2,2,2,2,2,2,2,2,2,2,2,2,2,2,2,2,2,2,2,2,2,2,2,2,2,2,2,2,2,2,2,2,2,2,2,2,2,2,2,2,2,2,2,2,2,2,2,2,2,2,2,2,2,2];2;true;true;2;2;192;[2,3];0.53125;1.8823529411764706
192;192.1409;12;102;[1,1,1,1,1,1,1,1,1,1,1,1,2,2,2,2,2,2,2,2,2,2,2,2,2,2,2,2,2,2,2,2,2,2,2,2,2,2,2,2,2,2,2,2,2,2,2,2,2,2,2,2,2,2,2,2,2,2,2,2,2,2,2,2,2,2,2,2,2,2,2,2,2,2,2,2,2,2,2,2,2,2,2,2,2,2,2,2,2,2,2,2,2,2,2,2,2,2,2,2,2,2];2;true;true;2;2;192;[2,3];0.53125;1.8823529411764706
192;192.1410;24;84;[1,1,1,1,1,1,1,1,1,1,1,1,1,1,1,1,1,1,1,1,1,1,1,1,2,2,2,2,2,2,2,2,2,2,2,2,2,2,2,2,2,2,2,2,2,2,2,2,2,2,2,2,2,2,2,2,2,2,2,2,4,4,4,4,4,4,4,4,4,4,4,4,4,4,4,4,4,4,4,4,4,4,4,4];3;true;true;2;2;192;[2,3];0.4375;2.2857142857142856
192;192.1411;24;84;[1,1,1,1,1,1,1,1,1,1,1,1,1,1,1,1,1,1,1,1,1,1,1,1,2,2,2,2,2,2,2,2,2,2,2,2,2,2,2,2,2,2,2,2,2,2,2,2,2,2,2,2,2,2,2,2,2,2,2,2,4,4,4,4,4,4,4,4,4,4,4,4,4,4,4,4,4,4,4,4,4,4,4,4];3;true;true;2;2;192;[2,3];0.4375;2.2857142857142856
192;192.1412;24;84;[1,1,1,1,1,1,1,1,1,1,1,1,1,1,1,1,1,1,1,1,1,1,1,1,2,2,2,2,2,2,2,2,2,2,2,2,2,2,2,2,2,2,2,2,2,2,2,2,2,2,2,2,2,2,2,2,2,2,2,2,4,4,4,4,4,4,4,4,4,4,4,4,4,4,4,4,4,4,4,4,4,4,4,4];3;true;true;2;2;192;[2,3];0.4375;2.2857142857142856
192;192.1413;24;84;[1,1,1,1,1,1,1,1,1,1,1,1,1,1,1,1,1,1,1,1,1,1,1,1,2,2,2,2,2,2,2,2,2,2,2,2,2,2,2,2,2,2,2,2,2,2,2,2,2,2,2,2,2,2,2,2,2,2,2,2,4,4,4,4,4,4,4,4,4,4,4,4,4,4,4,4,4,4,4,4,4,4,4,4];3;true;true;2;2;192;[2,3];0.4375;2.2857142857142856
192;192.1414;24;84;[1,1,1,1,1,1,1,1,1,1,1,1,1,1,1,1,1,1,1,1,1,1,1,1,2,2,2,2,2,2,2,2,2,2,2,2,2,2,2,2,2,2,2,2,2,2,2,2,2,2,2,2,2,2,2,2,2,2,2,2,4,4,4,4,4,4,4,4,4,4,4,4,4,4,4,4,4,4,4,4,4,4,4,4];3;true;true;2;2;192;[2,3];0.4375;2.2857142857142856
192;192.1415;24;84;[1,1,1,1,1,1,1,1,1,1,1,1,1,1,1,1,1,1,1,1,1,1,1,1,2,2,2,2,2,2,2,2,2,2,2,2,2,2,2,2,2,2,2,2,2,2,2,2,2,2,2,2,2,2,2,2,2,2,2,2,4,4,4,4,4,4,4,4,4,4,4,4,4,4,4,4,4,4,4,4,4,4,4,4];3;true;true;2;2;192;[2,3];0.4375;2.2857142857142856
192;192.1416;24;84;[1,1,1,1,1,1,1,1,1,1,1,1,1,1,1,1,1,1,1,1,1,1,1,1,2,2,2,2,2,2,2,2,2,2,2,2,2,2,2,2,2,2,2,2,2,2,2,2,2,2,2,2,2,2,2,2,2,2,2,2,4,4,4,4,4,4,4,4,4,4,4,4,4,4,4,4,4,4,4,4,4,4,4,4];3;true;true;2;2;192;[2,3];0.4375;2.2857142857142856
192;192.1417;24;84;[1,1,1,1,1,1,1,1,1,1,1,1,1,1,1,1,1,1,1,1,1,1,1,1,2,2,2,2,2,2,2,2,2,2,2,2,2,2,2,2,2,2,2,2,2,2,2,2,2,2,2,2,2,2,2,2,2,2,2,2,4,4,4,4,4,4,4,4,4,4,4,4,4,4,4,4,4,4,4,4,4,4,4,4];3;true;true;2;2;192;[2,3];0.4375;2.2857142857142856
192;192.1418;24;84;[1,1,1,1,1,1,1,1,1,1,1,1,1,1,1,1,1,1,1,1,1,1,1,1,2,2,2,2,2,2,2,2,2,2,2,2,2,2,2,2,2,2,2,2,2,2,2,2,2,2,2,2,2,2,2,2,2,2,2,2,4,4,4,4,4,4,4,4,4,4,4,4,4,4,4,4,4,4,4,4,4,4,4,4];3;true;true;2;2;192;[2,3];0.4375;2.2857142857142856
192;192.1419;24;84;[1,1,1,1,1,1,1,1,1,1,1,1,1,1,1,1,1,1,1,1,1,1,1,1,2,2,2,2,2,2,2,2,2,2,2,2,2,2,2,2,2,2,2,2,2,2,2,2,2,2,2,2,2,2,2,2,2,2,2,2,4,4,4,4,4,4,4,4,4,4,4,4,4,4,4,4,4,4,4,4,4,4,4,4];3;true;true;2;2;192;[2,3];0.4375;2.2857142857142856
192;192.1420;24;84;[1,1,1,1,1,1,1,1,1,1,1,1,1,1,1,1,1,1,1,1,1,1,1,1,2,2,2,2,2,2,2,2,2,2,2,2,2,2,2,2,2,2,2,2,2,2,2,2,2,2,2,2,2,2,2,2,2,2,2,2,4,4,4,4,4,4,4,4,4,4,4,4,4,4,4,4,4,4,4,4,4,4,4,4];3;true;true;2;2;192;[2,3];0.4375;2.2857142857142856
192;192.1421;24;84;[1,1,1,1,1,1,1,1,1,1,1,1,1,1,1,1,1,1,1,1,1,1,1,1,2,2,2,2,2,2,2,2,2,2,2,2,2,2,2,2,2,2,2,2,2,2,2,2,2,2,2,2,2,2,2,2,2,2,2,2,4,4,4,4,4,4,4,4,4,4,4,4,4,4,4,4,4,4,4,4,4,4,4,4];3;true;true;2;2;192;[2,3];0.4375;2.2857142857142856
192;192.1422;24;84;[1,1,1,1,1,1,1,1,1,1,1,1,1,1,1,1,1,1,1,1,1,1,1,1,2,2,2,2,2,2,2,2,2,2,2,2,2,2,2,2,2,2,2,2,2,2,2,2,2,2,2,2,2,2,2,2,2,2,2,2,4,4,4,4,4,4,4,4,4,4,4,4,4,4,4,4,4,4,4,4,4,4,4,4];3;true;true;2;2;192;[2,3];0.4375;2.2857142857142856
192;192.1423;12;66;[1,1,1,1,1,1,1,1,1,1,1,1,2,2,2,2,2,2,2,2,2,2,2,2,2,2,2,2,2,2,4,4,4,4,4,4,4,4,4,4,4,4,4,4,4,4,4,4,4,4,4,4,4,4,4,4,4,4,4,4,4,4,4,4,4,4];3;true;true;2;2;192;[2,3];0.34375;2.9090909090909092
192;192.1424;12;66;[1,1,1,1,1,1,1,1,1,1,1,1,2,2,2,2,2,2,2,2,2,2,2,2,2,2,2,2,2,2,4,4,4,4,4,4,4,4,4,4,4,4,4,4,4,4,4,4,4,4,4,4,4,4,4,4,4,4,4,4,4,4,4,4,4,4];3;true;true;2;2;192;[2,3];0.34375;2.9090909090909092
192;192.1425;12;66;[1,1,1,1,1,1,1,1,1,1,1,1,2,2,2,2,2,2,2,2,2,2,2,2,2,2,2,2,2,2,4,4,4,4,4,4,4,4,4,4,4,4,4,4,4,4,4,4,4,4,4,4,4,4,4,4,4,4,4,4,4,4,4,4,4,4];3;true;true;2;2;192;[2,3];0.34375;2.9090909090909092
192;192.1426;12;66;[1,1,1,1,1,1,1,1,1,1,1,1,2,2,2,2,2,2,2,2,2,2,2,2,2,2,2,2,2,2,4,4,4,4,4,4,4,4,4,4,4,4,4,4,4,4,4,4,4,4,4,4,4,4,4,4,4,4,4,4,4,4,4,4,4,4];3;true;true;2;2;192;[2,3];0.34375;2.9090909090909092
192;192.1427;12;66;[1,1,1,1,1,1,1,1,1,1,1,1,2,2,2,2,2,2,2,2,2,2,2,2,2,2,2,2,2,2,4,4,4,4,4,4,4,4,4,4,4,4,4,4,4,4,4,4,4,4,4,4,4,4,4,4,4,4,4,4,4,4,4,4,4,4];3;true;true;2;2;192;[2,3];0.34375;2.9090909090909092
192;192.1428;12;66;[1,1,1,1,1,1,1,1,1,1,1,1,2,2,2,2,2,2,2,2,2,2,2,2,2,2,2,2,2,2,4,4,4,4,4,4,4,4,4,4,4,4,4,4,4,4,4,4,4,4,4,4,4,4,4,4,4,4,4,4,4,4,4,4,4,4];3;true;true;2;2;192;[2,3];0.34375;2.9090909090909092
192;192.1429;12;66;[1,1,1,1,1,1,1,1,1,1,1,1,2,2,2,2,2,2,2,2,2,2,2,2,2,2,2,2,2,2,4,4,4,4,4,4,4,4,4,4,4,4,4,4,4,4,4,4,4,4,4,4,4,4,4,4,4,4,4,4,4,4,4,4,4,4];3;true;true;2;2;192;[2,3];0.34375;2.9090909090909092
192;192.1430;12;66;[1,1,1,1,1,1,1,1,1,1,1,1,2,2,2,2,2,2,2,2,2,2,2,2,2,2,2,2,2,2,4,4,4,4,4,4,4,4,4,4,4,4,4,4,4,4,4,4,4,4,4,4,4,4,4,4,4,4,4,4,4,4,4,4,4,4];3;true;true;2;2;192;[2,3];0.34375;2.9090909090909092
192;192.1431;12;66;[1,1,1,1,1,1,1,1,1,1,1,1,2,2,2,2,2,2,2,2,2,2,2,2,2,2,2,2,2,2,4,4,4,4,4,4,4,4,4,4,4,4,4,4,4,4,4,4,4,4,4,4,4,4,4,4,4,4,4,4,4,4,4,4,4,4];3;true;true;2;2;192;[2,3];0.34375;2.9090909090909092
192;192.1432;12;66;[1,1,1,1,1,1,1,1,1,1,1,1,2,2,2,2,2,2,2,2,2,2,2,2,2,2,2,2,2,2,4,4,4,4,4,4,4,4,4,4,4,4,4,4,4,4,4,4,4,4,4,4,4,4,4,4,4,4,4,4,4,4,4,4,4,4];3;true;true;2;2;192;[2,3];0.34375;2.9090909090909092
192;192.1433;12;66;[1,1,1,1,1,1,1,1,1,1,1,1,2,2,2,2,2,2,2,2,2,2,2,2,2,2,2,2,2,2,4,4,4,4,4,4,4,4,4,4,4,4,4,4,4,4,4,4,4,4,4,4,4,4,4,4,4,4,4,4,4,4,4,4,4,4];3;true;true;2;2;192;[2,3];0.34375;2.9090909090909092
192;192.1434;12;75;[1,1,1,1,1,1,1,1,1,1,1,1,2,2,2,2,2,2,2,2,2,2,2,2,2,2,2,2,2,2,2,2,2,2,2,2,2,2,2,2,2,2,2,2,2,2,2,2,4,4,4,4,4,4,4,4,4,4,4,4,4,4,4,4,4,4,4,4,4,4,4,4,4,4,4];3;true;true;2;2;192;[2,3];0.390625;2.5600000000000001
192;192.1435;12;75;[1,1,1,1,1,1,1,1,1,1,1,1,2,2,2,2,2,2,2,2,2,2,2,2,2,2,2,2,2,2,2,2,2,2,2,2,2,2,2,2,2,2,2,2,2,2,2,2,4,4,4,4,4,4,4,4,4,4,4,4,4,4,4,4,4,4,4,4,4,4,4,4,4,4,4];3;true;true;2;2;192;[2,3];0.390625;2.5600000000000001
192;192.1436;12;75;[1,1,1,1,1,1,1,1,1,1,1,1,2,2,2,2,2,2,2,2,2,2,2,2,2,2,2,2,2,2,2,2,2,2,2,2,2,2,2,2,2,2,2,2,2,2,2,2,4,4,4,4,4,4,4,4,4,4,4,4,4,4,4,4,4,4,4,4,4,4,4,4,4,4,4];3;true;true;2;2;192;[2,3];0.390625;2.5600000000000001
192;192.1437;12;75;[1,1,1,1,1,1,1,1,1,1,1,1,2,2,2,2,2,2,2,2,2,2,2,2,2,2,2,2,2,2,2,2,2,2,2,2,2,2,2,2,2,2,2,2,2,2,2,2,4,4,4,4,4,4,4,4,4,4,4,4,4,4,4,4,4,4,4,4,4,4,4,4,4,4,4];3;true;true;2;2;192;[2,3];0.390625;2.5600000000000001
192;192.1438;12;75;[1,1,1,1,1,1,1,1,1,1,1,1,2,2,2,2,2,2,2,2,2,2,2,2,2,2,2,2,2,2,2,2,2,2,2,2,2,2,2,2,2,2,2,2,2,2,2,2,4,4,4,4,4,4,4,4,4,4,4,4,4,4,4,4,4,4,4,4,4,4,4,4,4,4,4];3;true;true;2;2;192;[2,3];0.390625;2.5600000000000001
192;192.1439;12;75;[1,1,1,1,1,1,1,1,1,1,1,1,2,2,2,2,2,2,2,2,2,2,2,2,2,2,2,2,2,2,2,2,2,2,2,2,2,2,2,2,2,2,2,2,2,2,2,2,4,4,4,4,4,4,4,4,4,4,4,4,4,4,4,4,4,4,4,4,4,4,4,4,4,4,4];3;true;true;2;2;192;[2,3];0.390625;2.5600000000000001
192;192.1440;12;75;[1,1,1,1,1,1,1,1,1,1,1,1,2,2,2,2,2,2,2,2,2,2,2,2,2,2,2,2,2,2,2,2,2,2,2,2,2,2,2,2,2,2,2,2,2,2,2,2,4,4,4,4,4,4,4,4,4,4,4,4,4,4,4,4,4,4,4,4,4,4,4,4,4,4,4];3;true;true;2;2;192;[2,3];0.390625;2.5600000000000001
192;192.1441;12;75;[1,1,1,1,1,1,1,1,1,1,1,1,2,2,2,2,2,2,2,2,2,2,2,2,2,2,2,2,2,2,2,2,2,2,2,2,2,2,2,2,2,2,2,2,2,2,2,2,4,4,4,4,4,4,4,4,4,4,4,4,4,4,4,4,4,4,4,4,4,4,4,4,4,4,4];3;true;true;2;2;192;[2,3];0.390625;2.5600000000000001
192;192.1442;12;75;[1,1,1,1,1,1,1,1,1,1,1,1,2,2,2,2,2,2,2,2,2,2,2,2,2,2,2,2,2,2,2,2,2,2,2,2,2,2,2,2,2,2,2,2,2,2,2,2,4,4,4,4,4,4,4,4,4,4,4,4,4,4,4,4,4,4,4,4,4,4,4,4,4,4,4];3;true;true;2;2;192;[2,3];0.390625;2.5600000000000001
192;192.1443;12;75;[1,1,1,1,1,1,1,1,1,1,1,1,2,2,2,2,2,2,2,2,2,2,2,2,2,2,2,2,2,2,2,2,2,2,2,2,2,2,2,2,2,2,2,2,2,2,2,2,4,4,4,4,4,4,4,4,4,4,4,4,4,4,4,4,4,4,4,4,4,4,4,4,4,4,4];3;true;true;2;2;192;[2,3];0.390625;2.5600000000000001
192;192.1444;12;75;[1,1,1,1,1,1,1,1,1,1,1,1,2,2,2,2,2,2,2,2,2,2,2,2,2,2,2,2,2,2,2,2,2,2,2,2,2,2,2,2,2,2,2,2,2,2,2,2,4,4,4,4,4,4,4,4,4,4,4,4,4,4,4,4,4,4,4,4,4,4,4,4,4,4,4];3;true;true;2;2;192;[2,3];0.390625;2.5600000000000001
192;192.1445;12;75;[1,1,1,1,1,1,1,1,1,1,1,1,2,2,2,2,2,2,2,2,2,2,2,2,2,2,2,2,2,2,2,2,2,2,2,2,2,2,2,2,2,2,2,2,2,2,2,2,4,4,4,4,4,4,4,4,4,4,4,4,4,4,4,4,4,4,4,4,4,4,4,4,4,4,4];3;true;true;2;2;192;[2,3];0.390625;2.5600000000000001
192;192.1446;12;75;[1,1,1,1,1,1,1,1,1,1,1,1,2,2,2,2,2,2,2,2,2,2,2,2,2,2,2,2,2,2,2,2,2,2,2,2,2,2,2,2,2,2,2,2,2,2,2,2,4,4,4,4,4,4,4,4,4,4,4,4,4,4,4,4,4,4,4,4,4,4,4,4,4,4,4];3;true;true;2;2;192;[2,3];0.390625;2.5600000000000001
192;192.1447;12;75;[1,1,1,1,1,1,1,1,1,1,1,1,2,2,2,2,2,2,2,2,2,2,2,2,2,2,2,2,2,2,2,2,2,2,2,2,2,2,2,2,2,2,2,2,2,2,2,2,4,4,4,4,4,4,4,4,4,4,4,4,4,4,4,4,4,4,4,4,4,4,4,4,4,4,4];3;true;true;2;2;192;[2,3];0.390625;2.5600000000000001
192;192.1448;12;75;[1,1,1,1,1,1,1,1,1,1,1,1,2,2,2,2,2,2,2,2,2,2,2,2,2,2,2,2,2,2,2,2,2,2,2,2,2,2,2,2,2,2,2,2,2,2,2,2,4,4,4,4,4,4,4,4,4,4,4,4,4,4,4,4,4,4,4,4,4,4,4,4,4,4,4];3;true;true;2;2;192;[2,3];0.390625;2.5600000000000001
192;192.1449;12;57;[1,1,1,1,1,1,1,1,1,1,1,1,4,4,4,4,4,4,4,4,4,4,4,4,4,4,4,4,4,4,4,4,4,4,4,4,4,4,4,4,4,4,4,4,4,4,4,4,4,4,4,4,4,4,4,4,4];2;true;true;2;2;192;[2,3];0.296875;3.3684210526315788
192;192.1450;12;57;[1,1,1,1,1,1,1,1,1,1,1,1,4,4,4,4,4,4,4,4,4,4,4,4,4,4,4,4,4,4,4,4,4,4,4,4,4,4,4,4,4,4,4,4,4,4,4,4,4,4,4,4,4,4,4,4,4];2;true;true;2;2;192;[2,3];0.296875;3.3684210526315788
192;192.1451;12;57;[1,1,1,1,1,1,1,1,1,1,1,1,4,4,4,4,4,4,4,4,4,4,4,4,4,4,4,4,4,4,4,4,4,4,4,4,4,4,4,4,4,4,4,4,4,4,4,4,4,4,4,4,4,4,4,4,4];2;true;true;2;2;192;[2,3];0.296875;3.3684210526315788
192;192.1452;12;57;[1,1,1,1,1,1,1,1,1,1,1,1,4,4,4,4,4,4,4,4,4,4,4,4,4,4,4,4,4,4,4,4,4,4,4,4,4,4,4,4,4,4,4,4,4,4,4,4,4,4,4,4,4,4,4,4,4];2;true;true;2;2;192;[2,3];0.296875;3.3684210526315788
192;192.1453;12;57;[1,1,1,1,1,1,1,1,1,1,1,1,4,4,4,4,4,4,4,4,4,4,4,4,4,4,4,4,4,4,4,4,4,4,4,4,4,4,4,4,4,4,4,4,4,4,4,4,4,4,4,4,4,4,4,4,4];2;true;true;2;2;192;[2,3];0.296875;3.3684210526315788
192;192.1454;192;192;[1,1,1,1,1,1,1,1,1,1,1,1,1,1,1,1,1,1,1,1,1,1,1,1,1,1,1,1,1,1,1,1,1,1,1,1,1,1,1,1,1,1,1,1,1,1,1,1,1,1,1,1,1,1,1,1,1,1,1,1,1,1,1,1,1,1,1,1,1,1,1,1,1,1,1,1,1,1,1,1,1,1,1,1,1,1,1,1,1,1,1,1,1,1,1,1,1,1,1,1,1,1,1,1,1,1,1,1,1,1,1,1,1,1,1,1,1,1,1,1,1,1,1,1,1,1,1,1,1,1,1,1,1,1,1,1,1,1,1,1,1,1,1,1,1,1,1,1,1,1,1,1,1,1,1,1,1,1,1,1,1,1,1,1,1,1,1,1,1,1,1,1,1,1,1,1,1,1,1,1,1,1,1,1,1,1,1,1,1,1,1,1];1;true;true;1;1;192;[2,3];1.;1.
192;192.1455;48;120;[1,1,1,1,1,1,1,1,1,1,1,1,1,1,1,1,1,1,1,1,1,1,1,1,1,1,1,1,1,1,1,1,1,1,1,1,1,1,1,1,1,1,1,1,1,1,1,1,2,2,2,2,2,2,2,2,2,2,2,2,2,2,2,2,2,2,2,2,2,2,2,2,2,2,2,2,2,2,2,2,2,2,2,2,2,2,2,2,2,2,2,2,2,2,2,2,2,2,2,2,2,2,2,2,2,2,2,2,2,2,2,2,2,2,2,2,2,2,2,2];2;true;true;2;2;192;[2,3];0.625;1.6000000000000001
192;192.1456;48;120;[1,1,1,1,1,1,1,1,1,1,1,1,1,1,1,1,1,1,1,1,1,1,1,1,1,1,1,1,1,1,1,1,1,1,1,1,1,1,1,1,1,1,1,1,1,1,1,1,2,2,2,2,2,2,2,2,2,2,2,2,2,2,2,2,2,2,2,2,2,2,2,2,2,2,2,2,2,2,2,2,2,2,2,2,2,2,2,2,2,2,2,2,2,2,2,2,2,2,2,2,2,2,2,2,2,2,2,2,2,2,2,2,2,2,2,2,2,2,2,2];2;true;true;2;2;192;[2,3];0.625;1.6000000000000001
192;192.1457;12;102;[1,1,1,1,1,1,1,1,1,1,1,1,2,2,2,2,2,2,2,2,2,2,2,2,2,2,2,2,2,2,2,2,2,2,2,2,2,2,2,2,2,2,2,2,2,2,2,2,2,2,2,2,2,2,2,2,2,2,2,2,2,2,2,2,2,2,2,2,2,2,2,2,2,2,2,2,2,2,2,2,2,2,2,2,2,2,2,2,2,2,2,2,2,2,2,2,2,2,2,2,2,2];2;true;true;2;2;192;[2,3];0.53125;1.8823529411764706
192;192.1458;24;84;[1,1,1,1,1,1,1,1,1,1,1,1,1,1,1,1,1,1,1,1,1,1,1,1,2,2,2,2,2,2,2,2,2,2,2,2,2,2,2,2,2,2,2,2,2,2,2,2,2,2,2,2,2,2,2,2,2,2,2,2,4,4,4,4,4,4,4,4,4,4,4,4,4,4,4,4,4,4,4,4,4,4,4,4];3;true;true;2;2;192;[2,3];0.4375;2.2857142857142856
192;192.1459;24;84;[1,1,1,1,1,1,1,1,1,1,1,1,1,1,1,1,1,1,1,1,1,1,1,1,2,2,2,2,2,2,2,2,2,2,2,2,2,2,2,2,2,2,2,2,2,2,2,2,2,2,2,2,2,2,2,2,2,2,2,2,4,4,4,4,4,4,4,4,4,4,4,4,4,4,4,4,4,4,4,4,4,4,4,4];3;true;true;2;2;192;[2,3];0.4375;2.2857142857142856
192;192.1460;24;84;[1,1,1,1,1,1,1,1,1,1,1,1,1,1,1,1,1,1,1,1,1,1,1,1,2,2,2,2,2,2,2,2,2,2,2,2,2,2,2,2,2,2,2,2,2,2,2,2,2,2,2,2,2,2,2,2,2,2,2,2,4,4,4,4,4,4,4,4,4,4,4,4,4,4,4,4,4,4,4,4,4,4,4,4];3;true;true;2;2;192;[2,3];0.4375;2.2857142857142856
192;192.1461;24;84;[1,1,1,1,1,1,1,1,1,1,1,1,1,1,1,1,1,1,1,1,1,1,1,1,2,2,2,2,2,2,2,2,2,2,2,2,2,2,2,2,2,2,2,2,2,2,2,2,2,2,2,2,2,2,2,2,2,2,2,2,4,4,4,4,4,4,4,4,4,4,4,4,4,4,4,4,4,4,4,4,4,4,4,4];3;true;true;2;2;192;[2,3];0.4375;2.2857142857142856
192;192.1462;12;66;[1,1,1,1,1,1,1,1,1,1,1,1,2,2,2,2,2,2,2,2,2,2,2,2,2,2,2,2,2,2,4,4,4,4,4,4,4,4,4,4,4,4,4,4,4,4,4,4,4,4,4,4,4,4,4,4,4,4,4,4,4,4,4,4,4,4];3;true;true;2;2;192;[2,3];0.34375;2.9090909090909092
192;192.1463;12;66;[1,1,1,1,1,1,1,1,1,1,1,1,2,2,2,2,2,2,2,2,2,2,2,2,2,2,2,2,2,2,4,4,4,4,4,4,4,4,4,4,4,4,4,4,4,4,4,4,4,4,4,4,4,4,4,4,4,4,4,4,4,4,4,4,4,4];3;true;true;2;2;192;[2,3];0.34375;2.9090909090909092
192;192.1464;12;66;[1,1,1,1,1,1,1,1,1,1,1,1,2,2,2,2,2,2,2,2,2,2,2,2,2,2,2,2,2,2,4,4,4,4,4,4,4,4,4,4,4,4,4,4,4,4,4,4,4,4,4,4,4,4,4,4,4,4,4,4,4,4,4,4,4,4];3;true;true;2;2;192;[2,3];0.34375;2.9090909090909092
192;192.1465;6;66;[1,1,1,1,1,1,2,2,2,2,2,2,2,2,2,2,2,2,2,2,2,2,2,2,2,2,2,2,2,2,2,2,2,4,4,4,4,4,4,4,4,4,4,4,4,4,4,4,4,4,4,4,4,4,4,4,4,4,4,4,4,4,4,4,4,4];3;true;true;2;2;192;[2,3];0.34375;2.9090909090909092
192;192.1466;6;66;[1,1,1,1,1,1,2,2,2,2,2,2,2,2,2,2,2,2,2,2,2,2,2,2,2,2,2,2,2,2,2,2,2,4,4,4,4,4,4,4,4,4,4,4,4,4,4,4,4,4,4,4,4,4,4,4,4,4,4,4,4,4,4,4,4,4];3;true;true;2;2;192;[2,3];0.34375;2.9090909090909092
192;192.1467;6;66;[1,1,1,1,1,1,2,2,2,2,2,2,2,2,2,2,2,2,2,2,2,2,2,2,2,2,2,2,2,2,2,2,2,4,4,4,4,4,4,4,4,4,4,4,4,4,4,4,4,4,4,4,4,4,4,4,4,4,4,4,4,4,4,4,4,4];3;true;true;2;2;192;[2,3];0.34375;2.9090909090909092
192;192.1468;4;28;[1,1,1,1,2,2,3,3,3,3,6,6,8,8,8,8,8,8,8,8,12,12,12,12,12,12,12,12];6;false;true;3;1;32;[2,3];0.14583333333333334;6.8571428571428568
192;192.1469;8;40;[1,1,1,1,1,1,1,1,3,3,3,3,3,3,3,3,6,6,6,6,6,6,6,6,6,6,6,6,6,6,6,6,8,8,8,8,8,8,8,8];4;false;true;3;1;32;[2,3];0.20833333333333334;4.7999999999999998
192;192.1470;4;28;[1,1,1,1,2,2,3,3,3,3,6,6,8,8,8,8,8,8,8,8,12,12,12,12,12,12,12,12];6;false;true;3;1;32;[2,3];0.14583333333333334;6.8571428571428568
192;192.1471;4;28;[1,1,1,1,2,2,3,3,3,3,6,6,8,8,8,8,8,8,8,8,12,12,12,12,12,12,12,12];6;false;true;3;1;32;[2,3];0.14583333333333334;6.8571428571428568
192;192.1472;2;25;[1,1,2,2,2,3,3,6,6,6,6,6,6,6,8,8,12,12,12,12,12,12,16,16,16];7;false;true;3;2;32;[2,3];0.13020833333333334;7.6799999999999997
192;192.1473;2;25;[1,1,2,2,2,3,3,6,6,6,6,6,6,6,8,8,12,12,12,12,12,12,16,16,16];7;false;true;3;2;32;[2,3];0.13020833333333334;7.6799999999999997
192;192.1474;8;32;[1,1,1,1,1,1,1,1,6,6,6,6,6,6,6,6,6,6,6,6,8,8,8,8,8,8,8,8,12,12,12,12];4;false;true;4;2;32;[2,3];0.16666666666666666;6.
192;192.1475;8;32;[1,1,1,1,1,1,1,1,6,6,6,6,6,6,6,6,6,6,6,6,8,8,8,8,8,8,8,8,12,12,12,12];4;false;true;4;2;32;[2,3];0.16666666666666666;6.
192;192.1476;4;26;[1,1,1,1,2,2,6,6,6,6,8,8,8,8,8,8,8,8,12,12,12,12,12,12,12,12];5;false;true;4;2;32;[2,3];0.13541666666666666;7.384615384615385
192;192.1477;2;25;[1,1,2,2,2,3,3,6,6,6,6,6,6,6,8,8,12,12,12,12,12,12,16,16,16];7;false;true;3;2;32;[2,3];0.13020833333333334;7.6799999999999997
192;192.1478;2;25;[1,1,2,2,2,3,3,6,6,6,6,6,6,6,8,8,12,12,12,12,12,12,16,16,16];7;false;true;3;2;32;[2,3];0.13020833333333334;7.6799999999999997
192;192.1479;4;26;[1,1,1,1,2,2,6,6,6,6,8,8,8,8,8,8,8,8,12,12,12,12,12,12,12,12];5;false;true;4;2;32;[2,3];0.13541666666666666;7.384615384615385
192;192.1480;8;32;[1,1,1,1,1,1,1,1,6,6,6,6,6,6,6,6,6,6,6,6,8,8,8,8,8,8,8,8,12,12,12,12];4;false;true;4;2;32;[2,3];0.16666666666666666;6.
192;192.1481;4;26;[1,1,1,1,2,2,6,6,6,6,8,8,8,8,8,8,8,8,12,12,12,12,12,12,12,12];5;false;true;4;2;32;[2,3];0.13541666666666666;7.384615384615385
192;192.1482;4;26;[1,1,1,1,2,2,6,6,6,6,8,8,8,8,8,8,8,8,12,12,12,12,12,12,12,12];5;false;true;4;2;32;[2,3];0.13541666666666666;7.384615384615385
192;192.1483;2;23;[1,1,2,2,2,6,6,6,6,6,6,8,8,12,12,12,12,12,12,12,16,16,16];6;false;true;4;2;32;[2,3];0.11979166666666667;8.3478260869565215
192;192.1484;2;23;[1,1,2,2,2,6,6,6,6,6,6,8,8,12,12,12,12,12,12,12,16,16,16];6;false;true;4;2;32;[2,3];0.11979166666666667;8.3478260869565215
192;192.1485;2;23;[1,1,2,2,2,6,6,6,6,6,6,8,8,12,12,12,12,12,12,12,16,16,16];6;false;true;4;2;32;[2,3];0.11979166666666667;8.3478260869565215
192;192.1486;2;23;[1,1,2,2,2,6,6,6,6,6,6,8,8,12,12,12,12,12,12,12,16,16,16];6;false;true;4;2;32;[2,3];0.11979166666666667;8.3478260869565215
192;192.1487;8;40;[1,1,1,1,1,1,1,1,3,3,3,3,3,3,3,3,6,6,6,6,6,6,6,6,6,6,6,6,6,6,6,6,8,8,8,8,8,8,8,8];4;false;true;3;1;32;[2,3];0.20833333333333334;4.7999999999999998
192;192.1488;4;28;[1,1,1,1,2,2,3,3,3,3,6,6,8,8,8,8,8,8,8,8,12,12,12,12,12,12,12,12];6;false;true;3;1;32;[2,3];0.14583333333333334;6.8571428571428568
192;192.1489;2;15;[1,1,3,3,6,6,12,12,12,12,12,24,24,32,32];6;false;true;4;2;32;[2,3];0.078125;12.800000000000001
192;192.1490;2;15;[1,1,3,3,6,6,12,12,12,12,12,24,24,32,32];6;false;true;4;2;32;[2,3];0.078125;12.800000000000001
192;192.1491;2;13;[1,1,6,6,6,12,12,12,24,24,24,32,32];5;false;true;4;2;32;[2,3];0.067708333333333329;14.76923076923077
192;192.1492;2;13;[1,1,6,6,6,12,12,12,24,24,24,32,32];5;false;true;4;2;32;[2,3];0.067708333333333329;14.76923076923077
192;192.1493;2;13;[1,1,6,6,6,12,12,12,24,24,24,32,32];5;false;true;4;2;32;[2,3];0.067708333333333329;14.76923076923077
192;192.1494;2;13;[1,1,6,6,6,12,12,12,24,24,24,32,32];5;false;true;4;2;32;[2,3];0.067708333333333329;14.76923076923077
192;192.1495;2;20;[1,1,3,3,3,3,3,3,6,6,12,12,12,12,12,12,12,12,32,32];5;false;true;3;1;32;[2,3];0.10416666666666667;9.5999999999999996
192;192.1496;16;64;[1,1,1,1,1,1,1,1,1,1,1,1,1,1,1,1,3,3,3,3,3,3,3,3,3,3,3,3,3,3,3,3,4,4,4,4,4,4,4,4,4,4,4,4,4,4,4,4,4,4,4,4,4,4,4,4,4,4,4,4,4,4,4,4];3;false;true;2;1;64;[2,3];0.33333333333333331;3.
192;192.1497;4;40;[1,1,1,1,2,2,2,2,2,2,3,3,3,3,4,4,4,4,4,4,4,4,6,6,6,6,6,6,8,8,8,8,8,8,8,8,8,8,8,8];6;false;true;2;2;64;[2,3];0.20833333333333334;4.7999999999999998
192;192.1498;16;56;[1,1,1,1,1,1,1,1,1,1,1,1,1,1,1,1,4,4,4,4,4,4,4,4,4,4,4,4,4,4,4,4,4,4,4,4,4,4,4,4,4,4,4,4,4,4,4,4,6,6,6,6,6,6,6,6];3;false;true;3;2;64;[2,3];0.29166666666666669;3.4285714285714284
192;192.1499;4;40;[1,1,1,1,2,2,2,2,2,2,3,3,3,3,4,4,4,4,4,4,4,4,6,6,6,6,6,6,8,8,8,8,8,8,8,8,8,8,8,8];6;false;true;2;2;64;[2,3];0.20833333333333334;4.7999999999999998
192;192.1500;16;56;[1,1,1,1,1,1,1,1,1,1,1,1,1,1,1,1,4,4,4,4,4,4,4,4,4,4,4,4,4,4,4,4,4,4,4,4,4,4,4,4,4,4,4,4,4,4,4,4,6,6,6,6,6,6,6,6];3;false;true;3;2;64;[2,3];0.29166666666666669;3.4285714285714284
192;192.1501;4;40;[1,1,1,1,2,2,2,2,2,2,3,3,3,3,4,4,4,4,4,4,4,4,6,6,6,6,6,6,8,8,8,8,8,8,8,8,8,8,8,8];6;false;true;2;2;64;[2,3];0.20833333333333334;4.7999999999999998
192;192.1502;4;38;[1,1,1,1,2,2,2,2,2,2,4,4,4,4,4,4,4,4,6,6,6,6,6,6,6,6,8,8,8,8,8,8,8,8,8,8,8,8];5;false;true;3;2;64;[2,3];0.19791666666666666;5.0526315789473681
192;192.1503;4;38;[1,1,1,1,2,2,2,2,2,2,4,4,4,4,4,4,4,4,6,6,6,6,6,6,6,6,8,8,8,8,8,8,8,8,8,8,8,8];5;false;true;3;2;64;[2,3];0.19791666666666666;5.0526315789473681
192;192.1504;4;38;[1,1,1,1,2,2,2,2,2,2,4,4,4,4,4,4,4,4,6,6,6,6,6,6,6,6,8,8,8,8,8,8,8,8,8,8,8,8];5;false;true;3;2;64;[2,3];0.19791666666666666;5.0526315789473681
192;192.1505;4;32;[1,1,1,1,3,3,3,3,3,3,3,3,3,3,3,3,3,3,3,3,3,3,3,3,16,16,16,16,16,16,16,16];3;false;true;2;1;64;[2,3];0.16666666666666666;6.
192;192.1506;4;24;[1,1,1,1,3,3,3,3,6,6,6,6,6,6,6,6,16,16,16,16,16,16,16,16];4;false;true;3;2;64;[2,3];0.125;8.
192;192.1507;4;24;[1,1,1,1,3,3,3,3,6,6,6,6,6,6,6,6,16,16,16,16,16,16,16,16];4;false;true;3;2;64;[2,3];0.125;8.
192;192.1508;4;22;[1,1,1,1,6,6,6,6,6,6,6,6,6,6,16,16,16,16,16,16,16,16];3;false;true;3;2;64;[2,3];0.11458333333333333;8.7272727272727266
192;192.1509;4;22;[1,1,1,1,6,6,6,6,6,6,6,6,6,6,16,16,16,16,16,16,16,16];3;false;true;3;2;64;[2,3];0.11458333333333333;8.7272727272727266
192;192.1510;16;72;[1,1,1,1,1,1,1,1,1,1,1,1,1,1,1,1,2,2,2,2,2,2,2,2,2,2,2,2,2,2,2,2,2,2,2,2,2,2,2,2,2,2,2,2,2,2,2,2,2,2,2,2,2,2,2,2,6,6,6,6,6,6,6,6,6,6,6,6,6,6,6,6];3;false;true;2;1;96;[2,3];0.375;2.6666666666666665
192;192.1511;32;96;[1,1,1,1,1,1,1,1,1,1,1,1,1,1,1,1,1,1,1,1,1,1,1,1,1,1,1,1,1,1,1,1,2,2,2,2,2,2,2,2,2,2,2,2,2,2,2,2,2,2,2,2,2,2,2,2,2,2,2,2,2,2,2,2,3,3,3,3,3,3,3,3,3,3,3,3,3,3,3,3,3,3,3,3,3,3,3,3,3,3,3,3,3,3,3,3];3;false;true;2;1;96;[2,3];0.5;2.
192;192.1512;16;72;[1,1,1,1,1,1,1,1,1,1,1,1,1,1,1,1,2,2,2,2,2,2,2,2,2,2,2,2,2,2,2,2,2,2,2,2,2,2,2,2,2,2,2,2,2,2,2,2,2,2,2,2,2,2,2,2,6,6,6,6,6,6,6,6,6,6,6,6,6,6,6,6];3;false;true;2;1;96;[2,3];0.375;2.6666666666666665
192;192.1513;16;72;[1,1,1,1,1,1,1,1,1,1,1,1,1,1,1,1,2,2,2,2,2,2,2,2,2,2,2,2,2,2,2,2,2,2,2,2,2,2,2,2,2,2,2,2,2,2,2,2,2,2,2,2,2,2,2,2,6,6,6,6,6,6,6,6,6,6,6,6,6,6,6,6];3;false;true;2;1;96;[2,3];0.375;2.6666666666666665
192;192.1514;8;60;[1,1,1,1,1,1,1,1,2,2,2,2,2,2,2,2,2,2,2,2,2,2,2,2,2,2,2,2,3,3,3,3,3,3,3,3,4,4,4,4,4,4,4,4,4,4,4,4,6,6,6,6,6,6,6,6,6,6,6,6];5;false;true;2;2;96;[2,3];0.3125;3.2000000000000002
192;192.1515;8;60;[1,1,1,1,1,1,1,1,2,2,2,2,2,2,2,2,2,2,2,2,2,2,2,2,2,2,2,2,3,3,3,3,3,3,3,3,4,4,4,4,4,4,4,4,4,4,4,4,6,6,6,6,6,6,6,6,6,6,6,6];5;false;true;2;2;96;[2,3];0.3125;3.2000000000000002
192;192.1516;4;54;[1,1,1,1,2,2,2,2,2,2,2,2,2,2,2,2,2,2,2,2,2,2,2,2,2,2,4,4,4,4,4,4,4,4,4,4,4,4,6,6,6,6,6,6,6,6,6,6,6,6,6,6,6,6];4;false;true;2;2;96;[2,3];0.28125;3.5555555555555554
192;192.1517;8;60;[1,1,1,1,1,1,1,1,2,2,2,2,2,2,2,2,2,2,2,2,2,2,2,2,2,2,2,2,3,3,3,3,3,3,3,3,4,4,4,4,4,4,4,4,4,4,4,4,6,6,6,6,6,6,6,6,6,6,6,6];5;false;true;2;2;96;[2,3];0.3125;3.2000000000000002
192;192.1518;8;60;[1,1,1,1,1,1,1,1,2,2,2,2,2,2,2,2,2,2,2,2,2,2,2,2,2,2,2,2,3,3,3,3,3,3,3,3,4,4,4,4,4,4,4,4,4,4,4,4,6,6,6,6,6,6,6,6,6,6,6,6];5;false;true;2;2;96;[2,3];0.3125;3.2000000000000002
192;192.1519;4;54;[1,1,1,1,2,2,2,2,2,2,2,2,2,2,2,2,2,2,2,2,2,2,2,2,2,2,4,4,4,4,4,4,4,4,4,4,4,4,6,6,6,6,6,6,6,6,6,6,6,6,6,6,6,6];4;false;true;2;2;96;[2,3];0.28125;3.5555555555555554
192;192.1520;8;60;[1,1,1,1,1,1,1,1,2,2,2,2,2,2,2,2,2,2,2,2,2,2,2,2,2,2,2,2,3,3,3,3,3,3,3,3,4,4,4,4,4,4,4,4,4,4,4,4,6,6,6,6,6,6,6,6,6,6,6,6];5;false;true;2;2;96;[2,3];0.3125;3.2000000000000002
192;192.1521;4;54;[1,1,1,1,2,2,2,2,2,2,2,2,2,2,2,2,2,2,2,2,2,2,2,2,2,2,4,4,4,4,4,4,4,4,4,4,4,4,6,6,6,6,6,6,6,6,6,6,6,6,6,6,6,6];4;false;true;2;2;96;[2,3];0.28125;3.5555555555555554
192;192.1522;4;54;[1,1,1,1,2,2,2,2,2,2,2,2,2,2,2,2,2,2,2,2,2,2,2,2,2,2,4,4,4,4,4,4,4,4,4,4,4,4,6,6,6,6,6,6,6,6,6,6,6,6,6,6,6,6];4;false;true;2;2;96;[2,3];0.28125;3.5555555555555554
192;192.1523;4;54;[1,1,1,1,2,2,2,2,2,2,2,2,2,2,2,2,2,2,2,2,2,2,2,2,2,2,4,4,4,4,4,4,4,4,4,4,4,4,6,6,6,6,6,6,6,6,6,6,6,6,6,6,6,6];4;false;true;2;2;96;[2,3];0.28125;3.5555555555555554
192;192.1524;2;51;[1,1,2,2,2,2,2,2,2,2,2,2,2,2,2,2,2,2,2,3,3,4,4,4,4,4,4,4,4,4,4,4,4,4,4,4,6,6,6,6,6,6,6,6,6,6,6,6,6,6,6];5;false;true;2;2;96;[2,3];0.265625;3.7647058823529411
192;192.1525;2;51;[1,1,2,2,2,2,2,2,2,2,2,2,2,2,2,2,2,2,2,3,3,4,4,4,4,4,4,4,4,4,4,4,4,4,4,4,6,6,6,6,6,6,6,6,6,6,6,6,6,6,6];5;false;true;2;2;96;[2,3];0.265625;3.7647058823529411
192;192.1526;2;51;[1,1,2,2,2,2,2,2,2,2,2,2,2,2,2,2,2,2,2,3,3,4,4,4,4,4,4,4,4,4,4,4,4,4,4,4,6,6,6,6,6,6,6,6,6,6,6,6,6,6,6];5;false;true;2;2;96;[2,3];0.265625;3.7647058823529411
192;192.1527;2;51;[1,1,2,2,2,2,2,2,2,2,2,2,2,2,2,2,2,2,2,3,3,4,4,4,4,4,4,4,4,4,4,4,4,4,4,4,6,6,6,6,6,6,6,6,6,6,6,6,6,6,6];5;false;true;2;2;96;[2,3];0.265625;3.7647058823529411
192;192.1528;32;96;[1,1,1,1,1,1,1,1,1,1,1,1,1,1,1,1,1,1,1,1,1,1,1,1,1,1,1,1,1,1,1,1,2,2,2,2,2,2,2,2,2,2,2,2,2,2,2,2,2,2,2,2,2,2,2,2,2,2,2,2,2,2,2,2,3,3,3,3,3,3,3,3,3,3,3,3,3,3,3,3,3,3,3,3,3,3,3,3,3,3,3,3,3,3,3,3];3;false;true;2;1;96;[2,3];0.5;2.
192;192.1529;16;72;[1,1,1,1,1,1,1,1,1,1,1,1,1,1,1,1,2,2,2,2,2,2,2,2,2,2,2,2,2,2,2,2,2,2,2,2,2,2,2,2,2,2,2,2,2,2,2,2,2,2,2,2,2,2,2,2,6,6,6,6,6,6,6,6,6,6,6,6,6,6,6,6];3;false;true;2;1;96;[2,3];0.375;2.6666666666666665
192;192.1530;192;192;[1,1,1,1,1,1,1,1,1,1,1,1,1,1,1,1,1,1,1,1,1,1,1,1,1,1,1,1,1,1,1,1,1,1,1,1,1,1,1,1,1,1,1,1,1,1,1,1,1,1,1,1,1,1,1,1,1,1,1,1,1,1,1,1,1,1,1,1,1,1,1,1,1,1,1,1,1,1,1,1,1,1,1,1,1,1,1,1,1,1,1,1,1,1,1,1,1,1,1,1,1,1,1,1,1,1,1,1,1,1,1,1,1,1,1,1,1,1,1,1,1,1,1,1,1,1,1,1,1,1,1,1,1,1,1,1,1,1,1,1,1,1,1,1,1,1,1,1,1,1,1,1,1,1,1,1,1,1,1,1,1,1,1,1,1,1,1,1,1,1,1,1,1,1,1,1,1,1,1,1,1,1,1,1,1,1,1,1,1,1,1,1];1;true;true;1;1;192;[2,3];1.;1.
192;192.1531;48;120;[1,1,1,1,1,1,1,1,1,1,1,1,1,1,1,1,1,1,1,1,1,1,1,1,1,1,1,1,1,1,1,1,1,1,1,1,1,1,1,1,1,1,1,1,1,1,1,1,2,2,2,2,2,2,2,2,2,2,2,2,2,2,2,2,2,2,2,2,2,2,2,2,2,2,2,2,2,2,2,2,2,2,2,2,2,2,2,2,2,2,2,2,2,2,2,2,2,2,2,2,2,2,2,2,2,2,2,2,2,2,2,2,2,2,2,2,2,2,2,2];2;true;true;2;2;192;[2,3];0.625;1.6000000000000001
192;192.1532;48;120;[1,1,1,1,1,1,1,1,1,1,1,1,1,1,1,1,1,1,1,1,1,1,1,1,1,1,1,1,1,1,1,1,1,1,1,1,1,1,1,1,1,1,1,1,1,1,1,1,2,2,2,2,2,2,2,2,2,2,2,2,2,2,2,2,2,2,2,2,2,2,2,2,2,2,2,2,2,2,2,2,2,2,2,2,2,2,2,2,2,2,2,2,2,2,2,2,2,2,2,2,2,2,2,2,2,2,2,2,2,2,2,2,2,2,2,2,2,2,2,2];2;true;true;2;2;192;[2,3];0.625;1.6000000000000001
192;192.1533;48;120;[1,1,1,1,1,1,1,1,1,1,1,1,1,1,1,1,1,1,1,1,1,1,1,1,1,1,1,1,1,1,1,1,1,1,1,1,1,1,1,1,1,1,1,1,1,1,1,1,2,2,2,2,2,2,2,2,2,2,2,2,2,2,2,2,2,2,2,2,2,2,2,2,2,2,2,2,2,2,2,2,2,2,2,2,2,2,2,2,2,2,2,2,2,2,2,2,2,2,2,2,2,2,2,2,2,2,2,2,2,2,2,2,2,2,2,2,2,2,2,2];2;true;true;2;2;192;[2,3];0.625;1.6000000000000001
192;192.1534;12;102;[1,1,1,1,1,1,1,1,1,1,1,1,2,2,2,2,2,2,2,2,2,2,2,2,2,2,2,2,2,2,2,2,2,2,2,2,2,2,2,2,2,2,2,2,2,2,2,2,2,2,2,2,2,2,2,2,2,2,2,2,2,2,2,2,2,2,2,2,2,2,2,2,2,2,2,2,2,2,2,2,2,2,2,2,2,2,2,2,2,2,2,2,2,2,2,2,2,2,2,2,2,2];2;true;true;2;2;192;[2,3];0.53125;1.8823529411764706
192;192.1535;12;102;[1,1,1,1,1,1,1,1,1,1,1,1,2,2,2,2,2,2,2,2,2,2,2,2,2,2,2,2,2,2,2,2,2,2,2,2,2,2,2,2,2,2,2,2,2,2,2,2,2,2,2,2,2,2,2,2,2,2,2,2,2,2,2,2,2,2,2,2,2,2,2,2,2,2,2,2,2,2,2,2,2,2,2,2,2,2,2,2,2,2,2,2,2,2,2,2,2,2,2,2,2,2];2;true;true;2;2;192;[2,3];0.53125;1.8823529411764706
192;192.1536;12;102;[1,1,1,1,1,1,1,1,1,1,1,1,2,2,2,2,2,2,2,2,2,2,2,2,2,2,2,2,2,2,2,2,2,2,2,2,2,2,2,2,2,2,2,2,2,2,2,2,2,2,2,2,2,2,2,2,2,2,2,2,2,2,2,2,2,2,2,2,2,2,2,2,2,2,2,2,2,2,2,2,2,2,2,2,2,2,2,2,2,2,2,2,2,2,2,2,2,2,2,2,2,2];2;true;true;2;2;192;[2,3];0.53125;1.8823529411764706
192;192.1537;8;40;[1,1,1,1,1,1,1,1,3,3,3,3,3,3,3,3,6,6,6,6,6,6,6,6,6,6,6,6,6,6,6,6,8,8,8,8,8,8,8,8];4;false;true;3;1;32;[2,3];0.20833333333333334;4.7999999999999998
192;192.1538;2;20;[1,1,3,3,3,3,3,3,6,6,12,12,12,12,12,12,12,12,32,32];5;false;true;3;1;32;[2,3];0.10416666666666667;9.5999999999999996
192;192.1539;16;64;[1,1,1,1,1,1,1,1,1,1,1,1,1,1,1,1,3,3,3,3,3,3,3,3,3,3,3,3,3,3,3,3,4,4,4,4,4,4,4,4,4,4,4,4,4,4,4,4,4,4,4,4,4,4,4,4,4,4,4,4,4,4,4,4];3;false;true;2;1;64;[2,3];0.33333333333333331;3.
192;192.1540;4;32;[1,1,1,1,3,3,3,3,3,3,3,3,3,3,3,3,3,3,3,3,3,3,3,3,16,16,16,16,16,16,16,16];3;false;true;2;1;64;[2,3];0.16666666666666666;6.
192;192.1541;1;24;[1,3,3,3,3,3,3,3,3,3,3,3,3,3,3,3,3,3,3,3,3,3,64,64];3;false;true;2;1;64;[2,3];0.125;8.
192;192.1542;32;96;[1,1,1,1,1,1,1,1,1,1,1,1,1,1,1,1,1,1,1,1,1,1,1,1,1,1,1,1,1,1,1,1,2,2,2,2,2,2,2,2,2,2,2,2,2,2,2,2,2,2,2,2,2,2,2,2,2,2,2,2,2,2,2,2,3,3,3,3,3,3,3,3,3,3,3,3,3,3,3,3,3,3,3,3,3,3,3,3,3,3,3,3,3,3,3,3];3;false;true;2;1;96;[2,3];0.5;2.
192;192.1543;192;192;[1,1,1,1,1,1,1,1,1,1,1,1,1,1,1,1,1,1,1,1,1,1,1,1,1,1,1,1,1,1,1,1,1,1,1,1,1,1,1,1,1,1,1,1,1,1,1,1,1,1,1,1,1,1,1,1,1,1,1,1,1,1,1,1,1,1,1,1,1,1,1,1,1,1,1,1,1,1,1,1,1,1,1,1,1,1,1,1,1,1,1,1,1,1,1,1,1,1,1,1,1,1,1,1,1,1,1,1,1,1,1,1,1,1,1,1,1,1,1,1,1,1,1,1,1,1,1,1,1,1,1,1,1,1,1,1,1,1,1,1,1,1,1,1,1,1,1,1,1,1,1,1,1,1,1,1,1,1,1,1,1,1,1,1,1,1,1,1,1,1,1,1,1,1,1,1,1,1,1,1,1,1,1,1,1,1,1,1,1,1,1,1];1;true;true;1;1;192;[2,3];1.;1.
193;193.1;193;193;[1,1,1,1,1,1,1,1,1,1,1,1,1,1,1,1,1,1,1,1,1,1,1,1,1,1,1,1,1,1,1,1,1,1,1,1,1,1,1,1,1,1,1,1,1,1,1,1,1,1,1,1,1,1,1,1,1,1,1,1,1,1,1,1,1,1,1,1,1,1,1,1,1,1,1,1,1,1,1,1,1,1,1,1,1,1,1,1,1,1,1,1,1,1,1,1,1,1,1,1,1,1,1,1,1,1,1,1,1,1,1,1,1,1,1,1,1,1,1,1,1,1,1,1,1,1,1,1,1,1,1,1,1,1,1,1,1,1,1,1,1,1,1,1,1,1,1,1,1,1,1,1,1,1,1,1,1,1,1,1,1,1,1,1,1,1,1,1,1,1,1,1,1,1,1,1,1,1,1,1,1,1,1,1,1,1,1,1,1,1,1,1,1];1;true;true;1;1;193;[193];1.;1.
194;194.1;1;50;[1,2,2,2,2,2,2,2,2,2,2,2,2,2,2,2,2,2,2,2,2,2,2,2,2,2,2,2,2,2,2,2,2,2,2,2,2,2,2,2,2,2,2,2,2,2,2,2,2,97];3;false;true;2;1;97;[2,97];0.25773195876288657;3.8799999999999999
194;194.2;194;194;[1,1,1,1,1,1,1,1,1,1,1,1,1,1,1,1,1,1,1,1,1,1,1,1,1,1,1,1,1,1,1,1,1,1,1,1,1,1,1,1,1,1,1,1,1,1,1,1,1,1,1,1,1,1,1,1,1,1,1,1,1,1,1,1,1,1,1,1,1,1,1,1,1,1,1,1,1,1,1,1,1,1,1,1,1,1,1,1,1,1,1,1,1,1,1,1,1,1,1,1,1,1,1,1,1,1,1,1,1,1,1,1,1,1,1,1,1,1,1,1,1,1,1,1,1,1,1,1,1,1,1,1,1,1,1,1,1,1,1,1,1,1,1,1,1,1,1,1,1,1,1,1,1,1,1,1,1,1,1,1,1,1,1,1,1,1,1,1,1,1,1,1,1,1,1,1,1,1,1,1,1,1,1,1,1,1,1,1,1,1,1,1,1,1];1;true;true;1;1;194;[2,97];1.;1.
195;195.1;5;35;[1,1,1,1,1,3,3,3,3,3,3,3,3,3,3,3,3,3,3,3,3,3,3,3,3,13,13,13,13,13,13,13,13,13,13];3;false;true;2;1;65;[3,5,13];0.17948717948717949;5.5714285714285712
195;195.2;195;195;[1,1,1,1,1,1,1,1,1,1,1,1,1,1,1,1,1,1,1,1,1,1,1,1,1,1,1,1,1,1,1,1,1,1,1,1,1,1,1,1,1,1,1,1,1,1,1,1,1,1,1,1,1,1,1,1,1,1,1,1,1,1,1,1,1,1,1,1,1,1,1,1,1,1,1,1,1,1,1,1,1,1,1,1,1,1,1,1,1,1,1,1,1,1,1,1,1,1,1,1,1,1,1,1,1,1,1,1,1,1,1,1,1,1,1,1,1,1,1,1,1,1,1,1,1,1,1,1,1,1,1,1,1,1,1,1,1,1,1,1,1,1,1,1,1,1,1,1,1,1,1,1,1,1,1,1,1,1,1,1,1,1,1,1,1,1,1,1,1,1,1,1,1,1,1,1,1,1,1,1,1,1,1,1,1,1,1,1,1,1,1,1,1,1,1];1;true;true;1;1;195;[3,5,13];1.;1.
196;196.1;2;52;[1,1,2,2,2,2,2,2,2,2,2,2,2,2,2,2,2,2,2,2,2,2,2,2,2,2,2,2,2,2,2,2,2,2,2,2,2,2,2,2,2,2,2,2,2,2,2,2,2,2,49,49];3;false;true;2;1;98;[2,7];0.26530612244897961;3.7692307692307692
196;196.2;196;196;[1,1,1,1,1,1,1,1,1,1,1,1,1,1,1,1,1,1,1,1,1,1,1,1,1,1,1,1,1,1,1,1,1,1,1,1,1,1,1,1,1,1,1,1,1,1,1,1,1,1,1,1,1,1,1,1,1,1,1,1,1,1,1,1,1,1,1,1,1,1,1,1,1,1,1,1,1,1,1,1,1,1,1,1,1,1,1,1,1,1,1,1,1,1,1,1,1,1,1,1,1,1,1,1,1,1,1,1,1,1,1,1,1,1,1,1,1,1,1,1,1,1,1,1,1,1,1,1,1,1,1,1,1,1,1,1,1,1,1,1,1,1,1,1,1,1,1,1,1,1,1,1,1,1,1,1,1,1,1,1,1,1,1,1,1,1,1,1,1,1,1,1,1,1,1,1,1,1,1,1,1,1,1,1,1,1,1,1,1,1,1,1,1,1,1,1];1;true;true;1;1;196;[2,7];1.;1.
196;196.3;2;52;[1,1,2,2,2,2,2,2,2,2,2,2,2,2,2,2,2,2,2,2,2,2,2,2,2,2,2,2,2,2,2,2,2,2,2,2,2,2,2,2,2,2,2,2,2,2,2,2,2,2,49,49];3;false;true;2;1;98;[2,7];0.26530612244897961;3.7692307692307692
196;196.4;196;196;[1,1,1,1,1,1,1,1,1,1,1,1,1,1,1,1,1,1,1,1,1,1,1,1,1,1,1,1,1,1,1,1,1,1,1,1,1,1,1,1,1,1,1,1,1,1,1,1,1,1,1,1,1,1,1,1,1,1,1,1,1,1,1,1,1,1,1,1,1,1,1,1,1,1,1,1,1,1,1,1,1,1,1,1,1,1,1,1,1,1,1,1,1,1,1,1,1,1,1,1,1,1,1,1,1,1,1,1,1,1,1,1,1,1,1,1,1,1,1,1,1,1,1,1,1,1,1,1,1,1,1,1,1,1,1,1,1,1,1,1,1,1,1,1,1,1,1,1,1,1,1,1,1,1,1,1,1,1,1,1,1,1,1,1,1,1,1,1,1,1,1,1,1,1,1,1,1,1,1,1,1,1,1,1,1,1,1,1,1,1,1,1,1,1,1,1];1;true;true;1;1;196;[2,7];1.;1.
196;196.5;14;70;[1,1,1,1,1,1,1,1,1,1,1,1,1,1,2,2,2,2,2,2,2,2,2,2,2,2,2,2,2,2,2,2,2,2,2,2,2,2,2,2,2,2,2,2,2,2,2,2,2,2,2,2,2,2,2,2,7,7,7,7,7,7,7,7,7,7,7,7,7,7];3;false;true;2;1;98;[2,7];0.35714285714285715;2.7999999999999998
196;196.6;2;52;[1,1,2,2,2,2,2,2,2,2,2,2,2,2,2,2,2,2,2,2,2,2,2,2,2,2,2,2,2,2,2,2,2,2,2,2,2,2,2,2,2,2,2,2,2,2,2,2,2,2,49,49];3;false;true;2;1;98;[2,7];0.26530612244897961;3.7692307692307692
196;196.7;196;196;[1,1,1,1,1,1,1,1,1,1,1,1,1,1,1,1,1,1,1,1,1,1,1,1,1,1,1,1,1,1,1,1,1,1,1,1,1,1,1,1,1,1,1,1,1,1,1,1,1,1,1,1,1,1,1,1,1,1,1,1,1,1,1,1,1,1,1,1,1,1,1,1,1,1,1,1,1,1,1,1,1,1,1,1,1,1,1,1,1,1,1,1,1,1,1,1,1,1,1,1,1,1,1,1,1,1,1,1,1,1,1,1,1,1,1,1,1,1,1,1,1,1,1,1,1,1,1,1,1,1,1,1,1,1,1,1,1,1,1,1,1,1,1,1,1,1,1,1,1,1,1,1,1,1,1,1,1,1,1,1,1,1,1,1,1,1,1,1,1,1,1,1,1,1,1,1,1,1,1,1,1,1,1,1,1,1,1,1,1,1,1,1,1,1,1,1];1;true;true;1;1;196;[2,7];1.;1.
196;196.8;1;16;[1,4,4,4,4,4,4,4,4,4,4,4,4,49,49,49];3;false;true;2;1;49;[2,7];0.081632653061224483;12.25
196;196.9;1;25;[1,2,2,2,2,2,2,4,4,4,4,4,4,4,4,4,7,7,14,14,14,14,14,14,49];6;false;true;2;1;49;[2,7];0.12755102040816327;7.8399999999999999
196;196.10;14;70;[1,1,1,1,1,1,1,1,1,1,1,1,1,1,2,2,2,2,2,2,2,2,2,2,2,2,2,2,2,2,2,2,2,2,2,2,2,2,2,2,2,2,2,2,2,2,2,2,2,2,2,2,2,2,2,2,7,7,7,7,7,7,7,7,7,7,7,7,7,7];3;false;true;2;1;98;[2,7];0.35714285714285715;2.7999999999999998
196;196.11;2;52;[1,1,2,2,2,2,2,2,2,2,2,2,2,2,2,2,2,2,2,2,2,2,2,2,2,2,2,2,2,2,2,2,2,2,2,2,2,2,2,2,2,2,2,2,2,2,2,2,2,2,49,49];3;false;true;2;1;98;[2,7];0.26530612244897961;3.7692307692307692
196;196.12;196;196;[1,1,1,1,1,1,1,1,1,1,1,1,1,1,1,1,1,1,1,1,1,1,1,1,1,1,1,1,1,1,1,1,1,1,1,1,1,1,1,1,1,1,1,1,1,1,1,1,1,1,1,1,1,1,1,1,1,1,1,1,1,1,1,1,1,1,1,1,1,1,1,1,1,1,1,1,1,1,1,1,1,1,1,1,1,1,1,1,1,1,1,1,1,1,1,1,1,1,1,1,1,1,1,1,1,1,1,1,1,1,1,1,1,1,1,1,1,1,1,1,1,1,1,1,1,1,1,1,1,1,1,1,1,1,1,1,1,1,1,1,1,1,1,1,1,1,1,1,1,1,1,1,1,1,1,1,1,1,1,1,1,1,1,1,1,1,1,1,1,1,1,1,1,1,1,1,1,1,1,1,1,1,1,1,1,1,1,1,1,1,1,1,1,1,1,1];1;true;true;1;1;196;[2,7];1.;1.
197;197.1;197;197;[1,1,1,1,1,1,1,1,1,1,1,1,1,1,1,1,1,1,1,1,1,1,1,1,1,1,1,1,1,1,1,1,1,1,1,1,1,1,1,1,1,1,1,1,1,1,1,1,1,1,1,1,1,1,1,1,1,1,1,1,1,1,1,1,1,1,1,1,1,1,1,1,1,1,1,1,1,1,1,1,1,1,1,1,1,1,1,1,1,1,1,1,1,1,1,1,1,1,1,1,1,1,1,1,1,1,1,1,1,1,1,1,1,1,1,1,1,1,1,1,1,1,1,1,1,1,1,1,1,1,1,1,1,1,1,1,1,1,1,1,1,1,1,1,1,1,1,1,1,1,1,1,1,1,1,1,1,1,1,1,1,1,1,1,1,1,1,1,1,1,1,1,1,1,1,1,1,1,1,1,1,1,1,1,1,1,1,1,1,1,1,1,1,1,1,1,1];1;true;true;1;1;197;[197];1.;1.
198;198.1;11;66;[1,1,1,1,1,1,1,1,1,1,1,2,2,2,2,2,2,2,2,2,2,2,2,2,2,2,2,2,2,2,2,2,2,2,2,2,2,2,2,2,2,2,2,2,2,2,2,2,2,2,2,2,2,2,2,9,9,9,9,9,9,9,9,9,9,9];3;false;true;2;1;99;[2,3,11];0.33333333333333331;3.
198;198.2;9;63;[1,1,1,1,1,1,1,1,1,2,2,2,2,2,2,2,2,2,2,2,2,2,2,2,2,2,2,2,2,2,2,2,2,2,2,2,2,2,2,2,2,2,2,2,2,2,2,2,2,2,2,2,2,2,11,11,11,11,11,11,11,11,11];3;false;true;2;1;99;[2,3,11];0.31818181818181818;3.1428571428571428
198;198.3;1;51;[1,2,2,2,2,2,2,2,2,2,2,2,2,2,2,2,2,2,2,2,2,2,2,2,2,2,2,2,2,2,2,2,2,2,2,2,2,2,2,2,2,2,2,2,2,2,2,2,2,2,99];3;false;true;2;1;99;[2,3,11];0.25757575757575757;3.8823529411764706
198;198.4;198;198;[1,1,1,1,1,1,1,1,1,1,1,1,1,1,1,1,1,1,1,1,1,1,1,1,1,1,1,1,1,1,1,1,1,1,1,1,1,1,1,1,1,1,1,1,1,1,1,1,1,1,1,1,1,1,1,1,1,1,1,1,1,1,1,1,1,1,1,1,1,1,1,1,1,1,1,1,1,1,1,1,1,1,1,1,1,1,1,1,1,1,1,1,1,1,1,1,1,1,1,1,1,1,1,1,1,1,1,1,1,1,1,1,1,1,1,1,1,1,1,1,1,1,1,1,1,1,1,1,1,1,1,1,1,1,1,1,1,1,1,1,1,1,1,1,1,1,1,1,1,1,1,1,1,1,1,1,1,1,1,1,1,1,1,1,1,1,1,1,1,1,1,1,1,1,1,1,1,1,1,1,1,1,1,1,1,1,1,1,1,1,1,1,1,1,1,1,1,1];1;true;true;1;1;198;[2,3,11];1.;1.
198;198.5;9;63;[1,1,1,1,1,1,1,1,1,2,2,2,2,2,2,2,2,2,2,2,2,2,2,2,2,2,2,2,2,2,2,2,2,2,2,2,2,2,2,2,2,2,2,2,2,2,2,2,2,2,2,2,2,2,11,11,11,11,11,11,11,11,11];3;false;true;2;1;99;[2,3,11];0.31818181818181818;3.1428571428571428
198;198.6;33;99;[1,1,1,1,1,1,1,1,1,1,1,1,1,1,1,1,1,1,1,1,1,1,1,1,1,1,1,1,1,1,1,1,1,2,2,2,2,2,2,2,2,2,2,2,2,2,2,2,2,2,2,2,2,2,2,2,2,2,2,2,2,2,2,2,2,2,3,3,3,3,3,3,3,3,3,3,3,3,3,3,3,3,3,3,3,3,3,3,3,3,3,3,3,3,3,3,3,3,3];3;false;true;2;1;99;[2,3,11];0.5;2.
198;198.7;3;54;[1,1,1,2,2,2,2,2,2,2,2,2,2,2,2,2,2,2,2,2,2,2,2,2,2,2,2,2,2,2,2,2,2,2,2,2,2,2,2,2,2,2,2,2,2,2,2,2,2,2,2,33,33,33];3;false;true;2;1;99;[2,3,11];0.27272727272727271;3.6666666666666665
198;198.8;11;66;[1,1,1,1,1,1,1,1,1,1,1,2,2,2,2,2,2,2,2,2,2,2,2,2,2,2,2,2,2,2,2,2,2,2,2,2,2,2,2,2,2,2,2,2,2,2,2,2,2,2,2,2,2,2,2,9,9,9,9,9,9,9,9,9,9,9];3;false;true;2;1;99;[2,3,11];0.33333333333333331;3.
198;198.9;1;51;[1,2,2,2,2,2,2,2,2,2,2,2,2,2,2,2,2,2,2,2,2,2,2,2,2,2,2,2,2,2,2,2,2,2,2,2,2,2,2,2,2,2,2,2,2,2,2,2,2,2,99];3;false;true;2;1;99;[2,3,11];0.25757575757575757;3.8823529411764706
198;198.10;198;198;[1,1,1,1,1,1,1,1,1,1,1,1,1,1,1,1,1,1,1,1,1,1,1,1,1,1,1,1,1,1,1,1,1,1,1,1,1,1,1,1,1,1,1,1,1,1,1,1,1,1,1,1,1,1,1,1,1,1,1,1,1,1,1,1,1,1,1,1,1,1,1,1,1,1,1,1,1,1,1,1,1,1,1,1,1,1,1,1,1,1,1,1,1,1,1,1,1,1,1,1,1,1,1,1,1,1,1,1,1,1,1,1,1,1,1,1,1,1,1,1,1,1,1,1,1,1,1,1,1,1,1,1,1,1,1,1,1,1,1,1,1,1,1,1,1,1,1,1,1,1,1,1,1,1,1,1,1,1,1,1,1,1,1,1,1,1,1,1,1,1,1,1,1,1,1,1,1,1,1,1,1,1,1,1,1,1,1,1,1,1,1,1,1,1,1,1,1,1];1;true;true;1;1;198;[2,3,11];1.;1.
199;199.1;199;199;[1,1,1,1,1,1,1,1,1,1,1,1,1,1,1,1,1,1,1,1,1,1,1,1,1,1,1,1,1,1,1,1,1,1,1,1,1,1,1,1,1,1,1,1,1,1,1,1,1,1,1,1,1,1,1,1,1,1,1,1,1,1,1,1,1,1,1,1,1,1,1,1,1,1,1,1,1,1,1,1,1,1,1,1,1,1,1,1,1,1,1,1,1,1,1,1,1,1,1,1,1,1,1,1,1,1,1,1,1,1,1,1,1,1,1,1,1,1,1,1,1,1,1,1,1,1,1,1,1,1,1,1,1,1,1,1,1,1,1,1,1,1,1,1,1,1,1,1,1,1,1,1,1,1,1,1,1,1,1,1,1,1,1,1,1,1,1,1,1,1,1,1,1,1,1,1,1,1,1,1,1,1,1,1,1,1,1,1,1,1,1,1,1,1,1,1,1,1,1];1;true;true;1;1;199;[199];1.;1.
200;200.1;4;56;[1,1,1,1,2,2,2,2,2,2,2,2,2,2,2,2,2,2,2,2,2,2,2,2,2,2,2,2,2,2,2,2,2,2,2,2,2,2,2,2,2,2,2,2,2,2,2,2,2,2,2,2,25,25,25,25];3;false;true;2;1;100;[2,5];0.28000000000000003;3.5714285714285712
200;200.2;200;200;[1,1,1,1,1,1,1,1,1,1,1,1,1,1,1,1,1,1,1,1,1,1,1,1,1,1,1,1,1,1,1,1,1,1,1,1,1,1,1,1,1,1,1,1,1,1,1,1,1,1,1,1,1,1,1,1,1,1,1,1,1,1,1,1,1,1,1,1,1,1,1,1,1,1,1,1,1,1,1,1,1,1,1,1,1,1,1,1,1,1,1,1,1,1,1,1,1,1,1,1,1,1,1,1,1,1,1,1,1,1,1,1,1,1,1,1,1,1,1,1,1,1,1,1,1,1,1,1,1,1,1,1,1,1,1,1,1,1,1,1,1,1,1,1,1,1,1,1,1,1,1,1,1,1,1,1,1,1,1,1,1,1,1,1,1,1,1,1,1,1,1,1,1,1,1,1,1,1,1,1,1,1,1,1,1,1,1,1,1,1,1,1,1,1,1,1,1,1,1,1];1;true;true;1;1;200;[2,5];1.;1.
200;200.3;2;20;[1,1,4,4,4,4,4,4,4,4,4,4,4,4,25,25,25,25,25,25];3;false;true;2;1;50;[2,5];0.10000000000000001;10.
200;200.4;2;53;[1,1,2,2,2,2,2,2,2,2,2,2,2,2,2,2,2,2,2,2,2,2,2,2,2,2,2,2,2,2,2,2,2,2,2,2,2,2,2,2,2,2,2,2,2,2,2,2,2,2,2,50,50];3;false;true;2;1;100;[2,5];0.26500000000000001;3.7735849056603774
200;200.5;4;56;[1,1,1,1,2,2,2,2,2,2,2,2,2,2,2,2,2,2,2,2,2,2,2,2,2,2,2,2,2,2,2,2,2,2,2,2,2,2,2,2,2,2,2,2,2,2,2,2,2,2,2,2,25,25,25,25];3;false;true;2;1;100;[2,5];0.28000000000000003;3.5714285714285712
200;200.6;2;53;[1,1,2,2,2,2,2,2,2,2,2,2,2,2,2,2,2,2,2,2,2,2,2,2,2,2,2,2,2,2,2,2,2,2,2,2,2,2,2,2,2,2,2,2,2,2,2,2,2,2,2,50,50];3;false;true;2;1;100;[2,5];0.26500000000000001;3.7735849056603774
200;200.7;4;56;[1,1,1,1,2,2,2,2,2,2,2,2,2,2,2,2,2,2,2,2,2,2,2,2,2,2,2,2,2,2,2,2,2,2,2,2,2,2,2,2,2,2,2,2,2,2,2,2,2,2,2,2,25,25,25,25];3;false;true;2;1;100;[2,5];0.28000000000000003;3.5714285714285712
200;200.8;2;53;[1,1,2,2,2,2,2,2,2,2,2,2,2,2,2,2,2,2,2,2,2,2,2,2,2,2,2,2,2,2,2,2,2,2,2,2,2,2,2,2,2,2,2,2,2,2,2,2,2,2,2,50,50];3;false;true;2;1;100;[2,5];0.26500000000000001;3.7735849056603774
200;200.9;200;200;[1,1,1,1,1,1,1,1,1,1,1,1,1,1,1,1,1,1,1,1,1,1,1,1,1,1,1,1,1,1,1,1,1,1,1,1,1,1,1,1,1,1,1,1,1,1,1,1,1,1,1,1,1,1,1,1,1,1,1,1,1,1,1,1,1,1,1,1,1,1,1,1,1,1,1,1,1,1,1,1,1,1,1,1,1,1,1,1,1,1,1,1,1,1,1,1,1,1,1,1,1,1,1,1,1,1,1,1,1,1,1,1,1,1,1,1,1,1,1,1,1,1,1,1,1,1,1,1,1,1,1,1,1,1,1,1,1,1,1,1,1,1,1,1,1,1,1,1,1,1,1,1,1,1,1,1,1,1,1,1,1,1,1,1,1,1,1,1,1,1,1,1,1,1,1,1,1,1,1,1,1,1,1,1,1,1,1,1,1,1,1,1,1,1,1,1,1,1,1,1];1;true;true;1;1;200;[2,5];1.;1.
200;200.10;50;125;[1,1,1,1,1,1,1,1,1,1,1,1,1,1,1,1,1,1,1,1,1,1,1,1,1,1,1,1,1,1,1,1,1,1,1,1,1,1,1,1,1,1,1,1,1,1,1,1,1,1,2,2,2,2,2,2,2,2,2,2,2,2,2,2,2,2,2,2,2,2,2,2,2,2,2,2,2,2,2,2,2,2,2,2,2,2,2,2,2,2,2,2,2,2,2,2,2,2,2,2,2,2,2,2,2,2,2,2,2,2,2,2,2,2,2,2,2,2,2,2,2,2,2,2,2];2;true;true;2;2;200;[2,5];0.625;1.6000000000000001
200;200.11;50;125;[1,1,1,1,1,1,1,1,1,1,1,1,1,1,1,1,1,1,1,1,1,1,1,1,1,1,1,1,1,1,1,1,1,1,1,1,1,1,1,1,1,1,1,1,1,1,1,1,1,1,2,2,2,2,2,2,2,2,2,2,2,2,2,2,2,2,2,2,2,2,2,2,2,2,2,2,2,2,2,2,2,2,2,2,2,2,2,2,2,2,2,2,2,2,2,2,2,2,2,2,2,2,2,2,2,2,2,2,2,2,2,2,2,2,2,2,2,2,2,2,2,2,2,2,2];2;true;true;2;2;200;[2,5];0.625;1.6000000000000001
200;200.12;2;20;[1,1,4,4,4,4,4,4,4,4,4,4,4,4,25,25,25,25,25,25];3;false;true;2;1;50;[2,5];0.10000000000000001;10.
200;200.13;4;56;[1,1,1,1,2,2,2,2,2,2,2,2,2,2,2,2,2,2,2,2,2,2,2,2,2,2,2,2,2,2,2,2,2,2,2,2,2,2,2,2,2,2,2,2,2,2,2,2,2,2,2,2,25,25,25,25];3;false;true;2;1;100;[2,5];0.28000000000000003;3.5714285714285712
200;200.14;200;200;[1,1,1,1,1,1,1,1,1,1,1,1,1,1,1,1,1,1,1,1,1,1,1,1,1,1,1,1,1,1,1,1,1,1,1,1,1,1,1,1,1,1,1,1,1,1,1,1,1,1,1,1,1,1,1,1,1,1,1,1,1,1,1,1,1,1,1,1,1,1,1,1,1,1,1,1,1,1,1,1,1,1,1,1,1,1,1,1,1,1,1,1,1,1,1,1,1,1,1,1,1,1,1,1,1,1,1,1,1,1,1,1,1,1,1,1,1,1,1,1,1,1,1,1,1,1,1,1,1,1,1,1,1,1,1,1,1,1,1,1,1,1,1,1,1,1,1,1,1,1,1,1,1,1,1,1,1,1,1,1,1,1,1,1,1,1,1,1,1,1,1,1,1,1,1,1,1,1,1,1,1,1,1,1,1,1,1,1,1,1,1,1,1,1,1,1,1,1,1,1];1;true;true;1;1;200;[2,5];1.;1.
200;200.15;20;80;[1,1,1,1,1,1,1,1,1,1,1,1,1,1,1,1,1,1,1,1,2,2,2,2,2,2,2,2,2,2,2,2,2,2,2,2,2,2,2,2,2,2,2,2,2,2,2,2,2,2,2,2,2,2,2,2,2,2,2,2,5,5,5,5,5,5,5,5,5,5,5,5,5,5,5,5,5,5,5,5];3;false;true;2;1;100;[2,5];0.40000000000000002;2.5
200;200.16;4;56;[1,1,1,1,2,2,2,2,2,2,2,2,2,2,2,2,2,2,2,2,2,2,2,2,2,2,2,2,2,2,2,2,2,2,2,2,2,2,2,2,2,2,2,2,2,2,2,2,2,2,2,2,25,25,25,25];3;false;true;2;1;100;[2,5];0.28000000000000003;3.5714285714285712
200;200.17;200;200;[1,1,1,1,1,1,1,1,1,1,1,1,1,1,1,1,1,1,1,1,1,1,1,1,1,1,1,1,1,1,1,1,1,1,1,1,1,1,1,1,1,1,1,1,1,1,1,1,1,1,1,1,1,1,1,1,1,1,1,1,1,1,1,1,1,1,1,1,1,1,1,1,1,1,1,1,1,1,1,1,1,1,1,1,1,1,1,1,1,1,1,1,1,1,1,1,1,1,1,1,1,1,1,1,1,1,1,1,1,1,1,1,1,1,1,1,1,1,1,1,1,1,1,1,1,1,1,1,1,1,1,1,1,1,1,1,1,1,1,1,1,1,1,1,1,1,1,1,1,1,1,1,1,1,1,1,1,1,1,1,1,1,1,1,1,1,1,1,1,1,1,1,1,1,1,1,1,1,1,1,1,1,1,1,1,1,1,1,1,1,1,1,1,1,1,1,1,1,1,1];1;true;true;1;1;200;[2,5];1.;1.
200;200.18;10;50;[1,1,1,1,1,1,1,1,1,1,4,4,4,4,4,4,4,4,4,4,5,5,5,5,5,5,5,5,5,5,5,5,5,5,5,5,5,5,5,5,5,5,5,5,5,5,5,5,5,5];3;false;true;2;1;50;[2,5];0.25;4.
200;200.19;2;26;[1,1,2,2,2,2,4,4,4,4,4,4,4,4,4,4,5,5,10,10,10,10,25,25,25,25];6;false;true;2;1;50;[2,5];0.13;7.6923076923076925
200;200.20;2;20;[1,1,4,4,4,4,4,4,4,4,4,4,4,4,25,25,25,25,25,25];3;false;true;2;1;50;[2,5];0.10000000000000001;10.
200;200.21;2;20;[1,1,4,4,4,4,4,4,4,4,4,4,4,4,25,25,25,25,25,25];3;false;true;2;1;50;[2,5];0.10000000000000001;10.
200;200.22;2;32;[1,1,2,2,2,2,2,2,2,2,4,4,4,4,4,4,4,4,5,5,5,5,10,10,10,10,10,10,10,10,25,25];6;false;true;2;1;50;[2,5];0.16;6.25
200;200.23;2;32;[1,1,2,2,2,2,2,2,2,2,4,4,4,4,4,4,4,4,5,5,5,5,10,10,10,10,10,10,10,10,25,25];6;false;true;2;1;50;[2,5];0.16;6.25
200;200.24;2;29;[1,1,2,2,2,2,2,2,2,2,4,4,4,4,4,4,4,4,10,10,10,10,10,10,10,10,10,10,50];5;false;true;2;1;50;[2,5];0.14499999999999999;6.8965517241379306
200;200.25;2;29;[1,1,2,2,2,2,2,2,2,2,4,4,4,4,4,4,4,4,10,10,10,10,10,10,10,10,10,10,50];5;false;true;2;1;50;[2,5];0.14499999999999999;6.8965517241379306
200;200.26;2;29;[1,1,2,2,2,2,2,2,2,2,4,4,4,4,4,4,4,4,10,10,10,10,10,10,10,10,10,10,50];5;false;true;2;1;50;[2,5];0.14499999999999999;6.8965517241379306
200;200.27;10;65;[1,1,1,1,1,1,1,1,1,1,2,2,2,2,2,2,2,2,2,2,2,2,2,2,2,2,2,2,2,2,2,2,2,2,2,2,2,2,2,2,2,2,2,2,2,2,2,2,2,2,2,2,2,2,2,10,10,10,10,10,10,10,10,10,10];3;false;true;2;1;100;[2,5];0.32500000000000001;3.0769230769230771
200;200.28;20;80;[1,1,1,1,1,1,1,1,1,1,1,1,1,1,1,1,1,1,1,1,2,2,2,2,2,2,2,2,2,2,2,2,2,2,2,2,2,2,2,2,2,2,2,2,2,2,2,2,2,2,2,2,2,2,2,2,2,2,2,2,5,5,5,5,5,5,5,5,5,5,5,5,5,5,5,5,5,5,5,5];3;false;true;2;1;100;[2,5];0.40000000000000002;2.5
200;200.29;10;65;[1,1,1,1,1,1,1,1,1,1,2,2,2,2,2,2,2,2,2,2,2,2,2,2,2,2,2,2,2,2,2,2,2,2,2,2,2,2,2,2,2,2,2,2,2,2,2,2,2,2,2,2,2,2,2,10,10,10,10,10,10,10,10,10,10];3;false;true;2;1;100;[2,5];0.32500000000000001;3.0769230769230771
200;200.30;20;80;[1,1,1,1,1,1,1,1,1,1,1,1,1,1,1,1,1,1,1,1,2,2,2,2,2,2,2,2,2,2,2,2,2,2,2,2,2,2,2,2,2,2,2,2,2,2,2,2,2,2,2,2,2,2,2,2,2,2,2,2,5,5,5,5,5,5,5,5,5,5,5,5,5,5,5,5,5,5,5,5];3;false;true;2;1;100;[2,5];0.40000000000000002;2.5
200;200.31;10;65;[1,1,1,1,1,1,1,1,1,1,2,2,2,2,2,2,2,2,2,2,2,2,2,2,2,2,2,2,2,2,2,2,2,2,2,2,2,2,2,2,2,2,2,2,2,2,2,2,2,2,2,2,2,2,2,10,10,10,10,10,10,10,10,10,10];3;false;true;2;1;100;[2,5];0.32500000000000001;3.0769230769230771
200;200.32;2;53;[1,1,2,2,2,2,2,2,2,2,2,2,2,2,2,2,2,2,2,2,2,2,2,2,2,2,2,2,2,2,2,2,2,2,2,2,2,2,2,2,2,2,2,2,2,2,2,2,2,2,2,50,50];3;false;true;2;1;100;[2,5];0.26500000000000001;3.7735849056603774
200;200.33;4;56;[1,1,1,1,2,2,2,2,2,2,2,2,2,2,2,2,2,2,2,2,2,2,2,2,2,2,2,2,2,2,2,2,2,2,2,2,2,2,2,2,2,2,2,2,2,2,2,2,2,2,2,2,25,25,25,25];3;false;true;2;1;100;[2,5];0.28000000000000003;3.5714285714285712
200;200.34;2;53;[1,1,2,2,2,2,2,2,2,2,2,2,2,2,2,2,2,2,2,2,2,2,2,2,2,2,2,2,2,2,2,2,2,2,2,2,2,2,2,2,2,2,2,2,2,2,2,2,2,2,2,50,50];3;false;true;2;1;100;[2,5];0.26500000000000001;3.7735849056603774
200;200.35;4;56;[1,1,1,1,2,2,2,2,2,2,2,2,2,2,2,2,2,2,2,2,2,2,2,2,2,2,2,2,2,2,2,2,2,2,2,2,2,2,2,2,2,2,2,2,2,2,2,2,2,2,2,2,25,25,25,25];3;false;true;2;1;100;[2,5];0.28000000000000003;3.5714285714285712
200;200.36;2;53;[1,1,2,2,2,2,2,2,2,2,2,2,2,2,2,2,2,2,2,2,2,2,2,2,2,2,2,2,2,2,2,2,2,2,2,2,2,2,2,2,2,2,2,2,2,2,2,2,2,2,2,50,50];3;false;true;2;1;100;[2,5];0.26500000000000001;3.7735849056603774
200;200.37;200;200;[1,1,1,1,1,1,1,1,1,1,1,1,1,1,1,1,1,1,1,1,1,1,1,1,1,1,1,1,1,1,1,1,1,1,1,1,1,1,1,1,1,1,1,1,1,1,1,1,1,1,1,1,1,1,1,1,1,1,1,1,1,1,1,1,1,1,1,1,1,1,1,1,1,1,1,1,1,1,1,1,1,1,1,1,1,1,1,1,1,1,1,1,1,1,1,1,1,1,1,1,1,1,1,1,1,1,1,1,1,1,1,1,1,1,1,1,1,1,1,1,1,1,1,1,1,1,1,1,1,1,1,1,1,1,1,1,1,1,1,1,1,1,1,1,1,1,1,1,1,1,1,1,1,1,1,1,1,1,1,1,1,1,1,1,1,1,1,1,1,1,1,1,1,1,1,1,1,1,1,1,1,1,1,1,1,1,1,1,1,1,1,1,1,1,1,1,1,1,1,1];1;true;true;1;1;200;[2,5];1.;1.
200;200.38;50;125;[1,1,1,1,1,1,1,1,1,1,1,1,1,1,1,1,1,1,1,1,1,1,1,1,1,1,1,1,1,1,1,1,1,1,1,1,1,1,1,1,1,1,1,1,1,1,1,1,1,1,2,2,2,2,2,2,2,2,2,2,2,2,2,2,2,2,2,2,2,2,2,2,2,2,2,2,2,2,2,2,2,2,2,2,2,2,2,2,2,2,2,2,2,2,2,2,2,2,2,2,2,2,2,2,2,2,2,2,2,2,2,2,2,2,2,2,2,2,2,2,2,2,2,2,2];2;true;true;2;2;200;[2,5];0.625;1.6000000000000001
200;200.39;50;125;[1,1,1,1,1,1,1,1,1,1,1,1,1,1,1,1,1,1,1,1,1,1,1,1,1,1,1,1,1,1,1,1,1,1,1,1,1,1,1,1,1,1,1,1,1,1,1,1,1,1,2,2,2,2,2,2,2,2,2,2,2,2,2,2,2,2,2,2,2,2,2,2,2,2,2,2,2,2,2,2,2,2,2,2,2,2,2,2,2,2,2,2,2,2,2,2,2,2,2,2,2,2,2,2,2,2,2,2,2,2,2,2,2,2,2,2,2,2,2,2,2,2,2,2,2];2;true;true;2;2;200;[2,5];0.625;1.6000000000000001
200;200.40;1;11;[1,8,8,8,25,25,25,25,25,25,25];3;false;true;2;1;25;[2,5];0.055;18.181818181818183
200;200.41;1;20;[1,2,2,4,5,5,5,5,8,8,10,10,10,10,10,10,20,25,25,25];8;false;true;2;1;25;[2,5];0.10000000000000001;10.
200;200.42;1;14;[1,4,4,5,5,8,8,20,20,25,25,25,25,25];6;false;true;2;1;25;[2,5];0.070000000000000007;14.285714285714286
200;200.43;1;14;[1,4,4,4,4,8,10,10,20,20,20,20,25,50];7;false;true;3;1;25;[2,5];0.070000000000000007;14.285714285714286
200;200.44;1;8;[1,8,8,8,25,50,50,50];4;false;true;3;1;25;[2,5];0.040000000000000001;25.
200;200.45;10;50;[1,1,1,1,1,1,1,1,1,1,4,4,4,4,4,4,4,4,4,4,5,5,5,5,5,5,5,5,5,5,5,5,5,5,5,5,5,5,5,5,5,5,5,5,5,5,5,5,5,5];3;false;true;2;1;50;[2,5];0.25;4.
200;200.46;2;26;[1,1,2,2,2,2,4,4,4,4,4,4,4,4,4,4,5,5,10,10,10,10,25,25,25,25];6;false;true;2;1;50;[2,5];0.13;7.6923076923076925
200;200.47;2;20;[1,1,4,4,4,4,4,4,4,4,4,4,4,4,25,25,25,25,25,25];3;false;true;2;1;50;[2,5];0.10000000000000001;10.
200;200.48;2;20;[1,1,4,4,4,4,4,4,4,4,4,4,4,4,25,25,25,25,25,25];3;false;true;2;1;50;[2,5];0.10000000000000001;10.
200;200.49;2;32;[1,1,2,2,2,2,2,2,2,2,4,4,4,4,4,4,4,4,5,5,5,5,10,10,10,10,10,10,10,10,25,25];6;false;true;2;1;50;[2,5];0.16;6.25
200;200.50;20;80;[1,1,1,1,1,1,1,1,1,1,1,1,1,1,1,1,1,1,1,1,2,2,2,2,2,2,2,2,2,2,2,2,2,2,2,2,2,2,2,2,2,2,2,2,2,2,2,2,2,2,2,2,2,2,2,2,2,2,2,2,5,5,5,5,5,5,5,5,5,5,5,5,5,5,5,5,5,5,5,5];3;false;true;2;1;100;[2,5];0.40000000000000002;2.5
200;200.51;4;56;[1,1,1,1,2,2,2,2,2,2,2,2,2,2,2,2,2,2,2,2,2,2,2,2,2,2,2,2,2,2,2,2,2,2,2,2,2,2,2,2,2,2,2,2,2,2,2,2,2,2,2,2,25,25,25,25];3;false;true;2;1;100;[2,5];0.28000000000000003;3.5714285714285712
200;200.52;200;200;[1,1,1,1,1,1,1,1,1,1,1,1,1,1,1,1,1,1,1,1,1,1,1,1,1,1,1,1,1,1,1,1,1,1,1,1,1,1,1,1,1,1,1,1,1,1,1,1,1,1,1,1,1,1,1,1,1,1,1,1,1,1,1,1,1,1,1,1,1,1,1,1,1,1,1,1,1,1,1,1,1,1,1,1,1,1,1,1,1,1,1,1,1,1,1,1,1,1,1,1,1,1,1,1,1,1,1,1,1,1,1,1,1,1,1,1,1,1,1,1,1,1,1,1,1,1,1,1,1,1,1,1,1,1,1,1,1,1,1,1,1,1,1,1,1,1,1,1,1,1,1,1,1,1,1,1,1,1,1,1,1,1,1,1,1,1,1,1,1,1,1,1,1,1,1,1,1,1,1,1,1,1,1,1,1,1,1,1,1,1,1,1,1,1,1,1,1,1,1,1];1;true;true;1;1;200;[2,5];1.;1.
